physical_time,elapsed_time,full_error,slow_error,fast_error
850,0,1.69134023745709e-06,1.69134023745706e-06,3.0931717752778e-13
850.1,0.0999999999999091,1.68788863911031e-06,1.68788863911029e-06,3.08496991464601e-13
850.2,0.200000000000045,1.68444410310097e-06,1.68444410310095e-06,3.082438366264e-13
850.3,0.299999999999955,1.6810065747885e-06,1.68100657478847e-06,3.07441150180827e-13
850.4,0.399999999999977,1.6775760795858e-06,1.67757607958577e-06,3.06948561583501e-13
850.5,0.5,1.67415259204792e-06,1.67415259204789e-06,3.06071966485989e-13
850.6,0.599999999999909,1.67073608760942e-06,1.6707360876094e-06,3.05311138804674e-13
850.7,0.700000000000045,1.66732656110716e-06,1.66732656110713e-06,3.04044682196155e-13
850.8,0.799999999999955,1.66392399597347e-06,1.66392399597344e-06,3.03316864394218e-13
850.9,0.899999999999977,1.66052837883372e-06,1.66052837883369e-06,3.02833215871344e-13
851,1,1.65713969424545e-06,1.65713969424543e-06,3.02849245693772e-13
851.1,1.09999999999991,1.65375792666193e-06,1.6537579266619e-06,3.02376306855211e-13
851.2,1.20000000000005,1.65038306137752e-06,1.65038306137749e-06,3.02066136922453e-13
851.3,1.29999999999995,1.64701508487297e-06,1.64701508487294e-06,3.01489449882986e-13
851.4,1.39999999999998,1.64365398214116e-06,1.64365398214114e-06,3.01232248679654e-13
851.5,1.5,1.64029973904373e-06,1.64029973904371e-06,3.00355321838703e-13
851.6,1.59999999999991,1.63695234191641e-06,1.63695234191638e-06,2.99502685916439e-13
851.7,1.70000000000005,1.63361177625547e-06,1.63361177625545e-06,2.98189875524482e-13
851.8,1.79999999999995,1.6302780295506e-06,1.63027802955057e-06,2.97635127416985e-13
851.9,1.89999999999998,1.62695108662231e-06,1.62695108662228e-06,2.97550353921935e-13
852,2,1.62363093588047e-06,1.62363093588045e-06,2.96803159015922e-13
852.1,2.09999999999991,1.62031756276887e-06,1.62031756276884e-06,2.96132873178418e-13
852.2,2.20000000000005,1.6170109530926e-06,1.61701095309257e-06,2.9559385934568e-13
852.3,2.29999999999995,1.61371109260329e-06,1.61371109260327e-06,2.95220425730344e-13
852.4,2.39999999999998,1.61041796788232e-06,1.6104179678823e-06,2.94564643107171e-13
852.5,2.5,1.60713155135523e-06,1.6071315513552e-06,2.94191009590011e-13
852.6,2.59999999999991,1.60385184158577e-06,1.60385184158575e-06,2.93332047724813e-13
852.7,2.70000000000005,1.60057883816531e-06,1.60057883816528e-06,2.92721843115643e-13
852.8,2.79999999999995,1.59731249304217e-06,1.59731249304214e-06,2.92009835163878e-13
852.9,2.89999999999998,1.59405282817437e-06,1.59405282817434e-06,2.91610659016695e-13
853,3,1.59079981219405e-06,1.59079981219402e-06,2.90777241490434e-13
853.1,3.09999999999991,1.5875534326378e-06,1.58755343263777e-06,2.89980214791209e-13
853.2,3.20000000000005,1.58431369522661e-06,1.58431369522658e-06,2.89378180260671e-13
853.3,3.29999999999995,1.58108054785418e-06,1.58108054785415e-06,2.89106170249681e-13
853.4,3.39999999999998,1.57785401452045e-06,1.57785401452042e-06,2.88684423730598e-13
853.5,3.5,1.57463406177817e-06,1.57463406177814e-06,2.87976116590286e-13
853.6,3.59999999999991,1.57142067678353e-06,1.57142067678351e-06,2.87261767702516e-13
853.7,3.70000000000005,1.56821386680568e-06,1.56821386680565e-06,2.86757124495327e-13
853.8,3.79999999999995,1.5650135806538e-06,1.56501358065377e-06,2.86403443822258e-13
853.9,3.89999999999998,1.56181984263966e-06,1.56181984263963e-06,2.85690525502559e-13
854,4,1.55863261838778e-06,1.55863261838775e-06,2.85103524996915e-13
854.1,4.09999999999991,1.5554518947646e-06,1.55545189476457e-06,2.845581092315e-13
854.2,4.20000000000005,1.55227767962448e-06,1.55227767962445e-06,2.83722163565812e-13
854.3,4.29999999999995,1.54910992258595e-06,1.54910992258592e-06,2.82938977517447e-13
854.4,4.39999999999998,1.54594864713203e-06,1.545948647132e-06,2.82563079673446e-13
854.5,4.5,1.54279381920342e-06,1.5427938192034e-06,2.82235932152285e-13
854.6,4.59999999999991,1.53964542670122e-06,1.53964542670119e-06,2.81726164435498e-13
854.7,4.70000000000005,1.53650347527337e-06,1.53650347527335e-06,2.8182742063132e-13
854.8,4.79999999999995,1.53336791385731e-06,1.53336791385728e-06,2.81394040609494e-13
854.9,4.89999999999998,1.53023876607264e-06,1.53023876607261e-06,2.80529076192601e-13
855,5,1.5271160014023e-06,1.52711600140227e-06,2.79916298137145e-13
855.1,5.09999999999991,1.52399960869372e-06,1.52399960869369e-06,2.78957409421373e-13
855.2,5.20000000000005,1.5208895930527e-06,1.52088959305268e-06,2.77845869850905e-13
855.3,5.29999999999995,1.51778590236741e-06,1.51778590236738e-06,2.77730924264136e-13
855.4,5.39999999999998,1.51468856113018e-06,1.51468856113016e-06,2.77316647206765e-13
855.5,5.5,1.51159753704078e-06,1.51159753704075e-06,2.76776815070613e-13
855.6,5.59999999999991,1.5085128176932e-06,1.50851281769317e-06,2.76174497409218e-13
855.7,5.70000000000005,1.50543440981764e-06,1.50543440981762e-06,2.75117771907894e-13
855.8,5.79999999999995,1.50236226545467e-06,1.50236226545464e-06,2.74625817362588e-13
855.9,5.89999999999998,1.49929640665334e-06,1.49929640665332e-06,2.74258865502498e-13
856,6,1.4962368009795e-06,1.49623680097947e-06,2.73810242955644e-13
856.1,6.09999999999991,1.49318343725403e-06,1.493183437254e-06,2.73201068597591e-13
856.2,6.20000000000005,1.49013632084142e-06,1.49013632084139e-06,2.72069781896645e-13
856.3,6.29999999999995,1.48709540066412e-06,1.4870954006641e-06,2.71595719289319e-13
856.4,6.39999999999998,1.48406070047495e-06,1.48406070047492e-06,2.71121313038266e-13
856.5,6.5,1.48103219045253e-06,1.48103219045251e-06,2.70985934180399e-13
856.6,6.59999999999991,1.47800985996728e-06,1.47800985996726e-06,2.70438050869317e-13
856.7,6.70000000000005,1.47499371367432e-06,1.4749937136743e-06,2.69679799475846e-13
856.8,6.79999999999995,1.47198370204135e-06,1.47198370204132e-06,2.69201207290903e-13
856.9,6.89999999999998,1.4689798482147e-06,1.46897984821467e-06,2.68556664961629e-13
857,7,1.46598212028333e-06,1.46598212028331e-06,2.68203849319331e-13
857.1,7.09999999999991,1.46299050784168e-06,1.46299050784165e-06,2.67497594832259e-13
857.2,7.20000000000005,1.46000501655915e-06,1.46000501655913e-06,2.66539180765815e-13
857.3,7.29999999999995,1.45702559724258e-06,1.45702559724255e-06,2.65774918681267e-13
857.4,7.39999999999998,1.45405227286425e-06,1.45405227286423e-06,2.65202310622931e-13
857.5,7.5,1.45108501294442e-06,1.45108501294439e-06,2.65156131087556e-13
857.6,7.59999999999991,1.44812380670183e-06,1.44812380670181e-06,2.64477061604263e-13
857.7,7.70000000000005,1.44516865966172e-06,1.4451686596617e-06,2.64123482477624e-13
857.8,7.79999999999995,1.44221952428353e-06,1.44221952428351e-06,2.63674080811746e-13
857.9,7.89999999999998,1.43927642316109e-06,1.43927642316107e-06,2.63368311550676e-13
858,8,1.43633932330648e-06,1.43633932330646e-06,2.62891956788522e-13
858.1,8.09999999999991,1.43340821348459e-06,1.43340821348457e-06,2.62174329496649e-13
858.2,8.20000000000005,1.43048309983075e-06,1.43048309983073e-06,2.6192519523418e-13
858.3,8.29999999999995,1.42756393673269e-06,1.42756393673266e-06,2.61354937226731e-13
858.4,8.39999999999998,1.42465074570284e-06,1.42465074570281e-06,2.60430816490934e-13
858.5,8.5,1.42174349675373e-06,1.4217434967537e-06,2.59989104312323e-13
858.6,8.59999999999991,1.41884217926845e-06,1.41884217926843e-06,2.58946175792336e-13
858.7,8.70000000000005,1.41594679813737e-06,1.41594679813734e-06,2.58373184891294e-13
858.8,8.79999999999995,1.41305730596596e-06,1.41305730596593e-06,2.58071146157114e-13
858.9,8.89999999999998,1.41017372472413e-06,1.4101737247241e-06,2.57826098097032e-13
859,9,1.40729602537878e-06,1.40729602537876e-06,2.57371267256425e-13
859.1,9.09999999999991,1.40442419680652e-06,1.40442419680649e-06,2.56923978366684e-13
859.2,9.20000000000005,1.40155824497533e-06,1.4015582449753e-06,2.56481829958194e-13
859.3,9.29999999999995,1.3986981214292e-06,1.39869812142918e-06,2.55479169139749e-13
859.4,9.39999999999998,1.39584384897386e-06,1.39584384897383e-06,2.55555596971623e-13
859.5,9.5,1.39299539721968e-06,1.39299539721965e-06,2.55323890194309e-13
859.6,9.59999999999991,1.39015275538863e-06,1.39015275538861e-06,2.54378240949976e-13
859.7,9.70000000000005,1.38731592938241e-06,1.38731592938239e-06,2.5368311405955e-13
859.8,9.79999999999995,1.38448487550464e-06,1.38448487550462e-06,2.5303631589676e-13
859.9,9.89999999999998,1.38165961417113e-06,1.3816596141711e-06,2.52786905113839e-13
860,10,1.37884011427662e-06,1.3788401142766e-06,2.52193400730418e-13
860.1,10.0999999999999,1.37602636397999e-06,1.37602636397996e-06,2.51751921166693e-13
860.2,10.2,1.37321836972385e-06,1.37321836972383e-06,2.51434436947673e-13
860.3,10.3,1.37041608777537e-06,1.37041608777535e-06,2.51088034847566e-13
860.4,10.4,1.36761953858286e-06,1.36761953858284e-06,2.49929047438294e-13
860.5,10.5,1.36482869243895e-06,1.36482869243893e-06,2.4984694890539e-13
860.6,10.5999999999999,1.36204353980766e-06,1.36204353980764e-06,2.49268765518966e-13
860.7,10.7,1.35926408580318e-06,1.35926408580316e-06,2.48603603261275e-13
860.8,10.8,1.35649028626834e-06,1.35649028626832e-06,2.48056871338965e-13
860.9,10.9,1.35372216203311e-06,1.35372216203308e-06,2.47527556673195e-13
861,11,1.35095968295608e-06,1.35095968295606e-06,2.47571202736382e-13
861.1,11.0999999999999,1.34820283931379e-06,1.34820283931377e-06,2.46923487574804e-13
861.2,11.2,1.34545163652491e-06,1.34545163652489e-06,2.45921253231528e-13
861.3,11.3,1.34270603005459e-06,1.34270603005457e-06,2.45718093462943e-13
861.4,11.4,1.33996604092456e-06,1.33996604092454e-06,2.44795919565307e-13
861.5,11.5,1.33723163886994e-06,1.33723163886991e-06,2.44630839349037e-13
861.6,11.5999999999999,1.33450281444618e-06,1.33450281444615e-06,2.43917056551006e-13
861.7,11.7,1.33177957257136e-06,1.33177957257134e-06,2.43738618708377e-13
861.8,11.8,1.32906187175757e-06,1.32906187175755e-06,2.43404064639198e-13
861.9,11.9,1.32634973190609e-06,1.32634973190607e-06,2.42897073463664e-13
862,12,1.32364312269018e-06,1.32364312269015e-06,2.42353707394845e-13
862.1,12.0999999999999,1.32094203384559e-06,1.32094203384557e-06,2.41776953571248e-13
862.2,12.2,1.31824647033583e-06,1.31824647033581e-06,2.41131786510893e-13
862.3,12.3,1.31555639002244e-06,1.31555639002242e-06,2.40599730531306e-13
862.4,12.4,1.31287181171863e-06,1.3128718117186e-06,2.40123489700504e-13
862.5,12.5,1.31019270966297e-06,1.31019270966294e-06,2.39504422185819e-13
862.6,12.5999999999999,1.30751907407077e-06,1.30751907407075e-06,2.39059527503226e-13
862.7,12.7,1.30485090945978e-06,1.30485090945976e-06,2.38707494134104e-13
862.8,12.8,1.30218817066395e-06,1.30218817066393e-06,2.38701805719705e-13
862.9,12.9,1.29953087869463e-06,1.29953087869461e-06,2.37897020371892e-13
863,13,1.29687900671611e-06,1.29687900671609e-06,2.3733825957505e-13
863.1,13.0999999999999,1.29423254442014e-06,1.29423254442012e-06,2.36504287106637e-13
863.2,13.2,1.29159149668637e-06,1.29159149668635e-06,2.35727344889809e-13
863.3,13.3,1.28895582073788e-06,1.28895582073786e-06,2.35545185803389e-13
863.4,13.4,1.28632553625504e-06,1.28632553625502e-06,2.35021658145757e-13
863.5,13.5,1.28370061716412e-06,1.2837006171641e-06,2.34637511081855e-13
863.6,13.5999999999999,1.28108105186777e-06,1.28108105186774e-06,2.34434824087298e-13
863.7,13.7,1.27846684616104e-06,1.27846684616102e-06,2.3383980299181e-13
863.8,13.8,1.27585795807962e-06,1.2758579580796e-06,2.33241856567866e-13
863.9,13.9,1.27325440672708e-06,1.27325440672706e-06,2.33115270835737e-13
864,14,1.27065616566581e-06,1.27065616566578e-06,2.32317241941617e-13
864.1,14.0999999999999,1.26806322423284e-06,1.26806322423282e-06,2.32344492942087e-13
864.2,14.2,1.26547558833805e-06,1.26547558833803e-06,2.31340707931082e-13
864.3,14.3,1.26289321494595e-06,1.26289321494593e-06,2.31020112947942e-13
864.4,14.4,1.26031612423503e-06,1.26031612423501e-06,2.30370675744067e-13
864.5,14.5,1.25774428926e-06,1.25774428925998e-06,2.30050382765775e-13
864.6,14.5999999999999,1.25517770115415e-06,1.25517770115413e-06,2.29637362912345e-13
864.7,14.7,1.25261636427466e-06,1.25261636427464e-06,2.29025233091942e-13
864.8,14.8,1.25006023732308e-06,1.25006023732306e-06,2.28600889542141e-13
864.9,14.9,1.24750933932445e-06,1.24750933932443e-06,2.27782703394344e-13
865,15,1.24496364325497e-06,1.24496364325495e-06,2.27970070009768e-13
865.1,15.0999999999999,1.2424231397237e-06,1.24242313972368e-06,2.27476891765702e-13
865.2,15.2,1.23988783373462e-06,1.2398878337346e-06,2.27016125753698e-13
865.3,15.3,1.23735768493102e-06,1.237357684931e-06,2.26403506616629e-13
865.4,15.4,1.23483271154641e-06,1.23483271154639e-06,2.26393572004317e-13
865.5,15.5,1.23231288800557e-06,1.23231288800555e-06,2.26119203760122e-13
865.6,15.5999999999999,1.22979820542007e-06,1.22979820542005e-06,2.25436785144038e-13
865.7,15.7,1.22728866797481e-06,1.22728866797479e-06,2.24250572853462e-13
865.8,15.8,1.2247842350913e-06,1.22478423509128e-06,2.24036069177939e-13
865.9,15.9,1.22228492558801e-06,1.22228492558799e-06,2.23370657116255e-13
866,16,1.21979071302163e-06,1.21979071302161e-06,2.22492432434513e-13
866.1,16.0999999999999,1.21730158778828e-06,1.21730158778826e-06,2.22097457434316e-13
866.2,16.2,1.21481755491423e-06,1.21481755491421e-06,2.21681846768869e-13
866.3,16.3,1.2123385766884e-06,1.21233857668838e-06,2.21523184363739e-13
866.4,16.4,1.20986467003366e-06,1.20986467003364e-06,2.21312605118356e-13
866.5,16.5,1.20739580863803e-06,1.20739580863801e-06,2.20819102395746e-13
866.6,16.5999999999999,1.20493198143674e-06,1.20493198143672e-06,2.20055467012626e-13
866.7,16.7,1.20247319442991e-06,1.20247319442989e-06,2.19972831213299e-13
866.8,16.8,1.20001940939093e-06,1.20001940939091e-06,2.19354364047629e-13
866.9,16.9,1.19757064381686e-06,1.19757064381684e-06,2.18994498606006e-13
867,17,1.19512687241841e-06,1.19512687241839e-06,2.18932430724802e-13
867.1,17.0999999999999,1.1926880864931e-06,1.19268808649308e-06,2.18896500468893e-13
867.2,17.2,1.1902542905575e-06,1.19025429055748e-06,2.17263249138865e-13
867.3,17.3,1.18782544545947e-06,1.18782544545945e-06,2.16556772005289e-13
867.4,17.4,1.18540156860209e-06,1.18540156860207e-06,2.15919809171263e-13
867.5,17.5,1.18298263547722e-06,1.1829826354772e-06,2.15922855548572e-13
867.6,17.5999999999999,1.18056863578179e-06,1.18056863578177e-06,2.15632079317162e-13
867.7,17.7,1.17815957507344e-06,1.17815957507342e-06,2.15678253259073e-13
867.8,17.8,1.17575541494463e-06,1.17575541494461e-06,2.14843578066413e-13
867.9,17.9,1.17335617357747e-06,1.17335617357745e-06,2.14438147705726e-13
868,18,1.17096182497564e-06,1.17096182497562e-06,2.13985690817966e-13
868.1,18.0999999999999,1.16857235985244e-06,1.16857235985242e-06,2.13728029640457e-13
868.2,18.2,1.16618778300399e-06,1.16618778300397e-06,2.13825421502474e-13
868.3,18.3,1.16380805601281e-06,1.16380805601279e-06,2.13271201861839e-13
868.4,18.4,1.16143319715544e-06,1.16143319715543e-06,2.12435967273524e-13
868.5,18.5,1.15906318185947e-06,1.15906318185945e-06,2.11513392347639e-13
868.6,18.5999999999999,1.15669800202526e-06,1.15669800202524e-06,2.11086214738008e-13
868.7,18.7,1.15433766131336e-06,1.15433766131334e-06,2.10963195291606e-13
868.8,18.8,1.15198212229287e-06,1.15198212229285e-06,2.10652629149665e-13
868.9,18.9,1.14963140210178e-06,1.14963140210176e-06,2.10592014955749e-13
869,19,1.14728547570336e-06,1.14728547570334e-06,2.100457524924e-13
869.1,19.0999999999999,1.14494433343237e-06,1.14494433343235e-06,2.09465595408562e-13
869.2,19.2,1.1426079799642e-06,1.14260797996418e-06,2.08525807861509e-13
869.3,19.3,1.14027638002087e-06,1.14027638002085e-06,2.08078973503589e-13
869.4,19.4,1.13794954932892e-06,1.1379495493289e-06,2.08040837806012e-13
869.5,19.5,1.13562746443905e-06,1.13562746443903e-06,2.07823504881047e-13
869.6,19.5999999999999,1.13331011613903e-06,1.13331011613901e-06,2.07421631925314e-13
869.7,19.7,1.1309975088215e-06,1.13099750882148e-06,2.07133641349036e-13
869.8,19.8,1.12868960452911e-06,1.1286896045291e-06,2.06748571769295e-13
869.9,19.9,1.12638642077575e-06,1.12638642077573e-06,2.06417807259751e-13
870,20,1.12408793379296e-06,1.12408793379294e-06,2.05858171448036e-13
870.1,20.0999999999999,1.12179413548005e-06,1.12179413548003e-06,2.05355113153117e-13
870.2,20.2,1.11950502980534e-06,1.11950502980532e-06,2.04621591959757e-13
870.3,20.3,1.11722058222707e-06,1.11722058222705e-06,2.03957026503684e-13
870.4,20.4,1.11494080864724e-06,1.11494080864723e-06,2.03748384152662e-13
870.5,20.5,1.1126656845908e-06,1.11266568459078e-06,2.03303810654651e-13
870.6,20.5999999999999,1.1103951995452e-06,1.11039519954518e-06,2.02951887965328e-13
870.7,20.7,1.10812935969873e-06,1.10812935969872e-06,2.02702814111425e-13
870.8,20.8,1.10586812834993e-06,1.10586812834991e-06,2.02316585639088e-13
870.9,20.9,1.10361152237775e-06,1.10361152237773e-06,2.01264607044388e-13
871,21,1.10135951894171e-06,1.10135951894169e-06,2.00891429704689e-13
871.1,21.0999999999999,1.09911210873776e-06,1.09911210873774e-06,2.00917803676144e-13
871.2,21.2,1.09686929664973e-06,1.09686929664971e-06,2.00803351736914e-13
871.3,21.3,1.09463104745191e-06,1.09463104745189e-06,2.00357676861031e-13
871.4,21.4,1.0923973777911e-06,1.09239737779108e-06,1.99542658913586e-13
871.5,21.5,1.0901682633424e-06,1.09016826334239e-06,1.99075017603317e-13
871.6,21.5999999999999,1.08794369447337e-06,1.08794369447335e-06,1.98949285394718e-13
871.7,21.7,1.08572367574661e-06,1.08572367574659e-06,1.9887192163378e-13
871.8,21.8,1.08350817494779e-06,1.08350817494777e-06,1.98238070808304e-13
871.9,21.9,1.08129720670017e-06,1.08129720670015e-06,1.97351951831032e-13
872,22,1.07909074691016e-06,1.07909074691014e-06,1.97061391209928e-13
872.1,22.0999999999999,1.0768887865397e-06,1.07688878653968e-06,1.96963104982502e-13
872.2,22.2,1.07469133072174e-06,1.07469133072173e-06,1.96897919989754e-13
872.3,22.3,1.07249834512285e-06,1.07249834512283e-06,1.9672687650284e-13
872.4,22.4,1.07030984545648e-06,1.07030984545646e-06,1.95886415875537e-13
872.5,22.5,1.06812580935525e-06,1.06812580935523e-06,1.95361028143258e-13
872.6,22.5999999999999,1.06594622844838e-06,1.06594622844837e-06,1.95009242576966e-13
872.7,22.7,1.06377110664788e-06,1.06377110664786e-06,1.94208513356715e-13
872.8,22.8,1.06160040792224e-06,1.06160040792223e-06,1.94255661580497e-13
872.9,22.9,1.05943414926057e-06,1.05943414926055e-06,1.93934819148414e-13
873,23,1.05727230951743e-06,1.05727230951741e-06,1.93604540699959e-13
873.1,23.0999999999999,1.055114880213e-06,1.05511488021299e-06,1.92817441885334e-13
873.2,23.2,1.05296186591061e-06,1.0529618659106e-06,1.91867494252194e-13
873.3,23.3,1.05081322938111e-06,1.05081322938109e-06,1.91763829714549e-13
873.4,23.4,1.04866898896714e-06,1.04866898896712e-06,1.91519512835038e-13
873.5,23.5,1.04652912077812e-06,1.0465291207781e-06,1.91746759733974e-13
873.6,23.5999999999999,1.04439361703601e-06,1.04439361703599e-06,1.9117864998579e-13
873.7,23.7,1.04226248128555e-06,1.04226248128554e-06,1.90857382387943e-13
873.8,23.8,1.04013567985212e-06,1.0401356798521e-06,1.90482739103764e-13
873.9,23.9,1.03801322860745e-06,1.03801322860743e-06,1.90028967725107e-13
874,24,1.03589510564393e-06,1.03589510564391e-06,1.90065339576383e-13
874.1,24.0999999999999,1.03378130366572e-06,1.0337813036657e-06,1.89519311537726e-13
874.2,24.2,1.0316718263005e-06,1.03167182630048e-06,1.88688892679527e-13
874.3,24.3,1.02956664086202e-06,1.029566640862e-06,1.88024843971171e-13
874.4,24.4,1.02746576265396e-06,1.02746576265394e-06,1.87759491540979e-13
874.5,24.5,1.02536916789702e-06,1.025369167897e-06,1.87652159378074e-13
874.6,24.5999999999999,1.02327684845685e-06,1.02327684845684e-06,1.87085598681152e-13
874.7,24.7,1.02118880959836e-06,1.02118880959834e-06,1.86379742301532e-13
874.8,24.8,1.01910501911179e-06,1.01910501911177e-06,1.85710360667674e-13
874.9,24.9,1.01702549127283e-06,1.01702549127281e-06,1.85862557213288e-13
875,25,1.01495020540521e-06,1.0149502054052e-06,1.85500590621089e-13
875.1,25.0999999999999,1.01287915166956e-06,1.01287915166954e-06,1.84903250808076e-13
875.2,25.2,1.01081233492933e-06,1.01081233492931e-06,1.84476388209463e-13
875.3,25.3,1.00874972061392e-06,1.00874972061391e-06,1.84110249418011e-13
875.4,25.4,1.00669132486928e-06,1.00669132486926e-06,1.83925854870953e-13
875.5,25.5,1.00463712741305e-06,1.00463712741303e-06,1.83355695063916e-13
875.6,25.5999999999999,1.0025871213871e-06,1.00258712138709e-06,1.83228677172798e-13
875.7,25.7,1.00054130943433e-06,1.00054130943432e-06,1.83432575269757e-13
875.8,25.8,9.98499659316286e-07,9.98499659316269e-07,1.82783542611169e-13
875.9,25.9,9.9646218599086e-07,9.96462185990843e-07,1.82356579783989e-13
876,26,9.94428868045838e-07,9.94428868045821e-07,1.81605777456885e-13
876.1,26.0999999999999,9.92399697364298e-07,9.92399697364282e-07,1.81114323633234e-13
876.2,26.2,9.90374678628721e-07,9.90374678628705e-07,1.81280280367463e-13
876.3,26.3,9.88353777375583e-07,9.88353777375566e-07,1.80697006448616e-13
876.4,26.4,9.86337009292965e-07,9.86337009292948e-07,1.80901012972291e-13
876.5,26.5,9.84324353313967e-07,9.84324353313951e-07,1.80235354687537e-13
876.6,26.5999999999999,9.82315802259644e-07,9.82315802259627e-07,1.79561323105625e-13
876.7,26.7,9.80311359639884e-07,9.80311359639868e-07,1.78697257986311e-13
876.8,26.8,9.78310997022088e-07,9.78310997022072e-07,1.78249882356413e-13
876.9,26.9,9.76314726745616e-07,9.763147267456e-07,1.78389085119288e-13
877,27,9.74322526999298e-07,9.74322526999282e-07,1.78054700613115e-13
877.1,27.0999999999999,9.72334388768535e-07,9.72334388768519e-07,1.77676920436414e-13
877.2,27.2,9.70350317329456e-07,9.7035031732944e-07,1.77149505172725e-13
877.3,27.3,9.68370283084931e-07,9.68370283084914e-07,1.76956204036078e-13
877.4,27.4,9.66394299648842e-07,9.66394299648825e-07,1.76865620082453e-13
877.5,27.5,9.64422346317277e-07,9.64422346317261e-07,1.76370284488805e-13
877.6,27.5999999999999,9.62454414296398e-07,9.62454414296382e-07,1.76048972992294e-13
877.7,27.7,9.6049050905599e-07,9.60490509055974e-07,1.75535403972701e-13
877.8,27.8,9.58530598739008e-07,9.58530598738992e-07,1.75451136395115e-13
877.9,27.9,9.56574698090608e-07,9.56574698090592e-07,1.75277182113503e-13
878,28,9.5462278621142e-07,9.54622786211404e-07,1.7455377316444e-13
878.1,28.0999999999999,9.52674853862448e-07,9.52674853862432e-07,1.74307688043937e-13
878.2,28.2,9.50730906762988e-07,9.50730906762972e-07,1.73536440473267e-13
878.3,28.3,9.48790915466831e-07,9.48790915466815e-07,1.73473860589905e-13
878.4,28.4,9.4685489395967e-07,9.46854893959655e-07,1.73247345055224e-13
878.5,28.5,9.44922818513813e-07,9.44922818513797e-07,1.73276404586993e-13
878.6,28.5999999999999,9.42994682516809e-07,9.42994682516794e-07,1.72581394580712e-13
878.7,28.7,9.41070489217726e-07,9.4107048921771e-07,1.72166997699392e-13
878.8,28.8,9.39150211346929e-07,9.39150211346913e-07,1.71871700115685e-13
878.9,28.9,9.37233861546385e-07,9.37233861546369e-07,1.71595073188186e-13
879,29,9.35321419973986e-07,9.3532141997397e-07,1.71592133679231e-13
879.1,29.0999999999999,9.33412880018572e-07,9.33412880018556e-07,1.7112218985869e-13
879.2,29.2,9.31508244368338e-07,9.31508244368322e-07,1.70949720675756e-13
879.3,29.3,9.29607484142876e-07,9.2960748414286e-07,1.7007417955929e-13
879.4,29.4,9.27710612561936e-07,9.2771061256192e-07,1.69464744067216e-13
879.5,29.5,9.25817608843022e-07,9.25817608843007e-07,1.68919780499301e-13
879.6,29.5999999999999,9.23928466050656e-07,9.23928466050641e-07,1.6883458382053e-13
879.7,29.7,9.22043188905841e-07,9.22043188905826e-07,1.68664930879547e-13
879.8,29.8,9.20161745288289e-07,9.20161745288273e-07,1.68655442385874e-13
879.9,29.9,9.18284149866364e-07,9.18284149866348e-07,1.68057942113604e-13
880,30,9.16410382749788e-07,9.16410382749773e-07,1.67293700697734e-13
880.1,30.0999999999999,9.14540436025781e-07,9.14540436025766e-07,1.66754594905784e-13
880.2,30.2,9.12674313458224e-07,9.12674313458209e-07,1.66963717177896e-13
880.3,30.3,9.10811988234158e-07,9.10811988234143e-07,1.66560101554984e-13
880.4,30.4,9.08953472614676e-07,9.08953472614661e-07,1.66126101706146e-13
880.5,30.5,9.07098748154606e-07,9.07098748154591e-07,1.65462425419499e-13
880.6,30.5999999999999,9.0524780739308e-07,9.05247807393065e-07,1.65471273517378e-13
880.7,30.7,9.03400654187689e-07,9.03400654187674e-07,1.65931313320372e-13
880.8,30.8,9.01557255886395e-07,9.0155725588638e-07,1.6533411039311e-13
880.9,30.9,8.9971762787516e-07,8.99717627875145e-07,1.64752155974405e-13
881,31,8.97881751364012e-07,8.97881751363997e-07,1.64048238974641e-13
881.1,31.0999999999999,8.96049620252204e-07,8.96049620252189e-07,1.63698813321939e-13
881.2,31.2,8.9422123788077e-07,8.94221237880755e-07,1.63019465608908e-13
881.3,31.3,8.92396574068029e-07,8.92396574068014e-07,1.6296163364544e-13
881.4,31.4,8.90575643071871e-07,8.90575643071857e-07,1.63107516230083e-13
881.5,31.5,8.88758424526524e-07,8.88758424526509e-07,1.63088549949392e-13
881.6,31.5999999999999,8.8694491149582e-07,8.86944911495805e-07,1.62542236646016e-13
881.7,31.7,8.85135107895775e-07,8.8513510789576e-07,1.6223130641833e-13
881.8,31.8,8.8332898667058e-07,8.83328986670565e-07,1.61479746033159e-13
881.9,31.9,8.81526560309429e-07,8.81526560309415e-07,1.61389401675098e-13
882,32,8.79727809334129e-07,8.79727809334114e-07,1.60986000436854e-13
882.1,32.0999999999999,8.77932727207647e-07,8.77932727207632e-07,1.60506686163292e-13
882.2,32.2,8.76141317235043e-07,8.76141317235029e-07,1.60330070487489e-13
882.3,32.3,8.74353551777606e-07,8.74353551777591e-07,1.60132903363618e-13
882.4,32.4,8.72569443581216e-07,8.72569443581201e-07,1.59355640775714e-13
882.5,32.5,8.70788973341896e-07,8.70788973341881e-07,1.58959981794758e-13
882.6,32.5999999999999,8.69012133719733e-07,8.69012133719718e-07,1.58506579183898e-13
882.7,32.7,8.67238928493174e-07,8.6723892849316e-07,1.583351939076e-13
882.8,32.8,8.65469332231145e-07,8.6546933223113e-07,1.58158340050165e-13
882.9,32.9,8.63703356705218e-07,8.63703356705204e-07,1.57819864686906e-13
883,33,8.61940982185182e-07,8.61940982185168e-07,1.57644837626064e-13
883.1,33.0999999999999,8.60182200956508e-07,8.60182200956494e-07,1.57506912280965e-13
883.2,33.2,8.58427017288651e-07,8.58427017288637e-07,1.57394951698649e-13
883.3,33.3,8.56675404922979e-07,8.56675404922965e-07,1.56886597889408e-13
883.4,33.4,8.54927375984487e-07,8.54927375984473e-07,1.5660182545028e-13
883.5,33.5,8.53182911024586e-07,8.53182911024572e-07,1.55843651930134e-13
883.6,33.5999999999999,8.51442002911239e-07,8.51442002911225e-07,1.55762558158618e-13
883.7,33.7,8.49704655447171e-07,8.49704655447157e-07,1.55813372914716e-13
883.8,33.8,8.47970843882635e-07,8.47970843882621e-07,1.55469708912258e-13
883.9,33.9,8.46240579773698e-07,8.46240579773684e-07,1.5496227800573e-13
884,34,8.44513843686364e-07,8.4451384368635e-07,1.54080772213472e-13
884.1,34.0999999999999,8.42790628677587e-07,8.42790628677573e-07,1.53787782859979e-13
884.2,34.2,8.41070937860744e-07,8.4107093786073e-07,1.53397853695501e-13
884.3,34.3,8.39354744206332e-07,8.39354744206318e-07,1.53322331857884e-13
884.4,34.4,8.37642060209112e-07,8.37642060209098e-07,1.52557592086342e-13
884.5,34.5,8.35932869546179e-07,8.35932869546165e-07,1.52331926066628e-13
884.6,34.5999999999999,8.34227166088595e-07,8.34227166088581e-07,1.52518259999692e-13
884.7,34.7,8.32524952663107e-07,8.32524952663093e-07,1.52468272118907e-13
884.8,34.8,8.30826201591255e-07,8.30826201591242e-07,1.51995827727713e-13
884.9,34.9,8.29130925673562e-07,8.29130925673549e-07,1.51508236732891e-13
885,35,8.27439107327466e-07,8.27439107327452e-07,1.51261587357634e-13
885.1,35.0999999999999,8.25750740397502e-07,8.25750740397488e-07,1.509565047758e-13
885.2,35.2,8.24065827098233e-07,8.24065827098219e-07,1.51217627953282e-13
885.3,35.3,8.22384336907087e-07,8.22384336907073e-07,1.50770667300262e-13
885.4,35.4,8.20706284226267e-07,8.20706284226253e-07,1.50448086144511e-13
885.5,35.5,8.19031655298571e-07,8.19031655298557e-07,1.4938498544554e-13
885.6,35.5999999999999,8.17360444700566e-07,8.17360444700553e-07,1.49051954713232e-13
885.7,35.7,8.15692654396082e-07,8.15692654396069e-07,1.48204526154529e-13
885.8,35.8,8.14028253807228e-07,8.14028253807214e-07,1.48415797346357e-13
885.9,35.9,8.12367257596688e-07,8.12367257596674e-07,1.48348541994838e-13
886,36,8.10709648415123e-07,8.1070964841511e-07,1.48807620443634e-13
886.1,36.0999999999999,8.09055420643711e-07,8.09055420643698e-07,1.48078165770374e-13
886.2,36.2,8.07404576608204e-07,8.0740457660819e-07,1.47973734984804e-13
886.3,36.3,8.05757091388769e-07,8.05757091388755e-07,1.47523786322277e-13
886.4,36.4,8.0411297667565e-07,8.04112976675636e-07,1.4702199272543e-13
886.5,36.5,8.02472213806904e-07,8.02472213806891e-07,1.46598127484506e-13
886.6,36.5999999999999,8.0083479637919e-07,8.00834796379177e-07,1.45934312932674e-13
886.7,36.7,7.99200728213614e-07,7.99200728213601e-07,1.46602372905501e-13
886.8,36.8,7.97569986385878e-07,7.97569986385865e-07,1.46006684288218e-13
886.9,36.9,7.95942580953759e-07,7.95942580953746e-07,1.45736816772115e-13
887,37,7.94318493208111e-07,7.94318493208098e-07,1.45113619564541e-13
887.1,37.0999999999999,7.92697715317551e-07,7.92697715317538e-07,1.4492825222674e-13
887.2,37.2,7.91080251967025e-07,7.91080251967012e-07,1.44871039072154e-13
887.3,37.3,7.89466080017734e-07,7.89466080017721e-07,1.44781273656682e-13
887.4,37.4,7.87855210532958e-07,7.87855210532945e-07,1.44422941950217e-13
887.5,37.5,7.86247625924473e-07,7.8624762592446e-07,1.44175699261503e-13
887.6,37.5999999999999,7.84643320015206e-07,7.84643320015193e-07,1.43943115034805e-13
887.7,37.7,7.83042296488462e-07,7.83042296488449e-07,1.4372824675275e-13
887.8,37.8,7.81444530869242e-07,7.81444530869229e-07,1.43249355070207e-13
887.9,37.9,7.79850033821624e-07,7.79850033821611e-07,1.42892228121798e-13
888,38,7.78258787818807e-07,7.78258787818794e-07,1.42501146631116e-13
888.1,38.0999999999999,7.76670786325579e-07,7.76670786325566e-07,1.42382256990937e-13
888.2,38.2,7.75086033366478e-07,7.75086033366465e-07,1.42289412267338e-13
888.3,38.3,7.73504503381508e-07,7.73504503381495e-07,1.41738039685972e-13
888.4,38.4,7.71926208238568e-07,7.71926208238555e-07,1.41150853298602e-13
888.5,38.5,7.70351131175321e-07,7.70351131175308e-07,1.41010171147258e-13
888.6,38.5999999999999,7.68779267159908e-07,7.68779267159895e-07,1.40571648109719e-13
888.7,38.7,7.67210618952354e-07,7.67210618952341e-07,1.40251268382242e-13
888.8,38.8,7.65645161055123e-07,7.65645161055111e-07,1.40063013329461e-13
888.9,38.9,7.64082904687469e-07,7.64082904687456e-07,1.39757555100846e-13
889,39,7.62523834653303e-07,7.6252383465329e-07,1.3952422008601e-13
889.1,39.0999999999999,7.60967944341943e-07,7.6096794434193e-07,1.39618014573045e-13
889.2,39.2,7.59415236459042e-07,7.59415236459029e-07,1.39828060073851e-13
889.3,39.3,7.57865686809618e-07,7.57865686809605e-07,1.39273140825439e-13
889.4,39.4,7.56319305942871e-07,7.56319305942858e-07,1.38965853489169e-13
889.5,39.5,7.54776079291714e-07,7.54776079291702e-07,1.38355545715159e-13
889.6,39.5999999999999,7.53236001007245e-07,7.53236001007232e-07,1.37765964811321e-13
889.7,39.7,7.51699073526825e-07,7.51699073526812e-07,1.37783916509868e-13
889.8,39.8,7.50165271607372e-07,7.5016527160736e-07,1.37608467655598e-13
889.9,39.9,7.48634607117398e-07,7.48634607117385e-07,1.37557512951955e-13
890,40,7.47107064242527e-07,7.47107064242514e-07,1.3727111273552e-13
890.1,40.0999999999999,7.45582636623979e-07,7.45582636623967e-07,1.36783482448135e-13
890.2,40.2,7.44061327773308e-07,7.44061327773296e-07,1.3618076895682e-13
890.3,40.3,7.42543112095656e-07,7.42543112095643e-07,1.35863844140187e-13
890.4,40.4,7.41028001670528e-07,7.41028001670516e-07,1.35534975795136e-13
890.5,40.5,7.3951598138283e-07,7.39515981382818e-07,1.35314751027131e-13
890.6,40.5999999999999,7.3800704511706e-07,7.38007045117048e-07,1.35006034162171e-13
890.7,40.7,7.36501195488243e-07,7.3650119548823e-07,1.35165465798569e-13
890.8,40.8,7.34998408900112e-07,7.34998408900099e-07,1.34900720967702e-13
890.9,40.9,7.33498696226979e-07,7.33498696226967e-07,1.3432489979899e-13
891,41,7.3200204167702e-07,7.32002041677008e-07,1.33826102788983e-13
891.1,41.0999999999999,7.30508439788847e-07,7.30508439788834e-07,1.3350827826512e-13
891.2,41.2,7.29017893859868e-07,7.29017893859856e-07,1.33023250343532e-13
891.3,41.3,7.27530379781398e-07,7.27530379781386e-07,1.33066651670608e-13
891.4,41.4,7.26045908802228e-07,7.26045908802216e-07,1.32960487570492e-13
891.5,41.5,7.24564465228554e-07,7.24564465228542e-07,1.32916209942402e-13
891.6,41.5999999999999,7.23086041904537e-07,7.23086041904525e-07,1.32576780373666e-13
891.7,41.7,7.21610643650301e-07,7.21610643650289e-07,1.3277998277213e-13
891.8,41.8,7.20138245883196e-07,7.20138245883184e-07,1.32414085532192e-13
891.9,41.9,7.18668860045404e-07,7.18668860045392e-07,1.31256181524118e-13
892,42,7.17202469392655e-07,7.17202469392643e-07,1.3088236504584e-13
892.1,42.0999999999999,7.15739067680631e-07,7.15739067680619e-07,1.30674595340389e-13
892.2,42.2,7.14278658938524e-07,7.14278658938512e-07,1.30821326124742e-13
892.3,42.3,7.1282122223092e-07,7.12821222230908e-07,1.30333984796281e-13
892.4,42.4,7.11366766903153e-07,7.11366766903141e-07,1.29906787630684e-13
892.5,42.5,7.09915278133576e-07,7.09915278133564e-07,1.30041713498579e-13
892.6,42.5999999999999,7.08466750265679e-07,7.08466750265667e-07,1.29804089597781e-13
892.7,42.7,7.07021185897816e-07,7.07021185897805e-07,1.29142169400642e-13
892.8,42.8,7.05578559505296e-07,7.05578559505284e-07,1.29237558045029e-13
892.9,42.9,7.0413888291949e-07,7.04138882919479e-07,1.29063075343238e-13
893,43,7.02702142780566e-07,7.02702142780554e-07,1.28391063176728e-13
893.1,43.0999999999999,7.01268334467658e-07,7.01268334467646e-07,1.28213498255944e-13
893.2,43.2,6.99837459251395e-07,6.99837459251383e-07,1.28230243772655e-13
893.3,43.3,6.98409494853039e-07,6.98409494853027e-07,1.27853835413884e-13
893.4,43.4,6.96984451806055e-07,6.96984451806043e-07,1.27179915337139e-13
893.5,43.5,6.9556231441688e-07,6.95562314416869e-07,1.26976075303205e-13
893.6,43.5999999999999,6.94143077451448e-07,6.94143077451437e-07,1.26623388266055e-13
893.7,43.7,6.92726743831472e-07,6.9272674383146e-07,1.26284573857364e-13
893.8,43.8,6.91313290480676e-07,6.91313290480665e-07,1.26200926678209e-13
893.9,43.9,6.89902728506365e-07,6.89902728506354e-07,1.25602094379084e-13
894,44,6.8849504203286e-07,6.88495042032849e-07,1.25306183167254e-13
894.1,44.0999999999999,6.87090226330621e-07,6.8709022633061e-07,1.25413623622968e-13
894.2,44.2,6.85688283818197e-07,6.85688283818185e-07,1.26109671223e-13
894.3,44.3,6.8428919313613e-07,6.84289193136118e-07,1.25781876757236e-13
894.4,44.4,6.82892964015531e-07,6.82892964015519e-07,1.25371891227816e-13
894.5,44.5,6.81499581269755e-07,6.81499581269744e-07,1.24307369789035e-13
894.6,44.5999999999999,6.8010904030305e-07,6.80109040303039e-07,1.24118988729062e-13
894.7,44.7,6.78721343720819e-07,6.78721343720807e-07,1.23602491840766e-13
894.8,44.8,6.77336471312473e-07,6.77336471312462e-07,1.23271901474497e-13
894.9,44.9,6.75954432619192e-07,6.75954432619181e-07,1.23449471808403e-13
895,45,6.74575212448217e-07,6.74575212448206e-07,1.22943214091376e-13
895.1,45.0999999999999,6.73198804528666e-07,6.73198804528655e-07,1.22595183049662e-13
895.2,45.2,6.71825212788201e-07,6.71825212788189e-07,1.22132348482574e-13
895.3,45.3,6.70454415521145e-07,6.70454415521134e-07,1.21817432477596e-13
895.4,45.4,6.69086422060517e-07,6.69086422060506e-07,1.21989993184038e-13
895.5,45.5,6.67721218066312e-07,6.67721218066301e-07,1.22036953804897e-13
895.6,45.5999999999999,6.66358797175213e-07,6.66358797175202e-07,1.21668434240062e-13
895.7,45.7,6.64999162780696e-07,6.64999162780685e-07,1.20835116847561e-13
895.8,45.8,6.63642293592689e-07,6.63642293592678e-07,1.20665276699402e-13
895.9,45.9,6.62288199681982e-07,6.62288199681971e-07,1.20621502901078e-13
896,46,6.60936867263029e-07,6.60936867263018e-07,1.20292849861212e-13
896.1,46.0999999999999,6.59588290212251e-07,6.5958829021224e-07,1.20440950023037e-13
896.2,46.2,6.58242472530304e-07,6.58242472530293e-07,1.20134558393105e-13
896.3,46.3,6.56899390523351e-07,6.5689939052334e-07,1.19936590118875e-13
896.4,46.4,6.55559055373338e-07,6.55559055373327e-07,1.19990611918096e-13
896.5,46.5,6.54221453445165e-07,6.54221453445154e-07,1.19613554612407e-13
896.6,46.5999999999999,6.52886581387394e-07,6.52886581387383e-07,1.19402025120679e-13
896.7,46.7,6.51554440419317e-07,6.51554440419306e-07,1.19623359425368e-13
896.8,46.8,6.50225009581171e-07,6.5022500958116e-07,1.19371070069311e-13
896.9,46.9,6.48898297761209e-07,6.48898297761198e-07,1.19131383604287e-13
897,47,6.47574292051344e-07,6.47574292051333e-07,1.18457828335673e-13
897.1,47.0999999999999,6.46252984794081e-07,6.4625298479407e-07,1.18187246657733e-13
897.2,47.2,6.44934380324497e-07,6.44934380324486e-07,1.17751407246008e-13
897.3,47.3,6.43618458278704e-07,6.43618458278693e-07,1.17632821249024e-13
897.4,47.4,6.42305228103247e-07,6.42305228103237e-07,1.17021051746544e-13
897.5,47.5,6.40994676039812e-07,6.40994676039802e-07,1.16656584737892e-13
897.6,47.5999999999999,6.39686796593984e-07,6.39686796593974e-07,1.16743056973701e-13
897.7,47.7,6.38381592728637e-07,6.38381592728626e-07,1.16910822938405e-13
897.8,47.8,6.37079043349938e-07,6.37079043349927e-07,1.1679879160158e-13
897.9,47.9,6.35779158835578e-07,6.35779158835567e-07,1.16188394794626e-13
898,48,6.34481924715854e-07,6.34481924715844e-07,1.15681974711864e-13
898.1,48.0999999999999,6.33187335148602e-07,6.33187335148592e-07,1.15463658535513e-13
898.2,48.2,6.31895393595306e-07,6.31895393595295e-07,1.15254080642734e-13
898.3,48.3,6.30606080184039e-07,6.30606080184028e-07,1.14984173668076e-13
898.4,48.4,6.29319403699034e-07,6.29319403699024e-07,1.14956825051182e-13
898.5,48.5,6.28035351646112e-07,6.28035351646101e-07,1.15039048065875e-13
898.6,48.5999999999999,6.26753917850628e-07,6.26753917850618e-07,1.14743138157335e-13
898.7,48.7,6.25475105300279e-07,6.25475105300269e-07,1.14840822850778e-13
898.8,48.8,6.2419889302695e-07,6.24198893026939e-07,1.14464618262024e-13
898.9,48.9,6.22925290434784e-07,6.22925290434773e-07,1.13848484301648e-13
899,49,6.2165428574132e-07,6.2165428574131e-07,1.13303997100811e-13
899.1,49.0999999999999,6.2038587402156e-07,6.2038587402155e-07,1.13450319919412e-13
899.2,49.2,6.1912005793653e-07,6.19120057936519e-07,1.13334070640379e-13
899.3,49.3,6.17856816261497e-07,6.17856816261487e-07,1.13004724925876e-13
899.4,49.4,6.16596157577406e-07,6.16596157577396e-07,1.12918038527078e-13
899.5,49.5,6.1533806970908e-07,6.15338069709069e-07,1.1321224395037e-13
899.6,49.5999999999999,6.14082548231076e-07,6.14082548231066e-07,1.12652920998475e-13
899.7,49.7,6.12829594951559e-07,6.12829594951549e-07,1.12235275894853e-13
899.8,49.8,6.11579189015565e-07,6.11579189015555e-07,1.11751496773907e-13
899.9,49.9,6.10331340210629e-07,6.10331340210619e-07,1.11779380571592e-13
900,50,6.09086035392703e-07,6.09086035392693e-07,1.11711767779927e-13
900.1,50.0999999999999,6.07843269663124e-07,6.07843269663114e-07,1.11178469964971e-13
900.2,50.2,6.06603045656218e-07,6.06603045656207e-07,1.1165899079321e-13
900.3,50.3,6.05365345776066e-07,6.05365345776055e-07,1.11271992146148e-13
900.4,50.4,6.04130178266833e-07,6.04130178266823e-07,1.10682399523328e-13
900.5,50.5,6.02897528426287e-07,6.02897528426277e-07,1.10421109945946e-13
900.6,50.5999999999999,6.01667392004368e-07,6.01667392004358e-07,1.09834194516019e-13
900.7,50.7,6.00439771551764e-07,6.00439771551754e-07,1.09848477641321e-13
900.8,50.8,5.99214649072586e-07,5.99214649072576e-07,1.0961088438707e-13
900.9,50.9,5.97992033321162e-07,5.97992033321152e-07,1.08908593660612e-13
901,51,5.96771911033017e-07,5.96771911033007e-07,1.08440834673386e-13
901.1,51.0999999999999,5.95554277528366e-07,5.95554277528356e-07,1.08499001915806e-13
901.2,51.2,5.94339135386984e-07,5.94339135386974e-07,1.08647563312437e-13
901.3,51.3,5.93126462277931e-07,5.93126462277921e-07,1.08362923810734e-13
901.4,51.4,5.91916268566528e-07,5.91916268566518e-07,1.08022507971991e-13
901.5,51.5,5.90708543791026e-07,5.90708543791016e-07,1.07640233091578e-13
901.6,51.5999999999999,5.89503284164297e-07,5.89503284164287e-07,1.07564280558983e-13
901.7,51.7,5.88300489953877e-07,5.88300489953868e-07,1.08220446757342e-13
901.8,51.8,5.87100140984699e-07,5.87100140984689e-07,1.07332475710075e-13
901.9,51.9,5.85902246409195e-07,5.85902246409185e-07,1.07198956249277e-13
902,52,5.84706794709908e-07,5.84706794709898e-07,1.06720091658986e-13
902.1,52.0999999999999,5.8351378011754e-07,5.83513780117531e-07,1.06383711123907e-13
902.2,52.2,5.82323205571488e-07,5.82323205571478e-07,1.06276715455142e-13
902.3,52.3,5.81135053036924e-07,5.81135053036915e-07,1.06111396113992e-13
902.4,52.4,5.79949330943113e-07,5.79949330943104e-07,1.06053718440998e-13
902.5,52.5,5.78766026683648e-07,5.78766026683638e-07,1.05783449499391e-13
902.6,52.5999999999999,5.77585135774158e-07,5.77585135774148e-07,1.05666200486725e-13
902.7,52.7,5.76406660729803e-07,5.76406660729793e-07,1.05773975702417e-13
902.8,52.8,5.75230582201657e-07,5.75230582201647e-07,1.05757417609619e-13
902.9,52.9,5.74056909580713e-07,5.74056909580703e-07,1.05118163910111e-13
903,53,5.72885630274809e-07,5.72885630274799e-07,1.04745550171929e-13
903.1,53.0999999999999,5.71716739184383e-07,5.71716739184374e-07,1.04420904479377e-13
903.2,53.2,5.70550239018259e-07,5.7055023901825e-07,1.037438916567e-13
903.3,53.3,5.69386110297828e-07,5.69386110297818e-07,1.03894350124415e-13
903.4,53.4,5.68224361814347e-07,5.68224361814337e-07,1.04105599412039e-13
903.5,53.5,5.67064983065519e-07,5.67064983065509e-07,1.04343700294057e-13
903.6,53.5999999999999,5.6590797082927e-07,5.65907970829261e-07,1.03623213238677e-13
903.7,53.7,5.64753326127725e-07,5.64753326127716e-07,1.03556840247726e-13
903.8,53.8,5.63601029306385e-07,5.63601029306375e-07,1.03305066821885e-13
903.9,53.9,5.62451088851009e-07,5.62451088850999e-07,1.03157670072508e-13
904,54,5.61303492411475e-07,5.61303492411466e-07,1.03000709466367e-13
904.1,54.0999999999999,5.60158235039862e-07,5.60158235039852e-07,1.025122936068e-13
904.2,54.2,5.59015319608338e-07,5.59015319608328e-07,1.02314411517433e-13
904.3,54.3,5.57874731130462e-07,5.57874731130453e-07,1.01868524029098e-13
904.4,54.4,5.56736476106549e-07,5.5673647610654e-07,1.01520106567589e-13
904.5,54.5,5.55600542970842e-07,5.55600542970833e-07,1.01115979940208e-13
904.6,54.5999999999999,5.54466926825005e-07,5.54466926824996e-07,1.01020495171548e-13
904.7,54.7,5.53335629873883e-07,5.53335629873874e-07,1.0106036233136e-13
904.8,54.8,5.52206633160759e-07,5.5220663316075e-07,1.0125603852067e-13
904.9,54.9,5.51079944986192e-07,5.51079944986183e-07,1.00735137449339e-13
905,55,5.49955554535214e-07,5.49955554535204e-07,1.00931654836954e-13
905.1,55.0999999999999,5.48833456376592e-07,5.48833456376583e-07,1.00150670366058e-13
905.2,55.2,5.47713652947218e-07,5.47713652947209e-07,9.9936247767616e-14
905.3,55.3,5.46596126818256e-07,5.46596126818247e-07,9.97200595789708e-14
905.4,55.4,5.45480885593361e-07,5.45480885593352e-07,9.98981563086102e-14
905.5,55.5,5.4436791831704e-07,5.44367918317031e-07,1.00141283745506e-13
905.6,55.5999999999999,5.43257221053809e-07,5.432572210538e-07,9.96803681869025e-14
905.7,55.7,5.42148795790575e-07,5.42148795790566e-07,9.8988826112225e-14
905.8,55.8,5.41042626030153e-07,5.41042626030144e-07,9.89416597896289e-14
905.9,55.9,5.3993871923889e-07,5.39938719238881e-07,9.84156225942381e-14
906,56,5.38837063617672e-07,5.38837063617663e-07,9.81462176975992e-14
906.1,56.0999999999999,5.37737654305201e-07,5.37737654305192e-07,9.8516206277787e-14
906.2,56.2,5.36640494150085e-07,5.36640494150076e-07,9.82814883713361e-14
906.3,56.3,5.35545565747061e-07,5.35545565747052e-07,9.81001347332625e-14
906.4,56.4,5.34452876736443e-07,5.34452876736434e-07,9.77672699177997e-14
906.5,56.5,5.33362414960106e-07,5.33362414960097e-07,9.75993150779878e-14
906.6,56.5999999999999,5.32274176062358e-07,5.32274176062349e-07,9.73478674433364e-14
906.7,56.7,5.31188162730337e-07,5.31188162730328e-07,9.70034789499712e-14
906.8,56.8,5.30104359082938e-07,5.30104359082929e-07,9.69642387675812e-14
906.9,56.9,5.29022772616945e-07,5.29022772616937e-07,9.66174597224235e-14
907,57,5.27943390889012e-07,5.27943390889003e-07,9.66221116753618e-14
907.1,57.0999999999999,5.26866209305489e-07,5.2686620930548e-07,9.67542125729248e-14
907.2,57.2,5.25791231357221e-07,5.25791231357212e-07,9.64286810278431e-14
907.3,57.3,5.2471844128404e-07,5.24718441284031e-07,9.60735002892294e-14
907.4,57.4,5.23647845744289e-07,5.2364784574428e-07,9.57954525243586e-14
907.5,57.5,5.22579434239485e-07,5.22579434239476e-07,9.53362887369467e-14
907.6,57.5999999999999,5.21513201795815e-07,5.21513201795807e-07,9.52568409532654e-14
907.7,57.7,5.20449150436149e-07,5.2044915043614e-07,9.56447017221668e-14
907.8,57.8,5.19387261527788e-07,5.1938726152778e-07,9.54133994147361e-14
907.9,57.9,5.18327543937448e-07,5.18327543937439e-07,9.48408858084114e-14
908,58,5.17269987063704e-07,5.17269987063695e-07,9.48880415628489e-14
908.1,58.0999999999999,5.16214586318246e-07,5.16214586318237e-07,9.49084637289221e-14
908.2,58.2,5.15161345371678e-07,5.1516134537167e-07,9.42579657626672e-14
908.3,58.3,5.14110247516244e-07,5.14110247516236e-07,9.4052332828691e-14
908.4,58.4,5.13061300763218e-07,5.13061300763209e-07,9.41613876779323e-14
908.5,58.5,5.12014492727416e-07,5.12014492727408e-07,9.31953016829931e-14
908.6,58.5999999999999,5.10969818954195e-07,5.10969818954187e-07,9.3668398176704e-14
908.7,58.7,5.09927281951774e-07,5.09927281951765e-07,9.42133389089628e-14
908.8,58.8,5.08886863881158e-07,5.08886863881149e-07,9.38833656724543e-14
908.9,58.9,5.07848573425307e-07,5.07848573425298e-07,9.35800773562676e-14
909,59,5.06812400501684e-07,5.06812400501676e-07,9.27651111139634e-14
909.1,59.0999999999999,5.05778341442549e-07,5.0577834144254e-07,9.2482623306368e-14
909.2,59.2,5.04746398106124e-07,5.04746398106115e-07,9.23340069659256e-14
909.3,59.3,5.03716552238349e-07,5.0371655223834e-07,9.22448637189301e-14
909.4,59.4,5.0268881265253e-07,5.02688812652522e-07,9.20224025660899e-14
909.5,59.5,5.01663168648674e-07,5.01663168648665e-07,9.1703330898658e-14
909.6,59.5999999999999,5.00639616902596e-07,5.00639616902587e-07,9.14691150780606e-14
909.7,59.7,4.99618159269978e-07,4.99618159269969e-07,9.11378539288685e-14
909.8,59.8,4.98598779890947e-07,4.98598779890938e-07,9.10967116828038e-14
909.9,59.9,4.9758148613583e-07,4.97581486135822e-07,9.10913462181243e-14
910,60,4.96566266148002e-07,4.96566266147993e-07,9.08393819320497e-14
910.1,60.0999999999999,4.95553114814571e-07,4.95553114814563e-07,9.06386058454408e-14
910.2,60.2,4.94542035524145e-07,4.94542035524137e-07,9.08200097668216e-14
910.3,60.3,4.93533013471405e-07,4.93533013471396e-07,9.03011063575165e-14
910.4,60.4,4.92526055362324e-07,4.92526055362316e-07,9.00487400601296e-14
910.5,60.5,4.91521150641263e-07,4.91521150641254e-07,8.99502781554822e-14
910.6,60.5999999999999,4.9051829508817e-07,4.90518295088161e-07,9.0017107759688e-14
910.7,60.7,4.89517491377027e-07,4.89517491377019e-07,8.97602297115306e-14
910.8,60.8,4.88518721664721e-07,4.88518721664713e-07,8.97205165694397e-14
910.9,60.9,4.87521994415298e-07,4.8752199441529e-07,8.93676126411296e-14
911,61,4.86527299437698e-07,4.8652729943769e-07,8.86996151773618e-14
911.1,61.0999999999999,4.85534633270655e-07,4.85534633270647e-07,8.84480521396848e-14
911.2,61.2,4.84543997480509e-07,4.84543997480501e-07,8.85499643986275e-14
911.3,61.3,4.83555377504945e-07,4.83555377504937e-07,8.87324729772267e-14
911.4,61.4,4.82568780379979e-07,4.82568780379971e-07,8.80851083894291e-14
911.5,61.5,4.81584194891235e-07,4.81584194891227e-07,8.79008171636761e-14
911.6,61.5999999999999,4.80601616814049e-07,4.80601616814041e-07,8.81045702043594e-14
911.7,61.7,4.79621048652012e-07,4.79621048652004e-07,8.76822682279248e-14
911.8,61.8,4.78642474310483e-07,4.78642474310475e-07,8.77254574656059e-14
911.9,61.9,4.77665900824086e-07,4.77665900824078e-07,8.76314135330868e-14
912,62,4.76691318093114e-07,4.76691318093106e-07,8.7705836775251e-14
912.1,62.0999999999999,4.75718721974354e-07,4.75718721974345e-07,8.73592129486779e-14
912.2,62.2,4.7474811451863e-07,4.74748114518622e-07,8.73004917094875e-14
912.3,62.3,4.73779483316216e-07,4.73779483316208e-07,8.68489794621668e-14
912.4,62.4,4.72812834056952e-07,4.72812834056944e-07,8.664092576808e-14
912.5,62.5,4.71848155592524e-07,4.71848155592516e-07,8.62967133615584e-14
912.6,62.5999999999999,4.70885444587061e-07,4.70885444587053e-07,8.59643025364812e-14
912.7,62.7,4.69924702421941e-07,4.69924702421933e-07,8.5593910695158e-14
912.8,62.8,4.68965913288442e-07,4.68965913288434e-07,8.54312098090328e-14
912.9,62.9,4.68009084379098e-07,4.68009084379091e-07,8.54366988687571e-14
913,63,4.6705420682701e-07,4.67054206827002e-07,8.51923710369469e-14
913.1,63.0999999999999,4.66101276588115e-07,4.66101276588107e-07,8.53099024831593e-14
913.2,63.2,4.65150295733959e-07,4.65150295733951e-07,8.51340087500346e-14
913.3,63.3,4.64201249441565e-07,4.64201249441557e-07,8.50849979463352e-14
913.4,63.4,4.63254143943077e-07,4.63254143943069e-07,8.52893570518108e-14
913.5,63.5,4.62308971178744e-07,4.62308971178736e-07,8.50880212915678e-14
913.6,63.5999999999999,4.61365726606755e-07,4.61365726606747e-07,8.46032349414698e-14
913.7,63.7,4.60424411745362e-07,4.60424411745354e-07,8.47282561656697e-14
913.8,63.8,4.59485009745422e-07,4.59485009745414e-07,8.44077285018771e-14
913.9,63.9,4.58547528693069e-07,4.58547528693061e-07,8.40745213228146e-14
914,64,4.57611959337911e-07,4.57611959337904e-07,8.38710623295346e-14
914.1,64.0999999999999,4.56678298102587e-07,4.56678298102579e-07,8.38087166501256e-14
914.2,64.2,4.55746546486473e-07,4.55746546486465e-07,8.41496900567872e-14
914.3,64.3,4.54816689787774e-07,4.54816689787766e-07,8.38563499839105e-14
914.4,64.4,4.53888735093925e-07,4.53888735093917e-07,8.33392044032614e-14
914.5,64.5,4.52962672724307e-07,4.52962672724299e-07,8.2869680470223e-14
914.6,64.5999999999999,4.52038500554043e-07,4.52038500554035e-07,8.28570626740285e-14
914.7,64.7,4.51116219349604e-07,4.51116219349596e-07,8.24819187372087e-14
914.8,64.8,4.5019581180529e-07,4.50195811805282e-07,8.26302645154592e-14
914.9,64.9,4.49277286135476e-07,4.49277286135468e-07,8.20274707302887e-14
915,65,4.48360633649377e-07,4.48360633649369e-07,8.18734973674754e-14
915.1,65.0999999999999,4.4744585165434e-07,4.47445851654333e-07,8.1791595858161e-14
915.2,65.2,4.46532940323324e-07,4.46532940323316e-07,8.22405823687248e-14
915.3,65.3,4.45621884827158e-07,4.4562188482715e-07,8.18146650446452e-14
915.4,65.4,4.44712691498928e-07,4.4471269149892e-07,8.16795814065358e-14
915.5,65.5,4.43805352553266e-07,4.43805352553259e-07,8.12575711805581e-14
915.6,65.5999999999999,4.4289986492246e-07,4.42899864922453e-07,8.11581822433287e-14
915.7,65.7,4.41996230356296e-07,4.41996230356288e-07,8.0699417169447e-14
915.8,65.8,4.41094432310025e-07,4.41094432310017e-07,8.05879693964088e-14
915.9,65.9,4.40194478532596e-07,4.40194478532588e-07,8.07822482463755e-14
916,66,4.39296360657731e-07,4.39296360657723e-07,8.0390734521582e-14
916.1,66.0999999999999,4.38400075450651e-07,4.38400075450644e-07,8.01611194305497e-14
916.2,66.2,4.37505624335469e-07,4.37505624335462e-07,7.9633564445031e-14
916.3,66.3,4.36612990964289e-07,4.36612990964282e-07,7.96539870739584e-14
916.4,66.4,4.3572218234901e-07,4.35722182349003e-07,7.98310137359515e-14
916.5,66.5,4.34833190214373e-07,4.34833190214366e-07,7.97661016924571e-14
916.6,66.5999999999999,4.33946010230329e-07,4.33946010230321e-07,7.98787887415733e-14
916.7,66.7,4.3306064571807e-07,4.33060645718063e-07,7.92278809955672e-14
916.8,66.8,4.3217708193032e-07,4.32177081930313e-07,7.89966352655025e-14
916.9,66.9,4.3129532601013e-07,4.31295326010123e-07,7.87367722055577e-14
917,67,4.3041536766939e-07,4.30415367669383e-07,7.87747072502035e-14
917.1,67.0999999999999,4.29537202595283e-07,4.29537202595275e-07,7.86584426708331e-14
917.2,67.2,4.28660833227996e-07,4.28660833227989e-07,7.81911491464182e-14
917.3,67.3,4.27786246442038e-07,4.27786246442031e-07,7.84707525830439e-14
917.4,67.4,4.26913448552541e-07,4.26913448552534e-07,7.80742046902833e-14
917.5,67.5,4.26042430960097e-07,4.2604243096009e-07,7.81267204837306e-14
917.6,67.5999999999999,4.251731896917e-07,4.25173189691693e-07,7.81291768726301e-14
917.7,67.7,4.24305727446741e-07,4.24305727446733e-07,7.81874008378323e-14
917.8,67.8,4.23440029087531e-07,4.23440029087523e-07,7.8118198490438e-14
917.9,67.9,4.22576101626537e-07,4.2257610162653e-07,7.74216576340138e-14
918,68,4.21713934430869e-07,4.21713934430862e-07,7.73372032808451e-14
918.1,68.0999999999999,4.20853524203342e-07,4.20853524203335e-07,7.71697427719257e-14
918.2,68.2,4.19994872641305e-07,4.19994872641298e-07,7.78243515346351e-14
918.3,68.3,4.19137969969046e-07,4.19137969969039e-07,7.7678881946875e-14
918.4,68.4,4.18282820685278e-07,4.18282820685271e-07,7.69747691012936e-14
918.5,68.5,4.17429415721978e-07,4.17429415721972e-07,7.61891014281597e-14
918.6,68.5999999999999,4.16577751768414e-07,4.16577751768407e-07,7.63917902361836e-14
918.7,68.7,4.15727829816598e-07,4.15727829816591e-07,7.630474387691e-14
918.8,68.8,4.14879633740563e-07,4.14879633740556e-07,7.61303426530389e-14
918.9,68.9,4.14033171214895e-07,4.14033171214888e-07,7.63047495428714e-14
919,69,4.13188434594165e-07,4.13188434594158e-07,7.62942175923884e-14
919.1,69.0999999999999,4.1234542205377e-07,4.12345422053763e-07,7.64272819807399e-14
919.2,69.2,4.1150413434963e-07,4.11504134349623e-07,7.60517057755773e-14
919.3,69.3,4.1066455716492e-07,4.10664557164913e-07,7.54558952149143e-14
919.4,69.4,4.09826696384474e-07,4.09826696384467e-07,7.48733643621662e-14
919.5,69.5,4.08990544819621e-07,4.08990544819614e-07,7.45168483339174e-14
919.6,69.5999999999999,4.0815609929078e-07,4.08156099290773e-07,7.40290749171709e-14
919.7,69.7,4.07323360328648e-07,4.07323360328641e-07,7.46473097981348e-14
919.8,69.8,4.06492314296142e-07,4.06492314296135e-07,7.46568607223362e-14
919.9,69.9,4.05662967423236e-07,4.05662967423229e-07,7.48011512108607e-14
920,70,4.04835311633557e-07,4.0483531163355e-07,7.41210881328086e-14
920.1,70.0999999999999,4.04009343691411e-07,4.04009343691405e-07,7.36762065734209e-14
920.2,70.2,4.03185064820572e-07,4.03185064820565e-07,7.37275430929465e-14
920.3,70.3,4.02362460973538e-07,4.02362460973531e-07,7.35536115590495e-14
920.4,70.4,4.01541538677004e-07,4.01541538676997e-07,7.39312398906028e-14
920.5,70.5,4.00722292803631e-07,4.00722292803624e-07,7.39617401201247e-14
920.6,70.5999999999999,3.99904721560151e-07,3.99904721560144e-07,7.3693936446873e-14
920.7,70.7,3.99088824349408e-07,3.99088824349401e-07,7.34688011287124e-14
920.8,70.8,3.98274583151031e-07,3.98274583151024e-07,7.32265894609036e-14
920.9,70.9,3.97462006250103e-07,3.97462006250097e-07,7.34456946751931e-14
921,71,3.96651085138e-07,3.96651085137993e-07,7.28389639566388e-14
921.1,71.0999999999999,3.95841817184416e-07,3.95841817184409e-07,7.23902173453202e-14
921.2,71.2,3.95034204081428e-07,3.95034204081422e-07,7.16343009836731e-14
921.3,71.3,3.94228234634071e-07,3.94228234634065e-07,7.18103474023661e-14
921.4,71.4,3.93423914174879e-07,3.93423914174872e-07,7.17369906685933e-14
921.5,71.5,3.92621233940681e-07,3.92621233940675e-07,7.14724565544885e-14
921.6,71.5999999999999,3.91820189936634e-07,3.91820189936627e-07,7.1632214875704e-14
921.7,71.7,3.91020784525955e-07,3.91020784525949e-07,7.19183617495071e-14
921.8,71.8,3.90223004469215e-07,3.90223004469208e-07,7.17578195532304e-14
921.9,71.9,3.8942685583919e-07,3.89426855839183e-07,7.14598209651186e-14
922,72,3.88632330587369e-07,3.88632330587362e-07,7.1426429244287e-14
922.1,72.0999999999999,3.87839426042594e-07,3.87839426042587e-07,7.07209694675062e-14
922.2,72.2,3.87048143309525e-07,3.87048143309519e-07,7.06840440354765e-14
922.3,72.3,3.86258469011796e-07,3.8625846901179e-07,7.08748035896006e-14
922.4,72.4,3.85470409187659e-07,3.85470409187653e-07,7.08683512071315e-14
922.5,72.5,3.84683957223843e-07,3.84683957223836e-07,7.10542374023547e-14
922.6,72.5999999999999,3.83899109616073e-07,3.83899109616067e-07,7.09843071956869e-14
922.7,72.7,3.8311586806495e-07,3.83115868064944e-07,7.06347942737892e-14
922.8,72.8,3.82334218773605e-07,3.82334218773599e-07,6.99387267182654e-14
922.9,72.9,3.8155416783329e-07,3.81554167833283e-07,6.98209591418037e-14
923,73,3.80775707281351e-07,3.80775707281345e-07,6.92574558996399e-14
923.1,73.0999999999999,3.79998833167818e-07,3.79998833167812e-07,6.9177076266824e-14
923.2,73.2,3.79223547872177e-07,3.79223547872171e-07,6.87660646819841e-14
923.3,73.3,3.78449839238932e-07,3.78449839238926e-07,6.90777778613042e-14
923.4,73.4,3.77677713786636e-07,3.7767771378663e-07,6.87626822816275e-14
923.5,73.5,3.76907161502602e-07,3.76907161502596e-07,6.86023580417182e-14
923.6,73.5999999999999,3.76138181548445e-07,3.76138181548439e-07,6.83724309001041e-14
923.7,73.7,3.75370773665044e-07,3.75370773665038e-07,6.81829562410061e-14
923.8,73.8,3.74604927361255e-07,3.74604927361249e-07,6.8039235327002e-14
923.9,73.9,3.73840647055457e-07,3.73840647055451e-07,6.83117830879815e-14
924,74,3.73077925199175e-07,3.73077925199169e-07,6.85825160136159e-14
924.1,74.0999999999999,3.72316758178403e-07,3.72316758178396e-07,6.86720119737193e-14
924.2,74.2,3.71557147948844e-07,3.71557147948838e-07,6.8032356450521e-14
924.3,74.3,3.7079908275599e-07,3.70799082755984e-07,6.80179786027094e-14
924.4,74.4,3.70042567918963e-07,3.70042567918957e-07,6.78595017681544e-14
924.5,74.5,3.6928759663122e-07,3.69287596631214e-07,6.75221975845829e-14
924.6,74.5999999999999,3.68534164767931e-07,3.68534164767924e-07,6.79885608786346e-14
924.7,74.7,3.67782274031964e-07,3.67782274031958e-07,6.78785271677259e-14
924.8,74.8,3.67031913238287e-07,3.67031913238281e-07,6.78309115209419e-14
924.9,74.9,3.66283087308406e-07,3.66283087308399e-07,6.74854579935512e-14
925,75,3.6553578720757e-07,3.65535787207564e-07,6.68000322547131e-14
925.1,75.0999999999999,3.64790009542352e-07,3.64790009542346e-07,6.67525124949938e-14
925.2,75.2,3.6404575691795e-07,3.64045756917944e-07,6.63892335810329e-14
925.3,75.3,3.63303019470615e-07,3.63303019470609e-07,6.63682267093677e-14
925.4,75.4,3.6256180176704e-07,3.62561801767034e-07,6.65082103121333e-14
925.5,75.5,3.61822095700046e-07,3.6182209570004e-07,6.68779328169989e-14
925.6,75.5999999999999,3.61083898302051e-07,3.61083898302045e-07,6.63549070368599e-14
925.7,75.7,3.60347210778794e-07,3.60347210778788e-07,6.58581860419116e-14
925.8,75.8,3.59612021388317e-07,3.59612021388311e-07,6.62237602618926e-14
925.9,75.9,3.58878336093126e-07,3.5887833609312e-07,6.56117073284962e-14
926,76,3.58146146742669e-07,3.58146146742664e-07,6.54131380270094e-14
926.1,76.0999999999999,3.57415450101233e-07,3.57415450101227e-07,6.51651745520984e-14
926.2,76.2,3.56686248311569e-07,3.56686248311564e-07,6.44945590193001e-14
926.3,76.3,3.55958528241116e-07,3.5595852824111e-07,6.47592600075703e-14
926.4,76.4,3.55232295517332e-07,3.55232295517326e-07,6.55160234271542e-14
926.5,76.5,3.54507544352775e-07,3.54507544352769e-07,6.53667045017394e-14
926.6,76.5999999999999,3.53784271111424e-07,3.53784271111418e-07,6.4898454054398e-14
926.7,76.7,3.53062477287661e-07,3.53062477287655e-07,6.45096320856919e-14
926.8,76.8,3.52342150902466e-07,3.5234215090246e-07,6.4458475203937e-14
926.9,76.9,3.51623298297898e-07,3.51623298297893e-07,6.41442489002578e-14
927,77,3.50905910186378e-07,3.50905910186373e-07,6.40756665517186e-14
927.1,77.0999999999999,3.50189984255789e-07,3.50189984255783e-07,6.41763853088074e-14
927.2,77.2,3.49475522311828e-07,3.49475522311823e-07,6.43912400188074e-14
927.3,77.3,3.48762514683829e-07,3.48762514683823e-07,6.43777378479828e-14
927.4,77.4,3.48050966005943e-07,3.48050966005937e-07,6.3672037452135e-14
927.5,77.5,3.4734086825155e-07,3.47340868251544e-07,6.34861571006134e-14
927.6,77.5999999999999,3.46632219284021e-07,3.46632219284015e-07,6.3073847730746e-14
927.7,77.7,3.4592501996776e-07,3.45925019967754e-07,6.32289488880188e-14
927.8,77.8,3.45219256266592e-07,3.45219256266587e-07,6.27381927847309e-14
927.9,77.9,3.44514935088354e-07,3.44514935088348e-07,6.27065118462031e-14
928,78,3.43812050736159e-07,3.43812050736154e-07,6.29932524692098e-14
928.1,78.0999999999999,3.43110602206885e-07,3.43110602206879e-07,6.2720065657522e-14
928.2,78.2,3.42410588815249e-07,3.42410588815244e-07,6.29055434169344e-14
928.3,78.3,3.41711997934651e-07,3.41711997934645e-07,6.28270522784909e-14
928.4,78.4,3.41014835398776e-07,3.4101483539877e-07,6.26469173666013e-14
928.5,78.5,3.40319094395861e-07,3.40319094395855e-07,6.24711781033986e-14
928.6,78.5999999999999,3.39624772466562e-07,3.39624772466556e-07,6.23423266763685e-14
928.7,78.7,3.38931871504591e-07,3.38931871504585e-07,6.1648568813803e-14
928.8,78.8,3.38240379634022e-07,3.38240379634016e-07,6.13711365722922e-14
928.9,78.9,3.37550302891082e-07,3.37550302891077e-07,6.12709670412881e-14
929,79,3.36861632262775e-07,3.36861632262769e-07,6.1207834013165e-14
929.1,79.0999999999999,3.36174364336628e-07,3.36174364336623e-07,6.13856066402103e-14
929.2,79.2,3.35488501204089e-07,3.35488501204083e-07,6.15901049214021e-14
929.3,79.3,3.34804034255214e-07,3.34804034255208e-07,6.16010599494702e-14
929.4,79.4,3.34120967664243e-07,3.34120967664238e-07,6.10341417806978e-14
929.5,79.5,3.33439293287844e-07,3.33439293287838e-07,6.11361761055839e-14
929.6,79.5999999999999,3.32759009035419e-07,3.32759009035414e-07,6.07176918501004e-14
929.7,79.7,3.32080115689601e-07,3.32080115689596e-07,6.10032403416603e-14
929.8,79.8,3.31402603167932e-07,3.31402603167926e-07,6.10676357358935e-14
929.9,79.9,3.30726476298932e-07,3.30726476298926e-07,6.07043810015166e-14
930,80,3.30051729203021e-07,3.30051729203015e-07,6.07541440680578e-14
930.1,80.0999999999999,3.2937835967239e-07,3.29378359672385e-07,6.04244443970357e-14
930.2,80.2,3.28706367914722e-07,3.28706367914716e-07,6.01802766759901e-14
930.3,80.3,3.28035739495892e-07,3.28035739495887e-07,6.04154886645269e-14
930.4,80.4,3.27366482117118e-07,3.27366482117113e-07,6.00192203346769e-14
930.5,80.5,3.26698589602654e-07,3.26698589602649e-07,5.999984436826e-14
930.6,80.5999999999999,3.26032060349616e-07,3.26032060349611e-07,5.99074175544442e-14
930.7,80.7,3.25366894526124e-07,3.25366894526119e-07,5.91734781942355e-14
930.8,80.8,3.24703080396809e-07,3.24703080396804e-07,5.91125761232789e-14
930.9,80.9,3.24040622978529e-07,3.24040622978524e-07,5.93080026002002e-14
931,81,3.2337951661759e-07,3.23379516617585e-07,5.96467237745532e-14
931.1,81.0999999999999,3.22719757807613e-07,3.22719757807608e-07,5.93438149612127e-14
931.2,81.2,3.22061348259391e-07,3.22061348259386e-07,5.92749531774888e-14
931.3,81.3,3.21404279837626e-07,3.2140427983762e-07,5.91040469279462e-14
931.4,81.4,3.20748555865494e-07,3.20748555865489e-07,5.88196986407264e-14
931.5,81.5,3.20094167896788e-07,3.20094167896783e-07,5.85878245347668e-14
931.6,81.5999999999999,3.19441114177046e-07,3.19441114177041e-07,5.86225457972134e-14
931.7,81.7,3.18789395727002e-07,3.18789395726996e-07,5.87639637246671e-14
931.8,81.8,3.18139005152802e-07,3.18139005152797e-07,5.81496152765583e-14
931.9,81.9,3.17489945964653e-07,3.17489945964647e-07,5.78529239733014e-14
932,82,3.16842207794609e-07,3.16842207794604e-07,5.7728935105201e-14
932.1,82.0999999999999,3.16195787056032e-07,3.16195787056027e-07,5.75221238276603e-14
932.2,82.2,3.15550687022244e-07,3.15550687022239e-07,5.74093937769269e-14
932.3,82.3,3.14906903015419e-07,3.14906903015413e-07,5.71876959949759e-14
932.4,82.4,3.14264436283046e-07,3.14264436283041e-07,5.7526272595674e-14
932.5,82.5,3.13623280120152e-07,3.13623280120147e-07,5.69960223511771e-14
932.6,82.5999999999999,3.12983430155736e-07,3.1298343015573e-07,5.69021354317952e-14
932.7,82.7,3.12344888295579e-07,3.12344888295574e-07,5.70544956128764e-14
932.8,82.8,3.11707644409289e-07,3.11707644409284e-07,5.76655448953003e-14
932.9,82.9,3.11071703945713e-07,3.11071703945708e-07,5.75534561985236e-14
933,83,3.10437059765539e-07,3.10437059765533e-07,5.73635064155761e-14
933.1,83.0999999999999,3.09803709437858e-07,3.09803709437853e-07,5.69268171987722e-14
933.2,83.2,3.09171654380806e-07,3.091716543808e-07,5.70692302072323e-14
933.3,83.3,3.08540886641925e-07,3.0854088664192e-07,5.66420784639215e-14
933.4,83.4,3.07911410175856e-07,3.0791141017585e-07,5.64121600135154e-14
933.5,83.5,3.07283216203113e-07,3.07283216203108e-07,5.59209657674554e-14
933.6,83.5999999999999,3.06656301715739e-07,3.06656301715734e-07,5.59682433235403e-14
933.7,83.7,3.06030668808066e-07,3.06030668808061e-07,5.57702174212756e-14
933.8,83.8,3.05406308652924e-07,3.05406308652919e-07,5.6122216560194e-14
933.9,83.9,3.04783225835303e-07,3.04783225835298e-07,5.57561074991516e-14
934,84,3.0416141299099e-07,3.04161412990985e-07,5.58526755007115e-14
934.1,84.0999999999999,3.03540868073606e-07,3.035408680736e-07,5.57439781533929e-14
934.2,84.2,3.02921592803718e-07,3.02921592803712e-07,5.58722515098643e-14
934.3,84.3,3.02303577189421e-07,3.02303577189416e-07,5.55606444763011e-14
934.4,84.4,3.01686825901503e-07,3.01686825901498e-07,5.53802255663075e-14
934.5,84.5,3.01071332935913e-07,3.01071332935908e-07,5.54773769450483e-14
934.6,84.5999999999999,3.00457095513177e-07,3.00457095513171e-07,5.53440352905024e-14
934.7,84.7,2.99844114267158e-07,2.99844114267153e-07,5.53257305546379e-14
934.8,84.8,2.99232377596365e-07,2.9923237759636e-07,5.50056766059952e-14
934.9,84.9,2.9862189061868e-07,2.98621890618675e-07,5.46967641407453e-14
935,85,2.98012648156736e-07,2.98012648156731e-07,5.46682882276222e-14
935.1,85.0999999999999,2.974046493876e-07,2.97404649387595e-07,5.43996471740498e-14
935.2,85.2,2.96797894034905e-07,2.967978940349e-07,5.43643342534894e-14
935.3,85.3,2.96192372840608e-07,2.96192372840603e-07,5.41447437189466e-14
935.4,85.4,2.95588090375045e-07,2.9558809037504e-07,5.40601154818948e-14
935.5,85.5,2.94985040202111e-07,2.94985040202106e-07,5.42157283910604e-14
935.6,85.5999999999999,2.94383220653219e-07,2.94383220653214e-07,5.41041300162664e-14
935.7,85.7,2.93782632377387e-07,2.93782632377382e-07,5.34431454079653e-14
935.8,85.8,2.93183265575665e-07,2.9318326557566e-07,5.31054191126959e-14
935.9,85.9,2.92585124215176e-07,2.92585124215171e-07,5.3148729946761e-14
936,86,2.91988201819363e-07,2.91988201819358e-07,5.30016430871715e-14
936.1,86.0999999999999,2.91392495420861e-07,2.91392495420856e-07,5.28800829955829e-14
936.2,86.2,2.90798006105371e-07,2.90798006105366e-07,5.35395314589797e-14
936.3,86.3,2.90204727746061e-07,2.90204727746056e-07,5.34658016487192e-14
936.4,86.4,2.89612663327732e-07,2.89612663327728e-07,5.34077803582069e-14
936.5,86.5,2.89021807336038e-07,2.89021807336033e-07,5.3250004268921e-14
936.6,86.5999999999999,2.88432156682405e-07,2.884321566824e-07,5.29583814445152e-14
936.7,86.7,2.87843712829606e-07,2.87843712829601e-07,5.2630884265545e-14
936.8,86.8,2.87256463906973e-07,2.87256463906968e-07,5.26001507217285e-14
936.9,86.9,2.86670415698826e-07,2.86670415698821e-07,5.24377735857566e-14
937,87,2.86085561403927e-07,2.86085561403922e-07,5.18348496223627e-14
937.1,87.0999999999999,2.85501898784149e-07,2.85501898784144e-07,5.19855676096136e-14
937.2,87.2,2.84919429691935e-07,2.8491942969193e-07,5.18687014617811e-14
937.3,87.3,2.84338146342839e-07,2.84338146342834e-07,5.14678659479135e-14
937.4,87.4,2.83758051921423e-07,2.83758051921419e-07,5.15357290344151e-14
937.5,87.5,2.83179140846993e-07,2.83179140846988e-07,5.15019753049205e-14
937.6,87.5999999999999,2.826014101226e-07,2.82601410122596e-07,5.14056104071931e-14
937.7,87.7,2.82024861852005e-07,2.82024861852e-07,5.11414268649102e-14
937.8,87.8,2.81449485432359e-07,2.81449485432354e-07,5.11362012802129e-14
937.9,87.9,2.80875286270939e-07,2.80875286270934e-07,5.11575765494005e-14
938,88,2.80302256806002e-07,2.80302256805998e-07,5.12558487530583e-14
938.1,88.0999999999999,2.79730396124061e-07,2.79730396124056e-07,5.11572945263255e-14
938.2,88.2,2.79159704674499e-07,2.79159704674494e-07,5.07750827427609e-14
938.3,88.3,2.78590174213457e-07,2.78590174213452e-07,5.12549563353533e-14
938.4,88.4,2.78021809371972e-07,2.78021809371968e-07,5.1068841797127e-14
938.5,88.5,2.77454602188264e-07,2.77454602188259e-07,5.16251141771733e-14
938.6,88.5999999999999,2.76888550918275e-07,2.7688855091827e-07,5.12370100140989e-14
938.7,88.7,2.76323656905892e-07,2.76323656905887e-07,5.0990057218363e-14
938.8,88.8,2.75759910745741e-07,2.75759910745737e-07,5.07992631902593e-14
938.9,88.9,2.75197316974561e-07,2.75197316974556e-07,5.03061754722581e-14
939,89,2.7463587193012e-07,2.74635871930115e-07,4.96266227881401e-14
939.1,89.0999999999999,2.74075573006324e-07,2.74075573006319e-07,4.97661965833193e-14
939.2,89.2,2.73516420836027e-07,2.73516420836023e-07,4.98364924302598e-14
939.3,89.3,2.7295840418479e-07,2.72958404184785e-07,5.0075374340492e-14
939.4,89.4,2.72401529053679e-07,2.72401529053674e-07,5.01253425155497e-14
939.5,89.5,2.71845788726654e-07,2.71845788726649e-07,5.02590125488964e-14
939.6,89.5999999999999,2.71291181383825e-07,2.7129118138382e-07,4.98927998824322e-14
939.7,89.7,2.70737708301539e-07,2.70737708301535e-07,4.93945493999011e-14
939.8,89.8,2.70185361726662e-07,2.70185361726657e-07,4.91753593588101e-14
939.9,89.9,2.69634145216313e-07,2.69634145216309e-07,4.89837934362445e-14
940,90,2.69084053166248e-07,2.69084053166244e-07,4.88513420345234e-14
940.1,90.0999999999999,2.68535083383789e-07,2.68535083383784e-07,4.91716633742435e-14
940.2,90.2,2.67987237086434e-07,2.67987237086429e-07,4.99253416457508e-14
940.3,90.3,2.67440504696768e-07,2.67440504696763e-07,4.98476130258528e-14
940.4,90.4,2.66894890317856e-07,2.66894890317852e-07,4.92077046461132e-14
940.5,90.5,2.6635038762598e-07,2.66350387625975e-07,4.86874833897684e-14
940.6,90.5999999999999,2.65806993316959e-07,2.65806993316955e-07,4.86000660334089e-14
940.7,90.7,2.65264710329641e-07,2.65264710329637e-07,4.90369060325957e-14
940.8,90.8,2.64723530305567e-07,2.64723530305562e-07,4.88025869686683e-14
940.9,90.9,2.64183457422027e-07,2.64183457422022e-07,4.88534317391993e-14
941,91,2.63644485404792e-07,2.63644485404788e-07,4.86849947102181e-14
941.1,91.0999999999999,2.63106611885356e-07,2.63106611885352e-07,4.84424424698449e-14
941.2,91.2,2.62569838478763e-07,2.62569838478758e-07,4.82710649295714e-14
941.3,91.3,2.62034157015315e-07,2.6203415701531e-07,4.83093278363641e-14
941.4,91.4,2.61499570982825e-07,2.61499570982821e-07,4.7993385043667e-14
941.5,91.5,2.6096607432106e-07,2.60966074321056e-07,4.79101442405079e-14
941.6,91.5999999999999,2.60433664949258e-07,2.60433664949253e-07,4.74738358808676e-14
941.7,91.7,2.59902343593658e-07,2.59902343593654e-07,4.70710545844467e-14
941.8,91.8,2.59372104914741e-07,2.59372104914737e-07,4.71049638065533e-14
941.9,91.9,2.58842951074068e-07,2.58842951074064e-07,4.72131601425509e-14
942,92,2.58314876275899e-07,2.58314876275895e-07,4.72155290026079e-14
942.1,92.0999999999999,2.57787877924732e-07,2.57787877924727e-07,4.70684413567966e-14
942.2,92.2,2.57261957064571e-07,2.57261957064567e-07,4.67880520282181e-14
942.3,92.3,2.56737104778033e-07,2.56737104778029e-07,4.70300908835539e-14
942.4,92.4,2.56213325273868e-07,2.56213325273863e-07,4.68157097157139e-14
942.5,92.5,2.55690613561718e-07,2.55690613561714e-07,4.74249796518246e-14
942.6,92.5999999999999,2.5516897017633e-07,2.55168970176326e-07,4.73297203310265e-14
942.7,92.7,2.54648394065711e-07,2.54648394065706e-07,4.68761757676885e-14
942.8,92.8,2.54128875715367e-07,2.54128875715363e-07,4.65675960768016e-14
942.9,92.9,2.5361041958367e-07,2.53610419583666e-07,4.66495148283064e-14
943,93,2.53093019898102e-07,2.53093019898098e-07,4.64001611341984e-14
943.1,93.0999999999999,2.52576674664573e-07,2.52576674664568e-07,4.62168011656866e-14
943.2,93.2,2.5206138483538e-07,2.52061384835375e-07,4.60665856474619e-14
943.3,93.3,2.5154714469165e-07,2.51547144691646e-07,4.61555482322547e-14
943.4,93.4,2.51033956679655e-07,2.5103395667965e-07,4.62261904267152e-14
943.5,93.5,2.50521815090153e-07,2.50521815090148e-07,4.62419458257407e-14
943.6,93.5999999999999,2.50010717767197e-07,2.50010717767193e-07,4.61450830525848e-14
943.7,93.7,2.49500665594457e-07,2.49500665594453e-07,4.62117546399735e-14
943.8,93.8,2.48991650837266e-07,2.48991650837262e-07,4.57823414184607e-14
943.9,93.9,2.48483677245936e-07,2.48483677245932e-07,4.55969054823811e-14
944,94,2.47976739427494e-07,2.47976739427489e-07,4.57761918277852e-14
944.1,94.1,2.47470835269e-07,2.47470835268995e-07,4.53542780110832e-14
944.2,94.2,2.46965965855976e-07,2.46965965855972e-07,4.55095112906734e-14
944.3,94.3,2.46462123098521e-07,2.46462123098517e-07,4.53943299288783e-14
944.4,94.4,2.4595931025059e-07,2.45959310250586e-07,4.50936637971568e-14
944.5,94.5,2.45457522524521e-07,2.45457522524517e-07,4.55401909300615e-14
944.6,94.6,2.44956758613497e-07,2.44956758613493e-07,4.52634943403037e-14
944.7,94.7,2.44457018831255e-07,2.44457018831251e-07,4.47929289350177e-14
944.8,94.8,2.43958294960379e-07,2.43958294960375e-07,4.42584148365621e-14
944.9,94.9,2.43460590922749e-07,2.43460590922745e-07,4.41252195813794e-14
945,95,2.42963900905958e-07,2.42963900905954e-07,4.38949364730157e-14
945.1,95.1,2.42468223168048e-07,2.42468223168044e-07,4.40966781474727e-14
945.2,95.2,2.41973558191289e-07,2.41973558191285e-07,4.47511250012489e-14
945.3,95.3,2.4147990113765e-07,2.41479901137646e-07,4.48073457548494e-14
945.4,95.4,2.4098725381383e-07,2.40987253813826e-07,4.4492171509084e-14
945.5,95.5,2.40495611212425e-07,2.40495611212421e-07,4.42664437305918e-14
945.6,95.6,2.40004970908657e-07,2.40004970908653e-07,4.40673504715224e-14
945.7,95.7,2.39515334596717e-07,2.39515334596713e-07,4.37498225433139e-14
945.8,95.8,2.39026693917869e-07,2.39026693917865e-07,4.37353206388943e-14
945.9,95.9,2.38539052415229e-07,2.38539052415225e-07,4.39294767111992e-14
946,96,2.38052405671592e-07,2.38052405671588e-07,4.38032895255537e-14
946.1,96.1,2.37566750407782e-07,2.37566750407778e-07,4.40456695088459e-14
946.2,96.2,2.37082087781663e-07,2.37082087781659e-07,4.3476011837112e-14
946.3,96.3,2.36598410879901e-07,2.36598410879897e-07,4.36014725213732e-14
946.4,96.4,2.36115722571191e-07,2.36115722571187e-07,4.34828292121125e-14
946.5,96.5,2.35634018442385e-07,2.35634018442381e-07,4.35136980168189e-14
946.6,96.6,2.35153297038124e-07,2.3515329703812e-07,4.29695097903219e-14
946.7,96.7,2.34673558052412e-07,2.34673558052408e-07,4.31754206377362e-14
946.8,96.8,2.34194796070648e-07,2.34194796070644e-07,4.29144744754375e-14
946.9,96.9,2.33717013625084e-07,2.3371701362508e-07,4.28406560162972e-14
947,97,2.33240204911447e-07,2.33240204911443e-07,4.25684686028448e-14
947.1,97.1,2.3276436717222e-07,2.32764367172216e-07,4.25560461426449e-14
947.2,97.2,2.32289502247789e-07,2.32289502247785e-07,4.28076732230564e-14
947.3,97.3,2.31815605409693e-07,2.31815605409689e-07,4.23120207860653e-14
947.4,97.4,2.31342678419912e-07,2.31342678419908e-07,4.24065317532351e-14
947.5,97.5,2.30870714170606e-07,2.30870714170603e-07,4.19578654663201e-14
947.6,97.6,2.30399710828504e-07,2.303997108285e-07,4.1434876217882e-14
947.7,97.7,2.29929669571793e-07,2.29929669571789e-07,4.19571651345547e-14
947.8,97.8,2.29460585731334e-07,2.29460585731331e-07,4.22701043077657e-14
947.9,97.9,2.2899246229021e-07,2.28992462290206e-07,4.20873162123906e-14
948,98,2.28525293299908e-07,2.28525293299904e-07,4.1701551639486e-14
948.1,98.1,2.28059076642645e-07,2.28059076642641e-07,4.1722528663793e-14
948.2,98.2,2.27593813419689e-07,2.27593813419685e-07,4.19516128943956e-14
948.3,98.3,2.27129495425762e-07,2.27129495425758e-07,4.18361961644649e-14
948.4,98.4,2.26666127472952e-07,2.26666127472948e-07,4.18919102064049e-14
948.5,98.5,2.2620370517391e-07,2.26203705173906e-07,4.12704005270715e-14
948.6,98.6,2.25742226849313e-07,2.25742226849309e-07,4.12463875644647e-14
948.7,98.7,2.25281692916476e-07,2.25281692916472e-07,4.1521784853098e-14
948.8,98.8,2.24822096135033e-07,2.24822096135029e-07,4.13837578351898e-14
948.9,98.9,2.24363439280965e-07,2.24363439280961e-07,4.05700712709972e-14
949,99,2.23905716920124e-07,2.23905716920121e-07,4.03060234550875e-14
949.1,99.1,2.23448925947535e-07,2.23448925947531e-07,4.05955488940672e-14
949.2,99.2,2.22993067922519e-07,2.22993067922515e-07,4.0874514735266e-14
949.3,99.3,2.22538138063407e-07,2.22538138063403e-07,4.06824127120212e-14
949.4,99.4,2.22084138299571e-07,2.22084138299568e-07,4.01936204860764e-14
949.5,99.5,2.21631064514473e-07,2.2163106451447e-07,3.95705867590253e-14
949.6,99.6,2.21178915335981e-07,2.21178915335977e-07,3.99121617290143e-14
949.7,99.7,2.20727690987867e-07,2.20727690987863e-07,3.98336287569465e-14
949.8,99.8,2.20277380476565e-07,2.20277380476561e-07,4.03126005938665e-14
949.9,99.9,2.19827989507302e-07,2.19827989507299e-07,3.99303083946379e-14
950,100,2.1937951677903e-07,2.19379516779026e-07,4.01439893676147e-14
950.1,100.1,2.18931961708376e-07,2.18931961708372e-07,4.00257467083811e-14
950.2,100.2,2.18485323833637e-07,2.18485323833633e-07,4.0464160233692e-14
950.3,100.3,2.18039592240388e-07,2.18039592240384e-07,4.01157749928898e-14
950.4,100.4,2.17594772022986e-07,2.17594772022982e-07,3.99273077286229e-14
950.5,100.5,2.17150857805521e-07,2.17150857805517e-07,3.99636890267339e-14
950.6,100.6,2.1670784778331e-07,2.16707847783307e-07,3.99770589783331e-14
950.7,100.7,2.16265743204527e-07,2.16265743204524e-07,3.95724983892426e-14
950.8,100.8,2.15824538095365e-07,2.15824538095362e-07,3.96743491028411e-14
950.9,100.9,2.15384235310403e-07,2.15384235310399e-07,4.02212453689972e-14
951,101,2.14944830419735e-07,2.14944830419732e-07,4.02341321069524e-14
951.1,101.1,2.14506321895658e-07,2.14506321895654e-07,3.98585223104009e-14
951.2,101.2,2.14068710775192e-07,2.14068710775189e-07,3.97391815903371e-14
951.3,101.3,2.13631989843328e-07,2.13631989843325e-07,3.93399287947515e-14
951.4,101.4,2.13196162494487e-07,2.13196162494483e-07,3.92426672484478e-14
951.5,101.5,2.12761223952209e-07,2.12761223952206e-07,3.88870932919685e-14
951.6,101.6,2.12327171199356e-07,2.12327171199353e-07,3.92303880357464e-14
951.7,101.7,2.11894007011717e-07,2.11894007011714e-07,3.88879451464037e-14
951.8,101.8,2.11461723506165e-07,2.11461723506161e-07,3.89152438449444e-14
951.9,101.9,2.11030324521041e-07,2.11030324521038e-07,3.87678863115053e-14
952,102,2.10599804268655e-07,2.10599804268651e-07,3.84020188063778e-14
952.1,102.1,2.10170161438909e-07,2.10170161438905e-07,3.85359638890737e-14
952.2,102.2,2.09741396959358e-07,2.09741396959355e-07,3.81386886260604e-14
952.3,102.3,2.09313504291757e-07,2.09313504291753e-07,3.82875797332535e-14
952.4,102.4,2.08886486551533e-07,2.08886486551529e-07,3.82748098564214e-14
952.5,102.5,2.08460340034441e-07,2.08460340034438e-07,3.86635345664432e-14
952.6,102.6,2.08035062781575e-07,2.08035062781572e-07,3.82266574410884e-14
952.7,102.7,2.07610655876018e-07,2.07610655876015e-07,3.81968528771336e-14
952.8,102.8,2.07187111287178e-07,2.07187111287174e-07,3.78647234544712e-14
952.9,102.9,2.06764432351627e-07,2.06764432351624e-07,3.79820493580807e-14
953,103,2.06342615201007e-07,2.06342615201003e-07,3.76904478122018e-14
953.1,103.1,2.05921657661561e-07,2.05921657661558e-07,3.77335931336162e-14
953.2,103.2,2.05501560840432e-07,2.05501560840429e-07,3.80426545437317e-14
953.3,103.3,2.05082319092524e-07,2.05082319092521e-07,3.78623567809339e-14
953.4,103.4,2.04663934757851e-07,2.04663934757848e-07,3.73980838246602e-14
953.5,103.5,2.04246403696869e-07,2.04246403696866e-07,3.69777541459728e-14
953.6,103.6,2.03829724155416e-07,2.03829724155413e-07,3.70640382174362e-14
953.7,103.7,2.03413897069698e-07,2.03413897069695e-07,3.6813498134603e-14
953.8,103.8,2.02998914661037e-07,2.02998914661034e-07,3.72227203723129e-14
953.9,103.9,2.02584781353403e-07,2.02584781353399e-07,3.70933217001903e-14
954,104,2.02171491976177e-07,2.02171491976174e-07,3.73184800821842e-14
954.1,104.1,2.01759044938292e-07,2.01759044938288e-07,3.72366227148583e-14
954.2,104.2,2.01347441366466e-07,2.01347441366463e-07,3.75881013749849e-14
954.3,104.3,2.00936674982405e-07,2.00936674982401e-07,3.69157975105474e-14
954.4,104.4,2.00526748407096e-07,2.00526748407093e-07,3.66955470701709e-14
954.5,104.5,2.00117658167725e-07,2.00117658167722e-07,3.62681160198086e-14
954.6,104.6,1.99709401318934e-07,1.99709401318931e-07,3.6445793267245e-14
954.7,104.7,1.99301979893749e-07,1.99301979893746e-07,3.66792674168493e-14
954.8,104.8,1.98895387512472e-07,1.98895387512469e-07,3.65148725333248e-14
954.9,104.9,1.98489626409105e-07,1.98489626409101e-07,3.66846136687733e-14
955,105,1.98084692644735e-07,1.98084692644732e-07,3.63308735572319e-14
955.1,105.1,1.97680584871901e-07,1.97680584871898e-07,3.65201920214295e-14
955.2,105.2,1.97277303578442e-07,1.97277303578439e-07,3.64465711588803e-14
955.3,105.3,1.96874840972254e-07,1.9687484097225e-07,3.64818370454032e-14
955.4,105.4,1.96473200977168e-07,1.96473200977165e-07,3.61575657339821e-14
955.5,105.5,1.96072380939011e-07,1.96072380939007e-07,3.54916344688135e-14
955.6,105.6,1.95672380357709e-07,1.95672380357705e-07,3.57695959669884e-14
955.7,105.7,1.95273198678479e-07,1.95273198678476e-07,3.56834978147064e-14
955.8,105.8,1.94874824372284e-07,1.9487482437228e-07,3.59247229711147e-14
955.9,105.9,1.94477263478006e-07,1.94477263478003e-07,3.60214403220246e-14
956,106,1.94080514571954e-07,1.94080514571951e-07,3.56019102143166e-14
956.1,106.1,1.93684576937769e-07,1.93684576937766e-07,3.54494029820346e-14
956.2,106.2,1.93289449332997e-07,1.93289449332993e-07,3.5277931296724e-14
956.3,106.3,1.92895124438679e-07,1.92895124438676e-07,3.52587649700959e-14
956.4,106.4,1.92501605716692e-07,1.92501605716688e-07,3.53674807007257e-14
956.5,106.5,1.92108889785303e-07,1.92108889785299e-07,3.53917905866629e-14
956.6,106.6,1.91716975788463e-07,1.9171697578846e-07,3.48990254820621e-14
956.7,106.7,1.91325863341282e-07,1.91325863341279e-07,3.49250415185442e-14
956.8,106.8,1.90935544423299e-07,1.90935544423296e-07,3.51400037426382e-14
956.9,106.9,1.90546022768932e-07,1.90546022768928e-07,3.53116198275075e-14
957,107,1.90157295560254e-07,1.90157295560251e-07,3.51466666763669e-14
957.1,107.1,1.89769361761695e-07,1.89769361761691e-07,3.47561613086096e-14
957.2,107.2,1.89382221420269e-07,1.89382221420266e-07,3.44023651252298e-14
957.3,107.3,1.8899586916551e-07,1.88995869165507e-07,3.47335090971314e-14
957.4,107.4,1.88610308441304e-07,1.88610308441301e-07,3.44729027456931e-14
957.5,107.5,1.88225533462684e-07,1.88225533462681e-07,3.46011175079164e-14
957.6,107.6,1.87841542019167e-07,1.87841542019164e-07,3.43068046184454e-14
957.7,107.7,1.87458335469652e-07,1.87458335469649e-07,3.44992684302911e-14
957.8,107.8,1.8707590695148e-07,1.87075906951477e-07,3.43246937945559e-14
957.9,107.9,1.8669425946401e-07,1.86694259464007e-07,3.43018626146708e-14
958,108,1.8631339105056e-07,1.86313391050557e-07,3.40822419221885e-14
958.1,108.1,1.85933300296489e-07,1.85933300296486e-07,3.3616310138156e-14
958.2,108.2,1.85553987312237e-07,1.85553987312234e-07,3.37059432944216e-14
958.3,108.3,1.85175444653576e-07,1.85175444653573e-07,3.35077640937964e-14
958.4,108.4,1.84797676023207e-07,1.84797676023204e-07,3.36142623525257e-14
958.5,108.5,1.84420677363659e-07,1.84420677363656e-07,3.34632613933205e-14
958.6,108.6,1.84044448068251e-07,1.84044448068248e-07,3.38830558245332e-14
958.7,108.7,1.83668988666482e-07,1.83668988666479e-07,3.41624705442529e-14
958.8,108.8,1.8329429172548e-07,1.83294291725477e-07,3.37737434166692e-14
958.9,108.9,1.82920361037645e-07,1.82920361037642e-07,3.34896201235988e-14
959,109,1.82547192318423e-07,1.8254719231842e-07,3.31395190872732e-14
959.1,109.1,1.82174784370899e-07,1.82174784370896e-07,3.31452992272998e-14
959.2,109.2,1.81803138172357e-07,1.81803138172354e-07,3.31037087269348e-14
959.3,109.3,1.81432247341242e-07,1.81432247341239e-07,3.27983284222923e-14
959.4,109.4,1.8106211495241e-07,1.81062114952407e-07,3.27800687861708e-14
959.5,109.5,1.80692737030538e-07,1.80692737030535e-07,3.29926243221983e-14
959.6,109.6,1.80324113847378e-07,1.80324113847375e-07,3.28951851258382e-14
959.7,109.7,1.79956244793552e-07,1.79956244793549e-07,3.27427528565107e-14
959.8,109.8,1.79589122965356e-07,1.79589122965353e-07,3.27592197100418e-14
959.9,109.9,1.79222752193869e-07,1.79222752193866e-07,3.25849639240284e-14
960,110,1.78857128549555e-07,1.78857128549553e-07,3.2653001300728e-14
960.1,110.1,1.78492250492268e-07,1.78492250492265e-07,3.28031273440347e-14
960.2,110.2,1.78128118397338e-07,1.78128118397335e-07,3.36228584079722e-14
960.3,110.3,1.77764727054241e-07,1.77764727054237e-07,3.33227227273323e-14
960.4,110.4,1.77402078546511e-07,1.77402078546508e-07,3.2659548868064e-14
960.5,110.5,1.77040170297793e-07,1.7704017029779e-07,3.21040770350597e-14
960.6,110.6,1.76679000693631e-07,1.76679000693628e-07,3.23240734035631e-14
960.7,110.7,1.76318570495293e-07,1.7631857049529e-07,3.1788225526664e-14
960.8,110.8,1.75958870377429e-07,1.75958870377426e-07,3.22241757372011e-14
960.9,110.9,1.75599905310945e-07,1.75599905310942e-07,3.19091032612126e-14
961,111,1.75241671963721e-07,1.75241671963718e-07,3.17858390301542e-14
961.1,111.1,1.74884169244108e-07,1.74884169244105e-07,3.19724094951013e-14
961.2,111.2,1.74527397620055e-07,1.74527397620052e-07,3.22460293349603e-14
961.3,111.3,1.74171353016246e-07,1.74171353016243e-07,3.20202262369227e-14
961.4,111.4,1.73816036719887e-07,1.73816036719884e-07,3.19969564561765e-14
961.5,111.5,1.73461445057623e-07,1.7346144505762e-07,3.20818369125346e-14
961.6,111.6,1.73107574844594e-07,1.73107574844591e-07,3.21046699861529e-14
961.7,111.7,1.72754427415982e-07,1.72754427415979e-07,3.28937804441318e-14
961.8,111.8,1.72401999287491e-07,1.72401999287488e-07,3.25041410533222e-14
961.9,111.9,1.72050292599752e-07,1.72050292599749e-07,3.23464757673931e-14
962,112,1.71699302494458e-07,1.71699302494456e-07,3.16055391773406e-14
962.1,112.1,1.71349026937754e-07,1.71349026937751e-07,3.14250212696582e-14
962.2,112.2,1.7099946801764e-07,1.70999468017637e-07,3.13183156887503e-14
962.3,112.3,1.70650621179769e-07,1.70650621179766e-07,3.17777508725871e-14
962.4,112.4,1.70302488368337e-07,1.70302488368334e-07,3.13353584147429e-14
962.5,112.5,1.69955064282811e-07,1.69955064282808e-07,3.09545366943745e-14
962.6,112.6,1.69608346282861e-07,1.69608346282858e-07,3.09584155802019e-14
962.7,112.7,1.69262337021631e-07,1.69262337021628e-07,3.05847654453735e-14
962.8,112.8,1.68917033667635e-07,1.68917033667632e-07,3.06754775541221e-14
962.9,112.9,1.68572437339787e-07,1.68572437339784e-07,3.08741805750499e-14
963,113,1.68228543763509e-07,1.68228543763506e-07,3.05168860412089e-14
963.1,113.1,1.67885351612597e-07,1.67885351612594e-07,3.05721332173263e-14
963.2,113.2,1.67542861611169e-07,1.67542861611166e-07,3.09111840085336e-14
963.3,113.3,1.67201066815471e-07,1.67201066815469e-07,3.07713271801746e-14
963.4,113.4,1.66859970383623e-07,1.66859970383621e-07,3.08584818903192e-14
963.5,113.5,1.66519570014708e-07,1.66519570014705e-07,3.03204108994128e-14
963.6,113.6,1.6617986398876e-07,1.66179863988757e-07,3.06785188625022e-14
963.7,113.7,1.65840853480946e-07,1.65840853480943e-07,2.98627207892852e-14
963.8,113.8,1.6550253141953e-07,1.65502531419527e-07,3.00757530201348e-14
963.9,113.9,1.65164900401409e-07,1.65164900401406e-07,3.06093852522206e-14
964,114,1.64827958200546e-07,1.64827958200543e-07,3.06592891091674e-14
964.1,114.1,1.64491702827653e-07,1.6449170282765e-07,3.05524035488668e-14
964.2,114.2,1.64156135100821e-07,1.64156135100818e-07,3.0354194250051e-14
964.3,114.3,1.63821249434458e-07,1.63821249434456e-07,3.01079635940353e-14
964.4,114.4,1.63487048615413e-07,1.6348704861541e-07,3.01692911971776e-14
964.5,114.5,1.63153529998292e-07,1.63153529998289e-07,3.01238339822665e-14
964.6,114.6,1.62820692526213e-07,1.62820692526211e-07,3.01172936037166e-14
964.7,114.7,1.62488536202318e-07,1.62488536202316e-07,3.01280386543496e-14
964.8,114.8,1.6215705291799e-07,1.62157052917988e-07,2.97784613074678e-14
964.9,114.9,1.61826246444366e-07,1.61826246444363e-07,2.95272933167364e-14
965,115,1.61496114582136e-07,1.61496114582133e-07,2.93538528629524e-14
965.1,115.1,1.61166656129424e-07,1.61166656129421e-07,2.95274714849693e-14
965.2,115.2,1.60837871576338e-07,1.60837871576336e-07,2.97380918124198e-14
965.3,115.3,1.60509756530731e-07,1.60509756530729e-07,2.97706710882179e-14
965.4,115.4,1.60182312429721e-07,1.60182312429719e-07,2.94710740918448e-14
965.5,115.5,1.59855536758073e-07,1.5985553675807e-07,2.93433216410183e-14
965.6,115.6,1.59529428618751e-07,1.59529428618748e-07,2.88251621554088e-14
965.7,115.7,1.59203987636972e-07,1.5920398763697e-07,2.94543869169853e-14
965.8,115.8,1.58879206153568e-07,1.58879206153565e-07,2.91959784027981e-14
965.9,115.9,1.585550875149e-07,1.58555087514898e-07,2.89770557848898e-14
966,116,1.58231629541421e-07,1.58231629541418e-07,2.89035732353502e-14
966.1,116.1,1.5790883183456e-07,1.57908831834557e-07,2.86248823454398e-14
966.2,116.2,1.57586694746786e-07,1.57586694746783e-07,2.8976296297315e-14
966.3,116.3,1.57265211749071e-07,1.57265211749068e-07,2.89645329259891e-14
966.4,116.4,1.56944386213813e-07,1.5694438621381e-07,2.89939823107032e-14
966.5,116.5,1.56624216003392e-07,1.56624216003389e-07,2.8964164029989e-14
966.6,116.6,1.56304700119344e-07,1.56304700119341e-07,2.89853766277631e-14
966.7,116.7,1.55985838585216e-07,1.55985838585213e-07,2.88871436295642e-14
966.8,116.8,1.55667623283132e-07,1.55667623283129e-07,2.88547571958696e-14
966.9,116.9,1.55350058281726e-07,1.55350058281724e-07,2.86905422721965e-14
967,117,1.55033139859912e-07,1.55033139859909e-07,2.8240886735589e-14
967.1,117.1,1.54716867649676e-07,1.54716867649673e-07,2.82592890258029e-14
967.2,117.2,1.54401242286857e-07,1.54401242286855e-07,2.79422441145033e-14
967.3,117.3,1.5408625814766e-07,1.54086258147657e-07,2.79031399775985e-14
967.4,117.4,1.53771918353114e-07,1.53771918353112e-07,2.79102294669405e-14
967.5,117.5,1.53458219673442e-07,1.5345821967344e-07,2.79120996105505e-14
967.6,117.6,1.53145161136714e-07,1.53145161136711e-07,2.80223513729992e-14
967.7,117.7,1.52832742834065e-07,1.52832742834063e-07,2.82309971719488e-14
967.8,117.8,1.52520960206649e-07,1.52520960206647e-07,2.81212691163709e-14
967.9,117.9,1.5220981489216e-07,1.52209814892158e-07,2.79824299329702e-14
968,118,1.51899304290782e-07,1.51899304290779e-07,2.76680086148058e-14
968.1,118.1,1.51589427004932e-07,1.51589427004929e-07,2.76642193265755e-14
968.2,118.2,1.51280183704857e-07,1.51280183704854e-07,2.74507283424636e-14
968.3,118.3,1.50971569044931e-07,1.50971569044929e-07,2.74616523416945e-14
968.4,118.4,1.50663584926467e-07,1.50663584926464e-07,2.80830363803602e-14
968.5,118.5,1.50356228773769e-07,1.50356228773767e-07,2.85201611509792e-14
968.6,118.6,1.50049498887747e-07,1.50049498887745e-07,2.77722872400757e-14
968.7,118.7,1.49743395546048e-07,1.49743395546046e-07,2.78894016875673e-14
968.8,118.8,1.49437913892796e-07,1.49437913892793e-07,2.77089316554445e-14
968.9,118.9,1.49133056121165e-07,1.49133056121163e-07,2.70808972211801e-14
969,119,1.48828821384015e-07,1.48828821384012e-07,2.71857867541988e-14
969.1,119.1,1.48525208995098e-07,1.48525208995095e-07,2.72192974419982e-14
969.2,119.2,1.48222217808727e-07,1.48222217808724e-07,2.73708446759896e-14
969.3,119.3,1.47919842562802e-07,1.479198425628e-07,2.72231834310912e-14
969.4,119.4,1.47618085315511e-07,1.47618085315509e-07,2.68388225518934e-14
969.5,119.5,1.47316942589383e-07,1.47316942589381e-07,2.62518196690878e-14
969.6,119.6,1.47016412655928e-07,1.47016412655926e-07,2.67407158318085e-14
969.7,119.7,1.46716497067807e-07,1.46716497067805e-07,2.68845632231877e-14
969.8,119.8,1.46417192661152e-07,1.46417192661149e-07,2.67551179381637e-14
969.9,119.9,1.46118501051649e-07,1.46118501051647e-07,2.6788090196097e-14
970,120,1.45820417852568e-07,1.45820417852565e-07,2.69247967062077e-14
970.1,120.1,1.45522942425992e-07,1.4552294242599e-07,2.71173290465609e-14
970.2,120.2,1.45226075212442e-07,1.45226075212439e-07,2.71516978618611e-14
970.3,120.3,1.4492981201708e-07,1.44929812017077e-07,2.68746751596231e-14
970.4,120.4,1.44634154506078e-07,1.44634154506075e-07,2.67213499644709e-14
970.5,120.5,1.44339099588394e-07,1.44339099588392e-07,2.58887938787322e-14
970.6,120.6,1.44044646003296e-07,1.44044646003293e-07,2.60869219350679e-14
970.7,120.7,1.43750794780603e-07,1.437507947806e-07,2.63497325336699e-14
970.8,120.8,1.4345754206899e-07,1.43457542068988e-07,2.64331717467994e-14
970.9,120.9,1.43164890304245e-07,1.43164890304242e-07,2.64923265851203e-14
971,121,1.42872834704433e-07,1.42872834704431e-07,2.59339378377665e-14
971.1,121.1,1.42581373051385e-07,1.42581373051383e-07,2.61570146984328e-14
971.2,121.2,1.42290507301772e-07,1.42290507301769e-07,2.63611334122811e-14
971.3,121.3,1.42000231873445e-07,1.42000231873442e-07,2.65566954931522e-14
971.4,121.4,1.41710549578593e-07,1.41710549578591e-07,2.65937294592559e-14
971.5,121.5,1.41421458796281e-07,1.41421458796279e-07,2.66081833737381e-14
971.6,121.6,1.41132959200131e-07,1.41132959200129e-07,2.61691318441551e-14
971.7,121.7,1.4084505000206e-07,1.40845050002058e-07,2.56036017195047e-14
971.8,121.8,1.40557724354733e-07,1.40557724354731e-07,2.54041216273773e-14
971.9,121.9,1.40270985794264e-07,1.40270985794262e-07,2.57376429420991e-14
972,122,1.39984831745444e-07,1.39984831745442e-07,2.55998567845449e-14
972.1,122.1,1.39699261371939e-07,1.39699261371937e-07,2.57038060613198e-14
972.2,122.2,1.39414274781379e-07,1.39414274781377e-07,2.53566865233137e-14
972.3,122.3,1.3912986852361e-07,1.39129868523608e-07,2.52369387086232e-14
972.4,122.4,1.38846044259337e-07,1.38846044259334e-07,2.53053782657766e-14
972.5,122.5,1.38562798731265e-07,1.38562798731262e-07,2.49217586474946e-14
972.6,122.6,1.38280131628108e-07,1.38280131628106e-07,2.51082475900958e-14
972.7,122.7,1.37998042658284e-07,1.37998042658282e-07,2.50239048143156e-14
972.8,122.8,1.37716526727275e-07,1.37716526727272e-07,2.51615552070547e-14
972.9,122.9,1.37435586498881e-07,1.37435586498879e-07,2.49911667299917e-14
973,123,1.37155217641158e-07,1.37155217641155e-07,2.51058954461208e-14
973.1,123.1,1.36875419165022e-07,1.3687541916502e-07,2.49967301068391e-14
973.2,123.2,1.36596192467286e-07,1.36596192467284e-07,2.50549052008175e-14
973.3,123.3,1.36317535989201e-07,1.36317535989198e-07,2.4664849286788e-14
973.4,123.4,1.36039449672617e-07,1.36039449672615e-07,2.47975950185045e-14
973.5,123.5,1.35761930451749e-07,1.35761930451747e-07,2.46114593368952e-14
973.6,123.6,1.35484975720703e-07,1.354849757207e-07,2.47607368622277e-14
973.7,123.7,1.35208586801624e-07,1.35208586801622e-07,2.47017838840517e-14
973.8,123.8,1.34932762292381e-07,1.34932762292379e-07,2.43297216163899e-14
973.9,123.9,1.34657502426649e-07,1.34657502426647e-07,2.45425525643015e-14
974,124,1.34382804043217e-07,1.34382804043215e-07,2.46464620791173e-14
974.1,124.1,1.34108665309227e-07,1.34108665309225e-07,2.46408277581979e-14
974.2,124.2,1.33835087675898e-07,1.33835087675896e-07,2.44930663364782e-14
974.3,124.3,1.33562065277357e-07,1.33562065277355e-07,2.47138179196222e-14
974.4,124.4,1.33289601551867e-07,1.33289601551865e-07,2.43553071364149e-14
974.5,124.5,1.33017691368302e-07,1.330176913683e-07,2.43523545301337e-14
974.6,124.6,1.32746333200881e-07,1.32746333200878e-07,2.46019106055608e-14
974.7,124.7,1.32475528700937e-07,1.32475528700935e-07,2.4735264177442e-14
974.8,124.8,1.3220527851832e-07,1.32205278518318e-07,2.43097599067889e-14
974.9,124.9,1.31935581517833e-07,1.31935581517831e-07,2.4319291625327e-14
975,125,1.31666434985743e-07,1.31666434985741e-07,2.38777324913233e-14
975.1,125.1,1.31397837171386e-07,1.31397837171384e-07,2.38918299937223e-14
975.2,125.2,1.31129788830607e-07,1.31129788830605e-07,2.38599033638261e-14
975.3,125.3,1.30862286002969e-07,1.30862286002966e-07,2.37532817024922e-14
975.4,125.4,1.30595331110367e-07,1.30595331110365e-07,2.36568830637588e-14
975.5,125.5,1.30328919443591e-07,1.30328919443589e-07,2.38925303837452e-14
975.6,125.6,1.30063049901093e-07,1.30063049901091e-07,2.38416137438073e-14
975.7,125.7,1.29797723317944e-07,1.29797723317941e-07,2.42291856098344e-14
975.8,125.8,1.29532935495396e-07,1.29532935495394e-07,2.4331638472605e-14
975.9,125.9,1.29268688971992e-07,1.2926868897199e-07,2.42750347567175e-14
976,126,1.29004981600386e-07,1.29004981600384e-07,2.40457061300252e-14
976.1,126.1,1.28741812401043e-07,1.28741812401041e-07,2.38580855085207e-14
976.2,126.2,1.28479182014917e-07,1.28479182014915e-07,2.36831950435126e-14
976.3,126.3,1.28217086268009e-07,1.28217086268007e-07,2.34571213814315e-14
976.4,126.4,1.27955527228821e-07,1.27955527228819e-07,2.3493839711227e-14
976.5,126.5,1.27694500749034e-07,1.27694500749032e-07,2.35870759400899e-14
976.6,126.6,1.27434006524308e-07,1.27434006524306e-07,2.35024563579477e-14
976.7,126.7,1.27174044870763e-07,1.27174044870761e-07,2.30287426172538e-14
976.8,126.8,1.26914611619251e-07,1.26914611619249e-07,2.31665708235373e-14
976.9,126.9,1.26655709288153e-07,1.26655709288151e-07,2.28407946163519e-14
977,127,1.26397333670473e-07,1.26397333670471e-07,2.23468204954203e-14
977.1,127.1,1.26139484231806e-07,1.26139484231804e-07,2.27787217049674e-14
977.2,127.2,1.2588216137625e-07,1.25882161376248e-07,2.33985688849743e-14
977.3,127.3,1.25625363707936e-07,1.25625363707934e-07,2.32938166881325e-14
977.4,127.4,1.25369091270195e-07,1.25369091270193e-07,2.32735100467086e-14
977.5,127.5,1.25113341694617e-07,1.25113341694615e-07,2.2685226485023e-14
977.6,127.6,1.2485811337354e-07,1.24858113373538e-07,2.28525658085475e-14
977.7,127.7,1.24603407085554e-07,1.24603407085552e-07,2.28646153436188e-14
977.8,127.8,1.24349217488829e-07,1.24349217488826e-07,2.2917955633915e-14
977.9,127.9,1.24095546993251e-07,1.24095546993249e-07,2.30597997051398e-14
978,128,1.23842394661967e-07,1.23842394661965e-07,2.29614248094584e-14
978.1,128.1,1.2358976031246e-07,1.23589760312458e-07,2.28404120094907e-14
978.2,128.2,1.23337643250946e-07,1.23337643250944e-07,2.26531848483807e-14
978.3,128.3,1.23086036992682e-07,1.2308603699268e-07,2.22286638254297e-14
978.4,128.4,1.22834944553595e-07,1.22834944553593e-07,2.21608433092047e-14
978.5,128.5,1.22584363813329e-07,1.22584363813327e-07,2.2295235864132e-14
978.6,128.6,1.22334293180933e-07,1.22334293180931e-07,2.24405470029762e-14
978.7,128.7,1.22084733636012e-07,1.2208473363601e-07,2.2904294849665e-14
978.8,128.8,1.21835682452354e-07,1.21835682452352e-07,2.27610499046738e-14
978.9,128.9,1.21587141347244e-07,1.21587141347242e-07,2.23426323674259e-14
979,129,1.21339107079582e-07,1.2133910707958e-07,2.20513825545614e-14
979.1,129.1,1.21091578024401e-07,1.21091578024399e-07,2.1903886207244e-14
979.2,129.2,1.20844555165684e-07,1.20844555165682e-07,2.20264796862592e-14
979.3,129.3,1.20598034985489e-07,1.20598034985487e-07,2.15684171621695e-14
979.4,129.4,1.20352018476412e-07,1.2035201847641e-07,2.17398483473467e-14
979.5,129.5,1.20106504039767e-07,1.20106504039765e-07,2.16108411944299e-14
979.6,129.6,1.19861490509838e-07,1.19861490509836e-07,2.1681561573199e-14
979.7,129.7,1.19616977983756e-07,1.19616977983754e-07,2.16985314840842e-14
979.8,129.8,1.19372961090258e-07,1.19372961090256e-07,2.16348850056683e-14
979.9,129.9,1.19129443032134e-07,1.19129443032132e-07,2.17278969550389e-14
980,130,1.18886421105706e-07,1.18886421105704e-07,2.20610952652156e-14
980.1,130.1,1.18643895355564e-07,1.18643895355562e-07,2.17271337920332e-14
980.2,130.2,1.18401865459672e-07,1.1840186545967e-07,2.17553048153548e-14
980.3,130.3,1.18160328853074e-07,1.18160328853072e-07,2.20225931828511e-14
980.4,130.4,1.17919286699376e-07,1.17919286699374e-07,2.18778437447398e-14
980.5,130.5,1.17678735742396e-07,1.17678735742394e-07,2.18334094976717e-14
980.6,130.6,1.17438675113212e-07,1.1743867511321e-07,2.20062165828534e-14
980.7,130.7,1.17199105598004e-07,1.17199105598002e-07,2.1779771118305e-14
980.8,130.8,1.16960020080089e-07,1.16960020080087e-07,2.18707623039257e-14
980.9,130.9,1.16721422247511e-07,1.16721422247509e-07,2.17709985936608e-14
981,131,1.1648331088186e-07,1.16483310881858e-07,2.14466058352678e-14
981.1,131.1,1.16245687140784e-07,1.16245687140782e-07,2.13559131366395e-14
981.2,131.2,1.16008550344561e-07,1.16008550344559e-07,2.16458786617346e-14
981.3,131.3,1.15771897100972e-07,1.1577189710097e-07,2.15173840594835e-14
981.4,131.4,1.15535728274346e-07,1.15535728274344e-07,2.15148746775232e-14
981.5,131.5,1.1530004103098e-07,1.15300041030978e-07,2.1823693024857e-14
981.6,131.6,1.1506483399056e-07,1.15064833990558e-07,2.13861070941775e-14
981.7,131.7,1.14830107462134e-07,1.14830107462132e-07,2.14283972918758e-14
981.8,131.8,1.1459585693984e-07,1.14595856939838e-07,2.11263197537859e-14
981.9,131.9,1.1436208477243e-07,1.14362084772428e-07,2.09141811706152e-14
982,132,1.14128789214773e-07,1.14128789214771e-07,2.11338662152623e-14
982.1,132.1,1.13895970111248e-07,1.13895970111246e-07,2.11307961456067e-14
982.2,132.2,1.13663626912721e-07,1.13663626912719e-07,2.12832754047803e-14
982.3,132.3,1.13431756017133e-07,1.13431756017131e-07,2.1350544046632e-14
982.4,132.4,1.132003599436e-07,1.13200359943598e-07,2.09361995732985e-14
982.5,132.5,1.12969435661581e-07,1.12969435661579e-07,2.06757269219397e-14
982.6,132.6,1.12738981929777e-07,1.12738981929775e-07,2.06035230922363e-14
982.7,132.7,1.12508999821888e-07,1.12508999821886e-07,2.04222375428037e-14
982.8,132.8,1.12279485017607e-07,1.12279485017605e-07,2.04404693935717e-14
982.9,132.9,1.1205043967269e-07,1.12050439672688e-07,2.04183173554599e-14
983,133,1.11821861254607e-07,1.11821861254605e-07,2.0718260688069e-14
983.1,133.1,1.11593749219421e-07,1.11593749219419e-07,2.06641559415939e-14
983.2,133.2,1.11366103838741e-07,1.11366103838739e-07,2.09792738334979e-14
983.3,133.3,1.11138921668122e-07,1.1113892166812e-07,2.04098936498941e-14
983.4,133.4,1.10912203937161e-07,1.10912203937159e-07,2.04913063542286e-14
983.5,133.5,1.10685948559119e-07,1.10685948559117e-07,2.04968187350143e-14
983.6,133.6,1.10460155025395e-07,1.10460155025393e-07,2.07435601966946e-14
983.7,133.7,1.10234823109983e-07,1.10234823109981e-07,2.05370551567952e-14
983.8,133.8,1.10009946347955e-07,1.10009946347953e-07,2.05436355617243e-14
983.9,133.9,1.09785528068442e-07,1.0978552806844e-07,2.02196340053897e-14
984,134,1.09561568923339e-07,1.09561568923338e-07,2.02595058671352e-14
984.1,134.1,1.09338069029916e-07,1.09338069029914e-07,2.01010136551084e-14
984.2,134.2,1.09115027637704e-07,1.09115027637703e-07,2.03593781257948e-14
984.3,134.3,1.0889243787494e-07,1.08892437874938e-07,2.04404635324559e-14
984.4,134.4,1.08670303399809e-07,1.08670303399807e-07,2.02164642502965e-14
984.5,134.5,1.08448621400879e-07,1.08448621400877e-07,2.03368244267488e-14
984.6,134.6,1.0822739149333e-07,1.08227391493328e-07,2.03395943118806e-14
984.7,134.7,1.08006613870541e-07,1.0800661387054e-07,1.96429634691235e-14
984.8,134.8,1.07786285547316e-07,1.07786285547314e-07,1.98098252929847e-14
984.9,134.9,1.07566408406108e-07,1.07566408406106e-07,1.99302878563467e-14
985,135,1.07346979197883e-07,1.07346979197881e-07,1.98267366162552e-14
985.1,135.1,1.07127996408038e-07,1.07127996408036e-07,1.96740593901527e-14
985.2,135.2,1.06909461732274e-07,1.06909461732272e-07,1.91463777580554e-14
985.3,135.3,1.06691371201328e-07,1.06691371201326e-07,1.93927473019283e-14
985.4,135.4,1.06473726711872e-07,1.06473726711871e-07,1.95011109027007e-14
985.5,135.5,1.06256525883228e-07,1.06256525883226e-07,1.98268992253713e-14
985.6,135.6,1.06039767123861e-07,1.06039767123859e-07,1.99257641092135e-14
985.7,135.7,1.05823451754584e-07,1.05823451754582e-07,1.96123166535393e-14
985.8,135.8,1.05607577340512e-07,1.0560757734051e-07,1.95159115411422e-14
985.9,135.9,1.0539214450567e-07,1.05392144505668e-07,1.97605088482662e-14
986,136,1.05177150843331e-07,1.05177150843329e-07,1.94679990717145e-14
986.1,136.1,1.04962596434737e-07,1.04962596434735e-07,1.93469603675909e-14
986.2,136.2,1.04748479961075e-07,1.04748479961073e-07,1.90537906284889e-14
986.3,136.3,1.04534797231393e-07,1.04534797231391e-07,1.92146455998403e-14
986.4,136.4,1.04321550407032e-07,1.0432155040703e-07,1.92399961456948e-14
986.5,136.5,1.04108739537879e-07,1.04108739537877e-07,1.95816925499877e-14
986.6,136.6,1.03896364636531e-07,1.0389636463653e-07,1.92258375233407e-14
986.7,136.7,1.03684424891744e-07,1.03684424891743e-07,1.95033778939417e-14
986.8,136.8,1.03472914662919e-07,1.03472914662917e-07,1.95989262761081e-14
986.9,136.9,1.03261836433893e-07,1.03261836433891e-07,1.96943744272599e-14
987,137,1.03051187494746e-07,1.03051187494744e-07,1.93922812986779e-14
987.1,137.1,1.02840967498448e-07,1.02840967498446e-07,1.93279679109225e-14
987.2,137.2,1.02631176950448e-07,1.02631176950446e-07,1.8776412780344e-14
987.3,137.3,1.02421814613677e-07,1.02421814613675e-07,1.87878632688054e-14
987.4,137.4,1.02212880695836e-07,1.02212880695834e-07,1.89008736486466e-14
987.5,137.5,1.02004373541899e-07,1.02004373541897e-07,1.8895701358332e-14
987.6,137.6,1.01796290476084e-07,1.01796290476082e-07,1.90701252791342e-14
987.7,137.7,1.01588633251588e-07,1.01588633251586e-07,1.90257469841932e-14
987.8,137.8,1.01381396242316e-07,1.01381396242314e-07,1.90131219414816e-14
987.9,137.9,1.01174582757944e-07,1.01174582757942e-07,1.88277881970407e-14
988,138,1.00968190979599e-07,1.00968190979597e-07,1.89021378429852e-14
988.1,138.1,1.00762221158677e-07,1.00762221158676e-07,1.8489679343765e-14
988.2,138.2,1.00556673128085e-07,1.00556673128083e-07,1.88454780557148e-14
988.3,138.3,1.00351541419388e-07,1.00351541419386e-07,1.83005091391606e-14
988.4,138.4,1.00146828195044e-07,1.00146828195042e-07,1.83844319727638e-14
988.5,138.5,9.99425335893636e-08,9.99425335893619e-08,1.81728656710995e-14
988.6,138.6,9.97386578736929e-08,9.97386578736913e-08,1.82238716054516e-14
988.7,138.7,9.95351997281848e-08,9.95351997281831e-08,1.82374879385846e-14
988.8,138.8,9.93321540289012e-08,9.93321540288995e-08,1.86132806484788e-14
988.9,138.9,9.91295233183068e-08,9.91295233183051e-08,1.81993873178585e-14
989,139,9.89273053746843e-08,9.89273053746827e-08,1.7797290045993e-14
989.1,139.1,9.87254984293608e-08,9.87254984293592e-08,1.77896007473037e-14
989.2,139.2,9.85241045184158e-08,9.85241045184141e-08,1.80709927574477e-14
989.3,139.3,9.83231216873491e-08,9.83231216873474e-08,1.82399977114836e-14
989.4,139.4,9.81225516298668e-08,9.81225516298651e-08,1.80330442512481e-14
989.5,139.5,9.79223895297164e-08,9.79223895297146e-08,1.82690621066466e-14
989.6,139.6,9.77226346661459e-08,9.77226346661442e-08,1.81508762746239e-14
989.7,139.7,9.75232875580601e-08,9.75232875580583e-08,1.87287547449728e-14
989.8,139.8,9.73243448828905e-08,9.73243448828887e-08,1.85522060226966e-14
989.9,139.9,9.7125807934467e-08,9.71258079344653e-08,1.81160057864503e-14
990,140,9.69276777715043e-08,9.69276777715027e-08,1.74964609854765e-14
990.1,140.1,9.67299539634931e-08,9.67299539634915e-08,1.76175667263301e-14
990.2,140.2,9.65326354571638e-08,9.65326354571621e-08,1.79626147969213e-14
990.3,140.3,9.63357152738731e-08,9.63357152738714e-08,1.77994158626729e-14
990.4,140.4,9.61391971239099e-08,9.61391971239083e-08,1.75895699053067e-14
990.5,140.5,9.5943078582015e-08,9.59430785820134e-08,1.7674878816886e-14
990.6,140.6,9.57473602396516e-08,9.574736023965e-08,1.7696949672532e-14
990.7,140.7,9.55520416038147e-08,9.5552041603813e-08,1.78061403498207e-14
990.8,140.8,9.53571204542582e-08,9.53571204542566e-08,1.75863181400183e-14
990.9,140.9,9.51625970293227e-08,9.51625970293211e-08,1.75050613244275e-14
991,141,9.49684714474102e-08,9.49684714474087e-08,1.67414804279947e-14
991.1,141.1,9.47747421980949e-08,9.47747421980934e-08,1.70225007345601e-14
991.2,141.2,9.45814093710165e-08,9.45814093710149e-08,1.73508488889494e-14
991.3,141.3,9.43884705725193e-08,9.43884705725176e-08,1.77503098125202e-14
991.4,141.4,9.41959273001174e-08,9.41959273001157e-08,1.79996877433521e-14
991.5,141.5,9.40037760318202e-08,9.40037760318186e-08,1.74784989888688e-14
991.6,141.6,9.38120149603477e-08,9.38120149603461e-08,1.71971220093006e-14
991.7,141.7,9.36206450045181e-08,9.36206450045166e-08,1.68440351965974e-14
991.8,141.8,9.34296642277693e-08,9.34296642277678e-08,1.68987295315141e-14
991.9,141.9,9.32390738440484e-08,9.32390738440468e-08,1.69525471712878e-14
992,142,9.30488725131966e-08,9.3048872513195e-08,1.74051177059308e-14
992.1,142.1,9.28590596529591e-08,9.28590596529574e-08,1.75633057009589e-14
992.2,142.2,9.26696353495457e-08,9.2669635349544e-08,1.78558341513825e-14
992.3,142.3,9.24805942595361e-08,9.24805942595344e-08,1.78293863269669e-14
992.4,142.4,9.22919395402166e-08,9.2291939540215e-08,1.72105512390776e-14
992.5,142.5,9.21036699247303e-08,9.21036699247287e-08,1.72797476911392e-14
992.6,142.6,9.19157852874209e-08,9.19157852874193e-08,1.74337122771945e-14
992.7,142.7,9.17282855010537e-08,9.1728285501052e-08,1.74177002778933e-14
992.8,142.8,9.15411671346871e-08,9.15411671346854e-08,1.76586996340481e-14
992.9,142.9,9.13544322279042e-08,9.13544322279025e-08,1.71486903173536e-14
993,143,9.11680768828621e-08,9.11680768828605e-08,1.70961863260084e-14
993.1,143.1,9.09821000229139e-08,9.09821000229124e-08,1.69493187606388e-14
993.2,143.2,9.07965031499789e-08,9.07965031499774e-08,1.67836887858314e-14
993.3,143.3,9.06112838822017e-08,9.06112838822002e-08,1.65288985140426e-14
993.4,143.4,9.04264436547315e-08,9.04264436547299e-08,1.68968855890604e-14
993.5,143.5,9.02419804126916e-08,9.024198041269e-08,1.65675759050359e-14
993.6,143.6,9.00578942462606e-08,9.00578942462591e-08,1.63663241760385e-14
993.7,143.7,8.98741842015033e-08,8.98741842015018e-08,1.6639268716246e-14
993.8,143.8,8.96908481002398e-08,8.96908481002383e-08,1.66747551500806e-14
993.9,143.9,8.95078870315897e-08,8.95078870315882e-08,1.65107369814448e-14
994,144,8.9325298341596e-08,8.93252983415944e-08,1.66231213758012e-14
994.1,144.1,8.91430817609999e-08,8.91430817609984e-08,1.63679144868485e-14
994.2,144.2,8.8961237623326e-08,8.89612376233244e-08,1.6420493154628e-14
994.3,144.3,8.87797636011599e-08,8.87797636011583e-08,1.65884828394386e-14
994.4,144.4,8.85986613895574e-08,8.85986613895559e-08,1.65370319276568e-14
994.5,144.5,8.84179280237189e-08,8.84179280237174e-08,1.64960900104669e-14
994.6,144.6,8.82375627286056e-08,8.82375627286041e-08,1.63931849071224e-14
994.7,144.7,8.80575662198124e-08,8.80575662198107e-08,1.70146118729527e-14
994.8,144.8,8.78779355849639e-08,8.78779355849623e-08,1.66602645074707e-14
994.9,144.9,8.76986726249657e-08,8.76986726249641e-08,1.65140959138872e-14
995,145,8.75197755823217e-08,8.75197755823202e-08,1.63828166319731e-14
995.1,145.1,8.73412438108093e-08,8.73412438108078e-08,1.62657402242886e-14
995.2,145.2,8.71630770719524e-08,8.7163077071951e-08,1.55490503358178e-14
995.3,145.3,8.69852712158686e-08,8.69852712158672e-08,1.56374219953457e-14
995.4,145.4,8.68078287573087e-08,8.68078287573073e-08,1.55677992179727e-14
995.5,145.5,8.66307476332312e-08,8.66307476332297e-08,1.60926247329166e-14
995.6,145.6,8.64540293356084e-08,8.6454029335607e-08,1.55805727842839e-14
995.7,145.7,8.62776728018848e-08,8.62776728018833e-08,1.60217496160942e-14
995.8,145.8,8.61016738163393e-08,8.61016738163378e-08,1.61252449014587e-14
995.9,145.9,8.59260347401043e-08,8.59260347401028e-08,1.5978300354676e-14
996,146,8.57507532347151e-08,8.57507532347136e-08,1.6009493144503e-14
996.1,146.1,8.55758288199867e-08,8.55758288199852e-08,1.59102472491758e-14
996.2,146.2,8.54012623185503e-08,8.54012623185488e-08,1.57212926110792e-14
996.3,146.3,8.522705200045e-08,8.52270520004486e-08,1.56860557414531e-14
996.4,146.4,8.5053197857898e-08,8.50531978578965e-08,1.56726895590918e-14
996.5,146.5,8.48796979797237e-08,8.48796979797222e-08,1.56063399862166e-14
996.6,146.6,8.47065513280068e-08,8.47065513280054e-08,1.53761713887736e-14
996.7,146.7,8.45337577447147e-08,8.45337577447133e-08,1.5833913002233e-14
996.8,146.8,8.4361316646756e-08,8.43613166467545e-08,1.58244799392724e-14
996.9,146.9,8.41892281108064e-08,8.4189228110805e-08,1.56492575117382e-14
997,147,8.40174908590077e-08,8.40174908590063e-08,1.56902628708269e-14
997.1,147.1,8.38461047155056e-08,8.38461047155041e-08,1.58794855532672e-14
997.2,147.2,8.36750691190057e-08,8.36750691190042e-08,1.58575343217472e-14
997.3,147.3,8.3504378977667e-08,8.35043789776655e-08,1.58722071803822e-14
997.4,147.4,8.33340368429083e-08,8.33340368429069e-08,1.55449883202752e-14
997.5,147.5,8.31640426112982e-08,8.31640426112968e-08,1.51180955290397e-14
997.6,147.6,8.2994395802204e-08,8.29943958022026e-08,1.51817340073199e-14
997.7,147.7,8.28250960958568e-08,8.28250960958554e-08,1.51932458955567e-14
997.8,147.8,8.26561416622454e-08,8.26561416622441e-08,1.50394084382246e-14
997.9,147.9,8.24875335209708e-08,8.24875335209695e-08,1.50669303824085e-14
998,148,8.23192681969018e-08,8.23192681969003e-08,1.54321595109063e-14
998.1,148.1,8.21513440599887e-08,8.21513440599873e-08,1.52286460815808e-14
998.2,148.2,8.19837621277623e-08,8.19837621277609e-08,1.53264451825106e-14
998.3,148.3,8.18165223365502e-08,8.18165223365488e-08,1.52429284708495e-14
998.4,148.4,8.16496242684575e-08,8.1649624268456e-08,1.51356263596687e-14
998.5,148.5,8.14830660477393e-08,8.14830660477379e-08,1.5045696445737e-14
998.6,148.6,8.13168477428688e-08,8.13168477428675e-08,1.47767047183986e-14
998.7,148.7,8.11509695565947e-08,8.11509695565934e-08,1.4464171908979e-14
998.8,148.8,8.09854289489911e-08,8.09854289489898e-08,1.48649419434534e-14
998.9,148.9,8.08202277798994e-08,8.08202277798981e-08,1.50108353245734e-14
999,149,8.0655363264837e-08,8.06553632648355e-08,1.52978711468275e-14
999.1,149.1,8.04908350327253e-08,8.04908350327238e-08,1.53755221347245e-14
999.2,149.2,8.03266431657244e-08,8.03266431657229e-08,1.54502783719207e-14
999.3,149.3,8.01627833051733e-08,8.01627833051718e-08,1.54325012751451e-14
999.4,149.4,7.99992573248998e-08,7.99992573248984e-08,1.48571243057042e-14
999.5,149.5,7.98360651305466e-08,7.98360651305452e-08,1.49054355311139e-14
999.6,149.6,7.9673207105403e-08,7.96732071054017e-08,1.49175467116616e-14
999.7,149.7,7.95106823691279e-08,7.95106823691265e-08,1.49190658291743e-14
999.8,149.8,7.93484888776416e-08,7.93484888776402e-08,1.50039972337056e-14
999.9,149.9,7.91866278662906e-08,7.91866278662892e-08,1.49666728340917e-14
1000,150,7.90250958738947e-08,7.90250958738933e-08,1.48163061113994e-14
1000.1,150.1,7.8863893246202e-08,7.88638932462006e-08,1.45267192920641e-14
1000.2,150.2,7.87030195554311e-08,7.87030195554297e-08,1.46335787288184e-14
1000.3,150.3,7.8542473512183e-08,7.85424735121817e-08,1.44051609178363e-14
1000.4,150.4,7.83822547544472e-08,7.83822547544459e-08,1.46930974021596e-14
1000.5,150.5,7.82223632255373e-08,7.82223632255359e-08,1.49487540903444e-14
1000.6,150.6,7.80627979929838e-08,7.80627979929825e-08,1.46081515714487e-14
1000.7,150.7,7.79035584839123e-08,7.79035584839109e-08,1.50025173633902e-14
1000.8,150.8,7.77446456384655e-08,7.77446456384641e-08,1.45153201106576e-14
1000.9,150.9,7.75860589153056e-08,7.75860589153042e-08,1.4333465204902e-14
1001,151,7.74277944135188e-08,7.74277944135174e-08,1.45099223179506e-14
1001.1,151.1,7.72698502892314e-08,7.726985028923e-08,1.42980243785401e-14
1001.2,151.2,7.71122284064911e-08,7.71122284064898e-08,1.39794885025951e-14
1001.3,151.3,7.69549258307709e-08,7.69549258307696e-08,1.41863727490514e-14
1001.4,151.4,7.67979446539507e-08,7.67979446539495e-08,1.39773610070605e-14
1001.5,151.5,7.66412834009062e-08,7.6641283400905e-08,1.39693358899472e-14
1001.6,151.6,7.64849421132164e-08,7.64849421132152e-08,1.37346464535259e-14
1001.7,151.7,7.63289208474158e-08,7.63289208474145e-08,1.38124173281907e-14
1001.8,151.8,7.61732177423277e-08,7.61732177423264e-08,1.40586489246332e-14
1001.9,151.9,7.60178331367895e-08,7.60178331367881e-08,1.44384076251755e-14
1002,152,7.58627661423072e-08,7.58627661423059e-08,1.44103575993945e-14
1002.1,152.1,7.57080155346277e-08,7.57080155346263e-08,1.40565187738399e-14
1002.2,152.2,7.55535816483668e-08,7.55535816483655e-08,1.38840827003766e-14
1002.3,152.3,7.53994603013569e-08,7.53994603013556e-08,1.36584427171303e-14
1002.4,152.4,7.52456531424033e-08,7.5245653142402e-08,1.36170165191675e-14
1002.5,152.5,7.50921600701827e-08,7.50921600701814e-08,1.34963544736265e-14
1002.6,152.6,7.49389804892665e-08,7.49389804892652e-08,1.36444579258758e-14
1002.7,152.7,7.47861147556942e-08,7.47861147556929e-08,1.40789216995182e-14
1002.8,152.8,7.46335604699249e-08,7.46335604699236e-08,1.40309491862479e-14
1002.9,152.9,7.44813185384575e-08,7.44813185384561e-08,1.41458677754485e-14
1003,153,7.43293866158646e-08,7.43293866158632e-08,1.42816279266345e-14
1003.1,153.1,7.41777636434431e-08,7.41777636434417e-08,1.41123389867137e-14
1003.2,153.2,7.40264505013238e-08,7.40264505013225e-08,1.40161805609578e-14
1003.3,153.3,7.3875443774175e-08,7.38754437741737e-08,1.35214779795181e-14
1003.4,153.4,7.37247451140769e-08,7.37247451140756e-08,1.36374881550368e-14
1003.5,153.5,7.35743539198166e-08,7.35743539198154e-08,1.31208544475368e-14
1003.6,153.6,7.34242711780207e-08,7.34242711780195e-08,1.33848683771936e-14
1003.7,153.7,7.32744959530138e-08,7.32744959530125e-08,1.35819322365633e-14
1003.8,153.8,7.31250247971757e-08,7.31250247971744e-08,1.3716650421762e-14
1003.9,153.9,7.29758593374779e-08,7.29758593374767e-08,1.34974817571457e-14
1004,154,7.28269976561947e-08,7.28269976561935e-08,1.30687088159852e-14
1004.1,154.1,7.26784389833374e-08,7.26784389833362e-08,1.3182038795558e-14
1004.2,154.2,7.25301838907837e-08,7.25301838907825e-08,1.32655191739734e-14
1004.3,154.3,7.2382230929749e-08,7.23822309297477e-08,1.36222528132764e-14
1004.4,154.4,7.22345808090247e-08,7.22345808090234e-08,1.35980440073645e-14
1004.5,154.5,7.2087231849871e-08,7.20872318498697e-08,1.35472659138906e-14
1004.6,154.6,7.19401831257539e-08,7.19401831257527e-08,1.33986689431637e-14
1004.7,154.7,7.17934349729953e-08,7.17934349729941e-08,1.28999567683852e-14
1004.8,154.8,7.16469839138272e-08,7.1646983913826e-08,1.31717133344841e-14
1004.9,154.9,7.15008316019297e-08,7.15008316019285e-08,1.30176364204693e-14
1005,155,7.13549785392909e-08,7.13549785392898e-08,1.27976469240125e-14
1005.1,155.1,7.12094243780072e-08,7.12094243780061e-08,1.28195956964183e-14
1005.2,155.2,7.10641693266117e-08,7.10641693266105e-08,1.29537301318584e-14
1005.3,155.3,7.09192083801205e-08,7.09192083801193e-08,1.26910547509034e-14
1005.4,155.4,7.07745442932071e-08,7.07745442932059e-08,1.30338303958335e-14
1005.5,155.5,7.06301742728577e-08,7.06301742728565e-08,1.29232931335558e-14
1005.6,155.6,7.04860968282193e-08,7.04860968282181e-08,1.30317670074398e-14
1005.7,155.7,7.0342314246864e-08,7.03423142468629e-08,1.24364596456789e-14
1005.8,155.8,7.01988235000708e-08,7.01988235000697e-08,1.25096827102426e-14
1005.9,155.9,7.00556258484681e-08,7.00556258484669e-08,1.29665894126261e-14
1006,156,6.99127206403984e-08,6.99127206403973e-08,1.23182178601315e-14
1006.1,156.1,6.97701068261608e-08,6.97701068261596e-08,1.25002321380071e-14
1006.2,156.2,6.96277848957913e-08,6.96277848957902e-08,1.23996313011729e-14
1006.3,156.3,6.94857526663913e-08,6.94857526663902e-08,1.21116573852735e-14
1006.4,156.4,6.93440110801457e-08,6.93440110801446e-08,1.24107799170677e-14
1006.5,156.5,6.92025587470459e-08,6.92025587470447e-08,1.24127034881549e-14
1006.6,156.6,6.90613961513351e-08,6.9061396151334e-08,1.23680664275958e-14
1006.7,156.7,6.89205226866921e-08,6.89205226866911e-08,1.20475674226223e-14
1006.8,156.8,6.87799334126604e-08,6.87799334126593e-08,1.23616307803326e-14
1006.9,156.9,6.86396310812633e-08,6.86396310812621e-08,1.26323000156842e-14
1007,157,6.84996152085885e-08,6.84996152085873e-08,1.29196521462733e-14
1007.1,157.1,6.83598858325316e-08,6.83598858325304e-08,1.28259679815313e-14
1007.2,157.2,6.82204427373543e-08,6.82204427373531e-08,1.24789781220501e-14
1007.3,157.3,6.80812813826186e-08,6.80812813826174e-08,1.26949073538102e-14
1007.4,157.4,6.79424037596825e-08,6.79424037596813e-08,1.2725545111479e-14
1007.5,157.5,6.78038095127707e-08,6.78038095127695e-08,1.28878627817655e-14
1007.6,157.6,6.76654977901427e-08,6.76654977901415e-08,1.24901027860473e-14
1007.7,157.7,6.7527468745268e-08,6.75274687452669e-08,1.18737169999132e-14
1007.8,157.8,6.73897215721026e-08,6.73897215721016e-08,1.20838072653593e-14
1007.9,157.9,6.72522562068803e-08,6.72522562068792e-08,1.22075890245083e-14
1008,158,6.71150712853944e-08,6.71150712853934e-08,1.18125370762012e-14
1008.1,158.1,6.69781654001504e-08,6.69781654001493e-08,1.21015912373821e-14
1008.2,158.2,6.68415394199885e-08,6.68415394199874e-08,1.20476298823866e-14
1008.3,158.3,6.67051913483131e-08,6.67051913483119e-08,1.22919179345957e-14
1008.4,158.4,6.65691217820376e-08,6.65691217820365e-08,1.22073757552348e-14
1008.5,158.5,6.64333292677333e-08,6.64333292677321e-08,1.2493221002095e-14
1008.6,158.6,6.62978132431308e-08,6.62978132431297e-08,1.24239333043958e-14
1008.7,158.7,6.61625739951304e-08,6.61625739951292e-08,1.23971523198471e-14
1008.8,158.8,6.60276104817515e-08,6.60276104817504e-08,1.20541386884972e-14
1008.9,158.9,6.58929232109017e-08,6.58929232109006e-08,1.22670802451035e-14
1009,159,6.57585097801753e-08,6.57585097801742e-08,1.21634382025874e-14
1009.1,159.1,6.56243699106894e-08,6.56243699106882e-08,1.24420673381271e-14
1009.2,159.2,6.54905045857757e-08,6.54905045857745e-08,1.26056412394462e-14
1009.3,159.3,6.53569122559956e-08,6.53569122559945e-08,1.19198136307952e-14
1009.4,159.4,6.52235924254726e-08,6.52235924254715e-08,1.17734614736318e-14
1009.5,159.5,6.50905460251646e-08,6.50905460251635e-08,1.18922201153693e-14
1009.6,159.6,6.49577727950838e-08,6.49577727950827e-08,1.18960111712941e-14
1009.7,159.7,6.48252717849472e-08,6.48252717849461e-08,1.20621784933582e-14
1009.8,159.8,6.46930388988451e-08,6.4693038898844e-08,1.20813944486164e-14
1009.9,159.9,6.45610757660902e-08,6.45610757660891e-08,1.18519555407467e-14
1010,160,6.44293802112821e-08,6.44293802112809e-08,1.20646868036313e-14
1010.1,160.1,6.42979517844391e-08,6.4297951784438e-08,1.20929397611644e-14
1010.2,160.2,6.41667917013055e-08,6.41667917013043e-08,1.24288248324221e-14
1010.3,160.3,6.40358998252664e-08,6.40358998252652e-08,1.21822567986254e-14
1010.4,160.4,6.39052755972724e-08,6.39052755972713e-08,1.16188967525522e-14
1010.5,160.5,6.37749179363067e-08,6.37749179363057e-08,1.15603609680349e-14
1010.6,160.6,6.36448253147931e-08,6.3644825314792e-08,1.18516633890465e-14
1010.7,160.7,6.35149985788341e-08,6.3514998578833e-08,1.1971479288294e-14
1010.8,160.8,6.33854353797972e-08,6.33854353797961e-08,1.17028371223876e-14
1010.9,160.9,6.32561372085557e-08,6.32561372085547e-08,1.12079029695481e-14
1011,161,6.31271027759253e-08,6.31271027759243e-08,1.1012337424919e-14
1011.1,161.1,6.29983317001882e-08,6.29983317001872e-08,1.12392244436745e-14
1011.2,161.2,6.28698246237355e-08,6.28698246237344e-08,1.16513796058423e-14
1011.3,161.3,6.27415787232808e-08,6.27415787232797e-08,1.15150036524724e-14
1011.4,161.4,6.26135946594849e-08,6.26135946594838e-08,1.15376321144513e-14
1011.5,161.5,6.24858724100425e-08,6.24858724100415e-08,1.10589050045883e-14
1011.6,161.6,6.23584113146885e-08,6.23584113146875e-08,1.12834578953827e-14
1011.7,161.7,6.22312112238755e-08,6.22312112238745e-08,1.1378814880908e-14
1011.8,161.8,6.21042686895294e-08,6.21042686895284e-08,1.16440843190947e-14
1011.9,161.9,6.19775856594412e-08,6.19775856594401e-08,1.17004536645021e-14
1012,162,6.18511597522489e-08,6.18511597522478e-08,1.17272475032281e-14
1012.1,162.1,6.17249901725805e-08,6.17249901725794e-08,1.18910360704852e-14
1012.2,162.2,6.15990783548946e-08,6.15990783548935e-08,1.14665121229634e-14
1012.3,162.3,6.14734246080656e-08,6.14734246080645e-08,1.14801294052346e-14
1012.4,162.4,6.13480290818933e-08,6.13480290818923e-08,1.11798601060211e-14
1012.5,162.5,6.12228892771221e-08,6.12228892771211e-08,1.11952307208922e-14
1012.6,162.6,6.10980039864301e-08,6.10980039864292e-08,1.08387331675119e-14
1012.7,162.7,6.09733734483519e-08,6.09733734483508e-08,1.1543373375334e-14
1012.8,162.8,6.08489970464236e-08,6.08489970464226e-08,1.10799532434973e-14
1012.9,162.9,6.07248752236776e-08,6.07248752236767e-08,1.08894169867364e-14
1013,163,6.06010047682469e-08,6.06010047682459e-08,1.1110465194427e-14
1013.1,163.1,6.04773863556143e-08,6.04773863556132e-08,1.13829346000204e-14
1013.2,163.2,6.03540197325253e-08,6.03540197325242e-08,1.17659244606435e-14
1013.3,163.3,6.02309059083378e-08,6.02309059083366e-08,1.18949730675955e-14
1013.4,163.4,6.01080438615505e-08,6.01080438615493e-08,1.16365422426504e-14
1013.5,163.5,5.99854329887736e-08,5.99854329887725e-08,1.14648890621014e-14
1013.6,163.6,5.98630715231229e-08,5.98630715231218e-08,1.12013718214356e-14
1013.7,163.7,5.97409605988316e-08,5.97409605988305e-08,1.11494202447677e-14
1013.8,163.8,5.96190972320604e-08,5.96190972320594e-08,1.10446299594578e-14
1013.9,163.9,5.94974825313274e-08,5.94974825313263e-08,1.10097018970509e-14
1014,164,5.93761165505252e-08,5.93761165505241e-08,1.14732305297429e-14
1014.1,164.1,5.92549978834488e-08,5.92549978834477e-08,1.15445616751242e-14
1014.2,164.2,5.91341271259253e-08,5.91341271259241e-08,1.15558025491154e-14
1014.3,164.3,5.90135023961665e-08,5.90135023961654e-08,1.12899767636698e-14
1014.4,164.4,5.88931247832826e-08,5.88931247832816e-08,1.09166995322437e-14
1014.5,164.5,5.87729922898393e-08,5.87729922898383e-08,1.09854228939277e-14
1014.6,164.6,5.86531048621901e-08,5.86531048621891e-08,1.07268726251672e-14
1014.7,164.7,5.85334623639633e-08,5.85334623639624e-08,1.0433616603658e-14
1014.8,164.8,5.84140614819618e-08,5.84140614819608e-08,1.06379262279697e-14
1014.9,164.9,5.82949033686228e-08,5.82949033686218e-08,1.09471397606855e-14
1015,165,5.81759901400431e-08,5.81759901400421e-08,1.09647039870232e-14
1015.1,165.1,5.80573207051843e-08,5.80573207051832e-08,1.10138786322045e-14
1015.2,165.2,5.79388945179376e-08,5.79388945179366e-08,1.10657657325228e-14
1015.3,165.3,5.78207081871911e-08,5.78207081871901e-08,1.08693032303822e-14
1015.4,165.4,5.77027631604512e-08,5.77027631604503e-08,1.05147105920913e-14
1015.5,165.5,5.75850594086416e-08,5.75850594086408e-08,9.95971144466138e-15
1015.6,165.6,5.74675958064839e-08,5.7467595806483e-08,1.00475657627579e-14
1015.7,165.7,5.73503725501723e-08,5.73503725501712e-08,1.09907707358397e-14
1015.8,165.8,5.7233387440769e-08,5.7233387440768e-08,1.09490519340724e-14
1015.9,165.9,5.71166408618239e-08,5.71166408618228e-08,1.11101339131669e-14
1016,166,5.70001323986506e-08,5.70001323986496e-08,1.07902797450352e-14
1016.1,166.1,5.68838598243434e-08,5.68838598243424e-08,1.07437868441892e-14
1016.2,166.2,5.67678249752627e-08,5.67678249752617e-08,1.08136122572374e-14
1016.3,166.3,5.66520263688868e-08,5.66520263688858e-08,1.06012290527007e-14
1016.4,166.4,5.65364642600646e-08,5.65364642600636e-08,1.06974066928616e-14
1016.5,166.5,5.64211385211742e-08,5.64211385211732e-08,1.08297780150519e-14
1016.6,166.6,5.63060485386441e-08,5.63060485386431e-08,1.06291778699661e-14
1016.7,166.7,5.61911948595746e-08,5.61911948595738e-08,9.67320882566212e-15
1016.8,166.8,5.60765732238463e-08,5.60765732238454e-08,9.98489014941348e-15
1016.9,166.9,5.59621856783245e-08,5.59621856783236e-08,1.00738630179546e-14
1017,167,5.58480318216893e-08,5.58480318216883e-08,1.03681288222957e-14
1017.1,167.1,5.57341110284591e-08,5.57341110284582e-08,1.03960586041825e-14
1017.2,167.2,5.56204238386496e-08,5.56204238386487e-08,1.00912050625736e-14
1017.3,167.3,5.55069680450343e-08,5.55069680450334e-08,1.00029191951505e-14
1017.4,167.4,5.53937440802322e-08,5.53937440802312e-08,1.00923710590092e-14
1017.5,167.5,5.52807501531712e-08,5.52807501531703e-08,1.03739107063199e-14
1017.6,167.6,5.51679858508775e-08,5.51679858508766e-08,1.03886179826699e-14
1017.7,167.7,5.50554516813675e-08,5.50554516813665e-08,1.05854010065325e-14
1017.8,167.8,5.49431473668764e-08,5.49431473668755e-08,1.02324787219769e-14
1017.9,167.9,5.48310727256366e-08,5.48310727256357e-08,1.02414457354807e-14
1018,168,5.47192260566764e-08,5.47192260566755e-08,1.01747055651484e-14
1018.1,168.1,5.46076073743712e-08,5.46076073743703e-08,1.00786470919219e-14
1018.2,168.2,5.44962162452299e-08,5.44962162452289e-08,1.01957791810621e-14
1018.3,168.3,5.43850522790798e-08,5.43850522790789e-08,9.85929798428601e-15
1018.4,168.4,5.42741162609191e-08,5.42741162609183e-08,9.80519740923135e-15
1018.5,168.5,5.41634061987965e-08,5.41634061987957e-08,9.41839076485496e-15
1018.6,168.6,5.40529223885742e-08,5.40529223885733e-08,9.82051199933333e-15
1018.7,168.7,5.39426645928095e-08,5.39426645928085e-08,1.02837167355207e-14
1018.8,168.8,5.38326293647856e-08,5.38326293647846e-08,1.01674148610826e-14
1018.9,168.9,5.37228184633213e-08,5.37228184633204e-08,9.79693720103284e-15
1019,169,5.36132316864956e-08,5.36132316864947e-08,9.85974161116675e-15
1019.1,169.1,5.35038692604089e-08,5.3503869260408e-08,9.73331048800177e-15
1019.2,169.2,5.33947305952652e-08,5.33947305952642e-08,1.00758780556625e-14
1019.3,169.3,5.32858134846318e-08,5.32858134846309e-08,1.00292208089543e-14
1019.4,169.4,5.31771190732308e-08,5.31771190732299e-08,9.81266572520981e-15
1019.5,169.5,5.30686469044295e-08,5.30686469044286e-08,9.67895093969586e-15
1019.6,169.6,5.29603972241151e-08,5.29603972241142e-08,9.84635075888397e-15
1019.7,169.7,5.2852368974404e-08,5.2852368974403e-08,9.83485551145119e-15
1019.8,169.8,5.27445601262751e-08,5.27445601262742e-08,9.89241101559998e-15
1019.9,169.9,5.26369714822522e-08,5.26369714822514e-08,9.48130951810477e-15
1020,170,5.25296009767432e-08,5.25296009767423e-08,9.36634537897293e-15
1020.1,170.1,5.24224489668357e-08,5.24224489668348e-08,9.57124860775785e-15
1020.2,170.2,5.23155162609593e-08,5.23155162609583e-08,9.96086981474913e-15
1020.3,170.3,5.22088018378885e-08,5.22088018378875e-08,1.02969238145723e-14
1020.4,170.4,5.21023060738807e-08,5.21023060738797e-08,1.01550801499324e-14
1020.5,170.5,5.19960268397533e-08,5.19960268397523e-08,1.00384970859237e-14
1020.6,170.6,5.18899631372045e-08,5.18899631372036e-08,9.91002869099112e-15
1020.7,170.7,5.17841162769401e-08,5.17841162769392e-08,9.5373358311264e-15
1020.8,170.8,5.16784862901388e-08,5.16784862901378e-08,9.94091168827622e-15
1020.9,170.9,5.15730735219985e-08,5.15730735219976e-08,9.49358147215906e-15
1021,171,5.14678754038328e-08,5.14678754038319e-08,9.72329927474042e-15
1021.1,171.1,5.13628901038239e-08,5.13628901038231e-08,9.31883309301707e-15
1021.2,171.2,5.12581183926497e-08,5.12581183926487e-08,9.81988241287056e-15
1021.3,171.3,5.11535588419808e-08,5.11535588419799e-08,9.6797320816535e-15
1021.4,171.4,5.10492117042734e-08,5.10492117042725e-08,9.46467492975782e-15
1021.5,171.5,5.09450791588858e-08,5.09450791588849e-08,9.62099876171305e-15
1021.6,171.6,5.0841160580767e-08,5.08411605807661e-08,9.5432105976197e-15
1021.7,171.7,5.07374561833167e-08,5.07374561833158e-08,9.42299654543481e-15
1021.8,171.8,5.06339618361248e-08,5.06339618361239e-08,9.55557673053658e-15
1021.9,171.9,5.05306800709628e-08,5.05306800709619e-08,9.31800450148727e-15
1022,172,5.04276078581311e-08,5.04276078581303e-08,8.97148841189473e-15
1022.1,172.1,5.03247443377345e-08,5.03247443377337e-08,8.84242750701588e-15
1022.2,172.2,5.02220903839801e-08,5.02220903839792e-08,9.52244413644472e-15
1022.3,172.3,5.01196472548254e-08,5.01196472548245e-08,9.23449479615582e-15
1022.4,172.4,5.00174140819837e-08,5.00174140819828e-08,9.37970989892901e-15
1022.5,172.5,4.99153888448168e-08,4.99153888448159e-08,9.26024297318988e-15
1022.6,172.6,4.98135701042376e-08,4.98135701042369e-08,8.53031391976708e-15
1022.7,172.7,4.97119587663562e-08,4.97119587663554e-08,8.67273255570922e-15
1022.8,172.8,4.96105557846571e-08,4.96105557846563e-08,8.98118165077358e-15
1022.9,172.9,4.95093609698865e-08,4.95093609698857e-08,9.04434340914135e-15
1023,173,4.94083725687227e-08,4.94083725687219e-08,9.310505067858e-15
1023.1,173.1,4.93075893100354e-08,4.93075893100345e-08,9.39440254423414e-15
1023.2,173.2,4.92070119121412e-08,4.92070119121403e-08,9.48993242274807e-15
1023.3,173.3,4.910663937428e-08,4.91066393742791e-08,9.36256453353705e-15
1023.4,173.4,4.90064719841847e-08,4.90064719841838e-08,9.50021428946109e-15
1023.5,173.5,4.89065083228524e-08,4.89065083228515e-08,9.36244571861134e-15
1023.6,173.6,4.88067480177611e-08,4.88067480177602e-08,9.60947284835692e-15
1023.7,173.7,4.87071912993809e-08,4.87071912993801e-08,9.19425356155571e-15
1023.8,173.8,4.86078371309551e-08,4.86078371309542e-08,9.10322489728801e-15
1023.9,173.9,4.85086855973145e-08,4.85086855973136e-08,9.06912662886373e-15
1024,174,4.84097371311408e-08,4.840973713114e-08,8.76473514170803e-15
1024.1,174.1,4.83109906462519e-08,4.83109906462512e-08,8.68504681239783e-15
1024.2,174.2,4.82124472942457e-08,4.82124472942449e-08,8.56994091367843e-15
1024.3,174.3,4.81141041682573e-08,4.81141041682566e-08,8.38756168487649e-15
1024.4,174.4,4.80159625769876e-08,4.80159625769869e-08,8.65164576553648e-15
1024.5,174.5,4.79180200970535e-08,4.79180200970527e-08,8.82906263646059e-15
1024.6,174.6,4.78202768015174e-08,4.78202768015165e-08,8.88455907787828e-15
1024.7,174.7,4.77227321467966e-08,4.77227321467957e-08,9.15249680753872e-15
1024.8,174.8,4.7625385224472e-08,4.76253852244711e-08,8.93413731071052e-15
1024.9,174.9,4.75282360385428e-08,4.7528236038542e-08,9.01840468403422e-15
1025,175,4.74312854469967e-08,4.74312854469959e-08,9.00716578723682e-15
1025.1,175.1,4.73345328235668e-08,4.73345328235659e-08,9.087607728708e-15
1025.2,175.2,4.72379786103232e-08,4.72379786103223e-08,9.02338260868791e-15
1025.3,175.3,4.71416213769186e-08,4.71416213769177e-08,9.1144283954115e-15
1025.4,175.4,4.70454619170125e-08,4.70454619170116e-08,9.02046348619906e-15
1025.5,175.5,4.69494986190072e-08,4.69494986190063e-08,9.01092137230125e-15
1025.6,175.6,4.68537316878524e-08,4.68537316878516e-08,8.65430521349755e-15
1025.7,175.7,4.67581602959052e-08,4.67581602959044e-08,8.46321060459861e-15
1025.8,175.8,4.66627807561207e-08,4.66627807561199e-08,8.66107648556452e-15
1025.9,175.9,4.65675952163405e-08,4.65675952163396e-08,9.02066829277257e-15
1026,176,4.64726032071466e-08,4.64726032071458e-08,9.03139819445299e-15
1026.1,176.1,4.63778059185068e-08,4.6377805918506e-08,8.66305393997209e-15
1026.2,176.2,4.62832018885017e-08,4.6283201888501e-08,8.35949613919804e-15
1026.3,176.3,4.61887922465883e-08,4.61887922465876e-08,8.09042355005851e-15
1026.4,176.4,4.60945761691842e-08,4.60945761691834e-08,8.54535947246551e-15
1026.5,176.5,4.60005523377601e-08,4.60005523377594e-08,8.29020561375895e-15
1026.6,176.6,4.59067209446781e-08,4.59067209446774e-08,8.46487075105597e-15
1026.7,176.7,4.58130809847046e-08,4.58130809847037e-08,9.12851456615366e-15
1026.8,176.8,4.57196325967465e-08,4.57196325967457e-08,8.97872026062257e-15
1026.9,176.9,4.56263757136507e-08,4.56263757136499e-08,8.62413249072807e-15
1027,177,4.55333069539605e-08,4.55333069539597e-08,8.58218951703474e-15
1027.1,177.1,4.54404247505336e-08,4.54404247505327e-08,8.77749139831368e-15
1027.2,177.2,4.53477317225522e-08,4.53477317225513e-08,8.61260448538477e-15
1027.3,177.3,4.52552292649973e-08,4.52552292649965e-08,8.54714811819377e-15
1027.4,177.4,4.51629168586221e-08,4.51629168586214e-08,8.34978097843713e-15
1027.5,177.5,4.50707937490028e-08,4.5070793749002e-08,8.45555930217611e-15
1027.6,177.6,4.49788590009346e-08,4.49788590009338e-08,8.22404784367944e-15
1027.7,177.7,4.48871129864143e-08,4.48871129864135e-08,8.16703528913214e-15
1027.8,177.8,4.47955518675814e-08,4.47955518675806e-08,8.54553295836214e-15
1027.9,177.9,4.47041774375055e-08,4.47041774375047e-08,8.33445936594972e-15
1028,178,4.46129893925839e-08,4.46129893925831e-08,8.24022227374822e-15
1028.1,178.1,4.45219867852271e-08,4.45219867852263e-08,8.17846232553707e-15
1028.2,178.2,4.44311705121714e-08,4.44311705121707e-08,7.75315127249251e-15
1028.3,178.3,4.43405396461676e-08,4.43405396461669e-08,7.76275369442667e-15
1028.4,178.4,4.42500936143403e-08,4.42500936143395e-08,8.15597855870614e-15
1028.5,178.5,4.41598320514425e-08,4.41598320514417e-08,8.37640009857033e-15
1028.6,178.6,4.40697544145638e-08,4.4069754414563e-08,8.38665199183964e-15
1028.7,178.7,4.3979860364744e-08,4.39798603647433e-08,8.33649847478908e-15
1028.8,178.8,4.38901510181309e-08,4.38901510181301e-08,8.51212778388444e-15
1028.9,178.9,4.38006253111431e-08,4.38006253111423e-08,8.12706452323086e-15
1029,179,4.37112803828305e-08,4.37112803828297e-08,8.17383235655667e-15
1029.1,179.1,4.36221159028677e-08,4.36221159028669e-08,8.16259251892084e-15
1029.2,179.2,4.35331333424233e-08,4.35331333424226e-08,7.92065070528818e-15
1029.3,179.3,4.34443326582929e-08,4.34443326582921e-08,8.03412142718966e-15
1029.4,179.4,4.33557140908985e-08,4.33557140908977e-08,8.42239811098693e-15
1029.5,179.5,4.32672780647678e-08,4.32672780647671e-08,8.13644147723521e-15
1029.6,179.6,4.31790220990776e-08,4.31790220990768e-08,8.06337710315218e-15
1029.7,179.7,4.30909475166607e-08,4.30909475166599e-08,8.08352458683714e-15
1029.8,179.8,4.30030504684404e-08,4.30030504684397e-08,8.06374347097993e-15
1029.9,179.9,4.29153321905566e-08,4.29153321905558e-08,8.06987041714434e-15
1030,180,4.28277933635895e-08,4.28277933635887e-08,7.89723476637173e-15
1030.1,180.1,4.2740434053537e-08,4.27404340535362e-08,7.94466448808336e-15
1030.2,180.2,4.26532542114531e-08,4.26532542114523e-08,7.91983236892259e-15
1030.3,180.3,4.25662502608965e-08,4.25662502608958e-08,7.71206887784689e-15
1030.4,180.4,4.24794239599782e-08,4.24794239599775e-08,7.6923763384111e-15
1030.5,180.5,4.23927741512907e-08,4.23927741512901e-08,7.15298120273162e-15
1030.6,180.6,4.23062998753535e-08,4.23062998753528e-08,7.35118337211087e-15
1030.7,180.7,4.22200024213962e-08,4.22200024213955e-08,7.85086465049616e-15
1030.8,180.8,4.2133881028935e-08,4.21338810289342e-08,7.94860502675736e-15
1030.9,180.9,4.20479357243354e-08,4.20479357243346e-08,8.11689279529498e-15
1031,181,4.1962165937842e-08,4.19621659378412e-08,8.01332657166424e-15
1031.1,181.1,4.18765706914535e-08,4.18765706914527e-08,8.145935729158e-15
1031.2,181.2,4.17911504872917e-08,4.17911504872908e-08,8.30461951609971e-15
1031.3,181.3,4.17059037287889e-08,4.17059037287881e-08,8.20680710720211e-15
1031.4,181.4,4.16208315934921e-08,4.16208315934914e-08,7.7458571755207e-15
1031.5,181.5,4.15359326417324e-08,4.15359326417317e-08,7.98096698403709e-15
1031.6,181.6,4.14512071496305e-08,4.14512071496297e-08,7.91637975630077e-15
1031.7,181.7,4.13666555465947e-08,4.13666555465941e-08,7.2536168814727e-15
1031.8,181.8,4.12822757093105e-08,4.12822757093098e-08,7.45488795867974e-15
1031.9,181.9,4.11980687853555e-08,4.11980687853549e-08,7.43497739809794e-15
1032,182,4.11140342404647e-08,4.1114034240464e-08,7.23484666674414e-15
1032.1,182.1,4.10301707212912e-08,4.10301707212905e-08,7.42657920882075e-15
1032.2,182.2,4.09464788232289e-08,4.09464788232283e-08,7.41281906047679e-15
1032.3,182.3,4.08629547225096e-08,4.08629547225089e-08,7.54951464580531e-15
1032.4,182.4,4.07796002357713e-08,4.07796002357706e-08,7.81477805178996e-15
1032.5,182.5,4.06964165494566e-08,4.06964165494559e-08,7.68697368953754e-15
1032.6,182.6,4.06134033196751e-08,4.06134033196744e-08,7.73778624972674e-15
1032.7,182.7,4.05305603228907e-08,4.053056032289e-08,7.35705298275818e-15
1032.8,182.8,4.04478865807049e-08,4.04478865807043e-08,7.43586499658067e-15
1032.9,182.9,4.03653822698252e-08,4.03653822698245e-08,7.80179759311116e-15
1033,183,4.0283045133371e-08,4.02830451333703e-08,7.59037783686413e-15
1033.1,183.1,4.0200874552232e-08,4.02008745522312e-08,7.81179029376045e-15
1033.2,183.2,4.01188712463411e-08,4.01188712463403e-08,8.07339260133202e-15
1033.3,183.3,4.00370367630574e-08,4.00370367630567e-08,7.59490374601006e-15
1033.4,183.4,3.99553703114828e-08,3.99553703114821e-08,7.65503481501521e-15
1033.5,183.5,3.98738696267371e-08,3.98738696267364e-08,7.21755302045218e-15
1033.6,183.6,3.97925334783928e-08,3.97925334783921e-08,7.44187686676e-15
1033.7,183.7,3.97113637882901e-08,3.97113637882894e-08,7.33709186352635e-15
1033.8,183.8,3.96303611746929e-08,3.96303611746922e-08,7.33518045027526e-15
1033.9,183.9,3.95495248171372e-08,3.95495248171365e-08,7.30177398997871e-15
1034,184,3.94688533180588e-08,3.94688533180581e-08,7.33440649664737e-15
1034.1,184.1,3.9388346315464e-08,3.93883463154634e-08,7.19769890847427e-15
1034.2,184.2,3.93080038192175e-08,3.9308003819217e-08,6.70478920892651e-15
1034.3,184.3,3.92278233364716e-08,3.9227823336471e-08,6.62973385001205e-15
1034.4,184.4,3.91478060344838e-08,3.91478060344832e-08,6.92591767243519e-15
1034.5,184.5,3.9067952497916e-08,3.90679524979154e-08,7.11915043020604e-15
1034.6,184.6,3.89882622960774e-08,3.89882622960768e-08,7.13524192910541e-15
1034.7,184.7,3.89087351090945e-08,3.89087351090938e-08,7.3210626892898e-15
1034.8,184.8,3.88293688889421e-08,3.88293688889414e-08,7.17114223754542e-15
1034.9,184.9,3.87501643119544e-08,3.87501643119537e-08,7.1142064701777e-15
1035,185,3.86711214326301e-08,3.86711214326293e-08,7.70697509442158e-15
1035.1,185.1,3.85922401087045e-08,3.85922401087038e-08,7.61387407783381e-15
1035.2,185.2,3.85135206397091e-08,3.85135206397083e-08,8.00696709327781e-15
1035.3,185.3,3.84349595348e-08,3.84349595347992e-08,7.67030192226064e-15
1035.4,185.4,3.83565588169678e-08,3.83565588169671e-08,7.3928878104134e-15
1035.5,185.5,3.82783175087047e-08,3.82783175087039e-08,7.59599496341083e-15
1035.6,185.6,3.82002364684092e-08,3.82002364684085e-08,7.31785896600805e-15
1035.7,185.7,3.81223154585814e-08,3.81223154585807e-08,7.02248124702137e-15
1035.8,185.8,3.80445543285606e-08,3.80445543285599e-08,7.21603943012748e-15
1035.9,185.9,3.79669528584495e-08,3.79669528584488e-08,7.34906165825852e-15
1036,186,3.78895094352112e-08,3.78895094352105e-08,7.14060358633355e-15
1036.1,186.1,3.7812223531215e-08,3.78122235312143e-08,7.01020723518486e-15
1036.2,186.2,3.77350957672347e-08,3.77350957672341e-08,6.56284683343091e-15
1036.3,186.3,3.76581250696673e-08,3.76581250696666e-08,6.90399467016569e-15
1036.4,186.4,3.75813120666331e-08,3.75813120666324e-08,7.19145196338086e-15
1036.5,186.5,3.75046551759484e-08,3.75046551759477e-08,7.28889924472773e-15
1036.6,186.6,3.74281535477817e-08,3.7428153547781e-08,7.31547385091357e-15
1036.7,186.7,3.73518073023233e-08,3.73518073023225e-08,7.66164611057793e-15
1036.8,186.8,3.72756172013869e-08,3.72756172013862e-08,7.18547447719849e-15
1036.9,186.9,3.71995829406642e-08,3.71995829406634e-08,7.52513945358607e-15
1037,187,3.7123703509759e-08,3.71237035097583e-08,7.13977837135109e-15
1037.1,187.1,3.70479779275387e-08,3.7047977927538e-08,7.05870415931811e-15
1037.2,187.2,3.69724068951825e-08,3.69724068951819e-08,7.07745701752845e-15
1037.3,187.3,3.68969904048626e-08,3.6896990404862e-08,7.02654789744028e-15
1037.4,187.4,3.68217286216755e-08,3.68217286216748e-08,7.28092085808308e-15
1037.5,187.5,3.67466202522441e-08,3.67466202522434e-08,7.36174376264557e-15
1037.6,187.6,3.6671665607707e-08,3.66716656077063e-08,7.19965031867753e-15
1037.7,187.7,3.659686448756e-08,3.65968644875593e-08,7.31461065611801e-15
1037.8,187.8,3.65222145246446e-08,3.65222145246439e-08,7.03446274281716e-15
1037.9,187.9,3.6447717412992e-08,3.64477174129913e-08,7.10071772263154e-15
1038,188,3.63733719221995e-08,3.63733719221989e-08,6.68612155600503e-15
1038.1,188.1,3.62991768328253e-08,3.62991768328247e-08,6.99550988909797e-15
1038.2,188.2,3.62251330635703e-08,3.62251330635696e-08,7.26052284637305e-15
1038.3,188.3,3.61512412393444e-08,3.61512412393438e-08,6.98676185026978e-15
1038.4,188.4,3.60775011141932e-08,3.60775011141925e-08,6.94920392820692e-15
1038.5,188.5,3.60039112015092e-08,3.60039112015086e-08,6.70448348931315e-15
1038.6,188.6,3.59304699698874e-08,3.59304699698867e-08,6.86986451949923e-15
1038.7,188.7,3.58571792555893e-08,3.58571792555887e-08,6.47275663069441e-15
1038.8,188.8,3.57840380759604e-08,3.57840380759598e-08,6.48770504123693e-15
1038.9,188.9,3.57110465305481e-08,3.57110465305475e-08,6.57287790304249e-15
1039,189,3.56382032943181e-08,3.56382032943174e-08,6.67588598295712e-15
1039.1,189.1,3.5565507496896e-08,3.55655074968954e-08,6.56514847797294e-15
1039.2,189.2,3.54929597176807e-08,3.54929597176801e-08,6.7512170244835e-15
1039.3,189.3,3.5420560373497e-08,3.54205603734964e-08,6.64149088815792e-15
1039.4,189.4,3.5348309333888e-08,3.53483093338874e-08,6.57692593294828e-15
1039.5,189.5,3.52762063567577e-08,3.52762063567571e-08,6.48944387351784e-15
1039.6,189.6,3.52042509595873e-08,3.52042509595867e-08,6.45547203047543e-15
1039.7,189.7,3.51324430361764e-08,3.51324430361757e-08,7.1759716661886e-15
1039.8,189.8,3.50607810800376e-08,3.50607810800369e-08,7.14738425913468e-15
1039.9,189.9,3.49892656367519e-08,3.49892656367513e-08,6.75232195970212e-15
1040,190,3.49178955187149e-08,3.49178955187142e-08,6.5457436597414e-15
1040.1,190.1,3.48466706958727e-08,3.48466706958721e-08,6.91789408058615e-15
1040.2,190.2,3.47755913954503e-08,3.47755913954497e-08,6.3398741708433e-15
1040.3,190.3,3.4704657591176e-08,3.47046575911754e-08,6.4191640041275e-15
1040.4,190.4,3.46338693575503e-08,3.46338693575497e-08,6.40594829215158e-15
1040.5,190.5,3.45632249296941e-08,3.45632249296935e-08,6.57105173029655e-15
1040.6,190.6,3.44927248046692e-08,3.44927248046686e-08,6.54372913729842e-15
1040.7,190.7,3.44223688529507e-08,3.44223688529501e-08,6.31073550445758e-15
1040.8,190.8,3.43521545739484e-08,3.43521545739478e-08,6.57157958723188e-15
1040.9,190.9,3.42820830710003e-08,3.42820830709997e-08,6.71994491418323e-15
1041,191,3.42121548506304e-08,3.42121548506298e-08,6.39904510505303e-15
1041.1,191.1,3.41423699796739e-08,3.41423699796733e-08,6.41044223755465e-15
1041.2,191.2,3.40727269673726e-08,3.40727269673719e-08,6.92202183527711e-15
1041.3,191.3,3.4003225805801e-08,3.40032258058004e-08,6.68603474217898e-15
1041.4,191.4,3.39338664803847e-08,3.3933866480384e-08,6.70099255715183e-15
1041.5,191.5,3.38646488834728e-08,3.38646488834721e-08,6.93254718511531e-15
1041.6,191.6,3.37955722533132e-08,3.37955722533125e-08,6.8045759042979e-15
1041.7,191.7,3.37266369815637e-08,3.3726636981563e-08,6.63254005225258e-15
1041.8,191.8,3.36578405647285e-08,3.36578405647279e-08,6.44103384637441e-15
1041.9,191.9,3.3589184152138e-08,3.35891841521374e-08,6.34811937749061e-15
1042,192,3.35206684674287e-08,3.35206684674282e-08,5.81817082764938e-15
1042.1,192.1,3.34522935608487e-08,3.34522935608482e-08,6.01247818867793e-15
1042.2,192.2,3.33840586200621e-08,3.33840586200615e-08,6.25981944838026e-15
1042.3,192.3,3.33159622764774e-08,3.33159622764768e-08,6.52208089152006e-15
1042.4,192.4,3.32480055936553e-08,3.32480055936547e-08,6.34080086731917e-15
1042.5,192.5,3.31801867565123e-08,3.31801867565117e-08,6.63255046233245e-15
1042.6,192.6,3.31125059352961e-08,3.31125059352955e-08,6.51137917234002e-15
1042.7,192.7,3.30449642120393e-08,3.30449642120388e-08,5.92060674488992e-15
1042.8,192.8,3.29775607806784e-08,3.29775607806779e-08,5.98925447213356e-15
1042.9,192.9,3.29102958501531e-08,3.29102958501525e-08,6.07910971980909e-15
1043,193,3.28431672474446e-08,3.2843167247444e-08,5.91632212293347e-15
1043.1,193.1,3.27761733802823e-08,3.27761733802817e-08,6.01099171697848e-15
1043.2,193.2,3.27093162515558e-08,3.27093162515552e-08,6.20299138924712e-15
1043.3,193.3,3.26425971031278e-08,3.26425971031272e-08,6.3900969567046e-15
1043.4,193.4,3.25760152940634e-08,3.25760152940627e-08,6.51627749639019e-15
1043.5,193.5,3.25095691605981e-08,3.25095691605973e-08,6.95148672222421e-15
1043.6,193.6,3.24432584873982e-08,3.24432584873975e-08,6.43254777635859e-15
1043.7,193.7,3.23770831252246e-08,3.2377083125224e-08,6.08488593197468e-15
1043.8,193.8,3.23110431097174e-08,3.23110431097168e-08,6.04717750529665e-15
1043.9,193.9,3.22451382977373e-08,3.22451382977367e-08,5.95280967149075e-15
1044,194,3.21793673071547e-08,3.21793673071541e-08,6.21398364068884e-15
1044.1,194.1,3.21137278025946e-08,3.2113727802594e-08,6.16848316974193e-15
1044.2,194.2,3.20482223647916e-08,3.20482223647911e-08,5.75983570173787e-15
1044.3,194.3,3.19828501755897e-08,3.19828501755891e-08,6.08895248657363e-15
1044.4,194.4,3.19176120522005e-08,3.19176120521999e-08,6.0328569505435e-15
1044.5,194.5,3.18525074880252e-08,3.18525074880246e-08,6.14604077695892e-15
1044.6,194.6,3.17875368552411e-08,3.17875368552405e-08,6.29169453484344e-15
1044.7,194.7,3.1722699896142e-08,3.17226998961415e-08,6.04911944316199e-15
1044.8,194.8,3.16579928741662e-08,3.16579928741656e-08,6.07531268250011e-15
1044.9,194.9,3.15934174244876e-08,3.15934174244871e-08,5.87989083033595e-15
1045,195,3.15289737209817e-08,3.15289737209811e-08,6.08820727289162e-15
1045.1,195.1,3.14646624436985e-08,3.14646624436979e-08,6.06079885253359e-15
1045.2,195.2,3.14004823488975e-08,3.14004823488968e-08,6.62492880077996e-15
1045.3,195.3,3.13364328744425e-08,3.13364328744419e-08,6.50293085802681e-15
1045.4,195.4,3.12725142243003e-08,3.12725142242997e-08,6.25819074686677e-15
1045.5,195.5,3.12087260551501e-08,3.12087260551496e-08,5.7211631373934e-15
1045.6,195.6,3.11450683507818e-08,3.11450683507813e-08,5.64254337746974e-15
1045.7,195.7,3.10815408280065e-08,3.1081540828006e-08,5.40021004157504e-15
1045.8,195.8,3.10181411794262e-08,3.10181411794257e-08,5.60715114752487e-15
1045.9,195.9,3.09548707496739e-08,3.09548707496734e-08,5.98840747454099e-15
1046,196,3.08917304255118e-08,3.08917304255113e-08,5.9638898069266e-15
1046.1,196.1,3.08287192248272e-08,3.08287192248266e-08,5.98994580655697e-15
1046.2,196.2,3.07658375169651e-08,3.07658375169645e-08,6.1477071191278e-15
1046.3,196.3,3.07030819353595e-08,3.07030819353588e-08,6.58946086435065e-15
1046.4,196.4,3.0640454662417e-08,3.06404546624164e-08,6.03028011758447e-15
1046.5,196.5,3.05779552669137e-08,3.05779552669132e-08,6.00360525567479e-15
1046.6,196.6,3.0515584265788e-08,3.05155842657874e-08,5.89362819457661e-15
1046.7,196.7,3.04533406780244e-08,3.04533406780238e-08,5.87619588035015e-15
1046.8,196.8,3.0391222772608e-08,3.03912227726075e-08,5.60525858250843e-15
1046.9,196.9,3.03292311621272e-08,3.03292311621266e-08,6.06282746290564e-15
1047,197,3.02673655654096e-08,3.02673655654091e-08,5.61898325370745e-15
1047.1,197.1,3.02056250033624e-08,3.02056250033619e-08,5.40519728699929e-15
1047.2,197.2,3.01440103004574e-08,3.0144010300457e-08,5.2397881380903e-15
1047.3,197.3,3.00825247593102e-08,3.00825247593098e-08,5.21289582852099e-15
1047.4,197.4,3.00211663205585e-08,3.0021166320558e-08,5.78505846859009e-15
1047.5,197.5,2.99599320525779e-08,2.99599320525773e-08,5.73628700324231e-15
1047.6,197.6,2.98988202481799e-08,2.98988202481793e-08,5.52278454121793e-15
1047.7,197.7,2.98378325032022e-08,2.98378325032017e-08,5.62292136874394e-15
1047.8,197.8,2.97769697771344e-08,2.97769697771339e-08,5.7003558181964e-15
1047.9,197.9,2.97162309143913e-08,2.97162309143907e-08,5.80537687909532e-15
1048,198,2.96556169720916e-08,2.96556169720911e-08,5.80824665124492e-15
1048.1,198.1,2.95951286256001e-08,2.95951286255996e-08,5.57406765380921e-15
1048.2,198.2,2.9534764192511e-08,2.95347641925104e-08,5.94513069907702e-15
1048.3,198.3,2.94745212151967e-08,2.94745212151961e-08,5.50891400669214e-15
1048.4,198.4,2.94144010060371e-08,2.94144010060365e-08,5.76137352472145e-15
1048.5,198.5,2.93544037071558e-08,2.93544037071553e-08,5.80480659891415e-15
1048.6,198.6,2.92945282070412e-08,2.92945282070407e-08,5.64514391347395e-15
1048.7,198.7,2.92347750404833e-08,2.92347750404828e-08,5.09551997317449e-15
1048.8,198.8,2.91751433934005e-08,2.91751433934e-08,5.10555993131621e-15
1048.9,198.9,2.91156330042132e-08,2.91156330042127e-08,5.43055122911541e-15
1049,199,2.90562441432464e-08,2.90562441432459e-08,5.47229307367683e-15
1049.1,199.1,2.89969761005618e-08,2.89969761005613e-08,5.40231526209982e-15
1049.2,199.2,2.89378294920654e-08,2.89378294920649e-08,5.36354461642176e-15
1049.3,199.3,2.88788029862947e-08,2.88788029862942e-08,5.3156158560896e-15
1049.4,199.4,2.88198977258085e-08,2.88198977258079e-08,5.69534918767775e-15
1049.5,199.5,2.8761111779235e-08,2.87611117792344e-08,5.76818666595661e-15
1049.6,199.6,2.87024451009485e-08,2.87024451009479e-08,5.73534094802231e-15
1049.7,199.7,2.86438979773746e-08,2.86438979773739e-08,6.16655638362314e-15
1049.8,199.8,2.85854709973605e-08,2.85854709973599e-08,5.94234359211823e-15
1049.9,199.9,2.85271639420107e-08,2.85271639420102e-08,5.37974821882259e-15
1050,200,2.84689752863627e-08,2.84689752863622e-08,5.27380206424212e-15
