time,pair_margin,obstacle_margin,connectivity_margin,lambda2
0,0.181279,10.106979,0.317860600498992,3.12057118492175
0.1,0.182544320662233,10.0423685052759,0.318461934539897,3.12383165034048
0.2,0.184097921631383,9.96343821009593,0.31919422238859,3.12780931334221
0.3,0.185648051471294,9.88512674590784,0.319917911049251,3.13174866934707
0.4,0.187198314005421,9.80727776479879,0.320637010021579,3.13566813790698
0.5,0.188748859284882,9.72988269409194,0.321351855621727,3.13956915358378
0.6,0.190299670120135,9.65293935879763,0.322062467236766,3.14345177605435
0.7,0.191850727584019,9.5764456413602,0.322768852402781,3.14731601675887
0.8,0.193402012902413,9.50039943233095,0.323471018594924,3.1511618870411
0.9,0.19495350743156,9.42479863139871,0.324168973533316,3.1549893993391
1,0.196505192654826,9.34964114741469,0.324862725167166,3.15879856711198
1.1,0.198057050182189,9.27492489835211,0.325552281673776,3.16258940482777
1.2,0.199609061754367,9.20064781111634,0.326237651455748,3.16636192794754
1.3,0.199535199686218,9.12680782149116,0.326918843134855,3.17011615289374
1.4,0.1964601163271,9.05340287440487,0.327595865541218,3.17385209699321
1.5,0.19340710589296,8.98043092382522,0.32826872770859,3.17756977845265
1.6,0.1903760469972,8.90788993239481,0.328937438874105,3.18126921635781
1.7,0.18736681889585,8.83577787211612,0.329602008462541,3.18495043058848
1.8,0.184379301453629,8.76409272382903,0.330262446087868,3.18861344182868
1.9,0.181413375007039,8.69283247505448,0.330918761577535,3.19225827170413
2,0.178468920741398,8.62199512596013,0.331570964883729,3.19588494229063
2.1,0.175545820180534,8.55157868130632,0.332219066190238,3.19949347671079
2.2,0.172643955559982,8.48158115635153,0.332863075824646,3.20308389864788
2.3,0.16976320981397,8.41200057666446,0.33350300425567,3.20665623233246
2.4,0.166903466203507,8.34283497223264,0.334138862170249,3.2102105029757
2.5,0.164064608925202,8.27408238713696,0.334770660333399,3.2137467359883
2.6,0.161246522450359,8.20574086906005,0.335398409729638,3.2172649577744
2.7,0.15844909195417,8.13780847611696,0.33602212146279,3.2207651951735
2.8,0.155672203295019,8.07028327654429,0.336641806755535,3.22424747545982
2.9,0.152915742653121,8.00316334293738,0.337257477024986,3.2277118267703
3,0.1501795971052,7.9364467614451,0.337869143750007,3.2311582773608
3.1,0.147463654010894,7.87013162196223,0.338476818603198,3.2345868563524
3.2,0.144767801386804,7.80421602412308,0.339080513363017,3.23799759323955
3.3,0.142091927933538,7.73869807775394,0.339680239903146,3.24139051783222
3.4,0.139435922768047,7.67357589858087,0.340276010247854,3.24476566057228
3.5,0.136799675632103,7.60884761159124,0.340867836521105,3.24812305224882
3.6,0.134183076812478,7.54451134975526,0.341455730960124,3.25146272407808
3.7,0.131586017152766,7.48056525422839,0.342039705908563,3.25478470766809
3.8,0.129008388048443,7.41700747428123,0.342619773813501,3.25808903500483
3.9,0.126450081446981,7.35383616730756,0.343195947221395,3.26137573843265
4,0.123910989831643,7.29104949857599,0.343768238777754,3.26464485065583
4.1,0.121391006236387,7.22864564147506,0.344336661219902,3.26789640470083
4.2,0.118890024233379,7.16662277732317,0.344901227375964,3.27113043391399
4.3,0.11640793793009,7.10497909533079,0.345461950161777,3.27434697194741
4.4,0.113944641971678,7.04371279264471,0.346018842576667,3.27754605273845
4.5,0.111500031536763,6.9828220742933,0.346571917700786,3.28072771049802
4.6,0.10907400233315,6.92230515312116,0.347121188692529,3.28389197969944
4.7,0.106666450597079,6.86216024978858,0.347666668785211,3.2870388950631
4.8,0.104277273090971,6.80238559274413,0.348208371284151,3.29016849154336
4.9,0.101906367099455,6.74297941816582,0.348746309564219,3.29328080431816
5,0.0995536304268295,6.68393996993295,0.349280497067097,3.29637586877709
5.1,0.0972189613960778,6.6252654996144,0.349810947298265,3.29945372050774
5.2,0.0949171847479949,6.56695426628012,0.350334270628573,3.30249462828914
5.3,0.0927670123014519,6.50900453358395,0.35082331673217,3.30534067555337
5.4,0.0908663834260953,6.45141457070313,0.351255687030347,3.30786059155627
5.5,0.089245082750675,6.39418265733994,0.351624588038609,3.31001333146733
5.6,0.0878959404452926,6.33730708296673,0.351931627157589,3.31180697691422
5.7,0.0867936543233774,6.28078614566002,0.352182533342179,3.31327398928406
5.8,0.0859057007549257,6.22461815140889,0.352384684164221,3.31445677579176
5.9,0.0851984311183503,6.16880141371764,0.352545720947803,3.3153995419601
6,0.0846402658686237,6.11333425338352,0.352672820920115,3.31614396886663
6.1,0.0842031684082462,6.05821499837705,0.352772359901749,3.31672718043738
6.2,0.0838631270382745,6.0034419837811,0.352849800851459,3.31718104503022
6.3,0.0836000906312035,5.94901355176203,0.352909707163843,3.3175322201604
6.4,0.0833976275385725,5.89492805155714,0.352955819394132,3.31780257923318
6.5,0.0832424675320924,5.84118383946887,0.352991158951208,3.31800980411846
6.6,0.0831240185576625,5.78777927886066,0.353018137766264,3.31816801824006
6.7,0.0830339068436229,5.7347127401516,0.353038662803077,3.31828839312155
6.8,0.0829655654827334,5.68198260080847,0.353054229629156,3.31837969320879
6.9,0.0829138797636315,5.62958724533483,0.353066003122953,3.31844874679883
7,0.0828748894825897,5.57752506525691,0.353074885238527,3.3185008420317
7.1,0.0828455440383336,5.52579445910691,0.3530815707678,3.31854005308385
7.2,0.082823504062966,5.47439383240377,0.353086592513869,3.31856950461715
7.3,0.0828069827418538,5.42332159763191,0.353090357429666,3.31859158345373
7.4,0.0827946201375072,5.37257617421834,0.353093175241769,3.31860810630143
7.5,0.0827853844882833,5.32215598850842,0.353095280931173,3.31862045152252
7.6,0.0827784952481283,5.27205947374065,0.353096852262419,3.31862966190176
7.7,0.0827733634426611,5.22228507002051,0.353098023368612,3.31863652430467
7.8,0.082769545691532,5.17283122429391,0.35309889522361,3.31864163109092
7.9,0.0827667089296159,5.12369639031998,0.353099543677255,3.31864542724097
8,0.0827646034476113,5.07487902864375,0.353100025595656,3.31864824637144
8.1,0.0827630423655336,5.02637760656844,0.353100383536211,3.31865033815779
8.2,0.0827618860543199,4.97819059812776,0.353100649295615,3.31865188914696
8.3,0.0827610303470883,4.93031648405804,0.353100846594705,3.31865303850744
8.4,0.0827603976418111,4.88275375177034,0.353100993104763,3.3186538899163
8.5,0.0827599302018944,4.83550089532264,0.353101101973227,3.31865452050994
8.6,0.0827595851228488,4.78855641539198,0.353101182969953,3.31865498760872
8.7,0.0827593305577858,4.74191881924666,0.353101243346781,3.31865533375992
8.8,0.0827591428926348,4.69558662071861,0.353101288480817,3.31865559051168
8.9,0.0827590046349879,4.64955834017565,0.353101322355191,3.31865578123361
9,0.0827589028390889,4.60383250449408,0.353101347917713,3.31865592322099
9.1,0.0827588279324695,4.55840764703113,0.353101367348074,3.31865602926243
9.2,0.0827587728425048,4.51328230759768,0.353101382256736,3.3186561088068
9.3,0.0827587323477888,4.46845503243101,0.353101393832636,3.31865616882976
9.4,0.0827587025963085,4.42392437416764,0.353101402952896,3.31865621447753
9.5,0.082758680748144,4.37968889181632,0.353101410264189,3.31865624954419
9.6,0.0827586647110656,4.33574715073111,0.353101416242937,3.31865627682493
9.7,0.0827586529445753,4.29209772258458,0.353101421239937,3.31865629837787
9.8,0.0827586443148868,4.24873918534107,0.353101425513383,3.31865631571777
9.9,0.0827586379882453,4.20567012323014,0.35310142925315,3.31865632995856
10,0.0827586333517821,4.16288912672004,0.35310143259882,3.31865634191909
10.1,0.0827586299551978,4.12039479249138,0.35310143565296,3.31865635220103
10.2,0.0827586274677301,4.07818572341083,0.35310143849092,3.31865636124633
10.3,0.0827586256466532,4.03626052850497,0.353101441168005,3.31865636937935
10.4,0.082758624313866,3.99461782293424,0.353101443724805,3.31865637683812
10.5,0.0827586233387792,3.95325622796701,0.353101446191093,3.31865638379718
10.6,0.0827586226255645,3.91217437095372,0.353101448588726,3.31865639038466
10.7,0.0827586221040251,3.87137088530117,0.353101450933726,3.31865639669441
10.8,0.0827586217227455,3.83084441044688,0.353101453237839,3.31865640279522
10.9,0.082758621444091,3.79059359183362,0.353101455509671,3.31865640873745
11,0.0827586212404791,3.75061708088393,0.353101457755544,3.31865641455804
11.1,0.0827586210917374,3.71091353497488,0.353101459980086,3.31865642028404
11.2,0.0827586209831046,3.67148161741283,0.353101462186699,3.31865642593525
11.3,0.0827586209037824,3.63231999740835,0.353101464377878,3.31865643152618
11.4,0.0827586208458832,3.59342735005125,0.353101466555458,3.31865643706748
11.5,0.0827586208036384,3.55480235628563,0.35310146872079,3.31865644256693
11.6,0.0827586207728145,3.51644370288519,0.353101470874876,3.31865644803027
11.7,0.0827586207503179,3.47835008242846,0.353101473018458,3.31865645346173
11.8,0.0827586207338994,3.44052019327427,0.353101475152085,3.31865645886441
11.9,0.0827586207219219,3.40295273953728,0.353101477276168,3.31865646424056
12,0.0827586207131883,3.36564643106357,0.353101479391015,3.3186564695919
12.1,0.0827586207068233,3.32859998340639,0.353101481496865,3.31865647491966
12.2,0.0827586207021841,3.291812117802,0.353101483593899,3.3186564802248
12.3,0.0827586206988014,3.25528156114555,0.353101485682261,3.31865648550803
12.4,0.0827586206963331,3.21900704596718,0.353101487762066,3.31865649076989
12.5,0.0827586206945327,3.18298731040807,0.353101489833407,3.3186564960108
12.6,0.0827586206932197,3.14722109819672,0.353101491896358,3.31865650123108
12.7,0.0827586206922631,3.11170715862527,0.353101493950989,3.318656506431
12.8,0.0827586206915659,3.07644424652587,0.353101495997356,3.31865651161077
12.9,0.0827586206910552,3.04143112224706,0.353101498035512,3.31865651677057
13,0.0827586206906744,3.00666655163015,0.353101500065505,3.31865652191056
13.1,0.0827586206904001,2.97214930598817,0.353101502087375,3.31865652703085
13.2,0.0827586206901904,2.93787816207805,0.353101504101168,3.31865653213158
13.3,0.0827586206900483,2.90385190208451,0.353101506106917,3.31865653721284
13.4,0.0827586206899399,2.87006931358779,0.353101508104667,3.31865654227475
13.5,0.0827586206898695,2.8365291895513,0.353101510094449,3.31865654731739
13.6,0.0827586206898187,2.80323032828812,0.353101512076304,3.31865655234086
13.7,0.0827586206897841,2.77017153344789,0.353101514050265,3.31865655734524
13.8,0.0827586206897594,2.73735161398662,0.35310151601637,3.31865656233064
13.9,0.0827586206897411,2.70476938414941,0.353101517974653,3.31865656729713
14,0.0827586206897273,2.67242366344501,0.353101519925149,3.3186565722448
14.1,0.0827586206897168,2.6403132766247,0.353101521867891,3.31865657717373
14.2,0.082758620689709,2.60843705365975,0.353101523802913,3.318656582084
14.3,0.0827586206897028,2.57679382971856,0.35310152573025,3.31865658697568
14.4,0.0827586206896996,2.54538244514969,0.353101527649933,3.31865659184887
14.5,0.0827586206896966,2.51420174544762,0.353101529561998,3.31865659670363
14.6,0.0827586206896954,2.48325058124773,0.353101531466477,3.31865660154005
14.7,0.0827586206896951,2.45252780829064,0.353101533363403,3.3186566063582
14.8,0.0827586206896951,2.42203228740458,0.353101535252809,3.31865661115817
14.9,0.0827586206896955,2.39176288449041,0.353101537134728,3.31865661594003
15,0.0827586206896957,2.36171847048541,0.353101539009192,3.31865662070385
15.1,0.0827586206896958,2.33189792135995,0.353101540876234,3.31865662544972
15.2,0.0827586206896955,2.30230011808223,0.353101542735885,3.31865663017772
15.3,0.0827586206896953,2.27292394660112,0.353101544588179,3.31865663488791
15.4,0.082758620689695,2.24376829783095,0.353101546433146,3.31865663958037
15.5,0.0827586206896949,2.21483206761706,0.353101548270818,3.31865664425517
15.6,0.0827586206896949,2.18611415673145,0.35310155010123,3.31865664891241
15.7,0.0827586206896952,2.1576134708389,0.353101551924408,3.31865665355213
15.8,0.0827586206896954,2.12932892047995,0.353101553740388,3.31865665817443
15.9,0.0827586206896958,2.101259421056,0.353101555549198,3.31865666277938
16,0.0827586206896962,2.07340389279556,0.353101557350872,3.31865666736704
16.1,0.0827586206896964,2.04576126075,0.353101559145438,3.3186566719375
16.2,0.0827586206896966,2.01833045476041,0.35310156093293,3.31865667649082
16.3,0.0827586206896967,1.9911104094409,0.353101562713376,3.31865668102708
16.4,0.082758620689697,1.96410006416393,0.353101564486808,3.31865668554635
16.5,0.0827586206896971,1.93729836302751,0.353101566253255,3.3186566900487
16.6,0.0827586206896972,1.91070425485071,0.353101568012749,3.31865669453421
16.7,0.0827586206896975,1.88431669314143,0.35310156976532,3.31865669900295
16.8,0.0827586206896976,1.85813463608002,0.353101571510997,3.31865670345498
16.9,0.0827586206896978,1.83215704650479,0.35310157324981,3.31865670789038
17,0.082758620689698,1.80638289188006,0.353101574981789,3.31865671230921
17.1,0.0827586206896982,1.78081114429156,0.353101576706964,3.31865671671156
17.2,0.0827586206896985,1.75544078041505,0.353101578425364,3.31865672109749
17.3,0.0827586206896987,1.7302707815002,0.353101580137019,3.31865672546706
17.4,0.082758620689699,1.7053001333563,0.353101581841957,3.31865672982035
17.5,0.0827586206896991,1.68052782632126,0.353101583540209,3.31865673415743
17.6,0.0827586206896993,1.65595285525671,0.353101585231801,3.31865673847836
17.7,0.0827586206896994,1.63157421951759,0.353101586916765,3.31865674278322
17.8,0.0827586206896997,1.60739092293623,0.353101588595128,3.31865674707207
17.9,0.0827586206896998,1.5834019738083,0.353101590266918,3.31865675134498
18,0.0827586206896999,1.55960638486265,0.353101591932165,3.31865675560201
18.1,0.0827586206897003,1.53600317325624,0.353101593590897,3.31865675984324
18.2,0.0827586206897003,1.51259136054458,0.353101595243141,3.31865676406874
18.3,0.0827586206897006,1.48936997266605,0.353101596888927,3.31865676827856
18.4,0.0827586206897006,1.4663380399281,0.353101598528281,3.31865677247277
18.5,0.082758620689701,1.44349459697784,0.353101600161232,3.31865677665145
18.6,0.082758620689701,1.42083868279691,0.353101601787807,3.31865678081465
18.7,0.0827586206897013,1.39836934067262,0.353101603408035,3.31865678496244
18.8,0.0827586206897016,1.37608561818268,0.353101605021941,3.3186567890949
18.9,0.0827586206897019,1.35398656718145,0.353101606629556,3.31865679321207
19,0.0827586206897021,1.33207124377144,0.353101608230903,3.31865679731403
19.1,0.0827586206897024,1.31033870829796,0.353101609826011,3.31865680140084
19.2,0.0827586206897025,1.28878802532115,0.353101611414908,3.31865680547257
19.3,0.0827586206897029,1.26741826360083,0.35310161299762,3.31865680952928
19.4,0.0827586206897029,1.24622849608309,0.353101614574173,3.31865681357102
19.5,0.0827586206897031,1.22521779987247,0.353101616144595,3.31865681759788
19.6,0.0827586206897035,1.20438525622655,0.353101617708911,3.31865682160991
19.7,0.0827586206897036,1.18372995052866,0.353101619267149,3.31865682560716
19.8,0.0827586206897037,1.16325097227311,0.353101620819334,3.31865682958971
19.9,0.0827586206897039,1.14294741505184,0.353101622365492,3.31865683355762
20,0.082758620689704,1.12281837652746,0.35310162390565,3.31865683751095
20.1,0.0827586206897043,1.10286295842768,0.353101625439834,3.31865684144976
20.2,0.0827586206897046,1.08308026651877,0.353101626968069,3.31865684537411
20.3,0.082758620689705,1.06346941059104,0.35310162849038,3.31865684928406
20.4,0.0827586206897051,1.04402950444568,0.353101630006795,3.31865685317968
20.5,0.0827586206897056,1.02475966586857,0.353101631517338,3.31865685706102
20.6,0.0827586206897057,1.00565901662455,0.353101633022034,3.31865686092814
20.7,0.0827586206897059,0.986726682431631,0.353101634520909,3.31865686478111
20.8,0.0827586206897062,0.967961792946744,0.353101636013987,3.31865686861999
20.9,0.0827586206897064,0.949363481752721,0.353101637501295,3.31865687244483
21,0.0827586206897066,0.930930886332888,0.353101638982856,3.31865687625569
21.1,0.0827586206897069,0.912663148065161,0.353101640458695,3.31865688005264
21.2,0.0827586206897072,0.89455941219704,0.353101641928837,3.31865688383573
21.3,0.0827586206897076,0.876618827831529,0.353101643393308,3.31865688760502
21.4,0.0827586206897078,0.858840547914352,0.353101644852131,3.31865689136056
21.5,0.0827586206897082,0.841223729209247,0.353101646305329,3.31865689510242
21.6,0.0827586206897083,0.823767532291938,0.35310164775293,3.31865689883067
21.7,0.0827586206897087,0.806471121525841,0.353101649194954,3.31865690254533
21.8,0.0827586206897089,0.789333665048219,0.353101650631428,3.31865690624649
21.9,0.082758620689709,0.772354334757574,0.353101652062375,3.3186569099342
22,0.0827586206897094,0.755532306289651,0.353101653487819,3.31865691360851
22.1,0.0827586206897097,0.738866759011284,0.353101654907783,3.31865691726948
22.2,0.08275862068971,0.722356875996801,0.353101656322291,3.31865692091717
22.3,0.0827586206897104,0.70600184401441,0.353101657731367,3.31865692455162
22.4,0.0827586206897107,0.689800853513759,0.353101659135034,3.31865692817291
22.5,0.082758620689711,0.673753098602639,0.353101660533316,3.31865693178108
22.6,0.0827586206897112,0.657857777040707,0.353101661926234,3.31865693537619
22.7,0.0827586206897114,0.642114090216573,0.353101663313814,3.3186569389583
22.8,0.0827586206897117,0.626521243134412,0.353101664696078,3.31865694252746
22.9,0.0827586206897123,0.611078444401692,0.353101666073047,3.31865694608371
23,0.0827586206897124,0.595784906206561,0.353101667444747,3.31865694962713
23.1,0.0827586206897128,0.580639844311446,0.353101668811197,3.31865695315776
23.2,0.0827586206897131,0.565642478030814,0.353101670172423,3.31865695667566
23.3,0.0827586206897134,0.550792030217999,0.353101671528446,3.31865696018088
23.4,0.0827586206897138,0.536087727253102,0.353101672879289,3.31865696367347
23.5,0.0827586206897139,0.521528799021034,0.353101674224973,3.3186569671535
23.6,0.0827586206897144,0.507114478905014,0.353101675565522,3.318656970621
23.7,0.0827586206897147,0.492844003764974,0.353101676900956,3.31865697407603
23.8,0.082758620689715,0.4787166139246,0.353101678231299,3.31865697751865
23.9,0.0827586206897153,0.464731553159406,0.353101679556572,3.31865698094891
24,0.0827586206897157,0.450888068675416,0.353101680876796,3.31865698436687
24.1,0.0827586206897161,0.437185411102561,0.353101682191995,3.31865698777256
24.2,0.0827586206897162,0.423622834473715,0.353101683502189,3.31865699116605
24.3,0.0827586206897166,0.410199596211955,0.353101684807399,3.31865699454738
24.4,0.0827586206897169,0.396914957118788,0.353101686107648,3.31865699791662
24.5,0.0827586206897172,0.383768181353478,0.353101687402956,3.3186570012738
24.6,0.0827586206897174,0.370758536426328,0.353101688693345,3.31865700461898
24.7,0.0827586206897177,0.357885293178344,0.353101689978836,3.31865700795221
24.8,0.0827586206897181,0.345147725768707,0.353101691259449,3.31865701127354
24.9,0.0827586206897184,0.332545111663151,0.353101692535207,3.31865701458302
25,0.0827586206897189,0.320076731613912,0.353101693806129,3.31865701788071
25.1,0.0827586206897193,0.307741869652917,0.353101695072238,3.31865702116664
25.2,0.0827586206897195,0.295539813072046,0.353101696333552,3.31865702444088
25.3,0.08275862068972,0.283469852410814,0.353101697590094,3.31865702770346
25.4,0.0827586206897203,0.271531281444907,0.353101698841883,3.31865703095445
25.5,0.0827586206897207,0.259723397166731,0.353101700088939,3.31865703419387
25.6,0.0827586206897212,0.24804549977851,0.353101701331284,3.3186570374218
25.7,0.0827586206897214,0.23649689267314,0.353101702568937,3.31865704063827
25.8,0.0827586206897219,0.225076882422071,0.353101703801918,3.31865704384334
25.9,0.0827586206897222,0.213784778764,0.353101705030248,3.31865704703704
26,0.0827586206897224,0.202619894586006,0.353101706253948,3.31865705021944
26.1,0.0827586206897229,0.191581545916565,0.353101707473035,3.31865705339057
26.2,0.082758620689726,0.180771413440373,0.353101707979965,3.31865705553251
26.3,0.0827586206897085,0.170820110150993,0.353101665521585,3.31865701229462
26.4,0.082758620689673,0.162145074275363,0.353101285235418,3.3186566262799
26.5,0.0827586206896396,0.154820625579783,0.353099820462936,3.31865514750551
26.6,0.0827586206896164,0.148760118788927,0.353096117368672,3.31865141767823
26.7,0.0827586206896054,0.143812155348631,0.353088800381477,3.3186440560712
26.8,0.0827586206896041,0.139809478106724,0.353076463620688,3.31863165152069
26.9,0.0827586206896106,0.136592397796167,0.353057808434008,3.31861290037665
27,0.0827586206896223,0.134018726686563,0.35303171887838,3.31858668218367
27.1,0.0827586206896369,0.131966756940272,0.352997288303923,3.31855208629714
27.2,0.0827586206896529,0.130334827489441,0.35295381435218,3.31850840681201
27.3,0.0827586206896685,0.129039375562112,0.352900776896606,3.3184551203866
27.4,0.0827586206896833,0.128012465769676,0.352837809018977,3.31839185709178
27.5,0.0827586206896972,0.127199294102343,0.352764667182567,3.31831837046598
27.6,0.0827586206897096,0.126555892397896,0.352681203933841,3.31823451011729
27.7,0.0827586206897203,0.12604713030762,0.352587344497632,3.31814019823928
27.8,0.0827586206897295,0.125645022804728,0.352483067645421,3.31803541041903
27.9,0.0827586206897372,0.125327326756,0.352368390563161,3.31792016046112
28,0.0827586206897435,0.125076392676314,0.352243357199051,3.31779448870458
28.1,0.0827586206897492,0.124878233956222,0.352108029495614,3.31765845323448
28.2,0.0827586206897534,0.124721777522614,0.351962480929389,3.31751212340866
28.3,0.0827586206897566,0.124598263413409,0.351806791851574,3.31735557519117
28.4,0.0827586206897596,0.124500765571172,0.351641046200967,3.31718888786205
28.5,0.0827586206897618,0.124423810334786,0.351465329246298,3.3170121417595
28.6,0.0827586206897635,0.124363073338243,0.351279726086572,3.316825416782
28.7,0.0827586206897647,0.124315139094882,0.351084320699725,3.31662879144022
28.8,0.0827586206897657,0.124277310524166,0.350879195380928,3.3164223422995
28.9,0.0827586206897665,0.124247458186774,0.350664430451895,3.31620614369398
29,0.0827586206897673,0.124223901017907,0.350440104154198,3.31598026762503
29.1,0.0827586206897679,0.12420531204806,0.350206292662701,3.3157447837802
29.2,0.0827586206897683,0.124190643892833,0.349963070174162,3.31549975962722
29.3,0.0827586206897688,0.124179069897763,0.349710509038801,3.31524526055121
29.4,0.0827586206897687,0.124169937648787,0.349448679913277,3.3149813500131
29.5,0.0827586206897687,0.12416273226413,0.349177651920155,3.31470808971465
29.6,0.0827586206897689,0.12415704741597,0.348897492804338,3.3144255397602
29.7,0.082758620689769,0.124152562448905,0.348608269080909,3.31413375880985
29.8,0.082758620689769,0.124149024319571,0.348310046170964,3.31383280422046
29.9,0.0827586206897691,0.124146233345264,0.348002888523843,3.31352273217297
30,0.082758620689769,0.124144031951177,0.34768685972574,3.31320359778601
30.1,0.0827586206897693,0.124142295792642,0.347362022594798,3.31287545521583
30.2,0.0827586206897695,0.124140926748428,0.347028439263707,3.31253835774368
30.3,0.0827586206897695,0.124139847390734,0.346686171250849,3.31219235785163
30.4,0.0827586206897695,0.124138996620955,0.346335279521221,3.31183750728797
30.5,0.0827586206897694,0.124138326226409,0.345975824538245,3.31147385712358
30.6,0.0827586206897695,0.124137798162566,0.345607866307724,3.31110145780017
30.7,0.0827586206897698,0.124137382408734,0.34523146441492,3.3107203591717
30.8,0.0827586206897701,0.124137055275689,0.344846678055799,3.31033061053972
30.9,0.0827586206897698,0.124136798070368,0.344453566063255,3.30993226068375
31,0.08275862068977,0.124136596042339,0.344052186929096,3.30952535788729
31.1,0.0827586206897701,0.124136437552174,0.343642598822476,3.30910994996011
31.2,0.0827586206897704,0.124136313415307,0.34322485960531,3.30868608425761
31.3,0.0827586206897704,0.124136216384295,0.342799026845196,3.30825380769749
31.4,0.0827586206897702,0.12413614074026,0.342365157826228,3.30781316677424
31.5,0.0827586206897702,0.124136081970505,0.341923309558084,3.30736420757194
31.6,0.0827573581701311,0.124136036514592,0.341472164126652,3.30690311490609
31.7,0.0827242877380039,0.124136001820504,0.340940103046004,3.30620899201914
31.8,0.0826406717937611,0.124135977305832,0.340195988465241,3.30485477000183
31.9,0.0825232560442851,0.124135963384527,0.339175499141955,3.30261353338101
32,0.0823965934110676,0.124135959888254,0.337862917328727,3.29941485296931
32.1,0.0822812379690964,0.124135965741295,0.336270717669351,3.29528422449133
32.2,0.0821903487515403,0.124135979217135,0.334426525888415,3.29030198690492
32.3,0.082130008798874,0.12413599830499,0.332364813053929,3.28457575197937
32.4,0.0821008759343847,0.124136021010972,0.330121726871398,3.27822241252532
32.5,0.0820999939645059,0.124136045552854,0.327732013876848,3.27135689797082
32.6,0.0821223691657452,0.124136070459215,0.325227329348479,3.26408562014252
32.7,0.0821626545577798,0.124136094598512,0.32263545511545,3.25650311632767
32.8,0.0822153252594763,0.124136117163482,0.319980094894359,3.24869080896886
32.9,0.0822754219917266,0.124136137630983,0.317281020806496,3.24071711034579
33,0.0823387994458546,0.124136155711489,0.314554416459211,3.23263832514999
33.1,0.0824022026650648,0.12413617129735,0.311813313570332,3.22449997351698
33.2,0.0824632335715818,0.12413618441507,0.309068055342429,3.21633828080313
33.3,0.0825202550100217,0.12413619518423,0.306326745295899,3.20818167055937
33.4,0.0825722660021973,0.124136203783905,0.303595658274016,3.20005216292604
33.5,0.0826187706479948,0.124136210426435,0.300879601895632,3.19196662445987
33.6,0.0826596544851585,0.124136215337765,0.298182225382404,3.18393784883373
33.7,0.0826950757584178,0.124136218743405,0.295506276741873,3.17597546488932
33.8,0.0827253747387361,0.124136220858941,0.292853812803528,3.16808668305449
33.9,0.0827510014303048,0.124136221884105,0.290226367592059,3.16027689634835
34,0.082772460285983,0.124136221999538,0.287625085193307,3.15255015584219
34.1,0.0827902698224201,0.124136221365515,0.285050822913116,3.14490954000598
34.2,0.0828049345433157,0.124136220122023,0.282504230312967,3.13735743728877
34.3,0.0828169267532386,0.12413621838974,0.279985808804302,3.12989575838063
34.4,0.0828266759731943,0.124136216271544,0.277495955883291,3.12252609273787
34.5,0.0828345638583897,0.124136213854311,0.275034997772555,3.11524982302428
34.6,0.08284092321144,0.124136211210817,0.272603212788587,3.10806820582056
34.7,0.0828460396486262,0.1241362084016,0.270200847913101,3.10098242772304
34.8,0.0828501549356657,0.124136205476719,0.267828130282329,3.09399364312262
34.9,0.082853471267018,0.124136202477371,0.265485275047691,3.0871029989908
35,0.0828561559067107,0.124136199437316,0.263172490501867,3.08031165001136
35.1,0.0828583403008129,0.124136196384148,0.260889981372157,3.07362076729735
35.2,0.0828601420353344,0.124136193340381,0.258637950764876,3.06703154250564
35.3,0.0828616509289907,0.124136190324326,0.256416601330794,3.06054518964731
35.4,0.0828629386950067,0.124136187350954,0.254226135699218,3.05416294401791
35.5,0.0828640622276727,0.124136184432474,0.252066756711297,3.04788606127932
35.6,0.082865066256491,0.124136181578856,0.249938667426981,3.041715815778
35.7,0.0828659859154048,0.124136178798308,0.247842070920289,3.03565349810464
35.8,0.0828668485096181,0.124136176097611,0.245777170117115,3.02970041327615
35.9,0.0828676752372935,0.12413617348243,0.243744167532611,3.02385787853184
36,0.0828684827067861,0.124136170957566,0.241743264965564,3.0181272210459
36.1,0.0828692833021922,0.124136168527068,0.239774663549232,3.01250977766981
36.2,0.0828700865693896,0.124136166194453,0.237838563380202,3.00700689240361
36.3,0.0828708998375299,0.124136163962814,0.235935163375523,3.0016199151602
36.4,0.0828717283918018,0.124136161834887,0.234064661249567,2.99635020124624
36.5,0.0828725763902912,0.12413615981317,0.232227253203402,2.99119910921795
36.6,0.0828734465026714,0.124136157899933,0.230423134039116,2.98616800117008
36.7,0.082874341058002,0.124136156097326,0.228652496729066,2.9812582398863
36.8,0.082875261539291,0.124136154407376,0.226915532499464,2.97647118903775
36.9,0.0828762088251555,0.124136152832015,0.225212430657979,2.97180821186364
37,0.0828771836631029,0.124136151373134,0.223543378346752,2.96727066935668
37.1,0.0828781861122159,0.124136150032559,0.221908560529362,2.96285992004698
37.2,0.0828792160380454,0.124136148812094,0.220308159703163,2.95857731794317
37.3,0.0828802729672481,0.124136147713521,0.218742355718551,2.95442421131022
37.4,0.0828813562772236,0.124136146738613,0.217211325523869,2.95040194087674
37.5,0.0828824652132299,0.124136145889148,0.215715242922284,2.94651183817576
37.6,0.0828835988670685,0.124136145166898,0.214254278307329,2.94275522379508
37.7,0.0828847561685829,0.124136144573645,0.21282859842859,2.93913340569113
37.8,0.0828859358517848,0.124136144111171,0.211438365941685,2.93564767667689
37.9,0.082887136490348,0.124136143781263,0.210083739098896,2.93229931234086
38,0.0828883565117829,0.124136143585715,0.208764871372244,2.9290895686917
38.1,0.0828895942030459,0.124136143526325,0.207481911072527,2.92601967975642
38.2,0.0828908477025046,0.124136143604893,0.206235000916771,2.92309085495711
38.3,0.082892114992076,0.124136143823217,0.205024277558302,2.92030427630984
38.4,0.0828933938958569,0.124136144183095,0.203849871093006,2.917661095494
38.5,0.0828946820858233,0.124136144686314,0.202711904550832,2.91516243082839
38.6,0.0828959770874605,0.124136145334651,0.20161049336878,2.91280936414736
38.7,0.0828972762815806,0.124136146129866,0.200545744843498,2.91060293757493
38.8,0.0828985769050043,0.1241361470737,0.199517757555347,2.9085441501669
38.9,0.0828998760509003,0.124136148167862,0.198526620770821,2.90663395444944
39,0.0829011706738971,0.124136149414032,0.197572413830807,2.9048732528834
39.1,0.0829024575978026,0.124136150813847,0.196655205527204,2.90326289426956
39.2,0.0829037335232976,0.124136152368898,0.195775053468804,2.90180367010483
39.3,0.0829049950344478,0.124136154080722,0.194932003438359,2.90049631090253
39.4,0.0829062386084313,0.124136155950793,0.194126088739644,2.89934148247401
39.5,0.0829074606290001,0.124136157980515,0.193357329543305,2.89833978221075
39.6,0.0829086573933118,0.124136160171214,0.192625732241861,2.8974917354212
39.7,0.0829098251287709,0.12413616252413,0.191931288802231,2.8967977916707
39.8,0.0829109600056765,0.124136165040404,0.191273976137153,2.89625832122434
39.9,0.082912058160166,0.124136167721077,0.19065375546101,2.89587361145542
40,0.0829131149641549,0.124136170567074,0.190070570494521,2.89564386032092
40.1,0.0829071160183446,0.12413617357767,0.189510086388907,2.89551770913927
40.2,0.0828921537733218,0.124136176735824,0.188947566552567,2.89539949936451
40.3,0.0828738213870552,0.124136180010216,0.18838110707326,2.89527807841253
40.4,0.0828552223951381,0.124136183372927,0.187810207237908,2.89514936105069
40.5,0.0828379747538555,0.124136186802313,0.187234596720502,2.89501112717039
40.6,0.0828228021620853,0.124136190281781,0.186654173357869,2.89486239686929
40.7,0.0828099106055559,0.124136193798576,0.186068933517865,2.894702914293
40.8,0.0827992234587875,0.124136197342861,0.18547892713769,2.89453281912647
40.9,0.082790524949379,0.124136200907028,0.184884230301073,2.89435244588807
41,0.0827835450476533,0.124136204485177,0.184284929057179,2.89416220512731
41.1,0.0827780074252811,0.124136208072721,0.183681110315207,2.89396251628096
41.2,0.0827736546348685,0.124136211666087,0.183072857093468,2.89375377240033
41.3,0.0827702595211664,0.124136215262486,0.182460246392933,2.89353632414846
41.4,0.0827676286840425,0.124136218859738,0.181843348580236,2.89331047492517
41.5,0.0827656015464402,0.124136222456139,0.181222227600763,2.89307648214869
41.6,0.0827640472522169,0.124136226050353,0.18059694159767,2.89283456157957
41.7,0.0827628606984185,0.124136229641336,0.179967543689054,2.89258489286059
41.8,0.0827619584266181,0.124136233228268,0.179334082766226,2.89232762525764
41.9,0.082761274605435,0.124136236810477,0.178696604681615,2.89206288484518
42,0.0827607579078647,0.12413624038753,0.178055152733877,2.8917907787802
42.1,0.0827603687683744,0.124136243959005,0.177409767257202,2.89151139478424
42.2,0.0827600765978003,0.124136247524567,0.176760486765423,2.89122480778013
42.3,0.08275985007684,0.12413624379341,0.17610737686674,2.89093120100795
42.4,0.0827584858397191,0.124135387709342,0.175458728315521,2.89066453017567
42.5,0.082753953674965,0.124132420226822,0.174840921552153,2.89053257315217
42.6,0.0827462184361197,0.124127432506369,0.174274714556806,2.89061992228965
42.7,0.0827362834604497,0.12412112934947,0.173772506891874,2.89097710151014
42.8,0.0827254437686538,0.124114342952277,0.173340233034307,2.89162836228507
42.9,0.0827149030796433,0.124107805512717,0.172978926461019,2.89257806510521
43,0.0827056004447528,0.124102063065335,0.172686045914425,2.89381606518651
43.1,0.082698159864713,0.124097462395203,0.172456584075058,2.89532220611026
43.2,0.0826929069266335,0.124094172697222,0.172283975688109,2.89706999942206
43.3,0.0826899176703901,0.124092220921328,0.172160823600241,2.8990295676116
43.4,0.0826890787598264,0.124091529644453,0.172079462430212,2.90116993030741
43.5,0.0826901470186171,0.124091951933251,0.172032380289264,2.90346071554223
43.6,0.0826928021071403,0.124093300808188,0.172012518981141,2.90587337811417
43.7,0.0826966896591805,0.124095372635704,0.172013472515313,2.90838200505552
43.8,0.0827014543159478,0.124097964672564,0.172029602671372,2.91096378416095
43.9,0.0827067632866711,0.124100887415989,0.17205608884114,2.91359920564237
44,0.0827123216661393,0.124103972580386,0.172088927592733,2.91627205984204
44.1,0.0827178809751209,0.124107077545977,0.172124895469105,2.91896928607916
44.2,0.0827232424036087,0.124110087073087,0.172161486539967,2.92168071953162
44.3,0.0827282561258173,0.124112912987767,0.172196834267179,2.92439877500255
44.4,0.0827328178838367,0.124115492443393,0.172229625395557,2.92711809882613
44.5,0.0827368638375902,0.124117785258598,0.172259011873916,2.92983521317267
44.6,0.0827403644807508,0.124119770733817,0.172284525289205,2.93254817079941
44.7,0.0827433182429861,0.12412144426243,0.172305997052744,2.93525623323777
44.8,0.0827457452144556,0.124122813962398,0.172323486234475,2.93795957997387
44.9,0.0827476813324276,0.124123897511321,0.172337216526152,2.94065905451573
45,0.0827491731917818,0.124124719275987,0.172347522414478,2.94335594760435
45.1,0.0827502736131387,0.12412530781734,0.172354804776869,2.94605181838161
45.2,0.0827510379892521,0.124125693792036,0.172359495267173,2.94874835093554
45.3,0.0827515213943727,0.124125908252319,0.172362028759413,2.95144724326158
45.4,0.0827517764074343,0.124125981327494,0.172362822968292,2.95415012508822
45.5,0.0827518515707501,0.124125941252761,0.172362264226498,2.95685850046481
45.6,0.0827517903981091,0.124125813705368,0.172360698429549,2.95957371113715
45.7,0.0827516308405817,0.124125621403179,0.172358426181948,2.96229691683072
45.8,0.0827514051196068,0.124125383919705,0.172355701245174,2.96502908883004
45.9,0.0827511398431332,0.124125117671331,0.172352731483187,2.96777101362362
46,0.082750856328968,0.124124836035804,0.172349681603466,2.97052330379408
46.1,0.0827505710692407,0.124124549565224,0.172346677097239,2.97328641375611
46.2,0.0827502962803776,0.124124266261728,0.172343808887591,2.9760606583655
46.3,0.0827500404964151,0.124123991890948,0.17234113831759,2.97884623291827
46.4,0.0827498091520244,0.12412373030129,0.172338702030465,2.98164323273264
46.5,0.0827496051737094,0.124123483757316,0.172336516879798,2.98445167287243
46.6,0.0827494294999043,0.124123253241246,0.172334584231417,2.98727150543216
46.7,0.0827492815636794,0.124123038738596,0.172332893926409,2.99010263547074
46.8,0.0827491597119248,0.124122839492038,0.172331427699383,2.99294493476031
46.9,0.0827490615631072,0.124122654222857,0.172330162072931,2.99579825343243
47,0.0827489843017723,0.124122481317522,0.172329070718911,2.99866242948145
47.1,0.082748924916248,0.124122318981936,0.172328126343431,3.00153729635278
47.2,0.0827488803825203,0.124122165364183,0.172327302124623,3.00442268873149
47.3,0.082748847800594,0.124122018648678,0.172326572758408,3.00731844675263
47.4,0.0827488244900327,0.124121877125101,0.172325915170064,3.01022441886533
47.5,0.0827488080511928,0.124121739235614,0.172325308947288,3.0131404635744
47.6,0.0827487963979825,0.124121603603532,0.172324736544335,3.01606645025903
47.7,0.0827487877686352,0.12412146904723,0.172324183311467,3.0190022592866
47.8,0.0827487807195784,0.124121334582306,0.172323637392101,3.02194778159262
47.9,0.0827487741069647,0.124121199414809,0.172323089525422,3.02490291787883
48,0.0827487670599582,0.124121062928094,0.172322532787977,3.0278675775646
48.1,0.0827487589490354,0.124120924665449,0.172321962300782,3.03084167759865
48.2,0.0827487493519799,0.124120784310291,0.172321374923471,3.03382514121807
48.3,0.082748738019619,0.124120641665352,0.172320768951746,3.03681789672013
48.4,0.0827487248428391,0.124120496631972,0.172320143830256,3.03981987629602
48.5,0.0827487098220144,0.124120349190381,0.172319499889432,3.04283101496094
48.6,0.0827486930395483,0.124120199381543,0.172318838111544,3.04585124960183
48.7,0.0827486746357275,0.124120047290831,0.17231815992689,3.04888051814644
48.8,0.0827486547884259,0.124119893033956,0.172317467044133,3.05191875887015
48.9,0.0827486336962402,0.124119736745024,0.172316761310718,3.05496590982397
49,0.082748611565109,0.12411957856681,0.17231604460339,3.05802190838394
49.1,0.0827485885978188,0.124119418642928,0.172315318743512,3.06108669090046
49.2,0.0827485649864778,0.124119257111997,0.172314585437559,3.06416019244927
49.3,0.0827485409072609,0.124119094103384,0.17231384623673,3.06724234665926
49.4,0.0827485165171192,0.124118929734351,0.172313102512979,3.07033308560666
49.5,0.0827484919517656,0.124118764108212,0.172312355445266,3.07343233974818
49.6,0.0827484673261685,0.124118597314093,0.172311606027249,3.07654003794607
49.7,0.0827484427351653,0.124118429427045,0.172310855075352,3.07965610749109
49.8,0.0827484182541738,0.124118260508363,0.172310103236922,3.08278047412288
49.9,0.0827483939423498,0.124118090607415,0.172309351020124,3.08591306214767
50,0.0827483698411721,0.124117919761028,0.172308598780639,3.08905379435566
50.1,0.0827483459801242,0.124117747996877,0.172307846773183,3.09220259223482
50.2,0.0827483223786879,0.124117575334933,0.172307095170428,3.09535937603681
50.3,0.0827482990466167,0.12411740178798,0.172306344063577,3.09852406475601
50.4,0.0827482759869069,0.12411722736361,0.172305593489481,3.10169657623285
50.5,0.0827482531976988,0.124117052065629,0.172304843446658,3.1048768272054
50.6,0.0827482306738032,0.124116875895245,0.172304093908799,3.10806473335063
50.7,0.0827482084077563,0.124116698851964,0.172303344833691,3.11126020930465
50.8,0.0827481863909229,0.124116520934483,0.172302596172512,3.11446316868438
50.9,0.0827481646144695,0.124116342141482,0.172301847877661,3.11767352410251
51,0.0827481430699745,0.124116162472142,0.172301099908044,3.12089118717124
51.1,0.0827481217498856,0.124115981926569,0.172300352232822,3.12411606849772
51.2,0.0827481006478661,0.124115800506116,0.172299604834157,3.12734807767392
51.3,0.0827480797589922,0.124115618213595,0.172298857708728,3.13058712325958
51.4,0.0827480590797978,0.124115435053361,0.172298110867795,3.13383311275686
51.5,0.0827480386083594,0.124115251031409,0.172297364337727,3.13708595258459
51.6,0.0827480183442358,0.124115066155365,0.172296618159328,3.14034554804455
51.7,0.0827479982883977,0.12411488043446,0.172295872387088,3.14361180328386
51.8,0.082747978443059,0.124114693879412,0.172295127087651,3.1468846212503
51.9,0.0827479588115409,0.124114506502342,0.172294382338536,3.15016390364369
52,0.082747939398128,0.124114318316671,0.172293638226786,3.15344955086157
52.1,0.0827479202079135,0.124114129337006,0.172292894847585,3.1567414619382
52.2,0.082747901246652,0.124113939579029,0.172292152302907,3.16003953447611
52.3,0.0827478825206257,0.124113749059385,0.172291410700341,3.16334366456939
52.4,0.0827478640365216,0.124113557795589,0.172290670152007,3.16665374671665
52.5,0.0827478458013213,0.124113365805933,0.172289930773602,3.16996967372206
52.6,0.0827478278222003,0.124113173109414,0.172289192683535,3.17329133658162
52.7,0.0827478101064652,0.124112979725666,0.17228845600234,3.17661862435284
52.8,0.0827477926615032,0.124112785674886,0.172287720851759,3.1799514240017
52.9,0.0827477754952988,0.124112590976999,0.172286987343723,3.18328962018757
53,0.0827477586144876,0.124112395654219,0.172286255615768,3.18663309518433
53.1,0.0827477420257556,0.124112199729092,0.172285525803115,3.18998172853476
53.2,0.0827477257370393,0.124112003223069,0.172284798018016,3.19333539668542
53.3,0.082747709755401,0.124111806158621,0.17228407238037,3.19669397274289
53.4,0.0827476940879344,0.124111608558778,0.172283349014313,3.20005732605355
53.5,0.0827476787418015,0.124111410447452,0.172282628053182,3.20342532171855
53.6,0.0827476637240884,0.124111211849148,0.172281909631714,3.20679781994165
53.7,0.0827476490415825,0.124111012788315,0.172281193872344,3.21017467521199
53.8,0.0827476347010436,0.124110813289869,0.172280480898039,3.21355573542969
53.9,0.0827476207093965,0.1241106133798,0.172279770844934,3.21694084080226
54,0.0827476070734298,0.124110413084414,0.172279063845286,3.22032982231396
54.1,0.082747593799851,0.124110212430248,0.172278360026098,3.22372249988148
54.2,0.0827475808954368,0.124110011444839,0.172277659523975,3.22711868007098
54.3,0.0827475683668172,0.124109810155826,0.172276962467158,3.23051815299036
54.4,0.0827475562206449,0.124109608591372,0.172276268985166,3.23392068838211
54.5,0.0827475444636087,0.124109406780297,0.172275579211623,3.23732603041996
54.6,0.0827475331023921,0.124109204752047,0.172274893282723,3.24073389072193
54.7,0.0827475221437703,0.124109002536456,0.172274211334047,3.24414393885887
54.8,0.0827475115944392,0.124108800164071,0.172273533503145,3.24755578927674
54.9,0.082747501461091,0.124108597666067,0.172272859929321,3.2509689828992
55,0.0827474917501441,0.124108395074719,0.172272190756073,3.25438296073531
55.1,0.0827474824684719,0.124108192422158,0.172271526122881,3.25779702509449
55.2,0.082747473622582,0.124107989741814,0.172270866174889,3.26121028119208
55.3,0.0827474652194808,0.124107787066794,0.172270211052614,3.26462154638011
55.4,0.0827474572660214,0.124107584431007,0.172269560899474,3.26802920426256
55.5,0.0827474497689814,0.124107381869029,0.172268915860449,3.27143096035315
55.6,0.0827474427350873,0.12410717941607,0.172268276081639,3.27482341273636
55.7,0.0827474361710722,0.124106977107871,0.172267641709738,3.278201252739
55.8,0.0827474300836655,0.124106774980717,0.172267012892163,3.28155566776201
55.9,0.0827474244796494,0.124106573071228,0.172266389776198,3.28487085643095
56,0.0827474193656739,0.124106371416844,0.172265772511021,3.28811552987402
56.1,0.082747414748415,0.124106170055389,0.172265161245751,3.29121904469856
56.2,0.082747410634493,0.12410596902528,0.172264556130384,3.29399235824222
56.3,0.082747407030403,0.12410576836575,0.17226395731642,3.29584682204675
56.4,0.0827474039427765,0.124105568116073,0.172263364953922,3.29542075489663
56.5,0.0827474013782513,0.124105368315821,0.172262779192873,3.29245743513944
56.6,0.0827473993432239,0.124105169005728,0.172262200185668,3.28835197244108
56.7,0.0827473978441763,0.124104970226534,0.172261628083469,3.2838471349055
56.8,0.0827473968875617,0.124104772019182,0.172261063037488,3.27918089800469
56.9,0.082747396479686,0.124104574425782,0.172260505199634,3.27443887868106
57,0.0827473966268489,0.124104377488463,0.172259954721519,3.26965783656574
57.1,0.0827473973353267,0.124104181249758,0.172259411754283,3.26485593224515
57.2,0.0827473986112955,0.124103985752596,0.172258876449448,3.26004314656776
57.3,0.0827474004609128,0.124103791040337,0.172258348957836,3.25522543938259
57.4,0.0827474028902067,0.124103597156619,0.1722578294308,3.25040661564245
57.5,0.0827474059051856,0.124103404145657,0.172257318018724,3.24558924373685
57.6,0.0827474095117221,0.124103212051801,0.172256814872438,3.24077514208629
57.7,0.0827474137156552,0.124103020920091,0.17225632014167,3.23596565297905
57.8,0.0827474185227061,0.124102830795559,0.172255833976373,3.23116180457226
57.9,0.0827474239385596,0.124102641723939,0.172255356525185,3.2263644108446
58,0.0827474299687678,0.124102453750868,0.172254887936938,3.22157413551942
58.1,0.0827474366188633,0.124102266922646,0.172254428358829,3.2167915342255
58.2,0.0827474438942295,0.124102081285536,0.17225397793811,3.21201708306969
58.3,0.0827474518001842,0.12410189688617,0.172253536820911,3.20725119845802
58.4,0.0827474603419326,0.124101713771357,0.172253105152752,3.20249425114195
58.5,0.0827474695245885,0.124101531988177,0.172252683078138,3.19774657635687
58.6,0.0827474793531655,0.124101351583927,0.172252270740532,3.19300848126515
58.7,0.0827474898325741,0.124101172606104,0.17225186828231,3.18828025050314
58.8,0.0827475009676205,0.124100995102396,0.172251475844664,3.1835621503719
58.9,0.0827475127629921,0.124100819120611,0.17225109356768,3.17885443204334
59,0.0827475252232643,0.124100644708671,0.172250721590214,3.17415733404058
59.1,0.0827475383529101,0.124100471914666,0.172250360049789,3.1694710841767
59.2,0.0827475521562719,0.124100300787174,0.172250009082517,3.16479590108717
59.3,0.0827475666376038,0.124100131373616,0.172249668823063,3.16013199544068
59.4,0.0827475818009748,0.124099963722581,0.17224933940475,3.155479570929
59.5,0.0827475976503676,0.124099797882631,0.172249020959264,3.15083882505094
59.6,0.0827476141896544,0.124099633902115,0.172248713616623,3.14620994975611
59.7,0.0827476314225693,0.124099471829371,0.172248417505216,3.14159313197414
59.8,0.0827476493527134,0.124099311712801,0.172248132751715,3.13698855404969
59.9,0.082747667983559,0.124099153600787,0.172247859481012,3.13239639410276
60,0.0827476873184468,0.124098997541632,0.172247597816177,3.12781682632865
60.1,0.0827477073605789,0.124098843583414,0.17224734787849,3.12325002124913
60.2,0.0827477281130357,0.124098691774332,0.172247109787213,3.11869614592436
60.3,0.0827477495787629,0.124098542162513,0.172246883659612,3.11415536413054
60.4,0.0827477717605665,0.124098394795868,0.172246669610968,3.10962783651066
60.5,0.0827477946611216,0.124098249722141,0.172246467754524,3.10511372070281
60.6,0.0827478182829566,0.124098106988833,0.172246278201498,3.10061317144947
60.7,0.0827478426284496,0.124097966643365,0.172246101060959,3.0961263406911
60.8,0.0827478676998546,0.124097828733057,0.172245936439751,3.09165337764606
60.9,0.0827478934993071,0.124097693304975,0.172245784442519,3.08719442887916
61,0.0827479200288105,0.124097560405893,0.172245645171701,3.08274963836096
61.1,0.0827415374689282,0.12409809429374,0.172250751753734,3.07834103263745
61.2,0.0827113898153049,0.124103658637456,0.172292790718234,3.07411535317464
61.3,0.0826593813672842,0.124117778799639,0.172395059344574,3.07020596157173
61.4,0.0825955324115301,0.124140995347043,0.172559198714848,3.06665804064786
61.5,0.0825304404517356,0.12417214550819,0.172775249192322,3.06346524310817
61.6,0.0824722585007943,0.124209217751645,0.173027990210614,3.06059420731045
61.7,0.0824260265890042,0.124249882668848,0.173300700738187,3.0579994117728
61.8,0.0823940275129579,0.124291815705009,0.17357732106841,3.0556319893203
61.9,0.0823764846798833,0.124332885448511,0.173843621102028,3.0534447423606
62,0.0823691674803107,0.124371255086564,0.174087753015373,3.05139478130812
62.1,0.0823710568847826,0.124405428058217,0.174300426897255,3.04944469664979
62.2,0.0823834662037034,0.124434258324774,0.174474861515145,3.04756285136794
62.3,0.0824041954142317,0.124338933388518,0.174606607318111,3.04572317069219
62.4,0.0824311244926261,0.124199978253888,0.174693303284144,3.0439046691813
62.5,0.082462343446761,0.124099697612644,0.174734406037802,3.04209086488352
62.6,0.0824962101556354,0.124030476755491,0.17473091439551,3.04026917040424
62.7,0.0825309294496833,0.123988950406337,0.1746914240239,3.03844648717619
62.8,0.0825660075980108,0.123980390831574,0.174657276535114,3.03668901079587
62.9,0.0826018005785882,0.123991903644779,0.174627586241023,3.03495990237969
63,0.0826371493773423,0.124013321626001,0.174594501574499,3.03322411871291
63.1,0.0826707070475156,0.124038459792209,0.174553680514068,3.03146217124082
63.2,0.0827013936299768,0.124063544208621,0.174502840231233,3.02966384161495
63.3,0.0827285324999095,0.124086572525952,0.174440923067359,3.02782441777132
63.4,0.0827518343634775,0.124107003034055,0.174367587558815,3.02594238711284
63.5,0.0827713189783353,0.124124446851353,0.174282894040441,3.02401801822159
63.6,0.082787222524744,0.124138912547779,0.174187112017013,3.02205249536196
63.7,0.0827999126311872,0.124150627414209,0.174080603939036,3.02004739778218
63.8,0.0828098200523887,0.12415992320735,0.173963757047684,3.01800439521682
63.9,0.0828173886873913,0.124167165301625,0.173836945368116,3.01592507863154
64,0.0828230421662561,0.124161489828475,0.173700510421799,3.0138108748622
64.1,0.0828271638902445,0.124156472526381,0.173554753337867,3.01166301236725
64.2,0.0828300871753725,0.124152500181893,0.173399933674953,3.00948251711384
64.3,0.0828320358160852,0.124148850448649,0.173237068062952,3.00727222582629
64.4,0.0828331595817291,0.124143704369567,0.173070449902437,3.00504142192785
64.5,0.0828336969754991,0.124136299450955,0.172904442369273,3.00279749355963
64.6,0.0828338566844556,0.12412671569649,0.172742467569655,3.00054494626822
64.7,0.0828337759154598,0.124115417112003,0.172587259646064,2.99828662493787
64.8,0.0828335228716418,0.124103005297498,0.172441010130783,2.99602440849952
64.9,0.0828330042130238,0.124090090342195,0.172305452574137,2.99375959769521
65,0.0828322475212338,0.124077226962135,0.17218191471382,2.99149312411528
65.1,0.0828313103467529,0.124064886486854,0.172071354258336,2.98922565697304
65.2,0.0828301770432421,0.124053448199099,0.17197438756644,2.98695765357207
65.3,0.0828288402198466,0.124043200832199,0.171891316362505,2.98468938092346
65.4,0.0828273037086878,0.12403434914992,0.171822155085958,2.9824209246257
65.5,0.0828255827001577,0.124027022830742,0.171766659923117,2.98015219415427
65.6,0.0828237020985878,0.124021286163506,0.171724359652202,2.97788292938851
65.7,0.0828216939512758,0.12401714775913,0.171694587902368,2.97561271056204
65.8,0.0828195945978789,0.124014569864799,0.171676516178058,2.97334097226987
65.9,0.0828174419426391,0.124013477075625,0.17166918688163,2.97106702119736
66,0.0828152731081061,0.124013764345631,0.171671545598255,2.96879005681647
66.1,0.082813122621398,0.124015304248589,0.171682471942027,2.96650919408071
66.2,0.0828110210995051,0.124017953494758,0.171700808402979,2.96422348705591
66.3,0.0828089944184153,0.124021558711518,0.171725386771421,2.96193195260916
66.4,0.0828070633694938,0.124025961484321,0.171755051723225,2.9596335933171
66.5,0.0828052436124456,0.124031002718033,0.171788681451675,2.95732741893914
66.6,0.0828035458957335,0.124036526334686,0.171825205200319,2.95501246597267
66.7,0.08280197646683,0.124042382346658,0.171863617701339,2.95268781496129
66.8,0.0828005375854792,0.124048429350218,0.171902990599996,2.95035260534091
66.9,0.0827992280919494,0.124054536483099,0.17194248101517,2.94800604775859
67,0.0827980439961889,0.124060584883501,0.171981337383157,2.94564743383019
67.1,0.0827969790403066,0.12406646870814,0.172018902865371,2.94327614346972
67.2,0.0827960252254202,0.124072095749148,0.172054616536872,2.94089164990259
67.3,0.082795173288723,0.124077387697348,0.172088012623361,2.93849352254422
67.4,0.0827944131233308,0.124082280095685,0.172118718044642,2.93608142793497
67.5,0.0827937341412848,0.124086722029934,0.17214644854713,2.93365512897017
67.6,0.0827931255832386,0.124090675596116,0.172171003666507,2.93121448262979
67.7,0.0827925767768375,0.124094115183705,0.172192260759929,2.92875943642044
67.8,0.0827920773495531,0.124097026613408,0.172210168343045,2.92629002375124
67.9,0.0827915858373002,0.124099406163722,0.172224738938346,2.92380635844235
68,0.0827911321592654,0.124101259517847,0.172236041623027,2.92130862855323
68.1,0.0827907084852786,0.124102600659471,0.172244194445122,2.91879708970144
68.2,0.0827903068517412,0.124103450744683,0.172249356863216,2.9162720580432
68.3,0.0827899200507641,0.124103836972368,0.172251722336473,2.91373390305647
68.4,0.0827895416795514,0.12410379147359,0.172251511177018,2.91118304026156
68.5,0.0827891661654297,0.124103350238109,0.172248963762807,2.90861992400182
68.6,0.0827887887867906,0.124102552090862,0.172244334171485,2.90604504038227
68.7,0.0827884056616646,0.124101437733148,0.172237884315948,2.90345890046941
68.8,0.0827879859291498,0.124100048857323,0.172229878615849,2.90086203383141
68.9,0.0827875449252142,0.124098427341873,0.17222057923323,2.89825498248383
69,0.0827870870441633,0.124096614529041,0.17221024187191,2.89563829527612
69.1,0.0827866120354036,0.124094650591736,0.172199112170543,2.89301252278716
69.2,0.082786120256351,0.124092573991488,0.172187422686941,2.89037821276476
69.3,0.0827856125880262,0.124090421026137,0.172175390452275,2.88773590612452
69.4,0.0827850903600103,0.124088225461417,0.172163215049988,2.88508613349486
69.5,0.0827845552699371,0.124086018247006,0.172151077216792,2.88242941233636
69.6,0.0827840093101083,0.124083827303731,0.172139137876896,2.87976624455562
69.7,0.0827834546723242,0.124081677401745,0.172127537720259,2.87709711479083
69.8,0.0827828936787828,0.124079590091495,0.172116397086818,2.87442248909463
69.9,0.0827823287201977,0.124077583699106,0.172105816226143,2.8717428141311
70,0.0827817622013802,0.124075673375037,0.172095875858424,2.86905851681411
70.1,0.0827811964654255,0.124073871192744,0.172086638020882,2.86637000436957
70.2,0.0827806337578563,0.12407218628648,0.172078147118351,2.86367766476254
70.3,0.0827800761992571,0.124070625020949,0.172070431140264,2.86098186743372
70.4,0.0827795257463488,0.124069191187949,0.172063503018226,2.85828296431187
70.5,0.0827789841262677,0.124067886235126,0.172057362157757,2.85558129115773
70.6,0.0827784528925787,0.124066709485417,0.172051995858909,2.85287716890116
70.7,0.0827779334124628,0.124065658376764,0.1720473808532,2.85017090521251
70.8,0.0827774267989996,0.124064728724363,0.172043484966613,2.84746279634507
70.9,0.0827769339563765,0.12406391495576,0.172040268564505,2.84475312880694
71,0.0827764555860171,0.124063210354417,0.172037686038731,2.84204218117753
71.1,0.082775992208973,0.12406260728905,0.172035687184767,2.83933022586113
71.2,0.0827755441557885,0.124062097446238,0.172034218595336,2.83661753095323
71.3,0.0827751115865144,0.124061672040342,0.172033224888712,2.83390436195153
71.4,0.0827746945206949,0.124061322005116,0.172032649808372,2.83119098334747
71.5,0.082774292867023,0.124061038168375,0.172032437212209,2.82847766011848
71.6,0.0827739064315871,0.124060811417691,0.17203253200746,2.82576465919607
71.7,0.0827735349385271,0.124060632843602,0.172032880942352,2.82305225076988
71.8,0.08277317803282,0.124060493873169,0.17203343332283,2.82034070950642
71.9,0.0827728353093479,0.124060386374346,0.172034141556573,2.81763031554566
72,0.0827725063310279,0.124060302745801,0.172034961610273,2.81492135538199
72.1,0.0827721906399664,0.12406023599286,0.172035853380067,2.8122141226217
72.2,0.0827718877765798,0.124060179784306,0.172036780950919,2.80950891858037
72.3,0.0827715972899733,0.12406012848949,0.172037712750662,2.80680605270517
72.4,0.0827713187387731,0.124060077211489,0.172038621666848,2.80410584292827
72.5,0.082771051699984,0.124060021800354,0.172039485057803,2.80140861584051
72.6,0.0827707957737659,0.124059958861017,0.172040284726372,2.79871470679057
72.7,0.0827705505923667,0.124059885739324,0.172041006786023,2.79602445977986
72.8,0.0827703158208493,0.12405980050495,0.172041641508067,2.79333822729842
72.9,0.0827700911572134,0.124059701927386,0.172042183130221,2.7906563700687
73,0.0827698763311013,0.124059589442118,0.172042629618814,2.78797925667472
73.1,0.0827696711076482,0.124059463116517,0.172042982420747,2.78530726315291
73.2,0.0827694752789561,0.124059323600598,0.172043246159858,2.78264077242583
73.3,0.0827692886643612,0.124059172083184,0.172043428349388,2.77998017374589
73.4,0.0827691111066441,0.124059010242228,0.172043539084073,2.77732586205983
73.5,0.0827689424697405,0.124058840194372,0.172043590729581,2.77467823733471
73.6,0.0827687826350044,0.124058664442829,0.172043597609252,2.77203770384072
73.7,0.0827686314924404,0.124058485824293,0.172043575698163,2.76940466940203
73.8,0.0827684889390102,0.124058307458763,0.172043542326801,2.766779544644
73.9,0.0827683548732812,0.124058132699174,0.172043515895008,2.7641627422197
74,0.082768229194001,0.12405796508362,0.172043515595564,2.76155467603277
74.1,0.0827681117919861,0.124057808288252,0.172043561159849,2.75895576045808
74.2,0.0827680025468155,0.124057666084008,0.172043672619882,2.75636640957738
74.3,0.0827679013238125,0.12405754229596,0.172043870086954,2.7537870364242
74.4,0.0827678079702442,0.12405744076552,0.172044173553161,2.75121805224899
74.5,0.0827677223131448,0.124057365315852,0.172044602702266,2.74865986579277
74.6,0.082767644154565,0.124057319720593,0.172045176761712,2.74611288261082
74.7,0.0827675732706895,0.124057307676054,0.172045914356882,2.74357750440499
74.8,0.0827675094101547,0.124057332776735,0.17204683339364,2.741054128397
74.9,0.08276745229144,0.124057398493838,0.172047950949475,2.73854314671682
75,0.0827674016018639,0.124057508157451,0.172049283200273,2.73604494585231
75.1,0.0827673569979979,0.124057664941757,0.172050845356293,2.73355990612347
75.2,0.0827673181057042,0.124057871853084,0.17205265161244,2.73108840118802
75.3,0.082767284518074,0.124058131720675,0.172054715111466,2.72863079757581
75.4,0.0827672557967153,0.12405844719037,0.172057047929536,2.72618745427575
75.5,0.0827672314746212,0.124058820720657,0.172059661073681,2.72375872235867
75.6,0.0827672110560784,0.124059254580869,0.172062564485931,2.7213449446226
75.7,0.0827671940169035,0.124059750851289,0.172065767058259,2.7189464552723
75.8,0.08276717980331,0.124060311425044,0.172069276657217,2.71656357962988
75.9,0.0827671678426279,0.124060938012245,0.172073100166634,2.71419663390883
76,0.082767157541174,0.124061632144767,0.17207724352265,2.71184592497622
76.1,0.0827671482852242,0.124062395182439,0.172081711758275,2.70951175015322
76.2,0.0827671394425012,0.124063228320109,0.172086509053009,2.70719439704361
76.3,0.0827671303651247,0.124064132595461,0.172091638786712,2.70489414338938
76.4,0.0827671203928728,0.124065108897389,0.1720971035954,2.7026112569471
76.5,0.0827671137403318,0.124066203092753,0.172103195816845,2.70034696173717
76.6,0.0827671379094698,0.124067908599015,0.172112704328345,2.69811102373176
76.7,0.0827671711927831,0.124070307204027,0.172125917897276,2.69590492795669
76.8,0.0827655171614182,0.124073288655109,0.172142153804285,2.69372672037065
76.9,0.0827625156669471,0.124076746807857,0.172160787524993,2.69157456018774
77,0.0827601012862994,0.124080579223444,0.172181238644649,2.6894466919217
77.1,0.0827583290272215,0.124084688492304,0.172202970542974,2.68734145797743
77.2,0.0827571673626278,0.124088983501617,0.172225492181687,2.68525731447723
77.3,0.0827565416166412,0.124093380456808,0.172248360198075,2.68319284546741
77.4,0.0827563599920782,0.124097803661704,0.172271180687253,2.68114677445044
77.5,0.0827565287829936,0.124102186072304,0.17229361036774,2.67911797287012
77.6,0.082756960548594,0.124106469627407,0.172315356952922,2.67710546527782
77.7,0.0827575781084042,0.124110605373923,0.172336178686834,2.67510843127021
77.8,0.08275831599298,0.124114553403197,0.172355883066128,2.67312620437133
77.9,0.0827591204418753,0.124118282616645,0.172374324808371,2.67115826810903
78,0.0827599486417935,0.124121770346054,0.172391403173332,2.66920424965883
78.1,0.0827607675874524,0.124125001850274,0.172407058740755,2.66726391139437
78.2,0.0827615528135916,0.124127969710331,0.172421269757772,2.66533714071423
78.3,0.0827622871353212,0.12413067314848,0.172434048176261,2.66342393853792
78.4,0.0827629594631346,0.124133117291734,0.172445435487516,2.66152440682387
78.5,0.0827635637281071,0.124135312401267,0.172455498456518,2.65963873544993
78.6,0.0827640654085525,0.124137273085894,0.172464324851722,2.65776718878446
78.7,0.0827638666621393,0.124137151887763,0.172472019252673,2.65591009223655
78.8,0.082763676584386,0.124136163855895,0.172478699006902,2.65406781904039
78.9,0.0827634948515833,0.124135296549597,0.172484490399429,2.65224077750943
79,0.0827633208526998,0.124134533815502,0.172489525084334,2.65042939895236
79.1,0.08276315373909,0.124133859099933,0.172493936815383,2.64863412640514
79.2,0.0827629924758595,0.124133255841253,0.172497858501605,2.64685540429605
79.3,0.0827628358918827,0.124132707817526,0.172501419625772,2.64509366919763
79.4,0.082762682729935,0.124132199447781,0.172504744013066,2.64334934166329
79.5,0.0827625316940378,0.124131716046697,0.172507947964597,2.64162281922143
79.6,0.0827623814954059,0.124131244035912,0.172511138723029,2.63991447044922
79.7,0.0827622308917019,0.124130771106259,0.172514413319321,2.6382246303115
79.8,0.0827620787222901,0.124130286337486,0.172517857738983,2.63655359658603
79.9,0.0827619239378076,0.124129780273546,0.172521546416009,2.63490162742702
80,0.0827617656271988,0.124129244967101,0.172525541962974,2.63326893976985
80.1,0.0827616030381447,0.124128673987251,0.172529895179033,2.63165570873375
80.2,0.08276143559118,0.12412806239443,0.172534645299441,2.63006206791204
80.3,0.0827612628890336,0.124127406687805,0.172539820442604,2.62848811041292
80.4,0.0827610847218058,0.124126704733551,0.172545438205554,2.62693389048322
80.5,0.0827609010669472,0.124125955671256,0.172551506414547,2.62539942574838
80.6,0.0827607120851829,0.124125159806278,0.172558023977284,2.62388469988157
80.7,0.0827605181129043,0.124124318491156,0.172564981813316,2.62238966562334
80.8,0.0827603196514362,0.124123433999001,0.172572363839172,2.62091424806898
80.9,0.0827601173533859,0.124122509393132,0.17258014797957,2.61945834811712
81,0.0827599120072886,0.124121548394697,0.172588307184883,2.61802184601062
81.1,0.0827597045202274,0.124120555252547,0.17259681043206,2.61660460487854
81.2,0.0827594958998609,0.124119534616639,0.172605623691683,2.61520647421654
81.3,0.0827592872354203,0.124118491417557,0.172614710847593,2.61382729324658
81.4,0.0827590796785177,0.12411743075346,0.172624034556265,2.61246689410501
81.5,0.0827588744249412,0.124116357786285,0.172633557030593,2.61112510479826
81.6,0.0827586726966863,0.124115277648371,0.172643240745712,2.60980175190675
81.7,0.0827584757251621,0.124114195360397,0.172653049058028,2.60849666299921
81.8,0.0827582847354971,0.124113115760185,0.172662946738719,2.60720966875479
81.9,0.0827581009313375,0.124112043441757,0.172672900427171,2.60594060480599
82,0.0827579254826893,0.124110982707569,0.172682878983193,2.60468931321981
82.1,0.0827577595143853,0.124109937530271,0.172692853764989,2.60345564371008
82.2,0.0827576040996554,0.124108911529791,0.172702798793963,2.60223945443159
82.3,0.0827574602520162,0.124107907956402,0.172712690874436,2.60104061260042
82.4,0.0827573289194942,0.124106929683574,0.172722509637269,2.5998589948252
82.5,0.0827572109810078,0.124105979209398,0.172732237516158,2.59869448717751
82.6,0.0827571072444598,0.124105058665546,0.172741859666016,2.59754698503372
82.7,0.0827570184464982,0.124104169832693,0.172751363832512,2.59641639272016
82.8,0.0827569452534467,0.12410331416188,0.172760740180837,2.59530262299024
82.9,0.0827568882628967,0.124102492798777,0.172769981097069,2.59420559638404
83,0.0827568480069707,0.124101706612384,0.172779080956736,2.59312524044548
83.1,0.082756824955913,0.124100956224582,0.172788035881768,2.59206148888196
83.2,0.0827568195220808,0.124100242041925,0.172796843487867,2.59101428067448
83.3,0.0827568320646816,0.124099564289203,0.172805502605484,2.58998355906196
83.4,0.082756862894083,0.124098923040133,0.172814013069396,2.58896927080582
83.5,0.0827569122763725,0.124098318248366,0.172822375453021,2.58797136520294
83.6,0.0827569804373944,0.124097749775382,0.172830590858594,2.5869897933209
83.7,0.082757067565351,0.124097217416088,0.172838660717535,2.58602450727124
83.8,0.0827571738173623,0.124096720925179,0.172846586506804,2.58507545908732
83.9,0.0827572993220503,0.124096260036915,0.172854369629673,2.5841426003062
84,0.0827574441818067,0.124095834483053,0.172862011279015,2.58322588146056
84.1,0.0827576084750232,0.124095444007443,0.172869512313809,2.58232525161248
84.2,0.0827577922575332,0.12409508837695,0.172876873169351,2.58144065802355
84.3,0.0827579955588143,0.124094767389871,0.172884093810489,2.58057204601754
84.4,0.0827582183887136,0.124094480880825,0.172891173639131,2.5797193585916
84.5,0.0827584607347456,0.124094228722483,0.172898111501628,2.57888253649043
84.6,0.0827587225612818,0.124094010825133,0.172904905691468,2.57806151824409
84.7,0.0827590038093998,0.124093827133696,0.172911553969327,2.57725624027445
84.8,0.082759304395919,0.124093677622814,0.172918053603499,2.57646663709011
84.9,0.0827596242014121,0.12409356229199,0.172924401432031,2.57569264159368
85,0.0827599630831234,0.124093481155247,0.17293059390794,2.57493418525994
85.1,0.0827603208677778,0.12409343423329,0.172936627185443,2.57419119854278
85.2,0.0827606973488457,0.124093421544328,0.172942497200968,2.57346361124699
85.3,0.0827610922882604,0.124093443094127,0.172948199756309,2.5727513529059
85.4,0.0827615062194375,0.124093496253133,0.172953780909338,2.57205451022876
85.5,0.0827619751213468,0.124093331923779,0.172962498640611,2.57138307611097
85.6,0.0827625226164324,0.124092423206926,0.172980112548874,2.57075404923507
85.7,0.082760773264802,0.124090526672884,0.173008636139564,2.57017198652064
85.8,0.082741759314001,0.124087635271407,0.173047532304754,2.56963301872838
85.9,0.0827225535265934,0.12408389069501,0.173094889209178,2.56912870065891
86,0.0827051052278069,0.124079518937834,0.173148154610337,2.5686484809652
86.1,0.0826905775496397,0.124074783947502,0.173204590219774,2.56818127460247
86.2,0.0826794719542838,0.124069955363242,0.173261546629398,2.56771644432878
86.3,0.0826718125181991,0.124065286981347,0.173316623039228,2.56724439167219
86.4,0.0826673223126369,0.124061003228342,0.173367753049013,2.56675688918092
86.5,0.0826655655592337,0.124057291497891,0.173413243134799,2.56624724112893
86.6,0.0826660499959576,0.124054298704671,0.173451780988391,2.56571033037694
86.7,0.082668293463297,0.124052130799725,0.173482424902619,2.56514259001774
86.8,0.08267186203859,0.124050854321509,0.173504581376323,2.56454192532003
86.9,0.082676387572935,0.124050499292829,0.173517975629792,2.56390760325965
87,0.0826815714145916,0.124041996836476,0.173522618024681,2.56324012111989
87.1,0.0826871797939819,0.124032390980702,0.173518768365858,2.56254106216579
87.2,0.0826930348288238,0.124026846440186,0.173506899368017,2.56181294390981
87.3,0.0826990039260424,0.124024571816389,0.173487660178353,2.56105906310085
87.4,0.0827049893244627,0.124024916665513,0.173461840577474,2.56028334060144
87.5,0.0827109187889988,0.124027340860509,0.173430336354511,2.55949016874951
87.6,0.0827167379493724,0.124031390702438,0.173394116257142,2.55868426354338
87.7,0.0827224043782283,0.124036680671309,0.173354190832343,2.55787052354537
87.8,0.0827278833522062,0.124042879927975,0.173311583522361,2.55705389753431
87.9,0.0827331450523525,0.124049702451783,0.173267304267724,2.55623926252522
88,0.082738162930438,0.124056899999268,0.173222325856552,2.55543131360281
88.1,0.0827429129730844,0.124064257225507,0.173177563253984,2.55463446693679
88.2,0.0827473735908612,0.124071588323162,0.173133856063229,2.55385277697072
88.3,0.0827515259062847,0.124078734716206,0.173091954235378,2.55308986854816
88.4,0.0827553542522983,0.124085563424053,0.173052507085009,2.55234888442998
88.5,0.082758846733756,0.124091965798113,0.173016055602948,2.55163244831479
88.6,0.0827619957449033,0.124097856416921,0.172983027999049,2.55094264316265
88.7,0.082764798369818,0.124103171982218,0.172953738349674,2.5502810043219
88.8,0.0827672566222236,0.124107870115197,0.172928388138402,2.54964852651916
88.9,0.0827693775060502,0.124111927988618,0.17290707050948,2.54904568390699
89,0.0827711728929628,0.124115340774925,0.172889776828919,2.54847246125788
89.1,0.0827726592276529,0.124118119904777,0.172876405321492,2.54792839521781
89.2,0.0827738570829657,0.12412029115543,0.172866771379486,2.54741262368843
89.3,0.08277479058849,0.124121892602626,0.172860619159805,2.54692394149552
89.4,0.082775486769705,0.124122972475793,0.172857634095883,2.54646086054695
89.5,0.0827759748189138,0.124123586967723,0.172857455900898,2.54602167242624
89.6,0.0827762853306711,0.124123798045604,0.172859691705256,2.54560451169301
89.7,0.0827764495377229,0.124123671313816,0.172863928962712,2.54520741812016
89.8,0.0827764985633797,0.124123273976291,0.172869747786739,2.54482839621873
89.9,0.0827764627150805,0.124122672938663,0.172876732442321,2.54446547071569
90,0.0827763708468233,0.12412193309023,0.17288448172729,2.54411673669573
90.1,0.0827762497981446,0.124121115795256,0.172892618048797,2.54378040345669
90.2,0.0827761239243757,0.124120277616858,0.172900795048254,2.54345483136659
90.3,0.0827760147140154,0.124119469278201,0.172908703740578,2.54313856154802
90.4,0.0827759405425341,0.124118734903165,0.172916076925545,2.54283033722976
90.5,0.082775916496175,0.124118111488301,0.172922692159621,2.54252911813567
90.6,0.0827759543135349,0.124117628633862,0.17292837313497,2.54223408718226
90.7,0.0827760604318803,0.124117315193956,0.172933002907182,2.54194471051233
90.8,0.0827764675497297,0.124119519189625,0.17294425054679,2.54169638879949
90.9,0.0827776792136234,0.124124602172132,0.172970153169001,2.54152722948844
91,0.0827794944010623,0.124130818577917,0.173009563603607,2.54143265072348
91.1,0.0827816431099547,0.12413716674819,0.173061848835389,2.54141015565489
91.2,0.082783881427141,0.124143104124652,0.173126806432569,2.5414590699428
91.3,0.0827860259958046,0.124148370592039,0.173204461191535,2.54157965901754
91.4,0.0827879582642539,0.124152875622782,0.173294958962553,2.54177267860141
91.5,0.0827896152738797,0.12415662634369,0.173398506308591,2.54203912331946
91.6,0.0827909761751532,0.124159682083184,0.173515335989183,2.54238008492285
91.7,0.08279204892818,0.124162126220647,0.173645687701149,2.54279667437255
91.8,0.0827928591184837,0.1241640492323,0.173789797752471,2.5432899807795
91.9,0.082793441390144,0.124165173136476,0.173947893918274,2.54386105139974
92,0.0827934629443977,0.124165734285672,0.174120193319067,2.54451088372005
92.1,0.0827931996758188,0.124166149403085,0.174306901917249,2.54524042387269
92.2,0.0827929440468049,0.124166449446248,0.174508214886354,2.54605056838547
92.3,0.0827926960313553,0.124166659613202,0.174724317397485,2.54694216745992
92.4,0.0827924556711944,0.124166800126528,0.174955385533303,2.54791602864982
92.5,0.082792222939999,0.124166887031393,0.175201587202463,2.54897292046461
92.6,0.0827919976884939,0.124166932940406,0.175463082974374,2.5501135755958
92.7,0.082791779637682,0.124166947687004,0.175740026802695,2.55133869367112
92.8,0.0827915683970971,0.124166938887712,0.176032566627803,2.5526489435006
92.9,0.0827913634950681,0.124166912402671,0.17634084484927,2.5540449647911
93,0.0827911644104231,0.124166872709461,0.176664998696972,2.55552736946104
93.1,0.0827909706048807,0.124166823228086,0.177005160527858,2.55709674264676
93.2,0.0827907815462285,0.124166766552954,0.177361458012341,2.55875364327976
93.3,0.0827905967264865,0.124166704644661,0.177734014266708,2.56049860445208
93.4,0.0827904156744406,0.124166638974927,0.178122947929601,2.56233213357021
93.5,0.0827902379642567,0.124166570654203,0.178528373200477,2.56425471234905
93.6,0.0827900632178023,0.124166500516637,0.178950399830395,2.5662667966317
93.7,0.0827898911045706,0.124166429185497,0.179389133088567,2.56836881612218
93.8,0.0827897213412321,0.124166357122473,0.179844673714995,2.57056117407808
93.9,0.0827895536876188,0.124166284673096,0.180317117843956,2.5728442468724
94,0.0827893879424513,0.124166212095765,0.180806556920533,2.57521838355016
94.1,0.0827892239389584,0.124166139582418,0.181313077603364,2.57768390533708
94.2,0.0827890615401986,0.12416606727545,0.181836761662413,2.580241105136
94.3,0.0827889005139784,0.12416599543232,0.182377686441752,2.58289024950587
94.4,0.0827887407036729,0.124165924461594,0.182935924870197,2.58563157832175
94.5,0.0827885821239838,0.124165854134351,0.183511543630028,2.58846529781169
94.6,0.0827884248103718,0.124165784336111,0.184104603719471,2.59139158204885
94.7,0.0827882687589672,0.124165715017188,0.184715160741406,2.59441057437692
94.8,0.0827881139265782,0.12416564615354,0.185343264948481,2.59752238774488
94.9,0.0827879602902165,0.124165577749228,0.185988960731245,2.60072710231618
95,0.082787807830693,0.124165509817198,0.186652286658361,2.60402476577611
95.1,0.0827876565359453,0.124165442373967,0.187333275340716,2.60741539278366
95.2,0.0827875063985773,0.124165375436075,0.188031953312796,2.6108989645134
95.3,0.0827873574092573,0.124165309016743,0.188748340958854,2.61447542842361
95.4,0.0827872092927974,0.124165242977679,0.189482453016933,2.61814470105467
95.5,0.0827870631475327,0.124165177313539,0.190234295958885,2.62190665484889
95.6,0.0827869183094068,0.124165112079935,0.19100387145511,2.62576113557129
95.7,0.0827867738446633,0.124165047473231,0.191791174740299,2.62970795435702
95.8,0.0827866308210532,0.124164983559429,0.192596192304013,2.63374687685537
95.9,0.0827864882495999,0.12416492052616,0.193418905928804,2.63787764298513
96,0.0827863467526807,0.124164858066053,0.194259289642331,2.64209995292302
96.1,0.0827862064709017,0.124164796147907,0.195117309938711,2.64641346748282
96.2,0.0827860673707188,0.124164734757357,0.195992926842179,2.65081781376025
96.3,0.0827859294321579,0.124164673877692,0.196886093041626,2.65531258122856
96.4,0.0827857926587467,0.124164613503108,0.197796753625115,2.65989732069219
96.5,0.0827856570456613,0.12416455362836,0.198724846274394,2.66457154548017
96.6,0.0827855225965534,0.124164494251829,0.199670301075858,2.66933473080297
96.7,0.0827853893139041,0.124164435372467,0.20063304051194,2.67418631398067
96.8,0.0827852572034512,0.12416437699224,0.201612979328803,2.67912569408498
96.9,0.0827851262648961,0.124164319108443,0.202610024601375,2.68415223254777
97,0.0827849964950881,0.124164261715351,0.203624075633279,2.68926525297611
97.1,0.0827848678895815,0.124164204806526,0.204655023862594,2.69446404100167
97.2,0.0827847404368163,0.124164148379631,0.205702752777508,2.69974784417577
97.3,0.0827846141485688,0.12416409242052,0.206767137929288,2.70511587240611
97.4,0.0827844890074592,0.12416403693025,0.207848046789942,2.71056729751008
97.5,0.0827843650387742,0.124163981888929,0.208945338832028,2.71610125405625
97.6,0.0827842422281145,0.124163927295828,0.21005886537514,2.72171683882878
97.7,0.0827841205815805,0.124163873140028,0.211188469649176,2.7274131115786
97.8,0.0827840001047312,0.124163819410938,0.212333986720437,2.73318909498467
97.9,0.0827838807749858,0.124163766110002,0.213495243520525,2.73904377509903
98,0.0827837626157634,0.12416371321813,0.214672058794363,2.74497610158243
98.1,0.0827836456062293,0.124163660735701,0.215864243157378,2.75098498818289
98.2,0.0827835297504729,0.124163608651842,0.217071599060769,2.75706931305132
98.3,0.0827834150496165,0.124163556957204,0.218293920807012,2.76322791913153
98.4,0.0827833014979198,0.124163505644927,0.219530994612813,2.76945961481829
98.5,0.0827831891129566,0.124163454698556,0.220782598536195,2.77576317402877
98.6,0.0827830778690658,0.124163404119328,0.222048502708071,2.78213733755029
98.7,0.0827829678009268,0.124163353883707,0.223328469058697,2.78858081228855
98.8,0.082782858863197,0.124163304000558,0.224622251835488,2.7950922738351
98.9,0.0827827511025145,0.124163254441688,0.225929597041154,2.80167036447097
99,0.0827826444890194,0.12416320520933,0.227250243155729,2.80831369663891
99.1,0.0827825390308349,0.124163156290606,0.228583920745591,2.81502085164863
99.2,0.0827824347165409,0.124163107680239,0.229930352802115,2.8217903815194
99.3,0.0827823315347881,0.124163059372439,0.231289254773815,2.82862080950579
99.4,0.0827822294955861,0.124163011353449,0.232660334506213,2.83551063018795
99.5,0.0827821285951883,0.124162963614495,0.234043292574469,2.84245831130083
99.6,0.0827820288240801,0.124162916148773,0.235437822351441,2.84946229438602
99.7,0.0827819301953402,0.124162868941416,0.23684360992515,2.85652099476749
99.8,0.0827818326981508,0.124162821986185,0.238260334555018,2.86363280390885
99.9,0.0827817363358343,0.124162775271762,0.23968766854737,2.8707960891899
100,0.0827816411031818,0.124162728789841,0.241125277567585,2.8780091956076
100.1,0.0827815469934346,0.124162682532495,0.242572820757115,2.88527044660432
100.2,0.0827814540030974,0.124162636490575,0.24402995085808,2.89257814491594
100.3,0.0827813621280126,0.124162590655077,0.245496314417268,2.89993057376168
100.4,0.0827812713681839,0.124162545015681,0.246971551913501,2.90732599767898
100.5,0.0827811817215857,0.124162499562783,0.248455298000821,2.91476266386314
100.6,0.0827810931852159,0.12416245428715,0.249947181690282,2.92223880321908
100.7,0.082781005755688,0.124162409179654,0.25144682654788,2.92975263147187
100.8,0.0827809194274933,0.124162364231768,0.252953850922178,2.93730235039433
100.9,0.0827808341961346,0.124162319434648,0.254467868125204,2.9448861488103
101,0.0827807500583737,0.124162274779102,0.255988486649118,2.95250220374211
101.1,0.0827806670123441,0.124162230255634,0.257515310386718,2.96014868155841
101.2,0.0827805850521966,0.124162185855845,0.259047938928993,2.96782373945029
101.3,0.0827805041733914,0.124162141571033,0.260585967736207,2.97552552632418
101.4,0.0827804243718058,0.124162097392396,0.262128988394369,2.98325218406012
101.5,0.0827803456437731,0.124162053311091,0.263676588859241,2.99100184869572
101.6,0.0827802679848512,0.124162009318531,0.265228353723754,2.99877265169719
101.7,0.0827801913902022,0.124161965406293,0.266783864468616,3.00656272113696
101.8,0.082780115854847,0.124161921566054,0.268342699719606,3.01437018288318
101.9,0.0827800413738019,0.124161877789588,0.269904435508775,3.02219316178804
102,0.082779967942323,0.124161834068646,0.271468645540302,3.03002978287942
102.1,0.0827798955555338,0.124161790395094,0.273034901463703,3.03787817256595
102.2,0.0827798242083538,0.124161746760935,0.274602773146199,3.04573645982032
102.3,0.0827797538955194,0.124161703158308,0.276171828946842,3.05360277735224
102.4,0.0827796846119133,0.124161659579197,0.277741635992653,3.06147526277402
102.5,0.0827796163516863,0.124161616016328,0.279311760454694,3.06935205974095
102.6,0.0827795491096926,0.124161572461714,0.280881767829403,3.07723131911145
102.7,0.082779482879669,0.124161528908709,0.282451223213325,3.08511120003929
102.8,0.0827794176563379,0.124161485349486,0.284019691589275,3.0929898711276
102.9,0.0827793534333044,0.124161441777686,0.285586738100738,3.10086551148181
103,0.0827792902050451,0.124161398185786,0.287151928335101,3.10873631181845
103.1,0.0827792279651099,0.124161354567488,0.288714828601412,3.11660047550214
103.2,0.0827791667076526,0.124161310915699,0.290275006205547,3.12445621958328
103.3,0.0827791064261574,0.124161267224181,0.291832029729843,3.13230177581758
103.4,0.0827790471143971,0.124161223486376,0.29338546930236,3.14013539164264
103.5,0.0827789887658433,0.124161179696135,0.294934896871398,3.14795533115213
103.6,0.0827789313738232,0.124161135847536,0.296479886474955,3.15575987603985
103.7,0.0827788749326414,0.12416109193363,0.298020014491319,3.1635473264541
103.8,0.0827788194348481,0.124161047949491,0.299554859937003,3.17131600202291
103.9,0.0827787648732592,0.124161003889984,0.301084004699445,3.17906424261137
104,0.0827787112421733,0.124160959748369,0.302607033776627,3.18679040909445
104.1,0.0827786585319065,0.12416091552235,0.304123535605155,3.19449288446296
104.2,0.0827786067365444,0.124160871205606,0.305633102193758,3.20217007415216
104.3,0.0827785558520218,0.124160826794515,0.307135329386272,3.20982040683772
104.4,0.0827785058681949,0.124160782283477,0.308629817237037,3.21744233579427
104.5,0.0827784567685842,0.124160737654078,0.310115121116879,3.22502876490427
104.6,0.0827784084778825,0.124160692700493,0.311588411308297,3.23256505343757
104.7,0.0827783608522668,0.124160647105467,0.313049519113242,3.24005050500885
104.8,0.0827783137993023,0.12416060071277,0.314498482802636,3.2474855111086
104.9,0.0827782672835046,0.124160553500256,0.315935330762411,3.25487040568119
105,0.0827782213072469,0.124160505518757,0.317360091057306,3.26220551538694
105.1,0.0827781758951695,0.124160456853182,0.318772792113444,3.26949116322063
105.2,0.0827781310826095,0.124160407599205,0.32017346274099,3.27672766865936
105.3,0.0827780869075366,0.124160357850274,0.321562132129108,3.28391534766636
105.4,0.0827780434073443,0.124160307692426,0.322938829838064,3.29105451268129
105.5,0.0827780006155655,0.12416025720081,0.324303585791442,3.29814547261088
105.6,0.0827779585597341,0.124160206438477,0.325656430267695,3.30518853281602
105.7,0.0827779172613172,0.124160155457416,0.326997393891343,3.31218399509694
105.8,0.0827778767352771,0.124160104299596,0.328326507624072,3.31913215767762
105.9,0.08277783699144,0.124160052998616,0.329643802756391,3.32603331519105
106,0.0827777980383462,0.124160001582394,0.330949310899928,3.33288775866581
106.1,0.0827777598830935,0.124159950074423,0.332243063979349,3.33969577551035
106.2,0.0827777225204186,0.12415989848843,0.333525094221967,3.34645764948982
106.3,0.0827776859614551,0.124159846845282,0.334795434156081,3.3531736607276
106.4,0.0827772419241842,0.12416118762906,0.336054500130053,3.35984401736191
106.5,0.0827761889692719,0.124161138648834,0.337303040720049,3.36646878168482
106.6,0.0827749081848854,0.124161699988402,0.338541260650476,3.37304845162418
106.7,0.0827736145369477,0.124168999346333,0.339770770980256,3.37958608720024
106.8,0.082772419395946,0.12418483450709,0.340992085731511,3.38608277262026
106.9,0.0827713720551058,0.124208985985582,0.34220519540101,3.39253864754823
107,0.0827704859854801,0.124241324653232,0.343410113175748,3.39895388591625
107.1,0.0827697551729089,0.124281769296265,0.344606864017182,3.40532867798783
107.2,0.0827691640913055,0.124330266079662,0.345795479441832,3.41166322211859
107.3,0.0827686935738428,0.124386776732838,0.346975994553987,3.4179577201535
107.4,0.0827683241079338,0.12445127129471,0.348148446244501,3.42421237464708
107.5,0.0827680375769648,0.124523723697742,0.349312872111693,3.43042738720767
107.6,0.082767736695944,0.12460410924227,0.350469309858842,3.43660295758027
107.7,0.0827672097492455,0.124692403195638,0.351617796972903,3.44273928316373
107.8,0.0827668022241223,0.124788580093785,0.3527583705761,3.44883655879293
107.9,0.0827664905118256,0.124892613470288,0.353891067380817,3.45489497667817
108,0.0827662548083281,0.125004475817582,0.355015923698516,3.46091472642546
108.1,0.0827660788437441,0.125124138673481,0.356132975476742,3.46689599509814
108.2,0.0827659494911026,0.12525157275207,0.357242258342606,3.47283896728627
108.3,0.082765856269685,0.12538674811647,0.358343807655887,3.47874382518939
108.4,0.0827657909049899,0.125529634330995,0.359437658553103,3.48461074868377
108.5,0.0827657468943294,0.12568020061355,0.360523845990212,3.49043991538626
108.6,0.0827657192018388,0.125838415940096,0.361602404771054,3.49623150069529
108.7,0.082765703940439,0.126004249156429,0.36267336957731,3.50198567783327
108.8,0.0827656981113638,0.126177669069686,0.363736774992203,3.50770261787857
108.9,0.0827656994094672,0.126358644515971,0.364792655517183,3.51338248978598
109,0.0827657060755339,0.126547144411054,0.365841045583772,3.51902546039918
109.1,0.0827657167753154,0.126743137791807,0.366881979562801,3.52463169445858
109.2,0.0827657305029234,0.126946593849028,0.367915491771202,3.53020135460497
109.3,0.082765746495443,0.127157481956585,0.368941616477725,3.53573460138087
109.4,0.0827657641742241,0.127375771690776,0.369960387905943,3.5412315932274
109.5,0.0827657831029905,0.127601432843566,0.370971840235601,3.54669248647797
109.6,0.0827658029547042,0.127834435432717,0.371976007603148,3.5521174353504
109.7,0.082765823479414,0.128074749711794,0.372972924102263,3.55750659193846
109.8,0.0827658445016379,0.128322346168783,0.373962623781398,3.56286010619838
109.9,0.0827658658860777,0.128577195537248,0.37494514064467,3.56817812594009
110,0.0827658875283717,0.128839268797833,0.375920508650225,3.5734607968141
110.1,0.0827659093498637,0.129108537178278,0.376888761708263,3.57870826229735
110.2,0.0827659312940091,0.129384972152791,0.377849933678976,3.58392066367844
110.3,0.0827659533159095,0.129668545444251,0.378804058371223,3.58909814004362
110.4,0.0827659753833551,0.129959229021843,0.37975116954011,3.59424082826046
110.5,0.0827659974708167,0.130256995101633,0.38069130088532,3.59934886296243
110.6,0.0827660195637944,0.130561816142501,0.381624486048619,3.60442237653106
110.7,0.0827660416468109,0.130873664849711,0.382550758612699,3.60946149908089
110.8,0.0827660637116257,0.131192514168836,0.383470152098589,3.61446635844007
110.9,0.0827660857494149,0.131518337288096,0.384382699964035,3.6194370801338
111,0.0827661077525792,0.131851107634531,0.385288435601772,3.62437378736519
111.1,0.0827661297175076,0.132190798872309,0.386187392336897,3.62927660099609
111.2,0.0827661516370176,0.132537384902515,0.387079603426201,3.6341456395286
111.3,0.0827661735107956,0.132890839858437,0.3879651020549,3.63898101908382
111.4,0.0827661953330876,0.133251138107208,0.388843921336515,3.64378285338325
111.5,0.0827662171048918,0.133618254244399,0.389716094309563,3.64855125372639
111.6,0.0827662388215975,0.133992163095647,0.390581653937512,3.65328632897128
111.7,0.082766260485291,0.134372839711332,0.391440633105551,3.65798818551126
111.8,0.0827662820911215,0.134760259368404,0.392293064620822,3.66265692725476
111.9,0.0827663036395279,0.13515439756512,0.393138981209297,3.66729265560126
112,0.0827663251281318,0.135555230021323,0.39397841551536,3.6718954694195
112.1,0.0827663465546694,0.135962732675691,0.39481140010002,3.67646546502385
112.2,0.0827663679198144,0.136376881682992,0.39563796743914,3.68100273615023
112.3,0.0827663892189,0.136797653414437,0.39645814992319,3.68550737393323
112.4,0.0827664104550869,0.13722502445205,0.39727197985425,3.6899794668799
112.5,0.0827664316221019,0.137658971591464,0.398079489446957,3.69441910084735
112.6,0.0827664527245466,0.138099471834429,0.398880710824727,3.69882635901486
112.7,0.0827664737550993,0.138546502392917,0.399675676021437,3.70320132186159
112.8,0.0827664947191969,0.139000040680677,0.400464416977208,3.70754406713751
112.9,0.0827665156087559,0.139460064318003,0.401246965540575,3.71185466984105
113,0.0827665364326489,0.139926551122052,0.40202335346367,3.71613320218868
113.1,0.0827665571813333,0.140399479113634,0.402793612405536,3.72037973359343
113.2,0.0827665778535907,0.140878826508609,0.403557773927863,3.7245943306346
113.3,0.0827665984544148,0.141364571716338,0.404315869494276,3.72877705703132
113.4,0.0827666189703982,0.141856693343739,0.405067930472459,3.73292797361932
113.5,0.0827666394151961,0.142355170182251,0.405813988127714,3.73704713831774
113.6,0.0827666597767269,0.142859981218396,0.406554073628512,3.7411346061097
113.7,0.0827666800541063,0.143371105623035,0.407288218041216,3.74519042901051
113.8,0.0827667002538394,0.143888522750175,0.408016452329728,3.74921465604158
113.9,0.0827667203631976,0.14441221214109,0.408738807357961,3.7532073332079
114,0.0827667403952371,0.144942153512213,0.409455313883733,3.75716850346566
114.1,0.0827667603389502,0.145478326763922,0.410166002563973,3.76109820670356
114.2,0.0827667801935281,0.146020711971183,0.410870903950017,3.76499647971274
114.3,0.0827667999647568,0.146569289382231,0.411570048487384,3.76886335616264
114.4,0.0827668196400296,0.147124039421677,0.412263466518104,3.77269886658047
114.5,0.0827668392322337,0.147684942679566,0.412951188275003,3.77650303832171
114.6,0.0827668587299871,0.148251979919176,0.413633243886933,3.78027589555473
114.7,0.0827668781323555,0.148825132068156,0.414309663374233,3.78401745923447
114.8,0.0827668974453367,0.149404380217087,0.414980476648607,3.78772774708255
114.9,0.0827669166561573,0.14998970562232,0.415645713515618,3.79140677357191
115,0.0827669357778133,0.150581089695663,0.416305403669147,3.79505454990279
115.1,0.0827669547990765,0.151178514011265,0.416959576696625,3.79867108399374
115.2,0.0827669737190681,0.151781960297463,0.417608262074735,3.80225638046235
115.3,0.0827669925436741,0.152391410435289,0.418251489169422,3.80581044061324
115.4,0.0827670112603835,0.1530068464606,0.418889287238349,3.80933326243135
115.5,0.0827670298771007,0.153628250555676,0.41952168542624,3.81282484056816
115.6,0.0827670483867481,0.154255605052678,0.420148712768476,3.81628516634131
115.7,0.0827670667935353,0.154888892427616,0.420770398187918,3.81971422772781
115.8,0.0827670850935036,0.155528095300991,0.421386770496741,3.82311200936698
115.9,0.0827671032887202,0.156173196433869,0.421997858394664,3.82647849256159
116,0.0827671213753683,0.156824178727216,0.422603690469976,3.82981365528627
116.1,0.0827671393545222,0.157481025218561,0.423204295198189,3.83311747219632
116.2,0.0827671572225114,0.158143719080968,0.423799700942849,3.83638991464343
116.3,0.0827671749795849,0.158812243619942,0.424389935954455,3.83963095069299
116.4,0.0827671926230911,0.159486582272064,0.424975028371,3.84284054514824
116.5,0.0827672101524842,0.160166718602358,0.42555500621732,3.84601865957752
116.6,0.082767227566363,0.160852636302426,0.426129897405257,3.84916525234784
116.7,0.0827672448656014,0.161544319188194,0.426699729733258,3.85228027866309
116.8,0.0827672620494353,0.162241751198002,0.427264530886659,3.8553636906091
116.9,0.0827672791105585,0.162944916391007,0.427824328438119,3.85841543720508
117,0.0827672960580049,0.16365379894322,0.428379149845235,3.86143546445716
117.1,0.0827673128801911,0.164368383148203,0.428929022454237,3.8644237154283
117.2,0.082767329580486,0.165088653412459,0.42947397349639,3.86738013030391
117.3,0.08276734615926,0.165814594254449,0.430014030089756,3.87030464647352
117.4,0.0827673626075816,0.166546190302958,0.43054921923984,3.8731971986187
117.5,0.0827673789362178,0.167283426293343,0.431079567836762,3.87605771880338
117.6,0.0827673951339519,0.168026287067515,0.431605102659316,3.87888613658454
117.7,0.08276741120423,0.168774757570301,0.432125850371496,3.8816823791189
117.8,0.0827674271476893,0.169528822847899,0.432641837524202,3.88444637128809
117.9,0.082767442956272,0.170288468046048,0.433153090555894,3.88717803583154
118,0.082767458639703,0.171053678407493,0.433659635790158,3.88987729348379
118.1,0.0827674741873314,0.17182443927018,0.434161499439373,3.89254406313347
118.2,0.0827674896023494,0.172600736065124,0.434658707601631,3.8951782619801
118.3,0.0827675048851365,0.173382554314219,0.435151286262383,3.8977798057108
118.4,0.0827675200276103,0.174169879628216,0.435639261295097,3.90034860868625
118.5,0.082767535039564,0.174962697705091,0.436122658458999,3.90288458413192
118.6,0.0827675499104597,0.175760994326976,0.43660150340265,3.90538764435289
118.7,0.0827675646433398,0.1765647553593,0.437075821661147,3.90785770094676
118.8,0.0827675792385502,0.177373966747963,0.43754563865766,3.91029466503761
118.9,0.0827675936882955,0.178188614517068,0.438010979704088,3.91269844751968
119,0.0827676080021403,0.179008684768219,0.438471869999027,3.91506895930659
119.1,0.0827676221699972,0.179834163676264,0.438928334631191,3.91740611160475
119.2,0.082767636194837,0.180665037489825,0.439380398576839,3.91970981618395
119.3,0.0827676500770653,0.181501292527719,0.439828086701264,3.92197998566914
119.4,0.0827676638092123,0.182342915176404,0.440271423759483,3.92421653384106
119.5,0.082767677399758,0.183189891890621,0.440710434394595,3.92641937594116
119.6,0.0827676908388476,0.184042209187367,0.441145143140645,3.92858842899909
119.7,0.08276770412931,0.184899853647708,0.441575574420465,3.9307236121556
119.8,0.082767717271531,0.185762811912726,0.442001752547107,3.93282484700453
119.9,0.0827677302582549,0.186631070680916,0.442423701724538,3.93489205794091
120,0.0827677430985322,0.187504616709692,0.442841446045999,3.93692517250959
120.1,0.0827677557832667,0.188383436807946,0.443255009496973,3.93892412177431
120.2,0.082767768315361,0.189267517839564,0.443664415953222,3.94088884067677
120.3,0.0827677806954603,0.190156846718507,0.444069689182074,3.94281926841092
120.4,0.0827677929170724,0.191051410405877,0.4444708528431,3.94471534879842
120.5,0.0827678049878945,0.19195119591302,0.444867930487039,3.94657703065927
120.6,0.0827678168993215,0.192856190292006,0.445260945557987,3.94840426819663
120.7,0.0827678286537741,0.193766380640906,0.44564992139202,3.9501970213657
120.8,0.0827678402514319,0.194681754098146,0.446034881218336,3.95195525625127
120.9,0.0827678516851267,0.195602297839195,0.446415848159924,3.95367894543938
121,0.08276786296008,0.196527999080087,0.446792845232611,3.9553680683765
121.1,0.0827678740712295,0.197458845069192,0.447165895346844,3.95702261173387
121.2,0.0827678850208172,0.198394823090682,0.447535021306925,3.95864256975139
121.3,0.0827678958507903,0.199335920433359,0.447900245803101,3.96022794456568
121.4,0.0827679065083136,0.200282124473383,0.448261591440459,3.96177874658003
121.5,0.0827679170549615,0.201233422546267,0.448619080695656,3.96329499470954
121.6,0.0827679273815751,0.202189802114285,0.448972735976152,3.96477671676956
121.7,0.0827679376134969,0.203151250525811,0.449322579537432,3.96622394962669
121.8,0.0827679476199933,0.204117755303019,0.449668633583911,3.96763673961507
121.9,0.0827679574397272,0.205089303888784,0.45001092018209,3.96901514264267
122,0.0827679671394563,0.206065883730096,0.450349461290305,3.97035922445507
122.1,0.082767976619173,0.207047482386836,0.450684278798059,3.97166906089077
122.2,0.0827679861086554,0.208034087244596,0.451015394426393,3.97294473789891
122.3,0.0827679952440136,0.209025686043276,0.451342829914005,3.97418635196782
122.4,0.0827680044141275,0.210022266103948,0.451666606747409,3.97539400983107
122.5,0.0827680131519517,0.211023815245887,0.451986746483304,3.97656782904869
122.6,0.0827680219462916,0.21203032075546,0.452303270387479,3.97770793751924
122.7,0.0827680302834913,0.213041770490845,0.452616199824666,3.97881447410557
122.8,0.0827680386966458,0.214058151729276,0.452925555852926,3.97988758802114
122.9,0.0827680466761328,0.215079452332277,0.453231359636518,3.98092743943211
123,0.0827680547007633,0.216105659616741,0.453533632046765,3.98193419879329
123.1,0.0827680623535537,0.217136761392312,0.453832394031775,3.98290804732711
123.2,0.0827680699897997,0.218172745045016,0.454127666290915,3.98384917641167
123.3,0.0827680730652953,0.219213598308248,0.454419469551236,3.98475778786085
123.4,0.0827680656297902,0.220259308625399,0.45470782434002,3.9856340934041
123.5,0.082768057952812,0.221309863657635,0.454992751168445,3.98647831477128
123.6,0.0827680501286208,0.222365250912579,0.455274270398145,3.98729068326165
123.7,0.0827680421318831,0.223425457953706,0.455552402318853,3.98807143961642
123.8,0.0827680339194267,0.224490472344821,0.455827167127804,3.98882083371171
123.9,0.0827680255977184,0.225560281554375,0.456098584897717,3.98953912421664
124,0.0827680170040546,0.226634873186221,0.456366675659774,3.99022657840371
124.1,0.0827680083564966,0.227714234619128,0.456631459275133,3.99088347161667
124.2,0.082767999391583,0.228798353480606,0.456892955607066,3.99151008718478
124.3,0.0827679904189897,0.229887217064857,0.457151184310566,3.99210671572765
124.4,0.0827679810423037,0.230980813035044,0.457406165089352,3.99267365517623
124.5,0.0827679715982633,0.232079128631515,0.457657917406599,3.99321120992378
124.6,0.0827679619369439,0.23318215133763,0.457906460732349,3.99371969081687
124.7,0.0827679520816276,0.234289868521194,0.458151814408393,3.99419941452299
124.8,0.0827679420495982,0.235402267526529,0.458393997687302,3.99465070318207
124.9,0.082767931851991,0.236519335674376,0.458633029732208,3.99507388398228
125,0.082767921491994,0.237641060265544,0.458868929615396,3.99546928872676
125.1,0.0827679109992059,0.238767428552978,0.459101716316145,3.99583725341756
125.2,0.0827679003615479,0.239898427785959,0.459331408730184,3.99617811783237
125.3,0.0827678895814189,0.241034045172515,0.459558025662003,3.99649222509959
125.4,0.082767878665891,0.242174267884702,0.459781585826631,3.99677992128107
125.5,0.0827678675971744,0.243319083077837,0.460002107853894,3.99704155495961
125.6,0.0827678563759761,0.244468477857266,0.460219610284016,3.99727747683821
125.7,0.0827678449976549,0.245622439299685,0.460434111568847,3.99748803933077
125.8,0.0827678334588225,0.246780954441462,0.460645630073673,3.99767359618521
125.9,0.0827678217578587,0.24794401027873,0.460854184076958,3.99783450210231
126,0.0827678098949659,0.24911159377138,0.461059791768859,3.99797111235856
126.1,0.0827677978759827,0.250283691829909,0.461262471254579,3.99808378246893
126.2,0.0827677856975405,0.251460291332818,0.461462240553667,3.99817286782802
126.3,0.0827677733646928,0.252641379108835,0.461659117599825,3.99823872338947
126.4,0.0827677608846853,0.25382694194062,0.46185312024193,3.99828170334907
126.5,0.0827677482473933,0.255016966579303,0.462044266246231,3.99830216083855
126.6,0.0827677354651788,0.256211439712383,0.462232573292876,3.99830044764552
126.7,0.0827677225311874,0.257410347995616,0.462418058980337,3.99827691393252
126.8,0.0827677094466308,0.258613678029956,0.462600740823329,3.99823190798486
126.9,0.0827676962160078,0.259821416364757,0.462780636253573,3.99816577596574
127,0.0827676828316609,0.261033549510749,0.462957762621262,3.99807886168194
127.1,0.0827676693018317,0.262250063913149,0.463132137193705,3.99797150638091
127.2,0.0827676556218717,0.263470945978047,0.463303777157402,3.997844048539
127.3,0.0827676417944825,0.264696182052356,0.463472699617235,3.99769682368459
127.4,0.0827676278250156,0.265925758427194,0.463638921597207,3.99753016422538
127.5,0.082767613706097,0.267159661351272,0.463802460041913,3.99734439928506
127.6,0.0827675994486465,0.268397877001983,0.463963331814578,3.99713985456971
127.7,0.0827675850469529,0.269640391515603,0.464121553700328,3.99691685222609
127.8,0.082767570503878,0.270887190964428,0.464277142404387,3.99667571073018
127.9,0.0827675558253549,0.272138261360761,0.464430114552993,3.99641674477946
128,0.0827675410026285,0.273393588671939,0.464580486695321,3.99614026519326
128.1,0.0827675260463968,0.274653158789283,0.464728275300865,3.99584657883886
128.2,0.0827675109508729,0.275916957559682,0.464873496762971,3.99553598854868
128.3,0.0827674957186236,0.277184970762465,0.465016167397034,3.99520879306494
128.4,0.0827674803553349,0.278457184113467,0.465156303441359,3.99486528698587
128.5,0.0827674648527233,0.279733583280207,0.465293921059004,3.99450576071712
128.6,0.0827674492217151,0.281014153850711,0.465429036335239,3.99413050044711
128.7,0.0827674334565012,0.282298881365919,0.46556166528116,3.99373978811082
128.8,0.0827674175600263,0.283587751295858,0.465691823831698,3.99333390137827
128.9,0.0827674015384208,0.284880749044078,0.465819527846533,3.99291311364244
129,0.0827673853828453,0.286177859963779,0.465944793112187,3.99247769401045
129.1,0.0827673691047956,0.287479069325078,0.466067635338969,3.99202790731486
129.2,0.0827673526981539,0.288784362349162,0.466188070165065,3.99156401411304
129.3,0.0827673361657993,0.290093724183562,0.466306113154246,3.99108627070738
129.4,0.0827673195139269,0.291407139906838,0.466421779796814,3.9905949291634
129.5,0.0827673027335166,0.292724594545324,0.466535085511802,3.99009023732939
129.6,0.0827672858361649,0.294046073039618,0.466646045643707,3.98957243887305
129.7,0.0827672688156929,0.295371560279702,0.466754675466766,3.98904177330545
129.8,0.0827672516750658,0.296701041079734,0.466860990182513,3.98849847602292
129.9,0.0827672344206226,0.29803450018296,0.466965004920739,3.98794277834553
130,0.0827672170431919,0.299371922279039,0.467066734741826,3.9873749075556
130.1,0.0827671995546804,0.300713291969701,0.467166194633182,3.98679508695047
130.2,0.0827671819487687,0.302058593805,0.467263399513831,3.98620353588254
130.3,0.0827671642284899,0.303407812257485,0.467358364231721,3.98560046981434
130.4,0.0827671464003271,0.304760931727374,0.467451103564733,3.98498610036945
130.5,0.0827671284548907,0.306117936560454,0.467541632223137,3.98436063538244
130.6,0.0827671104042818,0.307478811012952,0.467629964845752,3.98372427896046
130.7,0.0827670922420763,0.308843539288765,0.467716116004791,3.98307723153272
130.8,0.0827670739713299,0.310212105513168,0.46780010020298,3.98241968991231
130.9,0.082767055598605,0.3115844937382,0.467881931874583,3.98175184735348
131,0.0827670371143906,0.312960687961041,0.467961625387975,3.98107389360744
131.1,0.0827670185309404,0.314340672088269,0.468039195041553,3.98038601498742
131.2,0.082766999841762,0.315724429973897,0.468114655068819,3.97968839442266
131.3,0.0827669810499578,0.317111945392726,0.468188019635309,3.97898121152225
131.4,0.0827669621621798,0.318503202045923,0.46825930283965,3.97826464263454
131.5,0.0827669431687851,0.319898183579859,0.468328518716233,3.97753886090474
131.6,0.0827669240821686,0.321296873549778,0.468395681230884,3.97680403633965
131.7,0.0827669048957829,0.322699255458536,0.468460804286184,3.97606033586282
131.8,0.0827668856127638,0.324105312729706,0.468523901718212,3.97530792337711
131.9,0.0827668662398196,0.325515028713354,0.468584987297617,3.97454695982331
132,0.0827668467671801,0.326928386705289,0.468644074732404,3.97377760323677
132.1,0.0827668272073239,0.328345369910166,0.468701177663369,3.97300000880938
132.2,0.0827668075537045,0.329765961480744,0.468756309669645,3.9722143289437
132.3,0.0827667878095017,0.331190144490959,0.468809484265264,3.97142071331201
132.4,0.0827667679814605,0.332617901941902,0.46886071490025,3.97061930891226
132.5,0.0827667480596358,0.334049216781548,0.468910014963486,3.96981026012206
132.6,0.0827667280565498,0.335484071867049,0.468957397777961,3.96899370875642
132.7,0.0827667079657689,0.336922450004286,0.469002876606525,3.96816979411957
132.8,0.0827666877905818,0.33836433392133,0.469046464648272,3.96733865305915
132.9,0.0827666675378395,0.339809706274587,0.469088175039641,3.96650042001834
133,0.0827666471976959,0.34125854966888,0.469128020857402,3.96565522708643
133.1,0.0827666267828613,0.34271084661895,0.469166015113669,3.96480320405124
133.2,0.0827666063977206,0.34416657956617,0.469202170729961,3.96394447833169
133.3,0.0827665859060614,0.345625730932459,0.469236500636687,3.96307917539977
133.4,0.0827665652576932,0.347088283052708,0.469269017678966,3.96220741848458
133.5,0.0827665447038082,0.348554218133575,0.469299734554424,3.9613293283856
133.6,0.0827665238895552,0.35002351843604,0.469328664075758,3.96044502448842
133.7,0.0827665031915349,0.351496166019429,0.469355818782357,3.95955462336374
133.8,0.0827664823254283,0.352972142993058,0.469381211347727,3.95865824033935
133.9,0.0827664613284063,0.354451431347633,0.469404854290807,3.957755988453
134,0.0827664403593546,0.35593401298626,0.469426760035955,3.95684797872063
134.1,0.082766419122969,0.357419869817829,0.469446941083064,3.95593432082975
134.2,0.0827663980192135,0.35890898359041,0.469465409664966,3.95501512185161
134.3,0.0827663767119883,0.360401336081166,0.469482178178016,3.95409048796244
134.4,0.0827663553700392,0.361896908949689,0.469497258806371,3.95316052300044
134.5,0.0827663340219516,0.363395683802827,0.469510663719758,3.9522253292899
134.6,0.0827663124476253,0.364897642209311,0.469522405105919,3.95128500780764
134.7,0.0827662910128994,0.366402765637937,0.469532494913215,3.95033965717052
134.8,0.0827662693828258,0.367911035532513,0.469540945251547,3.94938937531544
134.9,0.0827662477206194,0.369422433260224,0.469547768016472,3.94843425797834
135,0.0827662260564102,0.370936940127544,0.469552975089543,3.9474743995625
135.1,0.0827662041791982,0.372454537386795,0.469556578371694,3.94650989331096
135.2,0.0827661824371571,0.37397520623601,0.469558589527935,3.9455408302517
135.3,0.0827661605159477,0.375498927799417,0.469559020381209,3.94456730091593
135.4,0.0827661385682257,0.377025683164548,0.469557882545766,3.94358939378484
135.5,0.0827661166230048,0.378555453350759,0.469555187621417,3.94260719616428
135.6,0.0827660944661629,0.380088219305992,0.469550947232005,3.94162079438211
135.7,0.0827660723463996,0.381623961963209,0.469545172792006,3.9406302727811
135.8,0.0827660501523182,0.383162662159478,0.469537875781881,3.93963571497457
135.9,0.0827660278913038,0.384704300699757,0.469529067585519,3.93863720313812
136,0.0827660055782292,0.386248858333961,0.469518759529793,3.93763481821801
136.1,0.0827659832254251,0.387796315748217,0.469506962889541,3.93662863998254
136.2,0.0827659608265772,0.389346653599305,0.469493688887591,3.93561874702728
136.3,0.0827659384073588,0.390899852469449,0.469478948685882,3.93460521678543
136.4,0.0827659159634796,0.392455892906685,0.469462753399563,3.93358812558973
136.5,0.0827658934900782,0.394014755408366,0.469445114090317,3.93256754867512
136.6,0.0827658709999165,0.395576420413077,0.46942604176198,3.93154356018603
136.7,0.0827658484747372,0.397140868331222,0.469405547371887,3.93051623323043
136.8,0.0827658259211077,0.398708079505496,0.469383641819293,3.92948563987173
136.9,0.0827658033343978,0.400278034244292,0.469360335951808,3.92845185115886
137,0.0827657807118136,0.401850712808452,0.46933564056377,3.92741493714609
137.1,0.0827657580568391,0.403426095405466,0.469309566396164,3.92637496691508
137.2,0.0827657353636965,0.405004162214151,0.46928212413748,3.92533200858389
137.3,0.0827657126416114,0.406584893351326,0.469253324422169,3.92428612933649
137.4,0.0827656898883363,0.408168268904018,0.46922317783401,3.9232373954379
137.5,0.0827656671043171,0.409754268915618,0.469191694904107,3.92218587225013
137.6,0.0827656443003576,0.411342873379226,0.469158886109785,3.9211316242477
137.7,0.0827656214636313,0.412934062268302,0.469124761881372,3.92007471504766
137.8,0.0827655986071657,0.414527815495167,0.469089332592456,3.91901520740457
137.9,0.082765575727305,0.416124112948447,0.469052608568582,3.91795316324466
138,0.0827655528218769,0.417722934478076,0.469014600083842,3.91688864367389
138.1,0.0827655298991896,0.419324259888212,0.468975317359263,3.9158217089892
138.2,0.0827655069489282,0.420928068965095,0.468934770568361,3.91475241870305
138.3,0.0827654839809937,0.422534341441317,0.468892969830302,3.91368083154564
138.4,0.0827654609926208,0.424143057027893,0.468849925215915,3.91260700548855
138.5,0.0827654379830792,0.42575419540137,0.468805646745216,3.91153099775386
138.6,0.0827654149607491,0.427367736197961,0.468760144386327,3.91045286482509
138.7,0.0827653919157324,0.428983659039851,0.468713428060685,3.90937266246976
138.8,0.0827653688590437,0.430601943500246,0.468665507635827,3.90829044573718
138.9,0.082765345787835,0.432222569135808,0.468616392932212,3.90720626898445
139,0.0827653227010364,0.433845515473545,0.468566093720341,3.90612018588193
139.1,0.0827652996072128,0.435470762004667,0.468514619719375,3.90503224942148
139.2,0.0827652764960851,0.43709828821105,0.4684619806029,3.90394251194009
139.3,0.0827652533780541,0.438728073530834,0.468408185991274,3.90285102511359
139.4,0.0827652302502849,0.440360097389662,0.468353245458472,3.9017578399823
139.5,0.0827652071116772,0.441994339188337,0.468297168529276,3.90066300695484
139.6,0.0827651839702122,0.443630778297178,0.46823996467798,3.899566575815
139.7,0.0827651608163337,0.445269394080685,0.468181643333801,3.89846859574382
139.8,0.0827651376601016,0.446910165865566,0.46812221387365,3.89736911531212
139.9,0.0827651144988429,0.44855307297022,0.46806168562874,3.89626818250517
140,0.0827650913316168,0.450198094693065,0.468000067881821,3.89516584472494
140.1,0.0827650681663784,0.451845210307207,0.467937369865876,3.89406214879557
140.2,0.0827650449936193,0.453494399084355,0.467873600769662,3.89295714098549
140.3,0.082765021823255,0.455145640263858,0.467808769730249,3.89185086699693
140.4,0.0827649986526271,0.456798913081238,0.467742885839799,3.89074337199109
140.5,0.0827649754807168,0.458454196757034,0.467675958142735,3.88963470058862
140.6,0.0827649523151837,0.460111470491727,0.467607995634427,3.8885248968738
140.7,0.08276492914684,0.461770713488458,0.467539007266683,3.88741400441638
140.8,0.082764905985208,0.463431904923893,0.467469001940394,3.88630206625925
140.9,0.0827648828277246,0.46509502397516,0.467397988512193,3.88518912494323
141,0.0827648596734333,0.466760049809398,0.467325975791674,3.88407522250647
141.1,0.0827648365297542,0.468426961579036,0.467252972540094,3.88296040048747
141.2,0.0827648133877899,0.470095738443282,0.467178987475817,3.88184469994678
141.3,0.0827647902567978,0.47176635954069,0.467104029266995,3.88072816145268
141.4,0.0827647671342886,0.473438804014616,0.46702810653821,3.8796108251063
141.5,0.0827647440193202,0.475113051003428,0.466951227867698,3.87849273053963
141.6,0.0827647209190864,0.47678907963614,0.466873401786036,3.87737391691754
141.7,0.0827646978249529,0.478466869052721,0.466794636781586,3.87625442295955
141.8,0.0827646747458621,0.480146398378277,0.466714941293192,3.87513428692371
141.9,0.0827646516794063,0.481827646747078,0.466634323716782,3.87401354663184
142,0.0827646286246708,0.483510593293423,0.46655279240261,3.87289223946647
142.1,0.0827646055885932,0.485195217147587,0.466470355653965,3.87177040237209
142.2,0.0827645825628223,0.48688149745482,0.466387021732542,3.87064807187683
142.3,0.0827645595559805,0.488569413351405,0.46630279885123,3.86952528407482
142.4,0.082764536565722,0.490258943987067,0.466217695180637,3.86840207465159
142.5,0.0827645135911345,0.491950068516531,0.466131718846363,3.86727847888011
142.6,0.0827644906388878,0.4936427660958,0.466044877927719,3.86615453162123
142.7,0.0827644677009471,0.495337015899845,0.465957180463044,3.86503026734541
142.8,0.0827644447856039,0.497032797100506,0.46586863444257,3.86390572011376
142.9,0.082764421890616,0.498730088887266,0.465779247814875,3.86278092360356
143,0.0827643990151286,0.500428870459526,0.46568902848419,3.86165591110349
143.1,0.0827643761655794,0.502129121023225,0.465597984309129,3.8605307155134
143.2,0.0827643533342134,0.50383081980723,0.465506123107951,3.85940536936614
143.3,0.0827643305290266,0.505533946043016,0.465413452651501,3.85827990480735
143.4,0.0827643077478442,0.507238478983846,0.46531998066959,3.85715435362111
143.5,0.0827642849898122,0.508944397897742,0.465225714848333,3.85602874722452
143.6,0.0827642622611016,0.510651682064452,0.4651306628289,3.85490311666686
143.7,0.0827642395542547,0.512360310790468,0.465034832212702,3.85377749265147
143.8,0.0827642168769194,0.514070263390597,0.464938230554438,3.85265190551449
143.9,0.0827641942270061,0.515781519205457,0.464840865368383,3.8515263852507
144,0.0827641716036963,0.517494057595167,0.464742744125765,3.85040096150742
144.1,0.082764149012899,0.519207857936668,0.464643874253539,3.84927566358321
144.2,0.0827641264474662,0.520922899637402,0.464544263139492,3.84815052044981
144.3,0.0827641039147293,0.522639162118691,0.464443918125406,3.84702556072991
144.4,0.0827640814126796,0.524356624831605,0.46434284651324,3.84590081272321
144.5,0.0827640589405204,0.526075267251355,0.464241055562561,3.84477630439969
144.6,0.0827640365039082,0.527795068874953,0.46413855248933,3.84365206339795
144.7,0.0827640140959858,0.529516009233504,0.464035344470926,3.84252811704713
144.8,0.0827639917237585,0.531238067877478,0.463931438639433,3.84140449234397
144.9,0.0827639693852979,0.532961224390897,0.463826842087713,3.8402812159789
145,0.0827639470798308,0.534685458386436,0.463721561866884,3.8391583143289
145.1,0.0827639248127524,0.536410749503409,0.463615604985135,3.83803581345547
145.2,0.0827639025775093,0.538137077418694,0.463508978412654,3.83691373912655
145.3,0.0827638803807815,0.539864421833871,0.463401689075048,3.83579211679294
145.4,0.0827638582207238,0.541592762487756,0.463293743859301,3.83467097161444
145.5,0.0827638360965923,0.543322079152187,0.463185149611302,3.83355032845234
145.6,0.0827638140135276,0.545052351630337,0.463075913134693,3.83243021186707
145.7,0.0827637919652677,0.546783559766287,0.462966041195699,3.83131064614017
145.8,0.0827637699581722,0.548515683434,0.462855540516683,3.83019165525008
145.9,0.0827637479904763,0.550248702548168,0.462744417781977,3.82907326289836
146,0.0827637260614632,0.551982597060714,0.462632679635477,3.82795549250187
146.1,0.0827637041760189,0.553717346959456,0.462520332679514,3.82683836719012
146.2,0.0827636823281759,0.555452932276404,0.462407383479584,3.82572190982723
146.3,0.0827636605239761,0.557189333078375,0.462293838558046,3.82460614298731
146.4,0.0827636387617317,0.558926529476249,0.462179704399835,3.82349108898068
146.5,0.0827636170407484,0.560664501622173,0.46206498745011,3.82237676984579
146.6,0.0827635953656601,0.562403229708598,0.461949694113147,3.8212632073463
146.7,0.0827635737308033,0.564142693975215,0.46183383075695,3.82015042299289
146.8,0.0827635521419075,0.565882874701309,0.461717403707139,3.81903843801852
146.9,0.0827635305973581,0.567623752213558,0.46160041925252,3.81792727340456
147,0.082763509096476,0.56936530688381,0.461482883642791,3.81681694987244
147.1,0.0827634876436567,0.571107519128325,0.461364803087456,3.81570748788053
147.2,0.082763466233615,0.572850369413234,0.461246183760315,3.814598907646
147.3,0.0827634448717995,0.574593838249106,0.461127031793547,3.81349122911966
147.4,0.0827634235567087,0.576337906196801,0.461007353283082,3.81238447201203
147.5,0.0827634022877262,0.578082553866,0.460887154286405,3.81127865578481
147.6,0.0827633810690327,0.579827761914834,0.460766440821527,3.8101737996478
147.7,0.0827633598953739,0.581573511054409,0.460645218871402,3.80906992258065
147.8,0.0827633387718405,0.583319782044343,0.460523494378056,3.80796704330732
147.9,0.0827633176969113,0.58506655569758,0.460401273247923,3.80686518032228
148,0.0827632966698841,0.586813812879421,0.460278561349677,3.80576435188179
148.1,0.0827632756945717,0.588561534507389,0.460155364513215,3.80466457600061
148.2,0.0827632547662362,0.590309701554189,0.460031688533898,3.80356587047339
148.3,0.0827632338896305,0.592058295045536,0.459907539166987,3.80246825284957
148.4,0.082763213063414,0.593807296063007,0.459782922132706,3.8013717404589
148.5,0.0827631922870589,0.595556685743811,0.459657843114186,3.80027635040286
148.6,0.082763171564285,0.597306445280973,0.459532307756511,3.79918209955135
148.7,0.0827631508905181,0.59905655592521,0.459406321670848,3.79808900456396
148.8,0.0827631302703547,0.600806998984064,0.459279890428992,3.79699708186465
148.9,0.082763109702491,0.602557755823547,0.45915301956836,3.79590634766735
149,0.0827630891863506,0.604308807868417,0.45902571458997,3.79481681796724
149.1,0.082763068725395,0.606060136602594,0.4588979809575,3.79372850853726
149.2,0.0827630483153191,0.607811723569912,0.458769824101323,3.7926414349493
149.3,0.0827630279603544,0.609563550374777,0.458641249413222,3.79155561254891
149.4,0.0827630076592567,0.61131559868237,0.458512262251208,3.79047105648061
149.5,0.0827629874114708,0.613067850219512,0.458382867937586,3.78938778167917
149.6,0.0827629672548487,0.614820286775369,0.458253071754467,3.78830580285253
149.7,0.0827635920280809,0.616572890201514,0.458122813581117,3.78722488484365
149.8,0.0827646638693945,0.618325642412172,0.457991992178951,3.78614463325995
149.9,0.0827646408127938,0.620078525385174,0.457860609828976,3.78506504745169
150,0.08276461776963,0.621831521162967,0.457728672849632,3.7839861424123
150.1,0.0827645947407567,0.623584611853284,0.457596187316668,3.78290793226132
150.2,0.0827645717270864,0.625337779629607,0.457463159260308,3.78183043093296
150.3,0.0827645487293284,0.627091006728106,0.457329594673092,3.78075365220396
150.4,0.0827645257491459,0.628844275469181,0.457195499509977,3.77967760968923
150.5,0.0827645027878484,0.630597568233987,0.457060879688671,3.7786023168497
150.6,0.0827644798456585,0.632350867457088,0.456925741089909,3.77752778699585
150.7,0.0827644569207306,0.634104155590587,0.456790089557782,3.77645403329834
150.8,0.0827644340170293,0.635857415283051,0.456653930898636,3.77538106874084
150.9,0.0827644111313291,0.637610629084337,0.4565172708833,3.77430890620112
151,0.0827643882670527,0.639363779755462,0.45638011524506,3.77323755836854
151.1,0.0827643654246535,0.641116850084631,0.456242469681264,3.7721670377958
151.2,0.0827643426041253,0.642869822862247,0.456104339853241,3.77109735690473
151.3,0.0827643198048147,0.644622681067995,0.455965731386112,3.77002852794201
151.4,0.0827642970313289,0.646375407663593,0.455826649868724,3.76896056302796
151.5,0.0827642742820498,0.648127985712107,0.455687100854794,3.76789347413446
151.6,0.0827642515576634,0.649880398349444,0.455547089862219,3.76682727308877
151.7,0.0827642288643664,0.651632628781523,0.455406622372889,3.7657619715738
151.8,0.082764206194515,0.653384660282322,0.45526570383491,3.7646975811396
151.9,0.0827641835564518,0.65513647620545,0.455124339659561,3.76363411318653
152,0.0827641609475263,0.656888059969736,0.454982535224352,3.76257157898365
152.1,0.0827641383669149,0.658639395067237,0.454840295871793,3.7615099896614
152.2,0.0827641158200336,0.660390465066864,0.454697626909077,3.76044935620963
152.3,0.0827640932999232,0.662141253604936,0.454554533610237,3.75938968949052
152.4,0.0827640708133455,0.6638917443965,0.45441102121349,3.75833100022359
152.5,0.0827640483580312,0.665641921228577,0.454267094923843,3.75727329900015
152.6,0.0827640259336328,0.66739176796324,0.454122759912065,3.75621659627806
152.7,0.0827640035452851,0.669141268538512,0.453978021314458,3.7551609023807
152.8,0.0827639811865813,0.670890406965134,0.45383288423485,3.75410622750775
152.9,0.0827639588645323,0.672639167332928,0.453687353742044,3.75305258172172
153,0.0827639365769434,0.674387533804316,0.45354143487243,3.75199997496237
153.1,0.0827639143234607,0.676135490618489,0.453395132628933,3.75094841704105
153.2,0.0827638921092828,0.677883022093014,0.453248451980766,3.74989791763943
153.3,0.0827638699279225,0.67963011261657,0.453101397865457,3.74884848632125
153.4,0.0827638477860533,0.681376746660558,0.452953975186295,3.74780013251766
153.5,0.0827638256815215,0.683122908769077,0.452806188814883,3.74675286554217
153.6,0.082763803613882,0.684868583564123,0.452658043590138,3.74570669458487
153.7,0.0827637815879059,0.686613755747446,0.452509544318057,3.74466162871118
153.8,0.0827637595976038,0.688358410093204,0.452360695773624,3.74361767687307
153.9,0.082763737649215,0.690102531459179,0.452211502698437,3.74257484789524
154,0.0827637157407425,0.691846104776989,0.452061969803107,3.74153315048926
154.1,0.0827636938718455,0.693589115057255,0.451912101766324,3.74049259324812
154.2,0.0827636720471284,0.695331547391413,0.451761903234642,3.73945318464508
154.3,0.0827636502608374,0.697073386943806,0.451611378824323,3.73841493304455
154.4,0.0827636285189938,0.69881461896388,0.451460533119036,3.73737784668853
154.5,0.0827636068196648,0.700555228775346,0.451309370672198,3.73634193371056
154.6,0.0827635851624724,0.702295201781797,0.451157896006064,3.73530720213031
154.7,0.0827635635517757,0.704034523468666,0.451006113611528,3.73427365985241
154.8,0.0827635419820881,0.705773179394625,0.450854027949892,3.73324131467716
154.9,0.0827635204590661,0.707511155204594,0.450701643450678,3.73221017428722
155,0.0827634989822188,0.709248436619063,0.450548964513709,3.73118024626033
155.1,0.0827634775505159,0.710985009437806,0.450395995508628,3.73015153806627
155.2,0.0827634561659023,0.712720859542255,0.450242740774656,3.72912405706547
155.3,0.0827634348280983,0.714455972892021,0.450089204621323,3.72809781051344
155.4,0.0827634135373034,0.716190335527206,0.44993539132831,3.7270728055597
155.5,0.0827633922938213,0.717923933567759,0.449781305145645,3.72604904924906
155.6,0.082763371097889,0.719656753213674,0.449626950293866,3.72502654852256
155.7,0.0827633499493089,0.721388780744971,0.449472330964209,3.72400531021851
155.8,0.0827633288489009,0.723120002522146,0.449317451318602,3.72298534107257
155.9,0.0827633077968368,0.724850404985898,0.449162315489983,3.72196664771953
156,0.0827632867936012,0.726579974657242,0.449006927582351,3.72094923669365
156.1,0.0827632658397827,0.728308698137634,0.448851291670935,3.71993311442962
156.2,0.0827632449360287,0.730036562109104,0.44869541180234,3.71891828726338
156.3,0.0827632240826682,0.731763553333831,0.448539291994738,3.71790476143333
156.4,0.082763203280227,0.733489658654796,0.448382936237958,3.71689254308067
156.5,0.0827631825291272,0.735214864995386,0.448226348493662,3.71588163825058
156.6,0.0827631618296578,0.736939159359535,0.448069532695493,3.71487205289296
156.7,0.0827631411816556,0.738662528831526,0.447912492749257,3.71386379286353
156.8,0.0827631205844683,0.74038496057531,0.447755232533079,3.71285686392481
156.9,0.0827631000404948,0.742106441838792,0.447597755897127,3.71185127174403
157,0.082763079548556,0.743826959946741,0.447440066664531,3.71084702189917
157.1,0.0827630591087136,0.745546502305745,0.447282168630967,3.709844119876
157.2,0.0827630387242072,0.747265056406128,0.447124065564572,3.7088425710674
157.3,0.0827630183911404,0.748982609811621,0.446965761207287,3.70784238078214
157.4,0.0827629981140571,0.750699150174999,0.446807259273191,3.70684355423357
157.5,0.0827629778915333,0.752414665223568,0.446648563450315,3.70584609655161
157.6,0.0827630565539643,0.754129131093544,0.446489666833272,3.70484996302862
157.7,0.0827644265828884,0.755842395670108,0.446330445527777,3.70385455756594
157.8,0.0827675287144445,0.757554397807547,0.446170856123374,3.70285966116713
157.9,0.0827723476537401,0.759265130750548,0.446010903837044,3.70186528381972
158,0.0827788708311944,0.760974587568377,0.445850593363567,3.70087143354123
158.1,0.0827870861546006,0.762682761345985,0.445689929299578,3.69987811800845
158.2,0.0827969816074546,0.764389645221909,0.445528916210295,3.69888534482421
158.3,0.0828085452384981,0.766095232389075,0.445367558631734,3.69789312152551
158.4,0.0828217651623153,0.767799516092386,0.445205861071025,3.69690145558512
158.5,0.0828366295533794,0.769502489117618,0.445043828143518,3.69591035488475
158.6,0.0828531266668439,0.771204145850232,0.444881464701864,3.69491982697936
158.7,0.0828712448072429,0.772904479175536,0.444718775339809,3.69392987968694
158.8,0.0828909723483315,0.774603482552134,0.444555764452848,3.69294052022759
158.9,0.0829122977278235,0.776301149489464,0.444392436409416,3.69195175576131
159,0.0829352094470921,0.777997473547118,0.444228795549907,3.69096359338685
159.1,0.0829596960708098,0.779692448338782,0.444064846186369,3.68997604013907
159.2,0.082985746226651,0.781386067531017,0.443900592602748,3.68898910299015
159.3,0.0830133486049883,0.783078324839818,0.443736039055443,3.68800278885242
159.4,0.08304249195856,0.784769214031468,0.443571189773295,3.687017104578
159.5,0.083073165102153,0.786458728923885,0.443406048957534,3.68603205695792
159.6,0.0831053569122867,0.788146863383475,0.443240620782295,3.6850476527249
159.7,0.0831390563269042,0.789833611328882,0.443074909394239,3.68406389855063
159.8,0.0831742523450552,0.791518966727217,0.44290891891316,3.68308080104891
159.9,0.0832109340265879,0.793202923595443,0.442742653431906,3.68209836677486
160,0.0832490904918398,0.794885475999773,0.442576117016569,3.68111660222555
160.1,0.083288710921331,0.79656661805565,0.442409313706596,3.6801355138403
160.2,0.0833297845554625,0.798246343927393,0.442242247514937,3.67915510800111
160.3,0.0833723006942052,0.799924647827988,0.44207492242819,3.67817539103311
160.4,0.0834162486968088,0.801601524018685,0.441907342406747,3.67719636920504
160.5,0.0834616179814866,0.803276966808836,0.441739511384934,3.67621804872961
160.6,0.0835083980251302,0.804950970555539,0.441571433271153,3.67524043576394
160.7,0.0835565783629964,0.806623529663567,0.441403111948006,3.67426353640993
160.8,0.0836061485884307,0.808294638584716,0.441234551272471,3.67328735671481
160.9,0.0836570983525523,0.809964291818144,0.441065755075977,3.67231190267121
161,0.0837094173639717,0.811632483909685,0.440896727164588,3.67133718021786
161.1,0.0837630953885009,0.813299209451534,0.440727471319149,3.67036319523995
161.2,0.0838181222488487,0.814964463082835,0.440557991295319,3.66938995356901
161.3,0.0838744878243522,0.816628239488081,0.440388290823869,3.66841746098419
161.4,0.0839321820506706,0.818290533398152,0.440218373610663,3.66744572321177
161.5,0.0839911949195099,0.819951339589408,0.440048243336869,3.66647474592597
161.6,0.0840515164783368,0.82161065288332,0.439877903659107,3.66550453474943
161.7,0.0841131368300887,0.823268468147067,0.439707358209484,3.66453509525298
161.8,0.0841760461329021,0.824924780292068,0.439536610595868,3.66356643295687
161.9,0.0842402345998238,0.826579584274862,0.439365664401889,3.66259855333034
162,0.0843056924985355,0.828232875096289,0.439194523187135,3.6616314617924
162.1,0.0843724101510765,0.829884647801125,0.439023190487303,3.66066516371226
162.2,0.0844403779335643,0.831534897478594,0.438851669814231,3.65969966440915
162.3,0.0845095862759223,0.833183619261254,0.438679964656141,3.65873496915332
162.4,0.0845800256616063,0.834830808325317,0.43850807847769,3.65777108316596
162.5,0.0846516866273311,0.836476459890287,0.438336014720123,3.65680801161966
162.6,0.0847245597628,0.838120569218695,0.438163776801401,3.65584575963875
162.7,0.084798635710435,0.839763131615871,0.437991368116322,3.65488433229967
162.8,0.0848739051651108,0.841404142429779,0.437818792036646,3.65392373463121
162.9,0.0849503588738841,0.843043597050722,0.437646051911225,3.65296397161493
163,0.085027987635732,0.844681490911138,0.437473151066126,3.65200504818548
163.1,0.0851067823012848,0.846317819485399,0.43730009280475,3.65104696923085
163.2,0.0851867337725649,0.847952578289571,0.437126880407959,3.65008973959276
163.3,0.0852678330027252,0.849585762881188,0.4369535171342,3.64913336406698
163.4,0.0853500709957868,0.851217368859054,0.436780006219625,3.64817784740359
163.5,0.0854334388063838,0.852847391863016,0.436606350878207,3.64722319430733
163.6,0.0855179275395011,0.854475827573743,0.436432554301873,3.64626940943791
163.7,0.0856035283502225,0.856102671712512,0.436258619660611,3.64531649741033
163.8,0.0856902324434721,0.857727920041,0.436084550102599,3.64436446279513
163.9,0.0857780310737622,0.859351568361058,0.435910348754322,3.64341331011877
164,0.0858669155449406,0.8609736125145,0.435736018720689,3.64246304386387
164.1,0.0859568772099391,0.862594048382901,0.435561563085152,3.64151366846953
164.2,0.0860479074705224,0.864212871887361,0.435386984909825,3.64056518833165
164.3,0.0861399977770411,0.865830078988325,0.435212287235598,3.63961760780318
164.4,0.0862331396281834,0.867445665685348,0.435037473082259,3.63867093119445
164.5,0.0863273245707272,0.869059628016903,0.434862545448605,3.63772516277344
164.6,0.0864225441992969,0.870671962060166,0.434687507312557,3.63678030676605
164.7,0.0865187901561193,0.872282663930809,0.434512361631279,3.63583636735643
164.8,0.08661605413078,0.873891729782802,0.434337111341289,3.63489334868722
164.9,0.0867143278599819,0.8754991558082,0.434161759358577,3.63395125485983
165,0.0868136031273057,0.877104938236943,0.433986308578711,3.63301008993478
165.1,0.086913871762971,0.878709073336656,0.433810761876956,3.63206985793189
165.2,0.0870151256435962,0.88031155741244,0.433635122108386,3.63113056283059
165.3,0.0871173566919642,0.881912386806677,0.433459392107993,3.63019220857023
165.4,0.0872205568767856,0.883511557898829,0.433283574690798,3.62925479905029
165.5,0.0873247182124648,0.885109067105235,0.433107672651965,3.62831833813067
165.6,0.0874298327588662,0.886704910878923,0.432931688766907,3.62738282963197
165.7,0.0875358926210821,0.888299085709397,0.432755625791401,3.62644827733575
165.8,0.0876428899492027,0.889891588122456,0.432579486461693,3.62551468498474
165.9,0.0877508171049872,0.89148241416795,0.432403273595916,3.62458205667373
166,0.087859669154508,0.893071561444103,0.432226990278676,3.62365039617223
166.1,0.087969439466799,0.894659026091455,0.43205063945978,3.62271970774964
166.2,0.0880801203854639,0.896244804791324,0.431874223802891,3.62178999500641
166.3,0.0881917043021151,0.897828894265763,0.431697745952714,3.62086126150308
166.4,0.0883041836521592,0.899411291270189,0.431521208535407,3.61993351076457
166.5,0.0884175509145591,0.900991992597745,0.431344614157909,3.6190067462766
166.6,0.0885317986116001,0.902570995079247,0.431167965408019,3.6180809714859
166.7,0.0886469193081191,0.904148295577099,0.430991264855399,3.61715618980512
166.8,0.088762905611393,0.905723890986904,0.4308145150514,3.61623240461162
166.9,0.0888797501710549,0.907297778238499,0.430637718528978,3.61530961924678
167,0.0889974456776399,0.908869954283608,0.43046087780467,3.61438783702591
167.1,0.0891159848653285,0.910440416124769,0.430283995374228,3.61346706121525
167.2,0.0892353605128342,0.912009160825019,0.430107073711176,3.61254729502422
167.3,0.0893555654316912,0.913576185397314,0.429930115283937,3.61162854169413
167.4,0.0894765924865649,0.91514148700126,0.429753122525566,3.61071080434067
167.5,0.0895984345742302,0.916705062743741,0.429576097864578,3.60979408611365
167.6,0.0897210846341361,0.918266909782143,0.429399043709109,3.6088783901145
167.7,0.0898445356524472,0.919827025362584,0.429221962441023,3.60796371936559
167.8,0.0899687806426016,0.921385406641907,0.429044856443611,3.60705007695307
167.9,0.0900938126735719,0.922942050950229,0.428867728060908,3.60613746581646
168,0.0902196248441458,0.924496955555856,0.428690579634265,3.60522588893717
168.1,0.0903462102948054,0.92605011777659,0.428513413485146,3.60431534924935
168.2,0.0904735622119825,0.927601535018469,0.42833623190912,3.60340584960897
168.3,0.0906016738084757,0.929151204602814,0.428159037202939,3.60249739293245
168.4,0.0907305383514757,0.930699124017199,0.427981831625407,3.60158998199561
168.5,0.0908601491387728,0.93224529070552,0.427804617430236,3.60068361960201
168.6,0.0909904995058291,0.93378970213322,0.427627396855957,3.59977830853076
168.7,0.0911215828311842,0.935332355835494,0.427450172118409,3.59887405149793
168.8,0.0912533925292066,0.93687324935572,0.427272945420457,3.59797085120596
168.9,0.0913859220532401,0.938412380274433,0.42709571894753,3.59706871032055
169,0.0915191648944342,0.939949746200667,0.42691849486903,3.59616763147764
169.1,0.0916531145817309,0.941485344773419,0.426741275338181,3.59526761728232
169.2,0.091787764681635,0.943019173661227,0.426564062492161,3.59436867030924
169.3,0.0919231087986406,0.944551230567041,0.426386858451384,3.59347079309872
169.4,0.0920591405740296,0.94608151321978,0.426209665320921,3.59257398816369
169.5,0.092195853686425,0.947610019380242,0.426032485189612,3.59167825798494
169.6,0.0923332418513893,0.949136746839215,0.425855320130435,3.59078360501269
169.7,0.0924712988211086,0.950661693416302,0.425678172200764,3.58989003166768
169.8,0.0926100183842356,0.952184856959967,0.425501043442408,3.58899754034109
169.9,0.0927493943658252,0.953706235348439,0.425323935881553,3.58810613339399
170,0.0928894206269986,0.955225826488291,0.425146851529034,3.58721581315846
170.1,0.0930300910647979,0.956743628314633,0.424969792380374,3.58632658193752
170.2,0.0931713996120396,0.958259638791294,0.42479276041582,3.58543844200507
170.3,0.0933133402371483,0.959773855910709,0.424615757600414,3.58455139560601
170.4,0.0934559069438635,0.961286277693019,0.424438785884212,3.58366544495705
170.5,0.0935990937711977,0.962796902186915,0.424261847202198,3.58278059224607
170.6,0.0937428947931961,0.964305727469044,0.424084943474447,3.58189683963267
170.7,0.0938873041186922,0.965812751643414,0.42390807660628,3.58101418924871
170.8,0.0940323158912867,0.967317972842342,0.423731248488169,3.58013264319758
170.9,0.0941779242889782,0.968821389224975,0.423554460996042,3.57925220355549
171,0.0943241235241224,0.970322998978086,0.423377715991207,3.57837287237084
171.1,0.0944709078432085,0.971822800315587,0.423201015320494,3.5774946516647
171.2,0.0946182715266477,0.973320791478152,0.423024360816374,3.57661754343115
171.3,0.094766208888688,0.97481697073366,0.422847754296945,3.57574154963701
171.4,0.0949147142771206,0.976311336376246,0.422671197566149,3.5748666722226
171.5,0.0950637820732085,0.977803886726846,0.422494692413734,3.57399291310143
171.6,0.0952134066914736,0.979294620132763,0.422318240615387,3.57312027416052
171.7,0.0953635825794863,0.980783534967265,0.422141843932861,3.57224875726087
171.8,0.0955143042178065,0.982270629630189,0.421965504113919,3.57137836423691
171.9,0.0956655661196608,0.983755902546771,0.421789222892601,3.57050909689763
172,0.0958173628309005,0.985239352168349,0.42161300198915,3.56964095702593
172.1,0.0959696889297843,0.986720976971886,0.421436843110155,3.56877394637917
172.2,0.0961225390267696,0.988200775459565,0.42126074794867,3.56790806668946
172.3,0.0962759077644585,0.989678746159368,0.421084718184171,3.56704331966329
172.4,0.0964297898172823,0.991154887623977,0.420908755482801,3.56617970698245
172.5,0.09658417989146,0.992629198431414,0.420732861497311,3.56531723030358
172.6,0.0967390727247862,0.994101677184596,0.420557037867189,3.56445589125852
172.7,0.0968944630864271,0.995572322510942,0.420381286218785,3.56359569145478
172.8,0.097050345776871,0.997041133062943,0.420205608165262,3.56273663247498
172.9,0.0972067156276148,0.998508107517068,0.42003000530684,3.56187871587795
173,0.0973635675011298,0.999973244574415,0.419854479230731,3.56102194319811
173.1,0.097520896290651,1.00143654296026,0.419679031511275,3.56016631594592
173.2,0.0976786969199771,1.00289800142368,0.419503663710055,3.5593118356083
173.3,0.0978369643434286,1.00435761873811,0.419328377375848,3.5584585036481
173.4,0.0979956935455323,1.00581539370027,0.419153174044869,3.55760632150513
173.5,0.0981548795409958,1.0072713251308,0.418978055240702,3.55675529059561
173.6,0.0983145173744986,1.00872541187383,0.418803022474438,3.55590541231258
173.7,0.0984746021204968,1.01017765279658,0.418628077244781,3.5550566880263
173.8,0.0986351288831836,1.01162804678998,0.418453221038004,3.55420911908376
173.9,0.0987960927961802,1.01307659276751,0.418278455328187,3.55336270680965
174,0.098957489022511,1.01452328966592,0.41810378157715,3.55251745250585
174.1,0.0991193127544019,1.01596813644476,0.417929201234582,3.55167335745182
174.2,0.0992815592130856,1.017411132086,0.417754715738153,3.55083042290498
174.3,0.0994442236487685,1.01885227559463,0.417580326513464,3.54998865010024
174.4,0.0996073013403235,1.02029156599754,0.417406034974285,3.54914804025095
174.5,0.0997707875952705,1.02172900234421,0.417231842522484,3.54830859454839
174.6,0.0999346777495767,1.02316458370626,0.417057750548154,3.54747031416216
174.7,0.100098967167467,1.02459830917709,0.416883760429728,3.54663320024056
174.8,0.100263651241395,1.02603017787243,0.41670987353392,3.54579725391009
174.9,0.100428725391736,1.02746018892927,0.416536091215966,3.54496247627641
175,0.100594185066776,1.02888834150656,0.416362414819551,3.54412886842385
175.1,0.100760025742513,1.03031463478472,0.416188845676932,3.54329643141576
175.2,0.100926242922472,1.03173906796529,0.416015385109053,3.54246516629489
175.3,0.101092832137676,1.03316164027153,0.415842034425484,3.54163507408289
175.4,0.10125978894635,1.03458235094732,0.415668794924657,3.54080615578132
175.5,0.101427108933906,1.03600119925784,0.415495667893798,3.53997841237105
175.6,0.101594787712752,1.03741818448913,0.415322654609043,3.53915184481268
175.7,0.101762820922107,1.03883330594772,0.415149756335551,3.53832645404691
175.8,0.101931204227985,1.04024656296121,0.414976974327442,3.53750224099402
175.9,0.102099933322887,1.04165795487724,0.414804309828039,3.53667920655487
176,0.102269003925804,1.04306748106409,0.414631764069781,3.53585735161031
176.1,0.102438411782021,1.04447514091029,0.414459338274356,3.5350366770216
176.2,0.102608152662938,1.04588093382427,0.414287033652799,3.53421718363076
176.3,0.102778222366058,1.04728485923491,0.414114851405437,3.53339887226006
176.4,0.102948616714683,1.04868691659049,0.413942792722119,3.53258174371299
176.5,0.103119331557917,1.05008710535937,0.413770858782143,3.53176579877371
176.6,0.103290362770477,1.05148542502953,0.413599050754368,3.53095103820744
176.7,0.103461706252515,1.05288187510826,0.413427369797328,3.53013746276079
176.8,0.10363335792961,1.0542764551227,0.413255817059165,3.52932507316127
176.9,0.103805313752469,1.05566916461881,0.413084393677861,3.52851387011828
177,0.103977569696932,1.057060003162,0.41291310078116,3.52770385432249
177.1,0.104150121763784,1.05844897033677,0.412741939486683,3.52689502644627
177.2,0.104322965978585,1.05983606574631,0.412570910902038,3.52608738714401
177.3,0.104496098391663,1.06122128901306,0.41240001612475,3.52528093705166
177.4,0.104669515077817,1.06260463977774,0.412229256242493,3.52447567678761
177.5,0.104843212136323,1.06398611769994,0.412058632333011,3.52367160695221
177.6,0.10501718569076,1.06536572245773,0.411888145464232,3.52286872812809
177.7,0.10519143188883,1.06674345374732,0.411717796694371,3.52206704088051
177.8,0.105365946902362,1.06811931128363,0.411547587071868,3.52126654575691
177.9,0.105540726927014,1.06949329479925,0.411377517635607,3.52046724328777
178,0.105715768182289,1.07086540404509,0.411207589414845,3.5196691339861
178.1,0.105891066911354,1.07223563878999,0.411037803429319,3.51887221834784
178.2,0.106066619380872,1.07360399882039,0.41086816068935,3.51807649685213
178.3,0.106242421881005,1.07497048394084,0.410698662195776,3.51728196996085
178.4,0.10641847072512,1.07633509397303,0.410529308940177,3.51648863811955
178.5,0.106594762249806,1.07769782875643,0.410360101904793,3.51569650175688
178.6,0.106771292814701,1.07905868814791,0.410191042062635,3.51490556128498
178.7,0.106948058802322,1.08041767202133,0.410022130377586,3.51411581709979
178.8,0.107125056618072,1.08177478026817,0.409853367804334,3.51332726958056
178.9,0.107302282689952,1.08313001279653,0.409684755288593,3.51253991909075
179,0.10747973346858,1.08448336953172,0.409516293767021,3.51175376597754
179.1,0.107657405427017,1.08583485041589,0.409347984167331,3.51096881057211
179.2,0.107835295060606,1.08718445540772,0.409179827408385,3.51018505319002
179.3,0.108013398886979,1.08853218448294,0.409011824400134,3.5094024941307
179.4,0.108191713445768,1.08987803763336,0.408843976043828,3.50862113367835
179.5,0.108370235298636,1.0912220148675,0.40867628323194,3.50784097210142
179.6,0.108548961029099,1.0925641162102,0.408508746848272,3.50706200965292
179.7,0.108727887242367,1.09390434170232,0.40834136776805,3.50628424657078
179.8,0.108907010565361,1.09524269140122,0.408174146857858,3.50550768307733
179.9,0.109086327646422,1.09657916537986,0.408007084975852,3.50473231938025
180,0.109265835155343,1.09791376372739,0.407840182971679,3.50395815567193
180.1,0.109445529783197,1.09924648654877,0.407673441686581,3.50318519212991
180.2,0.109625408242182,1.10057733396447,0.407506861953494,3.50241342891716
180.3,0.109805467265638,1.10190630611096,0.407340444596971,3.50164286618159
180.4,0.109985703607758,1.10323340313983,0.407174190433405,3.50087350405693
180.5,0.110166114043626,1.10455862521833,0.40700810027094,3.50010534266221
180.6,0.11034669536905,1.10588197252904,0.406842174909577,3.49933838210208
180.7,0.110527444400399,1.10720344526956,0.406676415141266,3.49857262246715
180.8,0.110708357974636,1.10852304365299,0.406510821749837,3.49780806383346
180.9,0.110871517899175,1.10984076790707,0.406345395511214,3.4970447062634
181,0.110943104131631,1.1111566182747,0.406180137193323,3.49628254980515
181.1,0.111014984815122,1.11247059501366,0.406015047556208,3.49552159449303
181.2,0.111087157093067,1.11378269839621,0.405850127352108,3.49476184034778
181.3,0.111159618125764,1.1150929287097,0.405685377325396,3.49400328737611
181.4,0.111232365090235,1.11640128625559,0.405520798212784,3.49324593557155
181.5,0.111305395180197,1.11770777135006,0.405356390743244,3.49248978491391
181.6,0.111378705605953,1.11901238432367,0.4051921556381,3.49173483536963
181.7,0.111452293594287,1.12031512552102,0.405028093611125,3.49098108689204
181.8,0.111526156388437,1.12161599530132,0.404864205368468,3.49022853942096
181.9,0.11160029124793,1.1229149940374,0.404700491608859,3.48947719288347
182,0.111674695448566,1.12421212211639,0.404536953023528,3.48872704719341
182.1,0.111749366282303,1.12550737993932,0.404373590296301,3.48797810225174
182.2,0.111824301057161,1.12680076792079,0.40421040410369,3.48723035794678
182.3,0.111899497097189,1.12809228648957,0.404047395114818,3.48648381415378
182.4,0.11197495174231,1.12938193608761,0.40388456399163,3.48573847073575
182.5,0.1120506623483,1.13066971717067,0.403721911388802,3.48499432754291
182.6,0.112126626286685,1.131955630208,0.403559437953841,3.48425138441305
182.7,0.112202840944634,1.13323967568195,0.403397144327172,3.48350964117179
182.8,0.112279303724937,1.13452185408859,0.403235031142063,3.48276909763213
182.9,0.112356012045852,1.13580216593674,0.403073099024834,3.48202975359527
183,0.112432963341082,1.13708061174862,0.402911348594762,3.48129160885009
183.1,0.112510155059672,1.13835719205942,0.402749780464186,3.48055466317347
183.2,0.112587584665915,1.13963190741709,0.402588395238587,3.47981891633058
183.3,0.11266524963932,1.1409047583828,0.402427193516516,3.47908436807439
183.4,0.112743147474465,1.14217574553007,0.402266175889794,3.47835101814653
183.5,0.112821275680979,1.14344486944536,0.40210534294343,3.47761886627674
183.6,0.11289963178344,1.14471213072772,0.401944695255708,3.47688791218319
183.7,0.112978213321276,1.14597752998849,0.401784233398279,3.47615815557276
183.8,0.113057017848745,1.14724106785183,0.40162395793608,3.4754295961406
183.9,0.113136042934783,1.14850274495382,0.401463869427539,3.47470223357091
184,0.113215286162993,1.14976256194307,0.401303968424485,3.47397606753642
184.1,0.113294745131538,1.15102051948035,0.401144255472239,3.47325109769874
184.2,0.113374417453051,1.15227661823832,0.400984731109701,3.47252732370861
184.3,0.113454300754615,1.15353085890204,0.400825395869273,3.47180474520541
184.4,0.11353439267761,1.15478324216809,0.400666250277058,3.47108336181802
184.5,0.113614690877703,1.15603376874515,0.400507294852767,3.4703631731643
184.6,0.113695193024751,1.15728243935366,0.400348530109819,3.46964417885132
184.7,0.113775896802703,1.15852925472557,0.400189956555417,3.46892637847573
184.8,0.113856799909588,1.15977421560479,0.400031574690473,3.46820977162324
184.9,0.113937900057363,1.16101732274637,0.399873385009802,3.46749435786945
185,0.114019194971902,1.16225857691707,0.399715388002041,3.4667801367793
185.1,0.114100682392903,1.16349797889501,0.39955758414973,3.46606710790742
185.2,0.114182360073794,1.16473552946939,0.399399973929399,3.46535527079834
185.3,0.114264225781716,1.16597122944103,0.399242557811486,3.46464462498609
185.4,0.114346277297379,1.16720507962146,0.399085336260539,3.46393516999497
185.5,0.114428512415053,1.16843708083356,0.398928309735118,3.46322690533899
185.6,0.114510928942472,1.16966723391116,0.39877147868789,3.46251983052226
185.7,0.114593524700744,1.1708955396988,0.398614843565707,3.46181394503918
185.8,0.114676297524338,1.17212199905226,0.398458404809526,3.461109248374
185.9,0.114759245260939,1.17334661283764,0.398302162854606,3.46040574000165
186,0.114842365771442,1.17456938193199,0.398146118130413,3.45970341938715
186.1,0.114925656929856,1.17579030722299,0.397990271060716,3.45900228598598
186.2,0.115009116623218,1.1770093896086,0.397834622063655,3.45830233924428
186.3,0.115092742751583,1.17822662999767,0.397679171551669,3.45760357859845
186.4,0.115176533227874,1.17908320797557,0.397523919931687,3.45690600347588
186.5,0.115260485977884,1.17968137433015,0.397368867605035,3.45620961329446
186.6,0.115344598940181,1.18027875891891,0.397214014967525,3.4555144074629
186.7,0.115428870066022,1.18087536186192,0.397059362409531,3.45482038538094
186.8,0.115513297319345,1.18147118328447,0.396904910315909,3.45412754643891
186.9,0.11559787867662,1.18206622331683,0.396750659066188,3.45343589001852
187,0.115682612126856,1.18266048209439,0.396596609034481,3.45274541549235
187.1,0.115767495671502,1.18325395975754,0.396442760589565,3.45205612222409
187.2,0.115852527324368,1.18384665645164,0.396289114094961,3.45136800956888
187.3,0.115937705111614,1.18443857232705,0.396135669908854,3.45068107687277
187.4,0.116023027071609,1.18502970753904,0.395982428384279,3.44999532347357
187.5,0.11610849125493,1.18562006224776,0.395829389869034,3.44931074870025
187.6,0.116194095724278,1.18620963661828,0.395676554705758,3.4486273518733
187.7,0.116279838554385,1.18679843082043,0.395523923232008,3.44794513230495
187.8,0.116365717832018,1.18738644502894,0.395371495780184,3.44726408929873
187.9,0.11645173165583,1.18797367942324,0.395219272677706,3.4465842221502
188,0.116537878136369,1.18856013418756,0.395067254246932,3.44590553014651
188.1,0.116624155395986,1.18914580951083,0.394915440805235,3.44522801256659
188.2,0.116710561568754,1.18973070558667,0.394763832665073,3.44455166868147
188.3,0.116797094800464,1.19031482261337,0.39461243013392,3.44387649775383
188.4,0.116883753248486,1.19089816079384,0.394461233514439,3.44320249903869
188.5,0.116970535081771,1.1914807203356,0.394310243104398,3.44252967178296
188.6,0.117057438480767,1.19206250145076,0.394159459196747,3.44185801522571
188.7,0.117144461637338,1.19264350435592,0.39400888207969,3.44118752859842
188.8,0.117231602754761,1.19322372927229,0.393858512036609,3.4405182111245
188.9,0.117318860047586,1.19380317642547,0.393708349346243,3.43985006202008
189,0.117406231741645,1.19438184604559,0.393558394282595,3.43918308049346
189.1,0.117493716073966,1.19495973836719,0.393408647115017,3.43851726574545
189.2,0.117581311292692,1.19553685362919,0.393259108108275,3.43785261696953
189.3,0.117669015657083,1.19611319207494,0.393109777522473,3.43718913335149
189.4,0.117756827437375,1.19668875395208,0.392960655613233,3.43652681407008
189.5,0.117844744914794,1.19726353951262,0.3928117426316,3.4358656582966
189.6,0.117932766381465,1.19783754901284,0.392663038824124,3.43520566519512
189.7,0.118020890140337,1.19841078271327,0.392514544432928,3.43454683392271
189.8,0.118109114505189,1.19898324087873,0.39236625969563,3.43388916362903
189.9,0.118197437800485,1.1995549237782,0.392218184845517,3.43323265345704
190,0.11828585836139,1.20012583168486,0.392070320111461,3.43257730254252
190.1,0.118374374533684,1.20069596487608,0.391922665717985,3.43192311001432
190.2,0.118462984673687,1.20126532363331,0.391775221885342,3.4312700749946
190.3,0.118551687148263,1.20183390824215,0.39162798882943,3.43061819659841
190.4,0.118640480334683,1.20240171899226,0.39148096676197,3.42996747393439
190.5,0.118729362620635,1.20296875617733,0.391334155890411,3.42931790610426
190.6,0.118818332404146,1.20353502009513,0.391187556418011,3.42866949220315
190.7,0.118907388093505,1.20410051104737,0.391041168543901,3.42802223131977
190.8,0.118996528107267,1.2046652293398,0.390894992463006,3.42737612253599
190.9,0.119085750874119,1.20522917528205,0.390749028366221,3.42673116492756
191,0.119175054832895,1.20579234918772,0.390603276440313,3.42608735756363
191.1,0.119264438432494,1.2063547513743,0.390457736868006,3.425444699507
191.2,0.119353900131803,1.20691638216312,0.390312409828038,3.42480318981435
191.3,0.119443438399711,1.20747724187941,0.390167295495088,3.4241628275358
191.4,0.119533051714969,1.20803733085217,0.390022394039941,3.42352361171561
191.5,0.119622738566205,1.20859664941424,0.389877705629405,3.42288554139175
191.6,0.119712497451851,1.2091551979022,0.389733230426378,3.42224861559607
191.7,0.119802326880061,1.20971297665639,0.389588968589916,3.4216128333546
191.8,0.11989222536873,1.21026998602087,0.389444920275153,3.42097819368708
191.9,0.119982191445348,1.2108262263434,0.389301085633473,3.42034469560766
192,0.12007222364703,1.21138169797541,0.389157464812411,3.41971233812446
192.1,0.120162320520429,1.21193640127198,0.389014057955737,3.41908112023975
192.2,0.120252480621667,1.2124903365918,0.388870865203512,3.41845104095024
192.3,0.120342702516347,1.21304350429721,0.38872788669201,3.41782209924662
192.4,0.120432984779417,1.21359590475406,0.388585122553889,3.41719429411426
192.5,0.120523325995191,1.21414753833179,0.388442572918096,3.41656762453273
192.6,0.120613724757271,1.21469840540337,0.388300237909939,3.41594208947604
192.7,0.120704179668477,1.21524850634525,0.388158117651154,3.41531768791288
192.8,0.12079468934086,1.21579784153742,0.388016212259822,3.41469441880619
192.9,0.120885252395565,1.21634641136324,0.387874521850535,3.41407228111383
193,0.120975867462858,1.21689421620958,0.387733046534306,3.41345127378811
193.1,0.121066533182047,1.21744125646669,0.38759178641864,3.41283139577605
193.2,0.121157248201409,1.21798753252821,0.387450741607594,3.41221264601959
193.3,0.121248011178213,1.21853304479116,0.3873099122017,3.41159502345515
193.4,0.121338820778578,1.21907779365589,0.387169298298129,3.41097852701436
193.5,0.1214296756775,1.21962177952606,0.387028899990597,3.4103631556235
193.6,0.12152057455878,1.22016500280865,0.386888717369438,3.40974890820383
193.7,0.121611516114948,1.2207074639139,0.386748750521664,3.40913578367175
193.8,0.121702499047287,1.22124916325532,0.386608999530885,3.40852378093843
193.9,0.121793522065695,1.22179010124964,0.386469464477472,3.40791289891042
194,0.121884583888711,1.22233027831678,0.386330145438465,3.40730313648922
194.1,0.121975683243443,1.22286969487988,0.386191042487645,3.40669449257151
194.2,0.122066818865499,1.22340835136522,0.386052155695589,3.40608696604936
194.3,0.122157989499003,1.22394624820225,0.385913485129595,3.40548055580984
194.4,0.122249193896466,1.22448338582349,0.385775030853839,3.40487526073563
194.5,0.122340430818811,1.22501976466461,0.385636792929288,3.40427107970459
194.6,0.122431699035301,1.22555538516434,0.385498771413766,3.40366801159001
194.7,0.12252299732347,1.22609024776445,0.385360966362012,3.40306605526078
194.8,0.122614324469143,1.22662435290979,0.385223377825602,3.40246520958101
194.9,0.122705679266308,1.22715770104816,0.385086005853106,3.40186547341067
195,0.122797060517138,1.22769029263039,0.384948850490002,3.40126684560511
195.1,0.122888467031927,1.2282221281103,0.384811911778738,3.40066932501535
195.2,0.122979897629015,1.2287532079446,0.384675189758791,3.40007291048823
195.3,0.123071351134816,1.22928353259301,0.384538684466591,3.39947760086602
195.4,0.123162826383681,1.22981310251809,0.384402395935673,3.39888339498706
195.5,0.123254322217936,1.23034191818532,0.384266324196592,3.39829029168535
195.6,0.123345837487804,1.23086998006304,0.384130469276984,3.39769828979069
195.7,0.123437371051341,1.23139728862244,0.383994831201628,3.39710738812896
195.8,0.12352892177446,1.23192384433755,0.383859409992362,3.3965175855217
195.9,0.123620488530801,1.23244964768518,0.38372420566824,3.39592888078671
196,0.123712070201759,1.23297469914495,0.383589218245446,3.39534127273764
196.1,0.123803665676421,1.23349899919925,0.383454447737354,3.3947547601842
196.2,0.12389527385149,1.23402254833317,0.383319894154583,3.39416934193236
196.3,0.123986893631322,1.2345453470346,0.383185557504925,3.39358501678396
196.4,0.124078523927786,1.23506739579409,0.383051437793492,3.3930017835373
196.5,0.124170163660304,1.23558869510487,0.382917535022629,3.39241964098676
196.6,0.124261811755777,1.23610924546289,0.382783849191978,3.39183858792295
196.7,0.124353467148521,1.23662904736668,0.382650380298532,3.39125862313298
196.8,0.124445128780298,1.23714810131748,0.382517128336558,3.3906797454
196.9,0.124536795600181,1.23766640781906,0.382384093297747,3.39010195350384
197,0.124628466564592,1.23818396737783,0.382251275171128,3.38952524622059
197.1,0.124720140637229,1.23870078050276,0.382118673943126,3.38894962232279
197.2,0.12481181678901,1.23921684770537,0.381986289597619,3.38837508057967
197.3,0.124903493998094,1.23973216949973,0.38185412211586,3.38780161975668
197.4,0.124995171249753,1.2402467464024,0.381722171476628,3.38722923861618
197.5,0.125086847536413,1.24076057893246,0.381590437656135,3.38665793591694
197.6,0.125178521857579,1.24127366761146,0.381458920628092,3.38608771041441
197.7,0.125270193219779,1.24178601296339,0.381327620363761,3.38551856086088
197.8,0.125361860636586,1.24229761551474,0.381196536831876,3.3849504860051
197.9,0.125453523128498,1.24280847579436,0.381065669998791,3.38438348459287
198,0.125545179722968,1.24331859433353,0.380935019828397,3.38381755536663
198.1,0.12563682945434,1.24382797166592,0.380804586282174,3.38325269706566
198.2,0.125728471363787,1.24433660832757,0.38067436931925,3.38268890842627
198.3,0.125820104499344,1.24484450485687,0.38054436889632,3.38212618818141
198.4,0.125911727915774,1.24535166179453,0.380414584967795,3.38156453506128
198.5,0.126003340674611,1.24585807968359,0.380285017485713,3.38100394779289
198.6,0.126094941844095,1.2463637590694,0.380155666399797,3.38044442510026
198.7,0.126186530499107,1.24686870049955,0.38002653165751,3.37988596570464
198.8,0.126278105721203,1.24737290452394,0.379897613203975,3.37932856832411
198.9,0.126369666598485,1.24787637169468,0.37976891098212,3.37877223167412
199,0.126461212225645,1.24837910256613,0.379640424932594,3.37821695446717
199.1,0.126552741703893,1.24888109769484,0.379512154993818,3.37766273541291
199.2,0.126644254140904,1.24938235763957,0.379384101102047,3.37710957321841
199.3,0.126735748650844,1.24988288296127,0.379256263191281,3.37655746658773
199.4,0.12682722435425,1.250382674223,0.379128641193419,3.37600641422249
199.5,0.126918680378065,1.25088173199002,0.379001235038162,3.37545641482151
199.6,0.127010115855576,1.25138005682969,0.378874044653079,3.37490746708095
199.7,0.127101529926355,1.25187764931146,0.378747069963652,3.37435956969455
199.8,0.127192921736293,1.25237451000692,0.378620310893204,3.37381272135319
199.9,0.127284290437473,1.25287063948968,0.378493767363031,3.37326692074552
200,0.127375635188213,1.25336603833547,0.378367439292329,3.37272216655752
200.1,0.127466955153,1.25386070712201,0.37824132659824,3.37217845747269
200.2,0.127558249502435,1.25435464642907,0.378115429195904,3.37163579217225
200.3,0.127649517413263,1.25484785683845,0.377989746998387,3.37109416933477
200.4,0.127740758068256,1.25534033893389,0.377864279916814,3.3705535876367
200.5,0.127831970656245,1.25583209330117,0.377739027860288,3.37001404575202
200.6,0.127923154372065,1.25632312052801,0.377613990735944,3.36947554235238
200.7,0.128014308416496,1.25681342120404,0.377489168448998,3.3689380761073
200.8,0.128105431996296,1.25730299592089,0.377364560902669,3.3684016456838
200.9,0.12819652432408,1.25779184527205,0.377240167998321,3.36786624974697
201,0.12828758461836,1.25827996985292,0.377115989635373,3.36733188695953
201.1,0.128378612103485,1.2587673702608,0.376992025711359,3.36679855598209
201.2,0.128469606009586,1.25925404709484,0.37686827612197,3.36626625547325
201.3,0.128560565572609,1.25974000095608,0.376744740760983,3.36573498408926
201.4,0.128651490034194,1.26022523244734,0.376621419520395,3.3652047404846
201.5,0.128742378641718,1.2607097421733,0.37649831229034,3.36467552331154
201.6,0.128833230648233,1.26119353074045,0.376375418959139,3.36414733122037
201.7,0.128924045312415,1.26167659875705,0.376252739413353,3.36362016285952
201.8,0.129014821898594,1.26215894683316,0.376130273537701,3.36309401687525
201.9,0.129105559676635,1.26264057558057,0.376008021215203,3.36256889191216
202,0.129196257921986,1.26312148561285,0.375885982327086,3.36204478661282
202.1,0.129286915915612,1.26360167754531,0.375764156752847,3.36152169961791
202.2,0.129377532943943,1.26408115199491,0.375642544370287,3.36099962956647
202.3,0.129468108298913,1.26455990958041,0.375521145055452,3.36047857509546
202.4,0.129558641277834,1.26503795092217,0.375399958682751,3.35995853484034
202.5,0.129649131183447,1.26551527664228,0.375278985124882,3.35943950743467
202.6,0.129739577323859,1.26599188736448,0.37515822425288,3.35892149151029
202.7,0.12982997901249,1.26646778371412,0.375037675936163,3.3584044856975
202.8,0.12992033556811,1.26694296631823,0.37491734004246,3.3578884886247
202.9,0.130010646314722,1.26741743580543,0.374797216437938,3.3573734989189
203,0.130100910581603,1.26789119280594,0.374677304987122,3.35685951520536
203.1,0.13019112770325,1.26836423795158,0.374557605552947,3.35634653610775
203.2,0.130281297019325,1.26883657187572,0.3744381179968,3.35583456024835
203.3,0.130371417874692,1.26930819521335,0.374318842178449,3.35532358624764
203.4,0.130461489619301,1.26977910860092,0.37419977795617,3.35481361272488
203.5,0.13055151160823,1.27024931267648,0.374080925186665,3.3543046382977
203.6,0.130641483201634,1.27071880807959,0.373962283725116,3.35379666158228
203.7,0.130731403764685,1.27118759545126,0.373843853425224,3.35328968119351
203.8,0.130821272667617,1.27165567543408,0.373725634139139,3.35278369574467
203.9,0.130911089285604,1.27212304867204,0.373607625717586,3.35227870384789
204,0.13100085299881,1.27258971581064,0.373489828009785,3.35177470411384
204.1,0.131090563192329,1.27305567749682,0.373372240863498,3.35127169515183
204.2,0.131180219256136,1.27352093437894,0.373254864125077,3.35076967557005
204.3,0.131269820585124,1.27398548710683,0.373137697639385,3.35026864397517
204.4,0.131359366578991,1.27444933633168,0.373020741249928,3.34976859897287
204.5,0.131448856642283,1.2749124827061,0.37290399479877,3.34926953916744
204.6,0.13153829018434,1.2753749268841,0.372787458126582,3.34877146316201
204.7,0.131627666619244,1.27583666952103,0.372671131072688,3.34827436955865
204.8,0.131716985365861,1.27629771127364,0.372555013474989,3.34777825695806
204.9,0.131806245847724,1.27675805279999,0.372439105170091,3.34728312396006
205,0.131895447493078,1.2772176947595,0.372323405993218,3.34678896916323
205.1,0.131984589734832,1.2776766378129,0.372207915778269,3.34629579116506
205.2,0.132073672010499,1.27813488262221,0.372092634357855,3.34580358856214
205.3,0.132162693762244,1.27859242985079,0.371977561563224,3.3453123599498
205.4,0.132251654436767,1.27904928016325,0.371862697224391,3.34482210392259
205.5,0.132340553485351,1.27950543422548,0.371748041170055,3.34433281907396
205.6,0.132429390363805,1.27996089270463,0.371633593227644,3.34384450399638
205.7,0.132518164532418,1.28041565626909,0.371519353223358,3.34335715728152
205.8,0.132606875456,1.28086972558851,0.3714053209821,3.34287077751992
205.9,0.132695522603766,1.28132310133371,0.371291496327594,3.34238536330146
206,0.132784105449383,1.28177578417678,0.371177879082309,3.341900913215
206.1,0.132872623470922,1.28222777479097,0.371064469067499,3.34141742584857
206.2,0.132961076150804,1.28267907385071,0.370951266103255,3.34093489978951
206.3,0.133049462975842,1.28312968203165,0.370838270008419,3.3404533336241
206.4,0.133137783437132,1.28357960001055,0.370725480600721,3.33997272593811
206.5,0.133226037030097,1.28402882846534,0.370612897696685,3.3394930753164
206.6,0.133314223254435,1.2844773680751,0.370500521111685,3.33901438034309
206.7,0.133402341614075,1.28492521952002,0.370388350659978,3.3385366396017
206.8,0.133490391617214,1.28537238348143,0.370276386154641,3.33805985167486
206.9,0.133578372776206,1.28581886064172,0.370164627407683,3.33758401514473
207,0.133666284607614,1.28626465168441,0.370053074229969,3.3371091285927
207.1,0.133754126632153,1.28670975729409,0.369941726431265,3.33663519059953
207.2,0.133841898374648,1.28715417815641,0.369830583820281,3.33616219974546
207.3,0.133929599364072,1.2875979149581,0.369719646204592,3.33569015460996
207.4,0.134017229133436,1.28804096838691,0.369608913390767,3.33521905377214
207.5,0.13410478721984,1.28848333913164,0.36949838518428,3.33474889581042
207.6,0.134192273164419,1.28892502788211,0.369388061389564,3.33427967930269
207.7,0.1342796865123,1.28936603532915,0.36927794181004,3.33381140282648
207.8,0.13436702681264,1.28980636216462,0.369168026248059,3.33334406495856
207.9,0.134454293618519,1.29024600908133,0.369058314505006,3.3328776642755
208,0.13454148648699,1.29068497677308,0.368948806381231,3.33241219935327
208.1,0.134628604979025,1.29112326593468,0.368839501676092,3.33194766876741
208.2,0.134715648659472,1.29156087726182,0.368730400187987,3.33148407109316
208.3,0.134802617097098,1.29199781145123,0.36862150171429,3.33102140490515
208.4,0.134889509864477,1.29243406920051,0.368512806051469,3.33055966877788
208.5,0.134976326538044,1.2928696512082,0.368404312995,3.33009886128534
208.6,0.135063066698041,1.29330455817379,0.368296022339417,3.32963898100119
208.7,0.135149729928473,1.29373879079761,0.368187933878348,3.3291800264989
208.8,0.135236315817154,1.29417234978097,0.368080047404443,3.32872199635141
208.9,0.135322823955594,1.29460523582599,0.367972362709496,3.32826488913162
209,0.135409253939054,1.29503744963569,0.367864879584357,3.32780870341201
209.1,0.135495605366492,1.29546899191398,0.367757597818982,3.32735343776484
209.2,0.135581877840522,1.29589986336556,0.367650517202471,3.32689909076224
209.3,0.135668070967454,1.29633006469606,0.367543637522993,3.32644566097595
209.4,0.135754184357193,1.29675959661188,0.367436958567906,3.32599314697769
209.5,0.135840217623281,1.29718845982024,0.367330480123674,3.32554154733893
209.6,0.135926170382854,1.29761665502922,0.367224201975914,3.32509086063094
209.7,0.136012042256597,1.29804418294766,0.367118123909431,3.32464108542499
209.8,0.136097832868788,1.29847104428522,0.367012245708147,3.32419222029201
209.9,0.13618354184719,1.29889723975233,0.366906567155217,3.32374426380304
210,0.136269168823101,1.29932277006018,0.366801088032951,3.32329721452893
210.1,0.13635471343131,1.29974763592077,0.366695808122854,3.32285107104043
210.2,0.13644017531005,1.3001718380468,0.366590727205663,3.32240583190834
210.3,0.136525554101044,1.30059537715176,0.366485845061284,3.32196149570326
210.4,0.136610849449399,1.30101825394983,0.366381161468891,3.32151806099594
210.5,0.136696061003654,1.30144046915595,0.366276676206863,3.32107552635704
210.6,0.136781188415738,1.30186202348577,0.366172389052816,3.32063389035718
210.7,0.136866231340924,1.30228291765563,0.366068299783644,3.32019315156717
210.8,0.136951189437872,1.30270315238258,0.365964408175447,3.31975330855763
210.9,0.13703606236853,1.30312272838436,0.365860714003643,3.31931435989947
211,0.137120849798176,1.30354164637937,0.365757217042894,3.31887630416354
211.1,0.137205551395381,1.30395990708671,0.365653917067142,3.31843913992078
211.2,0.137290166831959,1.3043775112261,0.365550813849648,3.31800286574234
211.3,0.137374695783018,1.30479445951796,0.365447907162923,3.31756748019932
211.4,0.13745913792685,1.3052107526833,0.365345196778838,3.31713298186314
211.5,0.137543492944988,1.30562639144378,0.365242682468545,3.31669936930527
211.6,0.137627760522155,1.30604137652172,0.365140364002522,3.31626664109732
211.7,0.137711940346228,1.30645570863999,0.365038241150606,3.31583479581123
211.8,0.137796032108275,1.30686938852212,0.36493631368192,3.3154038320189
211.9,0.137880035502459,1.30728241689221,0.364834581364992,3.31497374829268
212,0.137963950226089,1.30769479447494,0.364733043967669,3.31454454320502
212.1,0.138047775979569,1.30810652199561,0.364631701257165,3.31411621532861
212.2,0.138131512466361,1.30851760018003,0.364530553000089,3.31368876323649
212.3,0.138215159393033,1.30892802975463,0.364429598962382,3.31326218550179
212.4,0.138298716469149,1.30933781144635,0.364328838909421,3.31283648069814
212.5,0.138382183407327,1.30974694598269,0.364228272605945,3.31241164739933
212.6,0.138465559923193,1.31015543409171,0.364127899816098,3.31198768417947
212.7,0.138548845735339,1.31056327650194,0.364027720303455,3.3115645896131
212.8,0.138632040565369,1.31097047394249,0.363927733830964,3.31114236227492
212.9,0.138715144137796,1.31137702714294,0.363827940161045,3.31072100074019
213,0.138798156180099,1.31178293683339,0.363728339055518,3.3103005035844
213.1,0.138881076422673,1.31218820374443,0.363628930275643,3.30988086938343
213.2,0.13896390459879,1.31259282860713,0.363529713582152,3.30946209671368
213.3,0.139046640444649,1.31299681215306,0.363430688735181,3.30904418415174
213.4,0.139129283699271,1.31340015511421,0.363331855494379,3.30862713027484
213.5,0.13921183410455,1.31380285822309,0.36323321361883,3.30821093366053
213.6,0.139294291405213,1.31420492221263,0.363134762867093,3.30779559288679
213.7,0.139376655348782,1.31460634781619,0.363036502997235,3.30738110653219
213.8,0.139458925685611,1.31500713576762,0.362938433766763,3.30696747317558
213.9,0.139541102168797,1.31540728680114,0.362840554932731,3.30655469139648
214,0.139623184554226,1.31580680165142,0.362742866251664,3.30614275977481
214.1,0.139705172600528,1.31620568105356,0.362645367479597,3.305731676891
214.2,0.139787066069045,1.31660392574302,0.362548058372104,3.3053214413261
214.3,0.139868864723872,1.31700153645571,0.36245093868424,3.30491205166151
214.4,0.139950568331758,1.31739851392788,0.362354008170634,3.3045035064794
214.5,0.140032176662159,1.3177948588962,0.362257266585424,3.30409580436237
214.6,0.140113689487198,1.3181905720977,0.36216071368229,3.30368894389357
214.7,0.140195106581623,1.31858565426975,0.362064349214485,3.30328292365689
214.8,0.140276427722853,1.31898010615015,0.361968172934774,3.30287774223659
214.9,0.140357652690884,1.31937392847698,0.361872184595532,3.30247339821775
215,0.140438781268337,1.3197671219887,0.361776383948673,3.30206989018597
215.1,0.140519813240418,1.3201596874241,0.361680770745687,3.30166721672746
215.2,0.140600748394879,1.32055162552228,0.361585344737669,3.30126537642919
215.3,0.140681586522065,1.32094293702272,0.361490105675257,3.30086436787859
215.4,0.140762327414819,1.32133362266514,0.361395053308733,3.30046418966399
215.5,0.140842970868528,1.32172368318962,0.361300187387947,3.30006484037423
215.6,0.140923516681088,1.32211311933653,0.361205507662355,3.29966631859888
215.7,0.141003964652864,1.3225019318465,0.361111013881055,3.29926862292831
215.8,0.141084314586734,1.32289012146051,0.361016705792713,3.29887175195338
215.9,0.141164566287999,1.32327768891974,0.360922583145671,3.29847570426593
216,0.141244719564429,1.32366463496572,0.360828645687871,3.29808047845837
216.1,0.141324774226223,1.32405096034019,0.360734893166894,3.29768607312387
216.2,0.141404730085976,1.32443666578516,0.360641325329983,3.29729248685646
216.3,0.141484586958723,1.32482175204292,0.360547941923992,3.29689971825077
216.4,0.14156434466184,1.32520621985596,0.36045474269547,3.29650776590236
216.5,0.141644003015104,1.32559006996704,0.3603617273906,3.2961166284075
216.6,0.141723561840645,1.32597330311913,0.360268895755232,3.29572630436324
216.7,0.141803020962916,1.32635592005542,0.36017624753491,3.29533679236754
216.8,0.141882380208732,1.32673792151936,0.360083782474813,3.29494809101902
216.9,0.141961639407184,1.32711930825455,0.359991500319848,3.29456019891727
217,0.142040798389685,1.32750008100483,0.359899400814583,3.29417311466266
217.1,0.142119856989932,1.32788024051423,0.359807483703278,3.29378683685638
217.2,0.14219881504387,1.32825978752695,0.35971574872992,3.29340136410057
217.3,0.14227767238974,1.32863872278742,0.359624195638155,3.29301669499807
217.4,0.142356428867982,1.3290170470402,0.359532824171387,3.29263282815281
217.5,0.142435084321292,1.32939476103003,0.359441634072706,3.29224976216945
217.6,0.142513638594577,1.32977186550184,0.359350625084925,3.29186749565358
217.7,0.142592091534924,1.33014836120068,0.359259796950607,3.29148602721179
217.8,0.142670442991644,1.3305242488718,0.359169149412005,3.29110535545139
217.9,0.142748692816181,1.33089952926053,0.359078682211151,3.29072547898083
218,0.142826840862162,1.33127420311239,0.358988395089796,3.29034639640937
218.1,0.142904886985359,1.33164827117303,0.358898287789436,3.28996810634721
218.2,0.142982831043658,1.33202173418817,0.358808360051344,3.28959060740559
218.3,0.143060672897097,1.33239459290374,0.358718611616509,3.28921389819657
218.4,0.143138412407781,1.33276684806569,0.358629042225726,3.28883797733335
218.5,0.143216049439934,1.33313850042015,0.358539651619532,3.28846284342998
218.6,0.143293583859856,1.33350955071332,0.358450439538236,3.28808849510151
218.7,0.143371015535892,1.33387999969149,0.35836140572195,3.2877149309641
218.8,0.143448344338477,1.33424984810105,0.358272549910524,3.28734214963473
218.9,0.143525570140047,1.33461909668847,0.358183871843643,3.28697014973158
219,0.14360269281509,1.3349877462003,0.358095371260757,3.28659892987374
219.1,0.143679712240104,1.33535579738316,0.358007047901109,3.28622848868132
219.2,0.143756628293572,1.33572325098372,0.357918901503775,3.2858588247756
219.3,0.143833440855999,1.33609010774875,0.357830931807589,3.28548993677869
219.4,0.143910149809828,1.33645636842502,0.357743138551247,3.28512182331398
219.5,0.143986755039489,1.33682203375939,0.357655521473228,3.28475448300579
219.6,0.144063256431363,1.33718710449875,0.357568080311839,3.28438791447952
219.7,0.144139653873749,1.33755158139,0.357480814805229,3.28402211636175
219.8,0.144215947256906,1.33791546518014,0.357393724691341,3.28365708727997
219.9,0.144292136472972,1.33827875661611,0.357306809707993,3.28329282586296
220,0.144368221416006,1.33864145644492,0.357220069592818,3.28292933074047
220.1,0.144444201981958,1.33900356541359,0.357133504083292,3.28256660054338
220.2,0.144520078068635,1.33936508426912,0.35704711291676,3.28220463390379
220.3,0.144595849575744,1.33972601375857,0.356960895830382,3.28184342945475
220.4,0.144671516404807,1.34008635462893,0.356874852561218,3.28148298583061
220.5,0.144747078459211,1.34044610762722,0.35678898284616,3.28112330166677
220.6,0.144822535644173,1.34080527350045,0.356703286421968,3.28076437559979
220.7,0.144897887866705,1.34116385299559,0.356617763025296,3.28040620626745
220.8,0.144973135035661,1.3415218468596,0.356532412392628,3.28004879230855
220.9,0.145048277061652,1.34187925583941,0.356447234260373,3.27969213236324
221,0.145123313857096,1.3422360806819,0.356362228364794,3.27933622507273
221.1,0.145198245336177,1.34259232213393,0.356277394442042,3.2789810690794
221.2,0.145273071414824,1.34294798094229,0.356192732228182,3.27862666302695
221.3,0.145347792010744,1.34330305785377,0.356108241459133,3.2782730055601
221.4,0.145422407043349,1.34365755361503,0.356023921870757,3.27792009532494
221.5,0.145496916433793,1.34401146897273,0.355939773198791,3.27756793096868
221.6,0.145571320104949,1.34436480467343,0.355855795178882,3.27721651113974
221.7,0.145645617981369,1.34471756146363,0.355771987546609,3.27686583448788
221.8,0.145719809989335,1.34506974008978,0.355688350037426,3.27651589966389
221.9,0.145793896056771,1.34542134129819,0.355604882386751,3.27616670532001
222,0.145867876113293,1.34577236583512,0.355521584329896,3.27581825010961
222.1,0.145941750090177,1.34612281444676,0.355438455602101,3.2754705326873
222.2,0.146015517920325,1.34647268787914,0.35535549593856,3.27512355170905
222.3,0.146089179538313,1.34682198687827,0.355272705074362,3.27477730583195
222.4,0.146162734880305,1.34717071218998,0.355190082744575,3.2744317937145
222.5,0.146236183884103,1.34751886456003,0.355107628684184,3.27408701401638
222.6,0.146309526489116,1.34786644473406,0.355025342628121,3.27374296539859
222.7,0.146382762636324,1.34821345345757,0.354943224311288,3.27339964652347
222.8,0.146455892268327,1.34855989147597,0.354861273468502,3.27305705605451
222.9,0.146528915329264,1.3489057595345,0.354779489834579,3.27271519265668
223,0.146601831764855,1.3492510583783,0.354697873144267,3.27237405499612
223.1,0.146674641522374,1.34959578875235,0.354616423132283,3.27203364174034
223.2,0.146747344550619,1.34993995140148,0.354535139533331,3.27169395155821
223.3,0.146819940799953,1.35028354707041,0.354454022082046,3.27135498311979
223.4,0.146892430222223,1.35062657650364,0.354373070513081,3.27101673509665
223.5,0.146964812770812,1.35096904044559,0.354292284561041,3.27067920616155
223.6,0.147037088400603,1.35131093964046,0.354211663960513,3.27034239498863
223.7,0.147109257067952,1.35165227483229,0.354131208446091,3.27000630025347
223.8,0.147181318730729,1.35199304676499,0.354050917752319,3.26967092063282
223.9,0.14725327334824,1.35233325618225,0.353970791613773,3.26933625480497
224,0.147325120881275,1.3526729038276,0.353890829765,3.26900230144947
224.1,0.147396861292075,1.35301199044438,0.353811031940544,3.26866905924724
224.2,0.147468494544304,1.35335051677573,0.353731397874976,3.26833652688067
224.3,0.147540020603093,1.35368848356463,0.353651927302831,3.26800470303336
224.4,0.147611439434957,1.35402589155383,0.353572619958692,3.26767358639046
224.5,0.147682751007849,1.35436274148588,0.353493475577132,3.26734317563841
224.6,0.147753955291123,1.35469903410316,0.353414493892736,3.26701346946506
224.7,0.147825052255508,1.35503477014778,0.35333567464013,3.26668446655973
224.8,0.147896041873153,1.3553699503617,0.353257017553923,3.26635616561301
224.9,0.147966924117545,1.35570457548661,0.353178522368788,3.26602856531703
225,0.148037698963557,1.356038646264,0.353100188819401,3.26570166436527
225.1,0.148108366387419,1.35637216343513,0.353022016640469,3.26537546145261
225.2,0.148178926366692,1.35670512774103,0.352944005566753,3.26504995527544
225.3,0.148249378880303,1.3570375399225,0.352866155333013,3.26472514453144
225.4,0.148319723908478,1.35736940072008,0.352788465674088,3.26440102791986
225.5,0.148389961432779,1.35770071087409,0.352710936324836,3.26407760414131
225.6,0.148460091436081,1.3580314711246,0.352633567020161,3.26375487189784
225.7,0.148530113902542,1.3583616822114,0.352556357495035,3.26343282989303
225.8,0.148600028817645,1.35869134487408,0.352479307484444,3.26311147683176
225.9,0.148669836168121,1.35902045985192,0.35240241672347,3.26279081142052
226,0.148739535941998,1.35934902788395,0.352325684947225,3.26247083236717
226.1,0.148809128128569,1.35967704970894,0.352249111890883,3.26215153838102
226.2,0.148878612718366,1.36000452606539,0.352172697289702,3.26183292817297
226.3,0.148947989703203,1.36033145769154,0.352096440878966,3.2615150004552
226.4,0.149017259076098,1.36065784532531,0.352020342394068,3.26119775394154
226.5,0.149086420831322,1.36098368970437,0.351944401570449,3.26088118734721
226.6,0.149155474964368,1.3613089915661,0.351868618143622,3.26056529938892
226.7,0.149224421471924,1.36163375164757,0.3517929918492,3.26025008878494
226.8,0.149293260351918,1.36195797068561,0.351717522422835,3.25993555425489
226.9,0.149361991603438,1.36228164941668,0.351642209600304,3.25962169452004
227,0.149430615226784,1.362604788577,0.351567053117439,3.25930850830308
227.1,0.149499131223435,1.36292738890245,0.351492052710166,3.25899599432818
227.2,0.149567539596025,1.3632494511286,0.351417208114515,3.25868415132112
227.3,0.149635840348383,1.36357097599075,0.351342519066576,3.25837297800904
227.4,0.149704033485459,1.36389196422384,0.351267985302572,3.25806247312074
227.5,0.149772119013372,1.36421241656251,0.351193606558798,3.25775263538648
227.6,0.149840096939381,1.36453233374109,0.35111938257165,3.257443463538
227.7,0.149907967271857,1.36485171649354,0.351045313077648,3.25713495630867
227.8,0.149975730020326,1.36517056555355,0.350971397813378,3.25682711243324
227.9,0.150043385195396,1.36548888165443,0.350897636515576,3.25651993064815
228,0.150110932808803,1.36580666552918,0.35082402892106,3.25621340969129
228.1,0.150178372873381,1.36612391791046,0.350750574766763,3.25590754830208
228.2,0.15024570540304,1.36644063953057,0.350677273789751,3.25560234522156
228.3,0.150312930412802,1.36675683112148,0.350604125727174,3.25529779919219
228.4,0.150380047918735,1.3670724934148,0.350531130316336,3.25499390895812
228.5,0.150447057937993,1.3673876271418,0.350458287294642,3.25469067326496
228.6,0.150513960488791,1.36770223303338,0.35038559639962,3.25438809085989
228.7,0.150580755590379,1.36801631182007,0.350313057368944,3.25408616049171
228.8,0.150647443263085,1.36832986423209,0.350240669940384,3.25378488091067
228.9,0.150714023528241,1.36864289099924,0.350168433851873,3.2534842508687
229,0.150780496408227,1.36895539285095,0.350096348841459,3.25318426911923
229.1,0.150846861926448,1.36926737051633,0.350024414647324,3.25288493441726
229.2,0.150913120107306,1.36957882472406,0.349952631007807,3.25258624551944
229.3,0.150979270976243,1.36988975620247,0.349880997661351,3.25228820118386
229.4,0.151045314559667,1.3702001656795,0.34980951434658,3.25199080017035
229.5,0.151111250884999,1.3705100538827,0.349738180802236,3.2516940412402
229.6,0.151177079980648,1.37081942153926,0.349666996767212,3.25139792315632
229.7,0.151242801875983,1.37112826937592,0.349595961980565,3.25110244468327
229.8,0.151308416601374,1.3714365981191,0.34952507618147,3.25080760458708
229.9,0.151373924188125,1.37174440849476,0.349454339109289,3.2505134016355
230,0.151439324668516,1.3720517012285,0.349383750503517,3.25021983459779
230.1,0.151504618075776,1.37235847704551,0.349313310103808,3.24992690224484
230.2,0.151569804444062,1.37266473667055,0.349243017649989,3.24963460334917
230.3,0.151634883808496,1.37297048082801,0.349172872882019,3.24934293668481
230.4,0.151699856205099,1.37327571024182,0.34910287554005,3.24905190102752
230.5,0.15176472167083,1.37358042563555,0.349033025364382,3.24876149515458
230.6,0.151829480243567,1.37388462773231,0.348963322095478,3.24847171784491
230.7,0.151894131962078,1.3741883172548,0.348893765473989,3.24818256787908
230.8,0.151958676866063,1.37449149492532,0.348824355240704,3.24789404403918
230.9,0.152023114996085,1.3747941614657,0.348755091136618,3.24760614510903
231,0.152087446393615,1.37509631759739,0.34868597290288,3.247318869874
231.1,0.152151671101004,1.37539796404137,0.348617000280815,3.24703221712109
231.2,0.152215789161463,1.3756991015182,0.348548173011943,3.24674618563898
231.3,0.152279800619099,1.37599973074802,0.348479490837931,3.24646077421787
231.4,0.152343705518852,1.37629985245049,0.348410953500665,3.24617598164971
231.5,0.152407503906534,1.37659946734486,0.348342560742191,3.24589180672801
231.6,0.152471195828806,1.37689857614994,0.348274312304739,3.24560824824791
231.7,0.152534781333155,1.37719717958405,0.348206207930746,3.24532530500626
231.8,0.152598260467933,1.37749527836512,0.348138247362806,3.24504297580141
231.9,0.152661633282289,1.37779287321057,0.348070430343734,3.24476125943351
232,0.152724899826216,1.37808996483739,0.348002756616521,3.24448015470424
232.1,0.152788060150523,1.37838655396212,0.347935225924348,3.24419966041695
232.2,0.152851114306811,1.37868264130082,0.347867838010611,3.24391977537667
232.3,0.152914062347517,1.37897822756911,0.347800592618871,3.24364049839001
232.4,0.152976904325843,1.37927331348211,0.347733489492923,3.24336182826532
232.5,0.153039640295802,1.37956789975449,0.347666528376739,3.24308376381251
232.6,0.153102270312194,1.37986198710048,0.347599709014497,3.24280630384319
232.7,0.153164794430579,1.38015557623377,0.347533031150592,3.24252944717065
232.8,0.153227212707322,1.38044866786764,0.347466494529597,3.24225319260974
232.9,0.153289525199523,1.38074126271484,0.347400098896322,3.24197753897708
233,0.153351731965063,1.38103336148767,0.347333843995767,3.24170248509089
233.1,0.153413833062578,1.38132496489794,0.347267729573142,3.24142802977103
233.2,0.153475828551436,1.38161607365697,0.347201755373886,3.24115417183912
233.3,0.153537718491779,1.3819066884756,0.34713592114362,3.24088091011828
233.4,0.153599502944455,1.38219681006416,0.34707022662821,3.24060824343348
233.5,0.153661181971063,1.38248643913251,0.347004671573724,3.24033617061122
233.6,0.153722755633926,1.38277557639002,0.346939255726441,3.24006469047972
233.7,0.153784223996073,1.38306422254551,0.346873978832881,3.2397938018689
233.8,0.153845587121275,1.38335237830739,0.346808840639752,3.23952350361025
233.9,0.153906845073982,1.38364004438348,0.346743840894016,3.23925379453705
234,0.153967997919365,1.38392722148115,0.346678979342841,3.2389846734842
234.1,0.154029045723292,1.38421391030724,0.346614255733616,3.23871613928825
234.2,0.154089988552306,1.38450011156808,0.346549669813978,3.2384481907875
234.3,0.154150826473667,1.38478582596953,0.346485221331756,3.23818082682182
234.4,0.154211559555284,1.38507105421687,0.346420910035046,3.23791404623287
234.5,0.154272187865758,1.38535579701491,0.346356735672149,3.23764784786391
234.6,0.15433271147436,1.38564005506794,0.346292697991602,3.23738223055992
234.7,0.154393130451012,1.3859238290797,0.346228796742189,3.23711719316757
234.8,0.15445344486632,1.38620711975347,0.346165031672901,3.23685273453514
234.9,0.154513654791514,1.38648992779194,0.346101402532994,3.23658885351271
235,0.15457376029849,1.3867722538973,0.346037909071944,3.23632554895197
235.1,0.154633761459787,1.38705409877123,0.345974551039463,3.23606281970627
235.2,0.154693658348565,1.38733546311484,0.345911328185521,3.23580066463076
235.3,0.154753451038643,1.38761634762876,0.345848240260297,3.23553908258213
235.4,0.15481313960444,1.38789675301304,0.345785287014246,3.23527807241889
235.5,0.154872724121011,1.38817667996722,0.345722468198045,3.23501763300117
235.6,0.15493220466403,1.38845612919029,0.345659783562617,3.23475776319078
235.7,0.154991581309764,1.3887351013807,0.345597232859145,3.2344984618513
235.8,0.155050854135117,1.38901359723638,0.345534815839033,3.23423972784789
235.9,0.155110023217561,1.38929161745468,0.34547253225396,3.23398156004751
236,0.155169088635184,1.38956916273243,0.34541038185584,3.23372395731875
236.1,0.155228050466665,1.38984623376591,0.345348364396832,3.2334669185319
236.2,0.155286908791251,1.39012283125083,0.345286479629368,3.23321044255901
236.3,0.155345663688799,1.39039895588238,0.3452247273061,3.23295452827369
236.4,0.155404315239713,1.39067460835517,0.345163107179965,3.23269917455141
236.5,0.155462863524984,1.39094978936327,0.345101619004139,3.23244438026922
236.6,0.155521308626172,1.3912244996002,0.345040262532051,3.23219014430591
236.7,0.155579650625379,1.39149873975888,0.344979037517403,3.231936465542
236.8,0.155637889605293,1.39177251053173,0.344917943714129,3.23168334285961
236.9,0.155696025649125,1.39204581261055,0.344856980876452,3.23143077514268
237,0.155754058840649,1.39231864668662,0.344796148758833,3.2311787612768
237.1,0.15581198926418,1.39259101345064,0.344735447116001,3.23092730014921
237.2,0.155869817004557,1.39286291359271,0.344674875702956,3.23067639064896
237.3,0.155927542147178,1.39313434780243,0.344614434274939,3.23042603166667
237.4,0.15598516477794,1.39340531676875,0.344554122587482,3.2301762220948
237.5,0.15604268498328,1.3936758211801,0.344493940396365,3.22992696082741
237.6,0.156100102850155,1.39394586172433,0.344433887457634,3.2296782467603
237.7,0.15615741846602,1.39421543908868,0.34437396352762,3.22943007879101
237.8,0.156214631918866,1.39448455395986,0.344314168362891,3.22918245581868
237.9,0.15627174329716,1.39475320702395,0.344254501720317,3.22893537674429
238,0.156328752689889,1.39502139896649,0.344194963357017,3.22868884047042
238.1,0.156385660186533,1.39528913047243,0.344135553030384,3.22844284590139
238.2,0.156442465877049,1.3955564022261,0.344076270498098,3.22819739194326
238.3,0.156499169851909,1.3958232149113,0.344017115518083,3.2279524775037
238.4,0.156555772202039,1.3960895692112,0.343958087848566,3.22770810149221
238.5,0.156612273018859,1.39635546580839,0.343899187248033,3.2274642628199
238.6,0.156668672394263,1.39662090538488,0.343840413475244,3.22722096039962
238.7,0.156724970420602,1.39688588862207,0.343781766289252,3.22697819314596
238.8,0.156781167190715,1.39715041620079,0.343723245449357,3.22673595997511
238.9,0.156837262797876,1.39741448880125,0.343664850715171,3.22649425980511
239,0.156893257335832,1.39767810710307,0.343606581846563,3.2262530915556
239.1,0.156949150898782,1.3979412717853,0.343548438603684,3.22601245414795
239.2,0.15700494358136,1.39820398352633,0.343490420746982,3.2257723465053
239.3,0.157060635478668,1.39846624300402,0.343432528037156,3.22553276755238
239.4,0.157116226686223,1.39872805089557,0.343374760235218,3.22529371621573
239.5,0.157171717299991,1.39898940787759,0.343317117102448,3.22505519142356
239.6,0.157227107416372,1.39925031462611,0.343259598400405,3.22481719210575
239.7,0.157282397132178,1.39951077181652,0.343202203890951,3.22457971719397
239.8,0.157337586544669,1.39977078012363,0.343144933336206,3.2243427656215
239.9,0.1573926757515,1.40003034022161,0.343087786498603,3.22410633632341
240,0.157447664850755,1.40028945278404,0.343030763140848,3.22387042823642
240.1,0.157502553940931,1.40054811848388,0.342973863025931,3.22363504029898
240.2,0.157557343120918,1.40080633799348,0.342917085917146,3.22340017145127
240.3,0.157612032490035,1.40106411198457,0.342860431578053,3.22316582063509
240.4,0.157666622147973,1.40132144112827,0.342803899772525,3.22293198679406
240.5,0.157721112194834,1.40157832609507,0.342747490264711,3.22269866887342
240.6,0.157775502731114,1.40183476755485,0.342691202819052,3.22246586582015
240.7,0.15782979385768,1.40209076617686,0.342635037200293,3.22223357658297
240.8,0.15788398567581,1.40234632262975,0.342578993173448,3.22200180011219
240.9,0.157938078287136,1.40260143758152,0.342523070503849,3.22177053535996
241,0.157992071793681,1.40285611169956,0.342467268957107,3.22153978128006
241.1,0.158045966297844,1.40311034565064,0.342411588299127,3.22130953682796
241.2,0.158099761902374,1.40336414010087,0.342356028296125,3.22107980096092
241.3,0.158153458710414,1.4036174957158,0.342300588714584,3.22085057263778
241.4,0.15820705682544,1.40387041316026,0.342245269321313,3.2206218508192
241.5,0.158260556351303,1.40412289309853,0.3421900698834,3.22039363446746
241.6,0.158313957392208,1.40437493619421,0.342134990168232,3.22016592254658
241.7,0.158367260052695,1.40462654311027,0.342080029943508,3.21993871402231
241.8,0.158420464437678,1.40487771450909,0.342025188977199,3.21971200786199
241.9,0.158473570652389,1.40512845105236,0.341970467037604,3.21948580303481
242,0.158526578802412,1.40537875340116,0.341915863893304,3.21926009851157
242.1,0.158579488993671,1.40562862221593,0.341861379313182,3.21903489326475
242.2,0.158632301332408,1.40587805815646,0.341807013066436,3.21881018626863
242.3,0.158685015925216,1.40612706188194,0.341752764922537,3.21858597649907
242.4,0.158737632878989,1.40637563405086,0.341698634651291,3.21836226293372
242.5,0.158790152300962,1.4066237753211,0.341644622022786,3.21813904455188
242.6,0.158842574298685,1.40687148634992,0.341590726807413,3.21791632033455
242.7,0.158894898980011,1.40711876779387,0.341536948775882,3.21769408926449
242.8,0.158947126453132,1.40736562030893,0.341483287699184,3.21747235032602
242.9,0.15899925682652,1.40761204455039,0.341429743348637,3.2172511025053
243,0.159051290208968,1.40785804117289,0.341376315495851,3.21703034479012
243.1,0.159103226709573,1.40810361083045,0.341323003912741,3.21681007616994
243.2,0.159155066437714,1.40834875417641,0.341269808371541,3.21659029563599
243.3,0.159206809503091,1.40859347186349,0.34121672864477,3.21637100218108
243.4,0.15925845601567,1.40883776454372,0.341163764505276,3.21615219479984
243.5,0.159310006085721,1.40908163286852,0.341110915726201,3.2159338724885
243.6,0.159361459823803,1.40932507748864,0.341058182080996,3.21571603424501
243.7,0.159412817340739,1.40956809905415,0.341005563343431,3.21549867906904
243.8,0.15946407874766,1.40981069821452,0.340953059287562,3.21528180596188
243.9,0.159515244155944,1.41005287561852,0.340900669687781,3.21506541392658
244,0.159566313677258,1.41029463191426,0.340848394318774,3.21484950196785
244.1,0.159617287423538,1.41053596774924,0.340796232955534,3.21463406909205
244.2,0.159668165506973,1.41077688377023,0.340744185373382,3.21441911430732
244.3,0.15971894804004,1.41101738062341,0.340692251347924,3.21420463662337
244.4,0.159769635135451,1.41125745895426,0.340640430655102,3.2139906350517
244.5,0.159820226906192,1.4114971194076,0.340588723071156,3.21377710860543
244.6,0.159870723465502,1.4117363626276,0.340537128372637,3.21356405629936
244.7,0.15992112492686,1.41197518925776,0.340485646336421,3.21335147715004
244.8,0.159971431404013,1.41221359994093,0.340434276739674,3.2131393701756
244.9,0.16002164301093,1.41245159531927,0.3403830193599,3.21292773439594
245,0.160071759861837,1.41268917603429,0.340331873974902,3.21271656883261
245.1,0.160121782071197,1.41292634272684,0.340280840362795,3.2125058725088
245.2,0.1601717097537,1.41316309603707,0.340229918302024,3.21229564444946
245.3,0.160221543024292,1.41339943660452,0.340179107571323,3.21208588368112
245.4,0.160271281998123,1.41363536506799,0.340128407949765,3.21187658923207
245.5,0.160320926790589,1.41387088206567,0.340077819216726,3.21166776013224
245.6,0.16037047751731,1.41410598823507,0.340027341151895,3.21145939541321
245.7,0.160419934294113,1.41434068421298,0.339976973535289,3.21125149410829
245.8,0.160469297237067,1.41457497063558,0.33992671614722,3.21104405525239
245.9,0.160518566462431,1.41480884813835,0.339876568768341,3.21083707788217
246,0.160567742086696,1.41504231735608,0.339826531179603,3.2106305610359
246.1,0.160616824226561,1.41527537892292,0.339776603162281,3.21042450375353
246.2,0.16066581299892,1.41550803347232,0.339726784497973,3.21021890507674
246.3,0.160714708520901,1.41574028163707,0.339677074968575,3.21001376404875
246.4,0.160763510909806,1.41597212404926,0.339627474356325,3.20980907971459
246.5,0.160812220283151,1.41620356134034,0.339577982443762,3.20960485112086
246.6,0.160860836758649,1.41643459414106,0.339528599013745,3.20940107731583
246.7,0.160909360454196,1.41666522308148,0.339479323849464,3.2091977573495
246.8,0.160957791487898,1.41689544879101,0.339430156734405,3.20899489027343
246.9,0.161006129978027,1.41712527189836,0.339381097452397,3.20879247514094
247,0.16105437604306,1.41735469303156,0.339332145787574,3.20859051100694
247.1,0.161102529801657,1.41758371281798,0.339283301524388,3.20838899692803
247.2,0.161150591372644,1.41781233188426,0.339234564447626,3.20818793196249
247.3,0.161198560875056,1.41804055085642,0.339185934342367,3.20798731517016
247.4,0.161246438428073,1.41826837035976,0.33913741099404,3.20778714561265
247.5,0.161294224151063,1.4184957910189,0.339088994188375,3.20758742235317
247.6,0.161341918163566,1.4187228134578,0.339040683711425,3.20738814445656
247.7,0.161389520585275,1.41894943829969,0.338992479349574,3.20718931098938
247.8,0.161437031536075,1.41917566616716,0.338944380889508,3.20699092101975
247.9,0.161484451135986,1.41940149768208,0.338896388118255,3.20679297361752
248,0.161531779505212,1.41962693346565,0.338848500823149,3.20659546785415
248.1,0.161579016764113,1.41985197413839,0.33880071879185,3.20639840280272
248.2,0.161626163033193,1.42007662032012,0.338753041812346,3.20620177753805
248.3,0.161673218433129,1.42030087262998,0.338705469672926,3.20600559113646
248.4,0.16172018308473,1.42052473168643,0.338658002162227,3.20580984267604
248.5,0.161767057108961,1.42074819810721,0.338610639069189,3.20561453123646
248.6,0.161813840626934,1.4209712725094,0.338563380183079,3.20541965589903
248.7,0.161860533759752,1.42119395550908,0.338516225293638,3.20522521574733
248.8,0.161907136628055,1.4214162477203,0.33846917419155,3.20503120986915
248.9,0.161953649355012,1.42163814976153,0.338422226665403,3.20483763734391
249,0.162000072061269,1.42185966224488,0.338375382506793,3.20464449726378
249.1,0.162046404868311,1.42208078578328,0.338328641506931,3.20445178871962
249.2,0.162092647899897,1.4223015209935,0.338282003455187,3.20425951079501
249.3,0.162138801275294,1.42252186848184,0.338235468145915,3.20406766259438
249.4,0.162184865119318,1.42274182886536,0.338189035368327,3.20387624320124
249.5,0.162230839553185,1.42296140275255,0.338142704915716,3.20368525171625
249.6,0.162276724698937,1.4231805907527,0.338096476580985,3.20349468723873
249.7,0.162322520681005,1.42339939347921,0.338050350155083,3.20330454886025
249.8,0.162368227619159,1.42361781153462,0.338004325434094,3.20311483569385
249.9,0.162413845638802,1.42383584553252,0.337958402208871,3.20292554683127
250,0.162459374861746,1.4240534960779,0.337912580274322,3.20273668138126
250.1,0.162504815410609,1.42427076377655,0.337866859424977,3.20254823845133
250.2,0.162550167410481,1.42448764923857,0.337821239453321,3.2023602171408
250.3,0.162595430982474,1.42470415306469,0.337775720156265,3.20217261656754
250.4,0.162640606250972,1.42492027586167,0.337730301327865,3.20198543583794
250.5,0.162685693339387,1.42513601823326,0.337684982763583,3.20179867406443
250.6,0.162730692371168,1.4253513807824,0.337639764259268,3.20161233036134
250.7,0.162775603469977,1.42556636411157,0.33759464561098,3.20142640384416
250.8,0.162820426759555,1.42578096882248,0.337549626615126,3.20124089363005
250.9,0.16286516236366,1.42599519551601,0.33750470706851,3.2010557988381
251,0.162909810406251,1.42620904479254,0.337459886768159,3.20087111858857
251.1,0.162954371011397,1.42642251725183,0.337415165511399,3.20068685200325
251.2,0.162998844303189,1.42663561349274,0.337370543095951,3.20050299820581
251.3,0.163043230405903,1.42684833411368,0.337326019319763,3.20031955632113
251.4,0.163087529443853,1.42706067971224,0.337281593981154,3.20013652547587
251.5,0.163131741541443,1.42727265088532,0.337237266878763,3.19995390479827
251.6,0.16317586682316,1.42748424822912,0.337193037811553,3.1997716934182
251.7,0.163219905413579,1.42769547233916,0.337148906578801,3.19958989046703
251.8,0.163263857437325,1.4279063238102,0.337104872980135,3.19940849507789
251.9,0.163307723019115,1.42811680323631,0.337060936815495,3.19922750638541
252,0.163351502283737,1.42832691121089,0.337017097885145,3.19904692352585
252.1,0.163395195356047,1.4285366483266,0.336973355989677,3.19886674563703
252.2,0.163438802360963,1.42874601517539,0.336929710930016,3.19868697185844
252.3,0.163482323423505,1.42895501234856,0.336886162507382,3.19850760133101
252.4,0.163525758668722,1.42916364043666,0.33684271052335,3.19832863319738
252.5,0.163569108221751,1.42937190002955,0.3367993547798,3.19815006660171
252.6,0.163612372207796,1.4295797917164,0.336756095078936,3.19797190068973
252.7,0.163655550752106,1.42978731608567,0.336712931223296,3.19779413460879
252.8,0.163698643980008,1.42999447372511,0.336669863015723,3.19761676750777
252.9,0.163741652016868,1.43020126522177,0.336626890259405,3.19743979853717
253,0.16378457498812,1.43040769116199,0.336584012757841,3.19726322684903
253.1,0.163827413019248,1.43061375213142,0.336541230314856,3.19708705159699
253.2,0.163870166235781,1.43081944871498,0.336498542734606,3.19691127193627
253.3,0.163912834763322,1.43102478149691,0.336455949821555,3.1967358870236
253.4,0.163955418727494,1.43122975106073,0.33641345138051,3.19656089601736
253.5,0.163997918253986,1.43143435798924,0.336371047216587,3.19638629807745
253.6,0.164040333468533,1.43163860286457,0.336328737135228,3.19621209236531
253.7,0.164082664496898,1.43184248626811,0.336286520942207,3.19603827804403
253.8,0.164124911464908,1.43204600878058,0.336244398443601,3.19586485427814
253.9,0.164167074498408,1.43224917098196,0.336202369445834,3.19569182023383
254,0.164209153723295,1.43245197345154,0.336160433755637,3.19551917507881
254.1,0.164251149265504,1.43265441676791,0.336118591180068,3.19534691798231
254.2,0.164293061250994,1.43285650150892,0.336076841526514,3.19517504811522
254.3,0.16433488980578,1.43305822825177,0.336035184602671,3.19500356464983
254.4,0.164376635055887,1.4332595975729,0.335993620216575,3.19483246676014
254.5,0.164418297127383,1.43346061004806,0.335952148176572,3.19466175362158
254.6,0.164459876146363,1.43366126625231,0.335910768291329,3.19449142441118
254.7,0.16450137223894,1.43386156675997,0.33586948036985,3.19432147830752
254.8,0.164542785531269,1.43406151214471,0.335828284221438,3.19415191449068
254.9,0.16458411614951,1.43426110297942,0.335787179655742,3.19398273214234
255,0.164625364219861,1.43446033983633,0.33574616648272,3.19381393044569
255.1,0.16466652986854,1.43465922328696,0.33570524451265,3.19364550858544
255.2,0.164707613221773,1.43485775390209,0.335664413556146,3.19347746574789
255.3,0.164748614405828,1.43505593225184,0.335623673424121,3.19330980112081
255.4,0.164789533546967,1.43525375890558,0.335583023927832,3.19314251389357
255.5,0.164830370770877,1.4354512344307,0.335542464879436,3.19297560325945
255.6,0.164871126204288,1.43564835939611,0.335501996090389,3.19280906840908
255.7,0.164911799974568,1.43584513437138,0.335461617371856,3.19264290853208
255.8,0.164952392205671,1.43604155991791,0.335421328538714,3.19247712283354
255.9,0.164992903026148,1.4362376366064,0.335381129401613,3.19231171050139
256,0.165033332561415,1.43643336499996,0.335341019774641,3.19214667073788
256.1,0.165073680937509,1.43662874566237,0.335300999471597,3.19198200274429
256.2,0.165113948282404,1.4368237791609,0.335261068304685,3.19181770571554
256.3,0.165154134719901,1.43701846605297,0.335221226090567,3.19165377886508
256.4,0.165194240378652,1.43721280690594,0.33518147264142,3.19149022138812
256.5,0.165234265384027,1.43740680227925,0.335141807772993,3.19132703249474
256.6,0.165274209862007,1.43760045273298,0.335102231300748,3.19116421139407
256.7,0.165314073940547,1.43779375883082,0.335062743038511,3.19100175728868
256.8,0.165353857743473,1.43798672112672,0.335023342804513,3.19083966939946
256.9,0.165393561399372,1.43817934018437,0.334984030412588,3.1906779469294
257,0.165433185033617,1.43837161655972,0.33494480568006,3.19051658909604
257.1,0.165472728772182,1.43856355080932,0.334905668423971,3.19035559511598
257.2,0.165512192742961,1.4387551434933,0.334866618459774,3.19019496419942
257.3,0.165551577069787,1.43894639516213,0.334827655607247,3.19003469557459
257.4,0.165590881881172,1.43913730637593,0.334788779681846,3.18987478845209
257.5,0.165630107302453,1.43932787768711,0.334749990502473,3.18971524205691
257.6,0.16566925345955,1.43951810964872,0.334711287887758,3.18955605561309
257.7,0.165708320480389,1.43970800281755,0.334672671654649,3.18939722833794
257.8,0.165747308489369,1.43989755774194,0.334634141623884,3.18923875946455
257.9,0.165786217613592,1.44008677497553,0.334595697613829,3.18908064821641
258,0.165825047979212,1.44027565506918,0.334557339444081,3.18892289382229
258.1,0.165863799712309,1.44046419857295,0.334519066934614,3.18876549551266
258.2,0.165902472939034,1.4406524060364,0.334480879905619,3.18860845251909
258.3,0.1659410677855,1.44084027800832,0.334442778177622,3.18845176407467
258.4,0.16597958437773,1.44102781503669,0.33440476157153,3.18829542941427
258.5,0.166018022841812,1.44121501766895,0.334366829908478,3.18813944777385
258.6,0.166056383303827,1.44140188645188,0.334328983009897,3.18798381839078
258.7,0.166094665889764,1.44158842193143,0.334291220697594,3.18782854050412
258.8,0.166132870725674,1.44177462465302,0.334253542793611,3.1876736133541
258.9,0.166170997937531,1.44196049516128,0.334215949120341,3.18751903618256
259,0.166209047651285,1.44214603400013,0.33417843950049,3.18736480823279
259.1,0.166247019992849,1.4423312417128,0.334141013757081,3.18721092874954
259.2,0.166284915088116,1.44251611884183,0.334103671713441,3.18705739697901
259.3,0.166322733062915,1.44270066592898,0.334066413193234,3.18690421216894
259.4,0.166360474043052,1.44288488351536,0.334029238020431,3.1867513735685
259.5,0.166398138154298,1.44306877214134,0.333992146019315,3.1865988804283
259.6,0.166435725522383,1.44325233234661,0.333955137014487,3.18644673200043
259.7,0.166473236272984,1.44343556467012,0.33391821083087,3.18629492753847
259.8,0.166510670531769,1.44361846965016,0.33388136729367,3.18614346629732
259.9,0.166548028424334,1.44380104782428,0.33384460622844,3.18599234753348
260,0.166585310076249,1.44398329972935,0.333807927461026,3.1858415705048
260.1,0.166622515613041,1.44416522590152,0.333771330817583,3.18569113447059
260.2,0.166659645160181,1.44434682687625,0.333734816124594,3.18554103869163
260.3,0.166696698843114,1.44452810318829,0.333698383208834,3.18539128243009
260.4,0.166733676787216,1.44470905537168,0.33366203189741,3.18524186494964
260.5,0.16677057911783,1.44488968395976,0.333625762017727,3.18509278551535
260.6,0.166807405960248,1.44506998948516,0.333589573397506,3.18494404339373
260.7,0.166844157439703,1.44524997247982,0.333553465864786,3.18479563785276
260.8,0.166880833681389,1.44542963347496,0.333517439247899,3.18464756816179
260.9,0.166917434810436,1.44560897300111,0.333481493375506,3.18449983359165
261,0.166953960951926,1.44578799158808,0.333445628076569,3.18435243341459
261.1,0.16699041223089,1.445966689765,0.333409843180358,3.18420536690424
261.2,0.167026788772294,1.44614506806028,0.333374138516462,3.18405863333574
261.3,0.167063090701068,1.44632312700163,0.333338513914766,3.18391223198554
261.4,0.167099318142065,1.44650086711607,0.333302969205478,3.18376616213163
261.5,0.167135471220089,1.4466782889299,0.333267504219109,3.18362042305332
261.6,0.167171550059888,1.44685539296873,0.333232118786473,3.18347501403139
261.7,0.16720755478603,1.44703217975722,0.333196812738814,3.18332993434846
261.8,0.167243485522545,1.44720864981823,0.333161585908141,3.18318518329051
261.9,0.167279342395253,1.44738480367811,0.333126438124964,3.18304076013746
262,0.167315125527858,1.44756064185786,0.333091369222114,3.18289666417891
262.1,0.167350835044542,1.44773616487902,0.333056379032196,3.1827528947037
262.2,0.167386471071074,1.44791137326615,0.333021467386504,3.18260945099541
262.3,0.1674220337296,1.44808626753506,0.332986634120128,3.18246633235336
262.4,0.167457523146371,1.44826084821031,0.332951879064374,3.18232353806147
262.5,0.167492939444701,1.44843511580926,0.332917202053664,3.1821810674166
262.6,0.167528282748379,1.44860907084982,0.332882602922196,3.18203891971482
262.7,0.167563553182866,1.4487827138531,0.332848081502766,3.18189709424657
262.8,0.167598750869876,1.44895604533122,0.332813637632076,3.18175559031854
262.9,0.167633875935298,1.44912906580522,0.332779271142978,3.18161440722164
263,0.167668928502095,1.44930177578895,0.332744981871422,3.18147354425972
263.1,0.167703908693695,1.44947417579679,0.332710769653138,3.18133300073584
263.2,0.167738816635166,1.44964626634632,0.332676634322482,3.18119277594754
263.3,0.167773652447915,1.44981804794628,0.332642575717624,3.18105286920816
263.4,0.167808416257424,1.44998952111411,0.332608593672975,3.18091327981574
263.5,0.167843108186303,1.45016068636023,0.332574688025986,3.18077400708096
263.6,0.167877728357612,1.45033154419556,0.332540858613894,3.18063505031372
263.7,0.167912276896025,1.45050209513415,0.332507105272586,3.18049640881852
263.8,0.167946753922588,1.45067233968131,0.332473427841722,3.18035808191548
263.9,0.167981159562377,1.45084227835098,0.332439826157243,3.1802200689096
264,0.168015493938092,1.45101191165117,0.332406300057644,3.18008236911646
264.1,0.168049757172052,1.45118124008855,0.332372849382007,3.1799449818542
264.2,0.168083949387675,1.45135026417174,0.332339473968568,3.17980790643763
264.3,0.168118070707609,1.45151898440713,0.33230617365653,3.17967114218562
264.4,0.168152121254604,1.45168740130083,0.332272948285218,3.17953468841769
264.5,0.168186101151273,1.45185551535812,0.332239797694308,3.17939854445493
264.6,0.16822001052013,1.45202332708358,0.332206721723789,3.17926270961984
264.7,0.168253849483579,1.45219083698103,0.332173720213975,3.17912718323635
264.8,0.168287618164078,1.4523580455539,0.332140793005343,3.17899196462923
264.9,0.168321316683875,1.45252495330466,0.33210793993879,3.17885705312505
265,0.168354945165195,1.45269156073524,0.332075160855443,3.17872244805148
265.1,0.16838850373019,1.45285786834691,0.332042455596719,3.17858814873749
265.2,0.168421992500906,1.45302387664021,0.332009824004347,3.17845415451345
265.3,0.168455411599284,1.45318958611494,0.331977265920364,3.17832046471111
265.4,0.168488761147199,1.45335499727029,0.331944781187086,3.1781870786635
265.5,0.168522041266417,1.45352011060471,0.331912369647139,3.17805399570503
265.6,0.168555252078606,1.45368492661594,0.331880031143453,3.17792121517147
265.7,0.168588393705348,1.45384944580104,0.33184776551925,3.17778873639993
265.8,0.168621466268137,1.4540136686564,0.331815572618041,3.17765655872879
265.9,0.168654469888358,1.45417759567769,0.331783452283651,3.17752468149786
266,0.168687404687312,1.45434122735992,0.331751404360182,3.1773931040482
266.1,0.168720270786208,1.45450456419741,0.331719428692034,3.17726182572218
266.2,0.168753068306148,1.45466760668376,0.331687525123912,3.17713084586359
266.3,0.168785797368153,1.45483035531194,0.331655693500793,3.17700016381739
266.4,0.168818458093133,1.45499281057418,0.331623933667969,3.17686977893
266.5,0.168851050601906,1.45515497296206,0.331592245471014,3.17673969054907
266.6,0.168883575015197,1.45531684296645,0.331560628755798,3.17660989802359
266.7,0.16891603145362,1.45547842107755,0.331529083368488,3.17648040070388
266.8,0.168948420037704,1.45563970778488,0.331497609155533,3.17635119794154
266.9,0.168980740887862,1.45580070357724,0.331466205963691,3.17622228908951
267,0.169012994123946,1.45596140894168,0.331434873640453,3.17609367350389
267.1,0.169045179866512,1.45612182436646,0.33140361203282,3.17596535053887
267.2,0.169077298236509,1.45628195034028,0.331372420987605,3.17583731954794
267.3,0.169109349352083,1.45644178734489,0.331341300354533,3.17570957989671
267.4,0.169141333334894,1.45660133586975,0.331310249980107,3.17558213093761
267.5,0.169173250304019,1.45676059639791,0.331279269713528,3.17545497203429
267.6,0.169205100378916,1.45691956941283,0.331248359403816,3.17532810254975
267.7,0.169236883680462,1.45707825540085,0.331217518898799,3.17520152184221
267.8,0.169268600326131,1.45723665483996,0.331186748049795,3.17507522928429
267.9,0.16930025043712,1.45739476821638,0.331156046704694,3.17494922423468
268,0.169331834131927,1.45755259600961,0.331125414714189,3.17482350606365
268.1,0.169363351529427,1.4577101386996,0.331094851928793,3.17469807414086
268.2,0.169394802749943,1.45786739676924,0.331064358197794,3.17457292783102
268.3,0.169426187910438,1.45802437069318,0.331033933373923,3.17444806651308
268.4,0.169457507131521,1.45818106095413,0.331003577306557,3.17432348955234
268.5,0.169488760531596,1.45833746802923,0.330973289847391,3.17419919632369
268.6,0.169519948228686,1.45849359239434,0.330943070848667,3.17407518620437
268.7,0.169551070341777,1.45864943452712,0.330912920161876,3.17395145856865
268.8,0.169582126989121,1.4588049949031,0.330882837639392,3.1738280127945
268.9,0.169613118289027,1.45896027399754,0.330852823133715,3.17370484826054
269,0.169644044359639,1.4591152722849,0.330822876497679,3.17358196434682
269.1,0.16967490531898,1.45926999023894,0.330792997584411,3.17345936043471
269.2,0.169705701284935,1.45942442833268,0.330763186247346,3.17333703590694
269.3,0.169736432375401,1.45957858703878,0.330733442340081,3.17321499014699
269.4,0.169767098708049,1.45973246682894,0.330703765716604,3.17309322254004
269.5,0.169797700400497,1.45988606817434,0.330674156231129,3.17297173247231
269.6,0.169828237570257,1.46003939154552,0.330644613738137,3.17285051933119
269.7,0.169858710334713,1.46019243741229,0.330615138092411,3.17272958250541
269.8,0.169889118811118,1.4603452062438,0.330585729149024,3.17260892138499
269.9,0.16991946311663,1.46049769850852,0.330556386763311,3.1724885353611
270,0.169949743368275,1.46064991467427,0.330527110790903,3.17236842382624
270.1,0.169979959682957,1.46080185520814,0.330497901087718,3.17224858617415
270.2,0.170010112177463,1.46095352057659,0.330468757509949,3.17212902179982
270.3,0.170040200968472,1.46110491124541,0.330439679914064,3.17200973009944
270.4,0.170070226172525,1.46125602767968,0.330410668156827,3.1718907104705
270.5,0.170100187906058,1.46140687034385,0.330381722095268,3.17177196231169
270.6,0.170130086285386,1.46155743970171,0.330352841586692,3.1716534850229
270.7,0.170159921426694,1.46170773621633,0.330324026488696,3.17153527800532
270.8,0.170189693446064,1.46185776035019,0.330295276659139,3.17141734066129
270.9,0.170219402459441,1.46200751256503,0.330266591956169,3.17129967239445
271,0.170249048582656,1.46215699332197,0.330237972238208,3.17118227260959
271.1,0.170278631931421,1.46230620308144,0.330209417363952,3.17106514071279
271.2,0.170308152621317,1.46245514230322,0.330180927192382,3.17094827611133
271.3,0.170337610767812,1.46260381144641,0.330152501582744,3.17083167821367
271.4,0.17036700648624,1.46275221096945,0.330124140394572,3.17071534642956
271.5,0.170396339891817,1.46290034133012,0.330095843487667,3.17059928016991
271.6,0.170425611099636,1.46304820298554,0.330067610722108,3.17048347884685
271.7,0.170454820224657,1.46319579639214,0.330039441958252,3.17036794187377
271.8,0.17048396738173,1.46334312200573,0.33001133705672,3.17025266866518
271.9,0.170513052685565,1.46349018028141,0.329983295878422,3.17013765863689
272,0.170542076250755,1.46363697167365,0.32995531828453,3.17002291120585
272.1,0.170571038191769,1.46378349663626,0.329927404136494,3.16990842579023
272.2,0.17059993862294,1.46392975562237,0.329899553296042,3.16979420180944
272.3,0.170628777658487,1.46407574908447,0.329871765625158,3.16968023868401
272.4,0.170657555412489,1.46422147747437,0.329844040986119,3.16956653583574
272.5,0.170686271998905,1.46436694124323,0.32981637924146,3.16945309268759
272.6,0.170714927531564,1.46451214084156,0.329788780253986,3.16933990866372
272.7,0.170743522124076,1.46465707671899,0.329761243886869,3.16922698318982
272.8,0.170772055889547,1.46480174932359,0.329733770003911,3.16911431569429
272.9,0.170800528942422,1.46494615910626,0.329706358467773,3.16900190560091
273,0.170828941395383,1.46509030651338,0.329679009142953,3.16888975234109
273.1,0.170857293361417,1.46523419199167,0.329651721893806,3.16877785534569
273.2,0.17088558495469,1.46537781599036,0.329624496583694,3.16866621404162
273.3,0.170913816286409,1.46552117895126,0.329597333078966,3.1685548278681
273.4,0.170941987470967,1.46566428132342,0.329570231243052,3.16844369625244
273.5,0.17097009862035,1.46580712354983,0.329543190941841,3.16833281863214
273.6,0.170998149846841,1.46594970607383,0.329516212041074,3.16822219444414
273.7,0.171026141263974,1.46609202934142,0.329489294405433,3.16811182312113
273.8,0.171054072982235,1.46623409379098,0.329462437902671,3.16800170410846
273.9,0.171081945115344,1.46637589986827,0.329435642397569,3.16789183683937
274,0.171109757774626,1.466517448013,0.32940890775735,3.16778222075718
274.1,0.171137511071698,1.46665873866525,0.329382233849094,3.16767285530472
274.2,0.171165205119482,1.4667997722679,0.329355620538764,3.16756373992028
274.3,0.171192840028277,1.46694054925718,0.329329067694982,3.16745487405314
274.4,0.171220415910177,1.46708107007333,0.329302575184779,3.16734625714614
274.5,0.171247932876486,1.46722133515435,0.32927614287608,3.16723788864585
274.6,0.171275391038336,1.4673613449375,0.329249770637116,3.16712976800015
274.7,0.171302790506791,1.46750109985958,0.32922345833631,3.16702189465781
274.8,0.171330131392769,1.46764060035666,0.329197205842363,3.16691426806878
274.9,0.171357413807006,1.46777984686411,0.329171013024284,3.16680688768436
275,0.171384637860166,1.46791883981677,0.329144879751282,3.16669975295672
275.1,0.17141180366279,1.46805757964888,0.329118805892813,3.16659286333915
275.2,0.171438911325242,1.46819606679393,0.329092791318638,3.16648621828622
275.3,0.171465960957808,1.46833430168491,0.329066835898721,3.16637981725343
275.4,0.171492952670609,1.46847228475409,0.329040939503315,3.16627365969752
275.5,0.171519886573634,1.46861001643311,0.32901510200293,3.16616774507634
275.6,0.171546762776734,1.46874749715297,0.328989323268336,3.16606207284889
275.7,0.171573581389628,1.46888472734405,0.328963603170557,3.16595664247528
275.8,0.171600342521882,1.46902170743601,0.328937941580892,3.1658514534168
275.9,0.171627046282931,1.46915843785794,0.328912338370892,3.16574650513585
276,0.171653692782073,1.46929491903825,0.328886793412364,3.16564179709595
276.1,0.171680282128465,1.46943115140473,0.328861306577377,3.16553732876175
276.2,0.171706814431119,1.4695671353845,0.328835877738263,3.16543309959904
276.3,0.17173328979893,1.46970287140409,0.328810506767592,3.16532910907467
276.4,0.171759708340632,1.46983835988935,0.328785193538213,3.16522535665667
276.5,0.171786070164832,1.46997360126551,0.328759937923215,3.16512184181415
276.6,0.171812375380001,1.47010859595719,0.328734739795949,3.16501856401732
276.7,0.171838624094461,1.47024334438832,0.328709599030023,3.16491552273755
276.8,0.171864816416405,1.47037784698225,0.328684515499291,3.16481271744725
276.9,0.171890952453875,1.47051210416166,0.328659489077873,3.16471014761999
277,0.171917032314781,1.4706461163486,0.328634519640136,3.16460781273043
277.1,0.171943056106889,1.4707798839645,0.328609607060703,3.16450571225432
277.2,0.171969023937822,1.47091340743013,0.328584751214454,3.16440384566854
277.3,0.171994935915074,1.47104668716566,0.328559951976515,3.16430221245103
277.4,0.172020792145984,1.4711797235906,0.328535209222275,3.16420081208087
277.5,0.172046592737759,1.47131251712385,0.328510522827368,3.16409964403822
277.6,0.172072337797464,1.47144506818367,0.32848589266768,3.16399870780432
277.7,0.172098027431939,1.47157737718749,0.328461318619431,3.16389800286183
277.8,0.17212366174754,1.47170944455128,0.328436800559409,3.16379752869583
277.9,0.172149240851806,1.4718412706936,0.328412338363398,3.1636972847873
278,0.172174764850666,1.47197285602882,0.328387931908829,3.16359727062407
278.1,0.172200233850295,1.4721042009716,0.328363581073019,3.16349748569354
278.2,0.172225647957903,1.47223530593888,0.328339285732403,3.16339792947957
278.3,0.172251007278021,1.47236617134075,0.328315045766096,3.16329860147703
278.4,0.172276311918011,1.47249679759394,0.328290861050615,3.16319950117023
278.5,0.172301561983048,1.47262718510959,0.328266731464682,3.16310062805257
278.6,0.172326757578549,1.47275733429911,0.328242656886894,3.16300198161698
278.7,0.172351898811032,1.47288724557638,0.328218637194912,3.16290356135263
278.8,0.172376985784248,1.4730169193482,0.328194672269148,3.16280536676
278.9,0.172402018604832,1.47314635602816,0.328170761987369,3.16270739732882
279,0.172426997377243,1.47327555602426,0.328146906229533,3.16260965255782
279.1,0.172451922206176,1.47340451974481,0.32812310487548,3.16251213194532
279.2,0.172476793197405,1.47353324760049,0.328099357804127,3.16241483498591
279.3,0.172501610454005,1.47366173999508,0.328075664897079,3.16231776118524
279.4,0.172526374081863,1.47378999733902,0.32805202603336,3.16222091003845
279.5,0.172551084184729,1.47391802003722,0.328028441094143,3.16212428104953
279.6,0.172575740866585,1.47404580849492,0.328004909960481,3.16202787372207
279.7,0.172600344232474,1.47417336311966,0.327981432512529,3.16193168755598
279.8,0.172624894384765,1.47430068431219,0.32795800863309,3.1618357220621
279.9,0.172649391428608,1.47442777247981,0.327934638202423,3.16173997674091
280,0.172673835467038,1.47455462802436,0.32791132110291,3.16164445110163
280.1,0.172698226603316,1.47468125134799,0.32788805721682,3.16154914465305
280.2,0.172722564941749,1.47480764285516,0.327864846425528,3.16145405690039
280.3,0.172746850583997,1.47493380294354,0.327841688613035,3.16135918735965
280.4,0.172771083634473,1.47505973201735,0.327818583660822,3.16126453553657
280.5,0.172795264195821,1.47518543047619,0.327795531452154,3.16117010094425
280.6,0.172819392370333,1.47531089871854,0.327772531870735,3.16107588309765
280.7,0.172843468260985,1.47543613714429,0.32774958479972,3.16098188150951
280.8,0.172867491970123,1.47556114615155,0.327726690122962,3.16088809569548
280.9,0.17289146360008,1.47568592613815,0.327703847724429,3.16079452517177
281,0.172915383253001,1.47581047750118,0.327681057488365,3.16070116945572
281.1,0.172939251030881,1.47593480063713,0.32765831929926,3.16060802806577
281.2,0.172963067035548,1.47605889594182,0.327635633041858,3.16051510052142
281.3,0.172986831368779,1.47618276381072,0.32761299860105,3.16042238634283
281.4,0.173010544132123,1.47630640463845,0.327590415862042,3.16032988505151
281.5,0.173034205427026,1.47642981881917,0.327567884710235,3.16023759616983
281.6,0.173057815354798,1.47655300674644,0.327545405031258,3.16014551922109
281.7,0.173081374016589,1.47667596881318,0.327522976710984,3.16005365372971
281.8,0.173104881513398,1.4767987054117,0.327500599635534,3.1599619992211
281.9,0.173128337946087,1.47692121693373,0.327478273691247,3.15987055522167
282,0.173151743415363,1.47704350377037,0.327455998764708,3.15977932125886
282.1,0.173175098021783,1.47716556631211,0.327433774742741,3.15968829686113
282.2,0.173198401865755,1.47728740494884,0.327411601512399,3.15959748155793
282.3,0.17322165504755,1.47740902006987,0.327389478960966,3.15950687487973
282.4,0.173244857667276,1.47753041206387,0.327367406975968,3.15941647635799
282.5,0.173268009824905,1.47765158131893,0.327345385445157,3.15932628552519
282.6,0.173291111620264,1.47777252822254,0.327323414256514,3.15923630191476
282.7,0.173314163153021,1.4778932531616,0.327301493298264,3.15914652506118
282.8,0.173337164522716,1.4780137565224,0.327279622458846,3.15905695449988
282.9,0.173360115828725,1.47813403869064,0.327257801626944,3.15896758976729
283,0.173383017170283,1.47825410005141,0.327236030691469,3.15887843040086
283.1,0.173405868646479,1.47837394098922,0.327214309541556,3.15878947593898
283.2,0.173428670356247,1.47849356188797,0.32719263806658,3.15870072592108
283.3,0.173451422398384,1.47861296313098,0.327171016156135,3.15861217988752
283.4,0.173474124871528,1.47873214510095,0.327149443700054,3.15852383737968
283.5,0.173496777874175,1.47885110818001,0.327127920588393,3.15843569793992
283.6,0.173519381504676,1.47896985274968,0.327106446711437,3.15834776111155
283.7,0.173541935861226,1.47908837919089,0.327085021959707,3.15826002643892
283.8,0.173564441041885,1.47920668788398,0.327063646223937,3.15817249346727
283.9,0.173586897144551,1.4793247792087,0.327042319395104,3.1580851617429
284,0.173609304266655,1.47944265354339,0.32702104136471,3.15799803081428
284.1,0.173631662506041,1.47956031126721,0.326999812023952,3.15791110022869
284.2,0.17365397196075,1.47967775275959,0.326978631263927,3.15782436953305
284.3,0.173676232726796,1.47979497839466,0.326957498977741,3.15773783828253
284.4,0.17369844490256,1.47991198855229,0.326936415056336,3.15765150602349
284.5,0.173720608584554,1.48002878360741,0.326915379392519,3.15756537230998
284.6,0.173742723869477,1.48014536393522,0.326894391878998,3.15747943669565
284.7,0.173764790854938,1.480261729913,0.326873452407703,3.15739369873104
284.8,0.17378680963611,1.48037788191168,0.326852560872955,3.15730815797651
284.9,0.173808780310676,1.4804938203083,0.326831717166781,3.15722281398306
285,0.17383070297437,1.48060954547478,0.326810921183134,3.15713766630965
285.1,0.173852577723114,1.48072505778331,0.326790172815874,3.15705271451485
285.2,0.173874404653765,1.48084035760822,0.326769471958054,3.156967958154
285.3,0.173896183860771,1.48095544531753,0.326748818505097,3.15688339679218
285.4,0.17391791544104,1.48107032128531,0.326728212350168,3.15679902998526
285.5,0.17393959948958,1.4811849858806,0.326707653388321,3.15671485729686
285.6,0.17396123610158,1.48129943947268,0.326687141514513,3.15663087829029
285.7,0.173982825373137,1.48141368243295,0.326666676622921,3.15654709252567
285.8,0.174004367397984,1.48152771512658,0.326646258610043,3.15646349957268
285.9,0.174025862272271,1.48164153792471,0.326625887370163,3.15638009899195
286,0.17404731009027,1.48175515119348,0.326605562799425,3.1562968903518
286.1,0.174068710946432,1.4818685552993,0.326585284793882,3.15621387322018
286.2,0.174090064936103,1.48198175061065,0.326565053248814,3.15613104716194
286.3,0.174111372152289,1.48209473748985,0.3265448680618,3.15604841175137
286.4,0.174132632690386,1.48220751630513,0.326524729128229,3.15596596655383
286.5,0.17415384664393,1.48232008741976,0.326504636345329,3.15588371114223
286.6,0.174175014106631,1.48243245119726,0.326484589610239,3.15580164508919
286.7,0.174196135173086,1.48254460800324,0.326464588819334,3.15571976796422
286.8,0.17421720993557,1.48265655819716,0.326444633871264,3.15563807934617
286.9,0.174238238488728,1.48276830214436,0.326424724662511,3.15555657880507
287,0.174259220925646,1.482879840206,0.326404861091104,3.1554752659173
287.1,0.174280157339084,1.4829911727422,0.32638504305546,3.15539414026089
287.2,0.174301047822373,1.48310230011437,0.326365270453529,3.15531320141197
287.3,0.174321892468274,1.48321322268226,0.32634554318387,3.15523244894921
287.4,0.174342691369518,1.48332394080534,0.326325861145149,3.15515188245176
287.5,0.174363444618649,1.48343445484245,0.326306224236279,3.1550715014998
287.6,0.17438415230806,1.48354476515181,0.326286632356391,3.15499130567446
287.7,0.174404814529978,1.48365487209107,0.326267085404845,3.1549112945578
287.8,0.174425431376565,1.4837647760175,0.32624758328113,3.15483146773251
287.9,0.174446002939764,1.48387447728761,0.32622812588502,3.15475182478242
288,0.174466529311407,1.48398397625748,0.326208713116463,3.15467236529215
288.1,0.174487010583187,1.48409327328262,0.326189344875608,3.15459308884714
288.2,0.17450744684664,1.48420236871796,0.326170021062827,3.1545139950338
288.3,0.174527838193145,1.48431126291785,0.326150741578708,3.15443508343946
288.4,0.174548184713948,1.48441995623609,0.326131506324037,3.15435635365228
288.5,0.174568486500134,1.48452844902593,0.326112315199818,3.15427780526136
288.6,0.174588743642641,1.48463674164001,0.326093168107268,3.15419943785669
288.7,0.174608956232257,1.48474483443046,0.326074064947811,3.15412125102916
288.8,0.17462912435963,1.48485272774881,0.326055005623075,3.15404324437051
288.9,0.174649248115248,1.48496042194605,0.326035990034906,3.15396541747342
289,0.174669327589461,1.4850679173726,0.326017018085349,3.15388776993141
289.1,0.174689362872472,1.48517521437836,0.325998089676656,3.15381030133887
289.2,0.174709354054327,1.48528231331261,0.325979204711294,3.15373301129113
289.3,0.174729301224941,1.48538921452413,0.325960363091924,3.15365589938431
289.4,0.174749204474066,1.48549591836113,0.325941564721424,3.15357896521548
289.5,0.174769063891314,1.48560242517125,0.325922809502872,3.15350220838254
289.6,0.174788879566151,1.48570873530159,0.325904097339549,3.15342562848428
289.7,0.174808651587888,1.4858148490987,0.32588542813495,3.15334922512036
289.8,0.174828380045699,1.48592076690855,0.325866801792764,3.1532729978913
289.9,0.174848065028602,1.48602648907659,0.325848218216893,3.1531969463985
290,0.174867706625471,1.48613201594769,0.325829677311441,3.15312107024424
290.1,0.174887304925036,1.4862373478662,0.325811178980712,3.15304536903161
290.2,0.174906860015872,1.48634248517588,0.32579272312922,3.15296984236463
290.3,0.174926371986418,1.48644742821998,0.325774309661672,3.15289448984813
290.4,0.174945840924954,1.48655217734118,0.325755938482987,3.15281931108783
290.5,0.174965266919621,1.48665673288161,0.325737609498281,3.15274430569029
290.6,0.174984650058413,1.48676109518286,0.325719322612869,3.15266947326292
290.7,0.17500399042917,1.48686526458597,0.325701077732276,3.15259481341401
290.8,0.175023288119597,1.48696924143143,0.325682874762218,3.15252032575267
290.9,0.175042543217244,1.4870730260592,0.325664713608621,3.15244600988888
291,0.175061755809515,1.48717661880867,0.325646594177605,3.15237186543348
291.1,0.175080925983673,1.4872800200187,0.325628516375491,3.15229789199812
291.2,0.175100053826768,1.48738323002745,0.325610480108859,3.15222408919557
291.3,0.175119139425452,1.48748624917187,0.325592485284721,3.15215045664039
291.4,0.175138182867216,1.48758907779093,0.325574531809368,3.15207699394421
291.5,0.175157184238309,1.48769171622023,0.325556619590314,3.15200370072369
291.6,0.175176143625126,1.48779416479555,0.325538748534999,3.15193057659524
291.7,0.175195061114792,1.48789642385446,0.325520918550239,3.15185762117271
291.8,0.175213936792395,1.48799849372899,0.325503129544823,3.15178483407809
291.9,0.175232770745093,1.48810037475649,0.325485381425653,3.15171221492565
292,0.175251563058377,1.48820206726976,0.325467674101259,3.15163976333634
292.1,0.175270313817878,1.4883035716018,0.325450007480099,3.15156747893089
292.2,0.175289023110006,1.48840488808752,0.325432381469954,3.15149536132722
292.3,0.175307691019074,1.48850601705615,0.325414795980639,3.15142341015168
292.4,0.175326317631503,1.48860695884234,0.325397250920042,3.15135162502268
292.5,0.175344903032054,1.48870771377618,0.325379746197672,3.15128000556537
292.6,0.175363447305627,1.48880828218799,0.325362281722967,3.15120855140456
292.7,0.175381950537887,1.48890866440997,0.325344857404699,3.15113726216242
292.8,0.175400412812449,1.48900886076874,0.325327473153627,3.15106613746925
292.9,0.175418834214987,1.48910887159622,0.325310128878631,3.15099517694769
293,0.175437214829545,1.48920869721987,0.325292824490179,3.15092438022691
293.1,0.175455554740304,1.48930833796736,0.325275559898667,3.15085374693582
293.2,0.175473854032193,1.48940779416821,0.325258335013843,3.15078327670067
293.3,0.175492112788119,1.48950706614642,0.325241149747413,3.1507129691558
293.4,0.175510331093019,1.48960615423122,0.325224004009229,3.15064282392795
293.5,0.175528509030218,1.48970505874745,0.325206897710714,3.15057284065032
293.6,0.175546646683177,1.48980378002013,0.32518983076322,3.15050301895586
293.7,0.175564744136093,1.48990231837611,0.325172803077458,3.15043335847491
293.8,0.175582801471164,1.49000067413678,0.325155814566078,3.15036385884577
293.9,0.175600818772594,1.49009884762873,0.325138865139893,3.15029451969925
294,0.175618796122992,1.49019683917416,0.325121954711271,3.15022534067256
294.1,0.175636733605097,1.49029464909546,0.325105083192511,3.15015632140264
294.2,0.175654631302382,1.49039227771685,0.32508825049528,3.15008746152386
294.3,0.175672489296333,1.49048972535712,0.325071456533158,3.15001876067846
294.4,0.175690307670427,1.49058699234021,0.325054701217911,3.14995021850127
294.5,0.175708086506803,1.49068407898637,0.325037984462617,3.14988183463253
294.6,0.175725825887304,1.49078098561492,0.325021306180681,3.14981360871382
294.7,0.175743525894239,1.49087771254627,0.325004666285124,3.14974554038518
294.8,0.175761186609419,1.49097426009938,0.324988064689485,3.14967762928881
294.9,0.175778808114609,1.49107062859294,0.3249715013074,3.1496098750673
295,0.175796390491401,1.49116681834505,0.324954976052718,3.14954227736416
295.1,0.175813933821238,1.49126282967327,0.324938488839479,3.1494748358237
295.2,0.175831438185407,1.49135866289461,0.324922039581919,3.14940755009105
295.3,0.175848903665125,1.49145431832575,0.324905628194394,3.14934041981186
295.4,0.175866330341403,1.49154979628271,0.3248892545915,3.14927344463278
295.5,0.175883718295142,1.49164509708104,0.32487291868799,3.14920662420113
295.6,0.175901067607109,1.49174022103583,0.324856620398791,3.14913995816495
295.7,0.175918378357919,1.49183516846163,0.324840359639021,3.14907344617311
295.8,0.17593565062804,1.49192993967244,0.324824136323989,3.14900708787528
295.9,0.175952884497808,1.49202453498181,0.324807950369173,3.14894088292182
296,0.175970080047409,1.49211895470271,0.324791801690244,3.14887483096392
296.1,0.175987237356883,1.49221319914763,0.324775690203057,3.14880893165354
296.2,0.176004356506131,1.49230726862855,0.324759615823647,3.14874318464341
296.3,0.176021437574919,1.49240116345692,0.324743578468224,3.14867758958699
296.4,0.176038480642859,1.4924948839437,0.324727578053192,3.14861214613855
296.5,0.176055485789429,1.49258843039933,0.324711614495125,3.14854685395307
296.6,0.17607245309397,1.49268180313375,0.324695687710776,3.14848171268633
296.7,0.176089382635671,1.49277500245639,0.324679797617088,3.14841672199483
296.8,0.176106274493594,1.49286802867618,0.324663944131169,3.14835188153586
296.9,0.176123128746648,1.49296088210154,0.324648127170316,3.14828719096743
297,0.176139945473608,1.49305356304038,0.324632346652003,3.14822264994832
297.1,0.176156724753108,1.49314607180011,0.324616602493878,3.14815825813807
297.2,0.176173466663638,1.49323840868764,0.324600894613775,3.14809401519695
297.3,0.176190171283553,1.49333057400937,0.324585222929697,3.14802992078598
297.4,0.176206838691063,1.49342256807121,0.324569587359833,3.14796597456696
297.5,0.176223468963996,1.49351439117789,0.32455398782277,3.14790217620332
297.6,0.17624006218046,1.49360604363478,0.324538424236883,3.14783852535765
297.7,0.176256618418677,1.49369752574746,0.324522896520482,3.14777502169231
297.8,0.176273137755335,1.4937888378172,0.32450740459336,3.14771166487574
297.9,0.176289620268851,1.49387998014986,0.324491948373737,3.14764845456996
298,0.176306066036222,1.49397095304731,0.324476527781208,3.14758539044262
298.1,0.176322475134556,1.49406175681161,0.324461142735306,3.14752247216117
298.2,0.176338847641608,1.49415239174648,0.324445793155004,3.14745969939076
298.3,0.176355183633296,1.49424285815048,0.324430478961039,3.1473970718038
298.4,0.176371483187369,1.49433315632707,0.324415200072477,3.14733458906587
298.5,0.176387746380106,1.49442328657559,0.324399956409805,3.14727225084838
298.6,0.176403973287892,1.49451324919553,0.324384747893453,3.14721005682253
298.7,0.176420163987779,1.49460304448811,0.32436957444327,3.14714800665718
298.8,0.176436318555005,1.49469267274946,0.324354435980848,3.14708610002831
298.9,0.176452437066601,1.4947821342805,0.32433933242614,3.14702433660523
299,0.176468519598384,1.49487142937873,0.324324263700281,3.1469627160621
299.1,0.176484566225893,1.49496055834075,0.324309229724707,3.14690123807435
299.2,0.17650057702508,1.49504952146421,0.324294230420512,3.14683990231599
299.3,0.17651655207144,1.49513831904537,0.324279265709255,3.14677870846299
299.4,0.176532491440418,1.49522695138025,0.32426433551259,3.1467176561917
299.5,0.176548395207293,1.4953154187643,0.324249439752361,3.1466567451793
299.6,0.176564263447203,1.49540372149248,0.32423457835059,3.14659597510367
299.7,0.176580096235136,1.49549185985923,0.32421975122948,3.14653534564348
299.8,0.176595893646009,1.49557983415865,0.324204958311342,3.14647485647785
299.9,0.176611655754542,1.49566764468423,0.324190199518709,3.14641450728684
300,0.176627382635352,1.49575529172906,0.324175474774254,3.14635429775109
300.1,0.176643074362923,1.49584277558574,0.324160784000813,3.14629422755191
300.2,0.176658731011597,1.49593009654638,0.324146127121398,3.14623429637138
300.3,0.176674352655572,1.49601725490259,0.324131504059192,3.14617450389227
300.4,0.176689939368921,1.49610425094551,0.324116914737537,3.14611484979804
300.5,0.176705491225572,1.4961910849658,0.324102359079948,3.14605533377286
300.6,0.176721008299317,1.49627775725361,0.324087837010111,3.14599595550161
300.7,0.176736490663811,1.49636426809863,0.324073348451875,3.14593671466987
300.8,0.176751938392579,1.49645061779007,0.324058893329253,3.14587761096391
300.9,0.176767351559002,1.49653680661665,0.324044471566431,3.14581864407072
301,0.17678273023633,1.49662283486661,0.324030083087753,3.14575981367795
301.1,0.176798074497682,1.49670870282773,0.324015727817728,3.14570111947393
301.2,0.176813384416034,1.49679441078729,0.324001405681038,3.14564256114774
301.3,0.176828660064235,1.49687995903212,0.323987116602513,3.14558413838908
301.4,0.176843901514994,1.49696534784855,0.323972860507163,3.14552585088839
301.5,0.176859108840888,1.49705057752245,0.323958637320152,3.14546769833675
301.6,0.17687428211436,1.4971356483392,0.323944446966812,3.14540968042596
301.7,0.176889421407715,1.49722056058373,0.323930289372637,3.1453517968485
301.8,0.17690452679313,1.49730531454046,0.323916164463282,3.14529404729751
301.9,0.176919598342641,1.49738991049338,0.323902072164568,3.14523643146684
302,0.176934636127936,1.49747434872536,0.323888012402679,3.14517894905183
302.1,0.176949640220943,1.49755862951988,0.32387398510361,3.14512159974707
302.2,0.176964610693691,1.49764275316055,0.3238599901933,3.14506438324695
302.3,0.176979547616813,1.49772671992706,0.32384602759903,3.14500729925133
302.4,0.176994451062498,1.49781053010328,0.32383209724666,3.14495034745431
302.5,0.177009321101643,1.49789418396941,0.323818199063295,3.14489352755507
302.6,0.177024157805242,1.49797768180581,0.323804332975987,3.14483683925261
302.7,0.177038961244864,1.49806102389436,0.323790498911284,3.14478028224388
302.8,0.17705373149041,1.49814421051217,0.323776696797329,3.14472385623235
302.9,0.177068468613432,1.49822724194089,0.323762926560759,3.14466756091537
303,0.177083172684142,1.4983101184583,0.323749188129494,3.14461139599555
303.1,0.177097843772847,1.49839284034236,0.323735481431404,3.1445553611753
303.2,0.177112481950445,1.49847540787261,0.32372180639384,3.14449945615494
303.3,0.177127087286188,1.49855782132387,0.323708162945728,3.14444368064121
303.4,0.177141659850945,1.49864008097538,0.323694551014515,3.14438803433486
303.5,0.177156199714279,1.49872218710264,0.323680970528904,3.14433251694176
303.6,0.177170706945842,1.49880413998132,0.323667421417548,3.14427712816762
303.7,0.177185181615862,1.4988859398886,0.323653903608597,3.14422186771608
303.8,0.177199623792953,1.49896758709703,0.323640417031741,3.14416673529711
303.9,0.177214033547317,1.49904908188353,0.323626961615223,3.14411173061476
304,0.177228410947863,1.49913042452132,0.323613537288523,3.14405685337818
304.1,0.177242756063593,1.49921161528375,0.323600143981073,3.14400210329631
304.2,0.177257068964075,1.4992926544457,0.323586781621804,3.14394748007607
304.3,0.177271349717277,1.49937354227745,0.323573450141178,3.14389298343067
304.4,0.17728559839274,1.49945427905361,0.32356014946822,3.14383861306743
304.5,0.177299815058924,1.49953486504567,0.323546879532997,3.14378436869795
304.6,0.177313999784033,1.49961530052428,0.323533640265849,3.14373025003498
304.7,0.177328152636631,1.49969558576107,0.323520431596809,3.14367625679002
304.8,0.177342273684869,1.49977572102635,0.323507253456331,3.14362238867629
304.9,0.177356362996844,1.49985570659024,0.323494105774948,3.14356864540738
305,0.177370420640502,1.49993554272232,0.323480988483372,3.14351502669759
305.1,0.177384446683655,1.50001522969172,0.323467901512466,3.14346153226187
305.2,0.177398441193974,1.50009476776706,0.323454844793259,3.14340816181586
305.3,0.177412404239061,1.50017415721671,0.323441818256875,3.14335491507561
305.4,0.177426335886337,1.50025339830841,0.323428821834638,3.14330179175798
305.5,0.177440236203123,1.50033249130954,0.323415855458001,3.1432487915804
305.6,0.177454105256615,1.50041143648707,0.323402919058556,3.14319591426086
305.7,0.177467943113877,1.50049023410746,0.323390012568057,3.14314315951802
305.8,0.177481749841838,1.50056888443674,0.323377135918411,3.14309052707121
305.9,0.177495525507309,1.5006473877405,0.323364289041666,3.14303801664033
306,0.177509270176965,1.50072574428388,0.323351471870028,3.14298562794594
306.1,0.177522983917354,1.50080395433155,0.323338684335852,3.14293336070923
306.2,0.177536666794897,1.50088201814775,0.323325926371644,3.14288121465198
306.3,0.177550318875889,1.50095993599628,0.32331319791005,3.14282918949663
306.4,0.177563940226494,1.50103770814048,0.323300498883877,3.14277728496623
306.5,0.177577530912753,1.50111533484326,0.323287829226072,3.14272550078444
306.6,0.177591091000582,1.50119281636709,0.323275188869727,3.14267383667553
306.7,0.177604620555764,1.50127015297398,0.323262577748092,3.14262229236441
306.8,0.177618119643966,1.50134734492552,0.323249995794549,3.14257086757657
306.9,0.177631588330719,1.50142439248285,0.323237442942641,3.14251956203813
307,0.177645026681434,1.50150129590667,0.323224919126048,3.14246837547582
307.1,0.177658434761395,1.50157805545724,0.3232124242786,3.14241730761699
307.2,0.17767181263576,1.50165467139437,0.323199958334275,3.14236635818959
307.3,0.177685160369562,1.50173114397747,0.323187521227191,3.14231552692216
307.4,0.177698478027706,1.50180747346546,0.323175112891618,3.1422648135439
307.5,0.177711765674781,1.50188366011631,0.323162733262146,3.14221421778529
307.6,0.177725023375585,1.50195970418848,0.323150382273201,3.14216373937618
307.7,0.177738251194993,1.5020356059406,0.323138059859165,3.14211337804624
307.8,0.177751449196644,1.50211136562766,0.323125765955598,3.14206313352998
307.9,0.177764617445542,1.5021869835085,0.323113500496817,3.14201300555683
308,0.177777756005547,1.50226245983858,0.323101263418235,3.1419629938607
308.1,0.177790864940592,1.50233779487353,0.32308905465522,3.14191309817537
308.2,0.177803944315117,1.50241298887031,0.3230768741427,3.14186331823278
308.3,0.177816994192079,1.50248804208159,0.323064721817008,3.14181365377067
308.4,0.177830014635887,1.50256295476411,0.323052597613154,3.14176410452135
308.5,0.177843005709761,1.50263772717112,0.323040501467281,3.1417146702218
308.6,0.177855967476998,1.50271235955601,0.323028433315489,3.14166535060882
308.7,0.177868900001409,1.5027868521736,0.323016393093423,3.14161614541737
308.8,0.177881803345347,1.5028612052744,0.323004380738118,3.14156705438809
308.9,0.177894677572585,1.50293541911297,0.322992396185307,3.14151807725632
309,0.177907522745738,1.50300949394042,0.322980439371834,3.14146921376197
309.1,0.177920338927491,1.50308343000803,0.322968510234499,3.14142046364474
309.2,0.177933126181033,1.50315722756844,0.32295660870966,3.14137182664258
309.3,0.177945884568121,1.50323088687007,0.322944734735039,3.14132330249898
309.4,0.177958614151906,1.50330440816532,0.322932888247078,3.14127489095225
309.5,0.177971314994396,1.5033777917032,0.322921069183317,3.14122659174518
309.6,0.177983987157669,1.50345103773284,0.322909277481252,3.14117840462039
309.7,0.177996630704301,1.50352414650475,0.322897513077941,3.14113032931873
309.8,0.178009245695446,1.50359711826527,0.322885775911793,3.14108236558657
309.9,0.178021832193643,1.50366995326464,0.322874065919951,3.14103451316513
310,0.178034390260296,1.50374265174977,0.322862383040644,3.14098677180008
310.1,0.178046919956878,1.50381521396769,0.322850727212056,3.1409391412369
310.2,0.178059421345391,1.5038876401669,0.322839098371909,3.14089162121921
310.3,0.17807189448659,1.50395993059219,0.322827496459106,3.14084421149547
310.4,0.178084339441984,1.5040320854905,0.322815921411876,3.14079691181136
310.5,0.178096756272663,1.50410410510745,0.322804373168863,3.14074972191433
310.6,0.178109145039578,1.50417598968822,0.322792851668861,3.14070264155238
310.7,0.178121505803593,1.50424773947765,0.322781356850773,3.14065567047403
310.8,0.178133838625448,1.50431935472014,0.322769888653641,3.14060880842834
310.9,0.178146143565742,1.50439083565963,0.322758447016663,3.14056205516504
311,0.17815842068498,1.50446218253972,0.322747031879145,3.14051541043429
311.1,0.178170670043559,1.50453339560361,0.322735643180522,3.1404688739868
311.2,0.178182891701736,1.50460447509403,0.32272428086038,3.14042244557393
311.3,0.178195085719674,1.50467542125337,0.322712944858417,3.14037612494745
311.4,0.178207252157408,1.50474623432358,0.322701635114474,3.14032991185978
311.5,0.178219391074853,1.50481691454621,0.322690351568527,3.14028380606388
311.6,0.178231502531808,1.50488746216236,0.322679094160683,3.14023780731325
311.7,0.178243586587956,1.50495787741277,0.322667862831181,3.14019191536196
311.8,0.178255643302854,1.50502816053772,0.322656657520401,3.14014612996462
311.9,0.178267672735943,1.50509831177711,0.322645478168849,3.14010045087644
312,0.178279674946551,1.5051683313704,0.322634324717167,3.14005487785311
312.1,0.178291649993885,1.50523821955667,0.322623197106127,3.14000941065094
312.2,0.17830359793703,1.50530797657456,0.322612095276635,3.13996404902674
312.3,0.178315518834966,1.50537760266235,0.322601019169723,3.13991879273787
312.4,0.178327412746546,1.50544709805787,0.32258996872656,3.13987364154226
312.5,0.178339279730512,1.50551646299857,0.322578943888444,3.13982859519837
312.6,0.178351119845489,1.50558569772148,0.3225679445968,3.13978365346518
312.7,0.178362933149983,1.50565480246322,0.322556970793189,3.13973881610226
312.8,0.178374719702389,1.50572377746004,0.322546022419295,3.13969408286967
312.9,0.17838647956098,1.50579262294774,0.322535099416938,3.13964945352805
313,0.178398212783918,1.50586133916176,0.322524201728064,3.13960492783855
313.1,0.178409919429247,1.50592992633709,0.322513329294749,3.13956050556287
313.2,0.178421599554859,1.50599838470826,0.322502482059233,3.13951618646338
313.3,0.178433253218376,1.5060667145089,0.322491659964028,3.1394719703036
313.4,0.178444880477906,1.50613491597403,0.322480862951217,3.13942785684526
313.5,0.178456481390775,1.5062029893363,0.322470090963631,3.13938384585319
313.6,0.17846805601437,1.50627093482847,0.322459343944062,3.13933993709206
313.7,0.178479604406499,1.50633875268451,0.322448621834937,3.13929613032506
313.8,0.178491126623703,1.50640644313455,0.322437924579878,3.13925242532026
313.9,0.178502622723758,1.50647400641234,0.322427252121382,3.13920882184115
314,0.178514092763401,1.50654144274847,0.322416604402931,3.13916531965527
314.1,0.178525536799429,1.50660875237367,0.322405981367974,3.13912191853001
314.2,0.178536954889087,1.50667593551993,0.322395382959561,3.13907861823115
314.3,0.178548347088319,1.50674299241532,0.322384809121975,3.13903541852951
314.4,0.178559713454329,1.50680992329159,0.322374259798348,3.13899231919122
314.5,0.178571054043284,1.50687672837735,0.322363734932794,3.13894931998643
314.6,0.178582368911411,1.50694340790136,0.322353234469394,3.13890642068517
314.7,0.178593658115412,1.50700996209368,0.322342758351804,3.13886362105574
314.8,0.17860492171086,1.507076391181,0.322332306524754,3.13882092087082
314.9,0.178616159754003,1.50714269539194,0.322321878932362,3.13877831990063
315,0.178627372300708,1.50720887495394,0.322311475519124,3.13873581791691
315.1,0.178638559406715,1.50727493009399,0.322301096229671,3.13869341469198
315.2,0.178649721127679,1.50734086103879,0.322290741008733,3.13865110999857
315.3,0.178660857519138,1.50740666801461,0.322280409801169,3.13860890360994
315.4,0.178671968636501,1.50747235124731,0.322270102551978,3.13856679529993
315.5,0.178683054535091,1.50753791096239,0.322259819206257,3.1385247848428
315.6,0.178694115270124,1.50760334738504,0.322249559709221,3.13848287201329
315.7,0.178705150896688,1.50766866073995,0.322239324006226,3.13844105658671
315.8,0.178716161469784,1.50773385125153,0.322229112042722,3.13839933833882
315.9,0.178727147044292,1.50779891914376,0.322218923764299,3.13835771704588
316,0.178738107674981,1.50786386464024,0.32220875911666,3.13831619248467
316.1,0.178749043416511,1.50792868796419,0.322198618045636,3.13827476443249
316.2,0.178759954323433,1.50799338933844,0.322188500497174,3.13823343266713
316.3,0.178770840450183,1.50805796898542,0.322178406417347,3.13819219696688
316.4,0.178781701851086,1.5081224271272,0.322168335752348,3.13815105711055
316.5,0.178792538580363,1.50818676398544,0.322158288448488,3.13811001287744
316.6,0.17880335069212,1.50825097978144,0.322148264452199,3.13806906404733
316.7,0.178814138240353,1.5083150747361,0.322138263710039,3.13802821040055
316.8,0.178824901278958,1.50837904906997,0.322128286168673,3.13798745171785
316.9,0.17883563986171,1.50844290300318,0.322118331774898,3.13794678778055
317,0.178846354042284,1.5085066367555,0.322108400475621,3.13790621837041
317.1,0.178857043874246,1.50857025054634,0.32209849221787,3.1378657432697
317.2,0.178867709411015,1.5086337445946,0.322088606948825,3.13782536226131
317.3,0.178878350705765,1.50869711911839,0.322078744615913,3.13778507512917
317.4,0.178888967812108,1.5087603743371,0.322068905166171,3.13774488165558
317.5,0.178899560782939,1.50882351046789,0.322059088547319,3.13770478162569
317.6,0.178910129671206,1.50888652772804,0.322049294707045,3.1376647748245
317.7,0.178920674530241,1.50894942633594,0.322039523592701,3.13762486103564
317.8,0.17893119541221,1.5090122065064,0.322029775152734,3.13758504004722
317.9,0.178941692370413,1.5090748684576,0.322020049334562,3.13754531164317
318,0.178952165457187,1.50913741240478,0.322010346086506,3.13750567561111
318.1,0.17896261472493,1.50919983856329,0.322000665356854,3.13746613173852
318.2,0.178973040226442,1.50926214714968,0.321991007093535,3.13742667981144
318.3,0.178983442013333,1.50932433837681,0.321981371245599,3.13738731962048
318.4,0.178993820138362,1.50938641246098,0.32197175776105,3.137348050952
318.5,0.179004174653334,1.50944836961557,0.321962166588789,3.13730887359601
318.6,0.179014505610111,1.50951021005407,0.321952597677684,3.13726978734241
318.7,0.179024813060983,1.50957193399121,0.321943050976222,3.13723079197955
318.8,0.179035097057208,1.50963354163855,0.321933526433865,3.13719188729976
318.9,0.179045357650654,1.50969503320946,0.321924023999522,3.13715307309313
319,0.179055594892844,1.5097564089162,0.321914543622444,3.13711434915114
319.1,0.179065808835176,1.50981766897061,0.321905085252008,3.1370757152658
319.2,0.179075999528972,1.50987881358426,0.321895648837682,3.13703717122951
319.3,0.179086167025444,1.5099398429683,0.321886234329052,3.13699871683512
319.4,0.179096311375682,1.51000075733351,0.321876841675832,3.13696035187605
319.5,0.179106432630693,1.51006155689034,0.321867470827828,3.1369220761461
319.6,0.179116530841388,1.5101222418489,0.321858121734952,3.13688388943949
319.7,0.179126606058556,1.51018281241891,0.321848794347248,3.13684579155098
319.8,0.179136658332905,1.51024326880975,0.321839488614845,3.13680778227572
319.9,0.179146687715027,1.51030361123044,0.321830204488,3.13676986140936
320,0.179156694255414,1.51036383988963,0.321820941917077,3.13673202874799
320.1,0.179166678004452,1.51042395499559,0.321811700852554,3.1366942840882
320.2,0.179176639012427,1.51048395675627,0.321802481245015,3.13665662722699
320.3,0.179186577329517,1.51054384537921,0.321793283045163,3.13661905796187
320.4,0.179196493005796,1.51060362107161,0.321784106203809,3.1365815760908
320.5,0.179206386091241,1.51066328404031,0.321774950671874,3.13654418141218
320.6,0.17921625663572,1.51072283449179,0.321765816400391,3.13650687372489
320.7,0.179226104689,1.51078227263216,0.321756703340504,3.13646965282825
320.8,0.179235930300752,1.5108415986672,0.321747611443459,3.13643251852204
320.9,0.179245733520536,1.51090081280229,0.321738540660624,3.13639547060648
321,0.179255514397816,1.51095991524249,0.321729490943465,3.13635850888228
321.1,0.179265272981954,1.5110189061925,0.321720462243562,3.13632163315055
321.2,0.179275009322208,1.51107778585664,0.321711454512603,3.13628484321289
321.3,0.179284723467738,1.5111365544389,0.321702467702386,3.13624813887133
321.4,0.179294415467601,1.51119521214291,0.321693501764814,3.13621151992836
321.5,0.179304085370751,1.51125375917192,0.321684556651903,3.13617498618691
321.6,0.179313733226046,1.51131219572887,0.321675632315772,3.13613853745037
321.7,0.179323359082207,1.51137052201622,0.32166672870868,3.13610217352267
321.8,0.179332962987733,1.5114287382357,0.321657845783108,3.13606589420868
321.9,0.179342544991512,1.5114868445902,0.32164898349119,3.13602969931185
322,0.179352105141786,1.51154484128057,0.321640141785672,3.13599358863813
322.1,0.17936164348684,1.51160272850777,0.321631320619275,3.13595756199338
322.2,0.179371160075302,1.51166050647374,0.321622519944417,3.13592161918224
322.3,0.179380654954749,1.51171817537717,0.321613739714502,3.13588576001336
322.4,0.179390128173772,1.51177573541982,0.32160497988201,3.13584998429164
322.5,0.179399579780099,1.51183318680075,0.321596240400235,3.1358142918253
322.6,0.179409009821501,1.51189052971909,0.321587521222442,3.13577868242245
322.7,0.179418418346117,1.51194776437511,0.321578822301573,3.13574315588988
322.8,0.179427805401005,1.51200489096564,0.32157014359158,3.13570771203853
322.9,0.179437171034257,1.5120619096907,0.321561485045476,3.1356723506755
323,0.179446515293105,1.51211882074762,0.32155284661708,3.13563707161118
323.1,0.179455838224827,1.5121756243338,0.321544228260185,3.13560187465586
323.2,0.179465139877085,1.5122323206478,0.321535629928239,3.13556675961845
323.3,0.179474420296606,1.51228890988525,0.321527051575571,3.13553172631143
323.4,0.179483679530668,1.51234539224343,0.321518493156012,3.13549677454528
323.5,0.179492917626233,1.51240176791862,0.321509954623703,3.13546190413172
323.6,0.179502134630148,1.5124580371067,0.321501435932897,3.13542711488297
323.7,0.179511330589189,1.51251420000326,0.321492937037931,3.13539240661159
323.8,0.179520505550029,1.51257025680357,0.32148445789325,3.13535777913054
323.9,0.179529659559231,1.51262620770248,0.321475998453414,3.13532323225334
324,0.179538792663279,1.5126820528946,0.321467558673067,3.13528876579377
324.1,0.179547904908567,1.51273779257417,0.321459138506951,3.13525437956608
324.2,0.179556996341377,1.51279342693508,0.321450737909922,3.13522007338497
324.3,0.179566067007917,1.51284895617094,0.321442356836924,3.13518584706548
324.4,0.179575116954286,1.51290438047496,0.321433995243004,3.13515170042312
324.5,0.179584146226491,1.51295970004006,0.321425653083317,3.13511763327381
324.6,0.179593154870442,1.51301491505878,0.321417330313115,3.13508364543389
324.7,0.179602142931954,1.51307002572337,0.321409026887749,3.13504973672011
324.8,0.179611110456743,1.51312503222569,0.321400742762678,3.13501590694966
324.9,0.179620057490431,1.51317993475729,0.321392477893459,3.13498215594014
325,0.179628984078546,1.51323473350939,0.321384232235748,3.13494848350955
325.1,0.17963789026652,1.51328942867285,0.321376005745302,3.13491488947632
325.2,0.179646776099687,1.51334402043822,0.321367798377981,3.1348813736593
325.3,0.179655641623294,1.5133985089957,0.321359610089738,3.13484793587771
325.4,0.179664486882487,1.51345289453518,0.321351440836632,3.13481457595124
325.5,0.17967331192232,1.51350717724618,0.321343290574816,3.13478129369994
325.6,0.179682116787755,1.51356135731793,0.321335159260545,3.1347480889443
325.7,0.179690901523631,1.51361543493921,0.321327046850196,3.13471496150531
325.8,0.179699666174576,1.51366941029812,0.321318953300355,3.1346819112048
325.9,0.179708410785576,1.51372328358385,0.321310878567287,3.13464893786333
326,0.179717135401024,1.51377705498366,0.321302822607819,3.13461604130372
326.1,0.17972584006535,1.51383072468492,0.321294785378754,3.13458322134873
326.2,0.179734524823294,1.51388429287594,0.321286766836622,3.13455047781998
326.3,0.179743189718637,1.51393775974194,0.32127876693885,3.13451781054277
326.4,0.179751834796082,1.51399112547106,0.321270785642023,3.13448521933899
326.5,0.179760460099541,1.51404439024888,0.32126282290347,3.13445270403355
326.6,0.179769065672968,1.51409755426106,0.321254878680494,3.13442026445125
326.7,0.179777651560645,1.51415061769431,0.321246952930104,3.1343879004157
326.8,0.17978621780587,1.51420358073214,0.321239045610231,3.1343556117543
326.9,0.179794764452881,1.51425644356105,0.321231156677948,3.13432339829094
327,0.17980329154513,1.51430920636498,0.321223286091067,3.13429125985251
327.1,0.179811799126106,1.51436186932796,0.321215433807374,3.13425919626583
327.2,0.179820287239652,1.51441443263513,0.321207599784343,3.13422720735643
327.3,0.179828755928751,1.51446689646885,0.321199783980249,3.13419529295313
327.4,0.17983720523689,1.51451926101304,0.321191986352918,3.13416345288291
327.5,0.179845635207262,1.51457152645066,0.321184206860454,3.13413168697389
327.6,0.179854045882959,1.51462369296433,0.321176445461068,3.13409999505465
327.7,0.179862437307002,1.51467576073639,0.321168702113046,3.13406837695405
327.8,0.179870809522317,1.51472772994885,0.321160976774774,3.13403683250139
327.9,0.179879162571727,1.51477960078338,0.321153269404741,3.13400536152638
328,0.179887496497984,1.51483137342134,0.321145579961518,3.13397396385905
328.1,0.179895811343753,1.51488304804385,0.321137908403759,3.13394263932984
328.2,0.179904107151597,1.51493462483161,0.321130254690231,3.13391138776958
328.3,0.179912383964007,1.51498610396509,0.32112261877977,3.13388020900944
328.4,0.179920641823377,1.51503748562442,0.321115000631322,3.133849102881
328.5,0.179928880772012,1.5150887699894,0.321107400203916,3.13381806921622
328.6,0.179937100852126,1.51513995723952,0.321099817456683,3.13378710784746
328.7,0.179945302105848,1.51519104755394,0.321092252348836,3.13375621860743
328.8,0.179953484575213,1.51524204111153,0.321084704839693,3.13372540132926
328.9,0.179961648302168,1.51529293809081,0.321077174888657,3.13369465584644
329,0.179969793328572,1.51534373867,0.321069662455224,3.13366398199285
329.1,0.179977919696197,1.51539444302703,0.321062167498982,3.13363337960275
329.2,0.179986027446721,1.51544505133946,0.321054689979616,3.13360284851077
329.3,0.179994116621744,1.5154955637846,0.321047229856893,3.13357238855192
329.4,0.18000218726277,1.5155459805394,0.321039787090677,3.1335419995616
329.5,0.180010239411217,1.51559630178052,0.321032361640922,3.13351168137555
329.6,0.18001827310842,1.5156465276843,0.321024953467671,3.13348143382991
329.7,0.180026288395596,1.51569665842671,0.321017562531083,3.1334512567613
329.8,0.180034285313772,1.51574669418304,0.321010188791503,3.13342115000709
329.9,0.180042263904298,1.51579663512961,0.321002832208989,3.13339111340348
330,0.18005022420798,1.51584648144094,0.320995492744108,3.13336114678876
330.1,0.180058166265659,1.51589623329166,0.320988170357409,3.13333125000113
330.2,0.180066090118454,1.51594589085724,0.320980865009188,3.13330142287781
330.3,0.18007399580661,1.51599545431033,0.320973576660563,3.13327166525933
330.4,0.180081883371211,1.51604492382622,0.320966305271885,3.13324197698312
330.5,0.180089752852617,1.51609429957787,0.320959050804182,3.13321235788936
330.6,0.180097604291224,1.51614358173831,0.320951813218459,3.13318280781815
330.7,0.180105437727728,1.51619277048152,0.320944592475453,3.13315332660851
330.8,0.180113253201924,1.51624186597851,0.320937388536745,3.13312391410289
330.9,0.180121050754462,1.51629086840307,0.320930201363131,3.13309457014054
331,0.180128830425276,1.51633977792661,0.320923030916081,3.13306529456349
331.1,0.180136592254331,1.51638859472062,0.320915877157044,3.13303608721366
331.2,0.180144336281912,1.51643731895762,0.320908740047185,3.13300694793183
331.3,0.180152062547519,1.51648595080752,0.320901619548398,3.13297787656176
331.4,0.180159771091112,1.51653449044173,0.320894515622168,3.13294887294553
331.5,0.180167461952378,1.51658293803072,0.320887428230236,3.13291993692629
331.6,0.180175135170912,1.51663129374464,0.320880357334439,3.13289106834755
331.7,0.180182790786242,1.51667955775341,0.320873302896685,3.13286226705317
331.8,0.180190428837809,1.51672773022662,0.320866264878969,3.13283353288732
331.9,0.180198049364958,1.51677581133352,0.320859243243388,3.1328048656946
332,0.180205652406967,1.51682380124314,0.320852237952105,3.1327762653199
332.1,0.180213238003033,1.51687170012418,0.320845248967367,3.13274773160845
332.2,0.180220806192261,1.51691950814505,0.32083827625152,3.13271926440587
332.3,0.180228357013686,1.51696722547388,0.320831319766976,3.13269086355808
332.4,0.180235890506253,1.5170148522785,0.320824379476245,3.13266252891139
332.5,0.180243406708826,1.51706238872643,0.320817455341916,3.13263426031243
332.6,0.180250905660184,1.51710983498489,0.320810547326667,3.1326060576082
332.7,0.180258387399026,1.51715719122082,0.320803655393258,3.13257792064606
332.8,0.180265851963965,1.51720445760085,0.320796779504536,3.1325498492737
332.9,0.180273299393532,1.51725163429131,0.320789919623436,3.13252184333917
333,0.180280729726176,1.51729872145824,0.32078307571297,3.13249390269088
333.1,0.180288143000264,1.5173457192674,0.320776247736241,3.13246602717756
333.2,0.18029553925408,1.51739262788422,0.320769435656434,3.13243821664832
333.3,0.180302918525831,1.51743944747387,0.320762639436814,3.13241047095258
333.4,0.180310280853635,1.51748617820121,0.320755859040734,3.13238278994013
333.5,0.180317626275534,1.51753282023082,0.320749094431628,3.13235517346109
333.6,0.180324954829488,1.51757937372698,0.320742345573012,3.13232762136591
333.7,0.180332266553354,1.5176258388536,0.32073561242851,3.13230013350551
333.8,0.180339561484808,1.51767221577399,0.320728894961914,3.13227270973147
333.9,0.180346839661822,1.51771850465239,0.320722193136755,3.13224534989433
334,0.180354101121873,1.5177647056514,0.320715506917029,3.13221805384651
334.1,0.180361345902463,1.51781081893367,0.320708836266715,3.13219082144039
334.2,0.180368574041352,1.51785684466267,0.320702181149564,3.1321636525274
334.3,0.180375785575496,1.51790278299922,0.320695541530073,3.13213654696204
334.4,0.18038298054262,1.5179486341066,0.320688917372044,3.13210950459594
334.5,0.180390158979783,1.51799439814594,0.320682308639895,3.13208252528329
334.6,0.180397320924078,1.5180400752784,0.320675715298023,3.13205560887817
334.7,0.18040446641287,1.51808566566604,0.320669137310582,3.13202875523368
334.8,0.180411595482699,1.51813116946817,0.320662574642492,3.13200196420606
334.9,0.180418708170888,1.51817658684664,0.320656027257965,3.13197523564864
335,0.180425804514099,1.51822191796113,0.320649495121823,3.13194856941727
335.1,0.180432884549027,1.51826716297138,0.320642978198869,3.1319219653677
335.2,0.180439948312654,1.51831232203805,0.320636476453648,3.13189542335464
335.3,0.180446995841247,1.51835739531944,0.320629989851371,3.13186894323554
335.4,0.180454027171489,1.51840238297516,0.320623518356878,3.13184252486631
335.5,0.180461042339815,1.51844728516401,0.320617061935237,3.13181616810381
335.6,0.180468041382572,1.51849210204448,0.32061062055161,3.13178987280527
335.7,0.180475024336048,1.5185368337748,0.32060419417122,3.13176363882821
335.8,0.180481991236448,1.51858148051294,0.320597782759373,3.13173746603045
335.9,0.180488942119888,1.51862604241653,0.320591386281466,3.1317113542702
336,0.180495877022423,1.518670519643,0.320585004702957,3.13168530340593
336.1,0.180502795980033,1.51871491234947,0.320578637989381,3.13165931329642
336.2,0.180509699028612,1.51875922069278,0.320572286106364,3.13163338380081
336.3,0.180516586203988,1.51880344482952,0.320565949019593,3.13160751477853
336.4,0.180523457541908,1.51884758491598,0.320559626694841,3.13158170608933
336.5,0.180530313078041,1.51889164110819,0.320553319097959,3.1315559575933
336.6,0.180537152847981,1.51893561356187,0.320547026194876,3.13153026915082
336.7,0.180543976887245,1.51897950243251,0.320540747951597,3.13150464062264
336.8,0.18055078523127,1.51902330787526,0.320534484334207,3.13147907186978
336.9,0.180557577915419,1.51906703004503,0.320528235308869,3.13145356275362
337,0.180564354974979,1.51911066909646,0.320522000841821,3.13142811313583
337.1,0.18057111644516,1.51915422518389,0.320515780899381,3.13140272287842
337.2,0.180577862361093,1.51919769846139,0.320509575447942,3.13137739184371
337.3,0.180584592757841,1.51924108908278,0.320503384453972,3.13135211989431
337.4,0.180591307670385,1.51928439720156,0.32049720788402,3.13132690689319
337.5,0.180598007133633,1.51932762297101,0.320491045704705,3.13130175270358
337.6,0.180604691182418,1.51937076654409,0.320484897882728,3.13127665718908
337.7,0.180611359851498,1.51941382807351,0.320478764384862,3.13125162021356
337.8,0.180618013175555,1.51945680771172,0.320472645177956,3.13122664164122
337.9,0.180624651189198,1.51949970561086,0.320466540228939,3.13120172133658
338,0.180631273926958,1.51954252192283,0.320460449504809,3.13117685916444
338.1,0.180637881423295,1.51958525679925,0.320454372972645,3.13115205498994
338.2,0.180644473712591,1.51962791039147,0.320448310599597,3.13112730867853
338.3,0.180651050829159,1.51967048285056,0.320442262352892,3.13110262009594
338.4,0.180657612807232,1.51971297432733,0.320436228199833,3.13107798910823
338.5,0.180664159680972,1.51975538497232,0.320430208107796,3.13105341558178
338.6,0.180670691484468,1.5197977149358,0.32042420204423,3.13102889938323
338.7,0.180677208251713,1.51983996436768,0.32041820997668,3.13100444037967
338.8,0.18068371001654,1.51988213341736,0.320412231872843,3.13098003843875
338.9,0.180690196813045,1.51992422223506,0.320406267700183,3.13095569342722
339,0.180696668674878,1.51996623096949,0.32040031742658,3.1309314052135
339.1,0.180703125635715,1.52000815976943,0.320394381019894,3.13090717366596
339.2,0.180709567729454,1.52005000878439,0.320388458447788,3.13088299865214
339.3,0.180715994989283,1.52009177816146,0.320382549678588,3.13085888004231
339.4,0.180722407449065,1.52013346804998,0.320376654680001,3.13083481770419
339.5,0.180728805142078,1.52017507859732,0.320370773420282,3.13081081150778
339.6,0.18073518810162,1.52021660995088,0.32036490586767,3.13078686132297
339.7,0.180741556361237,1.52025806225887,0.320359051990186,3.13076296701882
339.8,0.180747909953733,1.52029943566698,0.320353211756536,3.13073912846711
339.9,0.180754248912612,1.52034073032325,0.320347385134791,3.13071534553712
340,0.180760573270786,1.52038194637371,0.320341572093572,3.13069161810029
340.1,0.180766883061196,1.52042308396444,0.320335772601478,3.13066794602806
340.2,0.18077317831702,1.52046414324232,0.3203299866269,3.13064432919094
340.3,0.180779459070714,1.52050512435176,0.320324214138893,3.1306207674622
340.4,0.180785725355417,1.52054602743947,0.320318455105895,3.1305972607126
340.5,0.180791977203688,1.52058685265017,0.320312709496881,3.13057380881508
340.6,0.180798214648112,1.52062760012865,0.320306977280808,3.13055041164249
340.7,0.180804437721526,1.52066827002054,0.320301258426409,3.1305270690668
340.8,0.180810646456135,1.52070886246928,0.320295552903003,3.13050378096236
340.9,0.18081684088451,1.52074937761958,0.320289860679577,3.13048054720216
341,0.180823021039,1.52078981561533,0.320284181725329,3.13045736766008
341.1,0.180829186951877,1.52083017660017,0.320278516009535,3.13043424221028
341.2,0.180835338655358,1.52087046071752,0.320272863501526,3.13041117072718
341.3,0.180841476181588,1.52091066811054,0.320267224170704,3.13038815308548
341.4,0.180847599562629,1.52095079892209,0.320261597986554,3.13036518916023
341.5,0.18085370883049,1.52099085329483,0.320255984918617,3.13034227882669
341.6,0.180859804017114,1.52103083137116,0.320250384936498,3.13031942196041
341.7,0.180865885154362,1.52107073329322,0.320244798009884,3.13029661843725
341.8,0.180871952274041,1.5211105592029,0.320239224108517,3.13027386813331
341.9,0.180878005407882,1.52115030924186,0.320233663202214,3.13025117092502
342,0.180884044587549,1.52118998355146,0.320228115260862,3.13022852668906
342.1,0.180890069844634,1.52122958227285,0.320222580254416,3.13020593530241
342.2,0.180896081210663,1.52126910554689,0.320217058152898,3.13018339664231
342.3,0.180902078717091,1.52130855351421,0.320211548926404,3.13016091058634
342.4,0.180908062395304,1.52134792631518,0.320206052545094,3.1301384770123
342.5,0.180914032276621,1.5213872240899,0.320200568979198,3.13011609579831
342.6,0.180919988392292,1.52142644697825,0.320195098199015,3.13009376682275
342.7,0.180925930773496,1.52146559511982,0.320189640174913,3.1300714899643
342.8,0.180931859451351,1.521504668654,0.320184194877323,3.1300492651019
342.9,0.1809377744569,1.52154366771987,0.320178762276749,3.13002709211478
343,0.180943675821124,1.52158259245631,0.320173342343759,3.13000497088244
343.1,0.180949563574933,1.52162144300192,0.320167935048989,3.12998290128466
343.2,0.180955437749153,1.52166021949502,0.32016254036316,3.12996088320155
343.3,0.180961298374463,1.52169892207337,0.320157158257131,3.12993891651382
343.4,0.18096714548178,1.52173755087555,0.320151788701551,3.1299170011013
343.5,0.180972979101614,1.52177610603873,0.320146431667443,3.12989513684535
343.6,0.180978799264501,1.52181458770014,0.320141087125816,3.12987332362729
343.7,0.180984606001176,1.52185299599769,0.320135755047499,3.1298515613277
343.8,0.18099039934173,1.52189133106704,0.320130435403918,3.12982984982959
343.9,0.180996179316866,1.52192959304595,0.320125128165943,3.1298081890137
344,0.181001945956754,1.52196778207032,0.320119833304937,3.12978657876281
344.1,0.181007699291585,1.52200589827612,0.32011455079225,3.12976501895962
344.2,0.181013439351769,1.52204394180003,0.320109280599036,3.12974350948605
344.3,0.181019166167051,1.52208191277645,0.320104022697065,3.12972205022652
344.4,0.181024879767799,1.5221198113419,0.320098777057536,3.12970064106316
344.5,0.181030580183854,1.52215763763106,0.320093543652143,3.12967928188006
344.6,0.181036267445078,1.52219539177866,0.320088322452562,3.12965797256129
344.7,0.181041941581561,1.52223307392023,0.320083113430265,3.12963671299007
344.8,0.181047602622818,1.52227068418925,0.320077916557257,3.12961550305179
344.9,0.181053250598695,1.52230822272037,0.320072731805245,3.12959434263065
345,0.181058885538837,1.5223456896475,0.320067559146124,3.1295732316116
345.1,0.181064507472818,1.5223830851043,0.320062398551861,3.12955216987987
345.2,0.181070116430158,1.52242040922423,0.320057249994472,3.12953115732095
345.3,0.181075712440314,1.52245766214051,0.320052113446044,3.12951019382055
345.4,0.181081295532666,1.52249484398606,0.320046988878734,3.12948927926472
345.5,0.181086865736543,1.52253195489365,0.320041876264751,3.12946841353969
345.6,0.181092423081213,1.52256899499577,0.320036775576364,3.12944759653196
345.7,0.181097967595871,1.52260596442468,0.320031686785918,3.12942682812833
345.8,0.181103499309661,1.52264286331242,0.320026609865805,3.12940610821581
345.9,0.181109018251655,1.52267969179079,0.32002154478849,3.12938543668168
346,0.181114524450865,1.52271644999133,0.320016491526497,3.12936481341349
346.1,0.181120017936235,1.52275313804537,0.320011450052415,3.12934423829905
346.2,0.181125498736652,1.52278975608398,0.320006420338896,3.12932371122641
346.3,0.181130966880932,1.52282630423801,0.320001402358655,3.12930323208391
346.4,0.181136422397831,1.52286278263805,0.319996396084471,3.12928280076013
346.5,0.181141865316041,1.52289919141448,0.319991401489182,3.1292624171439
346.6,0.181147295664193,1.52293553069743,0.319986418545692,3.12924208112433
346.7,0.181152713470851,1.52297180061679,0.319981447226967,3.12922179259077
346.8,0.181158118764522,1.52300800130224,0.319976487506032,3.12920155143282
346.9,0.181163511573645,1.52304413288319,0.319971539355975,3.12918135754034
347,0.1811688919266,1.52308019548885,0.31996660274995,3.12916121080345
347.1,0.181174259851704,1.52311618924817,0.319961677661163,3.1291411111125
347.2,0.181179615377194,1.52315211428984,0.319956764062907,3.12912105835819
347.3,0.181184958531176,1.52318797074203,0.319951861928596,3.12910105243171
347.4,0.181190289341967,1.52322375873367,0.319946971231452,3.12908109322348
347.5,0.181195607837517,1.52325947839238,0.319942091945043,3.12906118062531
347.6,0.181200914045797,1.52329512984583,0.31993722404292,3.12904131452899
347.7,0.18120620799496,1.52333071322231,0.319932367498471,3.12902149482558
347.8,0.181211489712567,1.52336622864805,0.31992752228563,3.12900172140844
347.9,0.181216759226742,1.52340167625121,0.319922688377822,3.12898199416879
348,0.181222016565117,1.52343705615821,0.319917865748924,3.12896231299975
348.1,0.181227261755347,1.52347236849554,0.319913054372799,3.12894267779434
348.2,0.181232494825284,1.52350761339037,0.319908254223132,3.1289230884449
348.3,0.181237715802171,1.52354279096773,0.319903465274173,3.12890354484602
348.4,0.181242924713824,1.52357790135461,0.319898687499647,3.12888404689021
348.5,0.181248121587571,1.5236129446763,0.319893920873732,3.1288645944718
348.6,0.181253306450762,1.52364792105815,0.319889165370592,3.12884518748506
348.7,0.181258479330955,1.52368283062622,0.319884420964202,3.1288258258235
348.8,0.181263640255181,1.5237176735047,0.319879687629026,3.12880650938262
348.9,0.181268789250773,1.52375244981884,0.319874965339253,3.12878723805682
349,0.18127392634488,1.52378715969321,0.319870254069246,3.12876801174117
349.1,0.181279051564586,1.52382180325215,0.319865553793434,3.12874883033106
349.2,0.181284164936926,1.5238563806198,0.31986086448629,3.12872969372203
349.3,0.181289266488873,1.52389089192007,0.319856186122352,3.12871060180989
349.4,0.181294356247333,1.52392533727664,0.319851518676221,3.12869155449071
349.5,0.181299434239165,1.52395971681298,0.319846862122547,3.12867255166078
349.6,0.181304500491169,1.52399403065235,0.319842216436036,3.1286535932166
349.7,0.181309555030079,1.52402827891776,0.31983758159146,3.12863467905493
349.8,0.181314597882582,1.52406246173206,0.319832957563636,3.12861580907275
349.9,0.1813196290753,1.52409657921781,0.319828344327448,3.12859698316729
350,0.181324648634796,1.52413063149739,0.319823741857835,3.128578201236
350.1,0.181329656587576,1.52416461869294,0.319819150129792,3.12855946317659
350.2,0.181334652960088,1.5241985409264,0.319814569118374,3.12854076888699
350.3,0.181339637778717,1.52423239831946,0.319809998798693,3.12852211826537
350.4,0.181344611069793,1.52426619099359,0.319805439145919,3.12850351121014
350.5,0.181349572859587,1.52429991907006,0.319800890135278,3.12848494761995
350.6,0.181354523174312,1.52433358266991,0.319796351742054,3.12846642739366
350.7,0.181359462040121,1.52436718191395,0.319791823941589,3.1284479504304
350.8,0.181364389483114,1.52440071692278,0.319787306709277,3.12842951662951
350.9,0.181369305529329,1.5244341878168,0.319782800020574,3.12841112589056
351,0.181374210204748,1.52446759471615,0.319778303850989,3.12839277811335
351.1,0.181379103535296,1.52450093774079,0.319773818176089,3.12837447319792
351.2,0.181383985546841,1.52453421701044,0.319769342971495,3.12835621104454
351.3,0.181388856265194,1.52456743264463,0.319764878212885,3.12833799155371
351.4,0.181393715716106,1.52460058476264,0.319760423875996,3.12831981462615
351.5,0.181398563925275,1.52463367348354,0.319755979936615,3.12830168016283
351.6,0.181403400918339,1.52466669892621,0.31975154637059,3.12828358806492
351.7,0.181408226720866,1.52469966120923,0.319747123153835,3.12826553823391
351.8,0.181413041358303,1.52473256045075,0.31974271026238,3.12824753057172
351.9,0.181417844856288,1.52476539676959,0.319738307672083,3.12822956497959
352,0.181422637240128,1.52479817028337,0.319733915359108,3.12821164136001
352.1,0.181427418535145,1.52483088110975,0.319729533299609,3.12819375961544
352.2,0.181432188766828,1.52486352936698,0.319725161469592,3.12817591964772
352.3,0.181436947960132,1.52489611517138,0.319720799845553,3.1281581213607
352.4,0.181441696140515,1.52492863864105,0.319716448403533,3.12814036465636
352.5,0.181446433332995,1.52496109989254,0.319712107119979,3.12812264943837
352.6,0.181451159562608,1.52499349904239,0.319707775971323,3.12810497561032
352.7,0.181455874854566,1.52502583620782,0.319703454933842,3.12808734307516
352.8,0.181460579233535,1.52505811150402,0.319699143984316,3.1280697517379
352.9,0.181465272724693,1.52509032504805,0.319694843099058,3.12805220150166
353,0.18146995535278,1.52512247695538,0.319690552254786,3.12803469227119
353.1,0.181474627142555,1.5251545673415,0.319686271428205,3.12801722395121
353.2,0.181479288118961,1.52518659632259,0.319682000595853,3.12799979644576
353.3,0.18148393830647,1.5252185640131,0.319677739734705,3.12798240966064
353.4,0.181488577729822,1.52525047052845,0.319673488821492,3.12796506350068
353.5,0.181493206413593,1.52528231598343,0.319669247833098,3.12794775787134
353.6,0.181497824382297,1.52531410049261,0.31966501674647,3.12793049267829
353.7,0.181502431660405,1.5253458241704,0.319660795538595,3.12791326782743
353.8,0.181507028272333,1.525377487131,0.319656584186515,3.12789608322484
353.9,0.181511614242433,1.52540908948834,0.319652382667333,3.12787893877688
354,0.181516189595016,1.52544063135622,0.319648190958193,3.12786183439004
354.1,0.181520754354338,1.52547211284821,0.319644009036292,3.12784476997108
354.2,0.181525308544597,1.52550353407768,0.319639836878883,3.12782774542695
354.3,0.181529852189946,1.5255348951578,0.319635674463268,3.1278107606648
354.4,0.181534385314479,1.52556619620153,0.319631521766799,3.12779381559201
354.5,0.181538907942238,1.52559743732162,0.319627378766882,3.12777691011617
354.6,0.18154342009721,1.52562861863062,0.319623245440979,3.1277600441451
354.7,0.181547921803332,1.52565974024089,0.319619121766598,3.1277432175868
354.8,0.181552413084483,1.52569080226454,0.319615007721302,3.12772643034952
354.9,0.181556893964492,1.52572180481352,0.319610903282707,3.12770968234169
355,0.181561364467132,1.52575274799956,0.319606808428479,3.12769297347197
355.1,0.181565824616127,1.52578363193417,0.319602723136336,3.12767630364925
355.2,0.181570274435142,1.52581445672868,0.319598647384048,3.12765967278259
355.3,0.181574713947798,1.5258452224942,0.319594581149435,3.12764308078127
355.4,0.181579143177657,1.52587592934166,0.319590524410367,3.12762652755482
355.5,0.18158356214823,1.52590657738177,0.319586477144768,3.12761001301293
355.6,0.181587970882978,1.52593716672503,0.319582439330611,3.12759353706552
355.7,0.181592369405294,1.52596769748172,0.319578410945932,3.12757709962276
355.8,0.18159675773846,1.52599816976168,0.319574391968871,3.12756070059526
355.9,0.181601135905935,1.52602858367538,0.319570382377414,3.12754433989298
356,0.181605503930872,1.52605893933218,0.319566382149824,3.12752801742703
356.1,0.181609861836439,1.52608923684146,0.319562391264355,3.12751173310848
356.2,0.181614209645956,1.52611947631318,0.319558409699127,3.12749548684785
356.3,0.181618547382254,1.52614965785546,0.319554437432708,3.12747927855749
356.4,0.181622875068625,1.52617978157813,0.319550474443248,3.12746310814805
356.5,0.181627192727957,1.5262098475895,0.319546520709271,3.1274469755317
356.6,0.181631500383155,1.52623985599796,0.319542576209285,3.12743088062056
356.7,0.181635798057283,1.52626980691246,0.319538640921657,3.12741482332615
356.8,0.181640085772908,1.52629970044011,0.319534714825213,3.12739880356189
356.9,0.181644363553062,1.52632953668973,0.319530797898353,3.12738282123945
357,0.18164863142038,1.52635931576866,0.319526890119848,3.12736687627203
357.1,0.181652889397508,1.52638903778427,0.319522991468455,3.12735096857274
357.2,0.181657137507268,1.52641870284458,0.31951910192278,3.1273350980541
357.3,0.181661375772044,1.52644831105597,0.319515221461828,3.12731926463027
357.4,0.181665604214469,1.52647786252574,0.31951135006438,3.12730346821447
357.5,0.181669822857023,1.52650735736062,0.319507487709359,3.12728770872052
357.6,0.181674031722131,1.5265367956671,0.319503634375743,3.12727198606245
357.7,0.181678230832179,1.52656617755155,0.319499790042547,3.12725630015445
357.8,0.181682420209498,1.52659550312011,0.319495954688838,3.12724065091094
357.9,0.181686599876366,1.52662477247872,0.319492128293736,3.12722503824653
358,0.181690769855019,1.52665398573315,0.319488310836402,3.12720946207601
358.1,0.181694930167646,1.52668314298897,0.319484502296042,3.12719392231434
358.2,0.181699080836378,1.52671224435158,0.319480702651917,3.12717841887674
358.3,0.181703221883309,1.52674128992617,0.319476911883327,3.12716295167856
358.4,0.181707353330477,1.52677027981775,0.319473129969623,3.12714752063538
358.5,0.181711475199871,1.52679921413113,0.319469356890204,3.12713212566294
358.6,0.181715587513433,1.52682809297092,0.319465592624518,3.12711676667723
358.7,0.181719690293054,1.52685691644158,0.319461837152056,3.12710144359438
358.8,0.181723783560576,1.52688568464731,0.319458090452362,3.12708615633075
358.9,0.181727867337791,1.52691439769218,0.319454352505025,3.1270709048029
359,0.181731941646445,1.52694305568004,0.319450623289681,3.12705568892754
359.1,0.181736006508234,1.52697165871454,0.319446902786012,3.12704050862162
359.2,0.181740061944804,1.52700020689917,0.319443190973751,3.12702536380227
359.3,0.181744107977755,1.52702870033722,0.319439487832673,3.12701025438678
359.4,0.181748144628637,1.52705713913177,0.319435793342601,3.12699518029268
359.5,0.181752171918953,1.52708552338574,0.319432107483405,3.12698014143765
359.6,0.181756189870158,1.52711385320185,0.319428430235003,3.12696513773958
359.7,0.181760198503647,1.52714212868259,0.319424761577368,3.12695016911661
359.8,0.181764197840711,1.52717034993006,0.319421101490568,3.12693523548723
359.9,0.181768187902802,1.52719851704693,0.319417449954532,3.12692033676938
360,0.181772168711096,1.52722663013485,0.319413806949441,3.12690547288203
360.1,0.181776140286779,1.5272546892955,0.319410172455467,3.12689064374413
360.2,0.181780102651176,1.52728269463106,0.319406546452663,3.12687584927412
360.3,0.181784055825167,1.52731064624204,0.319402928921485,3.12686108939209
360.4,0.18178799983005,1.5273385442305,0.319399319842013,3.12684636401661
360.5,0.181791934686756,1.52736638869713,0.319395719194666,3.12683167306762
360.6,0.181795860416229,1.52739417974266,0.319392126959849,3.12681701646501
360.7,0.18179977703956,1.52742191746835,0.319388543117838,3.12680239412815
360.8,0.181803684577385,1.52744960197375,0.319384967649328,3.12678780597811
360.9,0.181807583050765,1.52747723335999,0.319381400534625,3.12677325193438
361,0.181811472480396,1.52750481172685,0.319377841754375,3.12675873191784
361.1,0.181815352886988,1.52753233717411,0.319374291289209,3.1267442458493
361.2,0.181819224291405,1.52755980980216,0.319370749119623,3.12672979364902
361.3,0.181823086714118,1.52758722970987,0.319367215226473,3.12671537523876
361.4,0.18182694017582,1.52761459699697,0.319363689590414,3.12670099053942
361.5,0.181830784697066,1.52764191176263,0.319360172192232,3.12668663947245
361.6,0.18183462029836,1.52766917410585,0.319356663012758,3.12667232195948
361.7,0.181838447000169,1.52769638412546,0.319353162032862,3.12665803792232
361.8,0.181842264822913,1.52772354192011,0.319349669233457,3.12664378728295
361.9,0.18184607378696,1.52775064758826,0.319346184595509,3.12662956996356
362,0.181849873912641,1.52777770122819,0.319342708100018,3.12661538588645
362.1,0.181853665220241,1.52780470293804,0.319339239728027,3.12660123497414
362.2,0.181857447729997,1.52783165281572,0.319335779460626,3.12658711714935
362.3,0.181861221462107,1.52785855095902,0.319332327278946,3.12657303233492
362.4,0.18186498643672,1.52788539746551,0.31932888316416,3.1265589804539
362.5,0.18186874267394,1.5279121924326,0.319325447097487,3.12654496142952
362.6,0.181872490193827,1.52793893595751,0.319322019060188,3.12653097518517
362.7,0.181876229016394,1.52796562813728,0.319318599033569,3.12651702164444
362.8,0.18187995916161,1.52799226906879,0.319315186998979,3.12650310073109
362.9,0.181883680649399,1.52801885884871,0.31931178293781,3.12648921236906
363,0.181887393499639,1.52804539757357,0.319308386831497,3.12647535648244
363.1,0.181891097732165,1.52807188533968,0.319304998661516,3.12646153299554
363.2,0.181894793366766,1.52809832224321,0.319301618409392,3.12644774183283
363.3,0.181898480423188,1.52812470838014,0.319298246056684,3.12643398291892
363.4,0.181902158921131,1.52815104384627,0.319294881585,3.12642025617865
363.5,0.181905828880254,1.52817732873723,0.319291524975989,3.126406561537
363.6,0.181909490320167,1.52820356314847,0.319288176211341,3.12639289891912
363.7,0.181913143260441,1.52822974717526,0.319284835272789,3.12637926825036
363.8,0.1819167877206,1.52825588091272,0.319281502142108,3.12636566945621
363.9,0.181920423720125,1.52828196445577,0.319278176801116,3.12635210246237
364,0.181924051278452,1.52830799789916,0.319274859231673,3.12633856719468
364.1,0.181927670414976,1.52833398133746,0.31927154941568,3.12632506357916
364.2,0.181931281149035,1.52835991486505,0.31926824733509,3.12631159154206
364.3,0.181934883499875,1.52838579857593,0.319264952971943,3.12629815100996
364.4,0.181938477486886,1.52841163256464,0.319261666308151,3.12628474190893
364.5,0.181942063129208,1.52843741692476,0.319258387325853,3.12627136416596
364.6,0.181945640445991,1.52846315174991,0.319255116007184,3.12625801770805
364.7,0.18194920945651,1.52848883713416,0.319251852334166,3.1262447024617
364.8,0.181952770179638,1.52851447317005,0.31924859628919,3.12623141835495
364.9,0.181956322634623,1.52854005995157,0.319245347854304,3.12621816531442
365,0.181959866840384,1.52856559757139,0.319242107011862,3.12620494326799
365.1,0.181963402815852,1.52859108612226,0.319238873744208,3.12619175214351
365.2,0.181966930580089,1.52861652569742,0.319235648033567,3.12617859186831
365.3,0.181970450151745,1.5286419163885,0.319232429862544,3.1261654623713
365.4,0.181973961549855,1.52866725828863,0.319229219213394,3.12615236357996
365.5,0.181977464793123,1.52869255148964,0.319226016068673,3.12613929542299
365.6,0.181980959900268,1.52871779608342,0.31922282041093,3.12612625782908
365.7,0.181984446890145,1.52874299216237,0.319219632222589,3.12611325072638
365.8,0.181987925781255,1.52876813981754,0.3192164514864,3.1261002740444
365.9,0.181991396592298,1.52879323914071,0.319213278184932,3.1260873277119
366,0.181994859341852,1.5288182902232,0.319210112300869,3.1260744116581
366.1,0.181998314048446,1.52884329315615,0.31920695381694,3.12606152581243
366.2,0.182001760730576,1.52886824803053,0.319203802715906,3.12604867010442
366.3,0.182005199406697,1.52889315493716,0.319200658980569,3.12603584446379
366.4,0.182008630095214,1.52891801396668,0.319197522593777,3.12602304882046
366.5,0.1820120528145,1.52894282520958,0.31919439353841,3.12601028310443
366.6,0.182015467582888,1.52896758875618,0.319191271797385,3.12599754724592
366.7,0.182018874418663,1.52899230469664,0.319188157353666,3.12598484117528
366.8,0.182022273340079,1.52901697312095,0.319185050190246,3.12597216482303
366.9,0.182025664365341,1.52904159411896,0.319181950290165,3.12595951811982
367,0.182029047512619,1.52906616778031,0.319178857636498,3.12594690099653
367.1,0.182032422800036,1.52909069419452,0.319175772212362,3.12593431338414
367.2,0.18203579024568,1.52911517345091,0.31917269400091,3.1259217552138
367.3,0.182039149867593,1.52913960563864,0.319169622985337,3.12590922641684
367.4,0.182042501683778,1.52916399084674,0.319166559148878,3.12589672692475
367.5,0.182045845712198,1.52918832916402,0.319163502474802,3.12588425666915
367.6,0.182049181970774,1.52921262067918,0.319160452946423,3.12587181558185
367.7,0.182052510477387,1.52923686548071,0.319157410547089,3.12585940359481
367.8,0.18205583124988,1.52926106365697,0.319154375260187,3.12584702064014
367.9,0.182059144306053,1.52928521529614,0.319151347069146,3.12583466665012
368,0.182062449663666,1.52930932048625,0.319148325957429,3.12582234155716
368.1,0.182065747340441,1.52933337931516,0.319145311908538,3.12581004529386
368.2,0.182069037354048,1.52935739187052,0.319142304906025,3.12579777779299
368.3,0.182072319722074,1.52938135823968,0.319139304933518,3.12578553898766
368.4,0.182075594462234,1.52940527851044,0.319136311974529,3.12577332881049
368.5,0.182078861592019,1.52942915276975,0.31913332601278,3.12576114719496
368.6,0.182082121128927,1.52945298110456,0.319130347031984,3.12574899407451
368.7,0.182085373090566,1.52947676360228,0.319127375015756,3.1257368693822
368.8,0.182088617494183,1.52950050034886,0.319124409948045,3.12572477305242
368.9,0.182091854357365,1.5295241914316,0.319121451812488,3.12571270501833
369,0.182095083697397,1.5295478369366,0.319118500593002,3.12570066521419
369.1,0.182098305531575,1.52957143695001,0.319115556273492,3.12568865357424
369.2,0.182101519877316,1.52959499155844,0.319112618837757,3.12567667003228
369.3,0.18210472675166,1.52961850084701,0.319109688269942,3.12566471452352
369.4,0.182107926171997,1.52964196490222,0.319106764553872,3.12565278698187
369.5,0.182111118155418,1.52966538380938,0.319103847673649,3.12564088734237
369.6,0.182114302719023,1.52968875765384,0.319100937613365,3.12562901554001
369.7,0.182117479880039,1.52971208652144,0.319098034357001,3.12561717150934
369.8,0.182120649655369,1.52973537049674,0.319095137888835,3.12560535518611
369.9,0.182123812062098,1.529758609665,0.319092248192977,3.12559356650541
370,0.182126967117198,1.52978180411104,0.319089365253645,3.12558180540273
370.1,0.182130114837598,1.52980495391951,0.319086489055099,3.12557007181378
370.2,0.182133255240195,1.52982805917492,0.319083619581624,3.12555836567433
370.3,0.182136388341848,1.52985111996163,0.319080756817546,3.12554668692034
370.4,0.182139514159373,1.52987413636382,0.319077900747232,3.12553503548795
370.5,0.182142632709553,1.52989710846555,0.319075051355077,3.12552341131337
370.6,0.182145744009138,1.52992003635071,0.319072208625512,3.12551181433301
370.7,0.182148848074831,1.52994292010303,0.319069372543007,3.1255002444834
370.8,0.182151944923307,1.52996575980611,0.319066543092066,3.12548870170124
370.9,0.1821550345712,1.5299885555434,0.319063720257226,3.12547718592334
371,0.182158117035105,1.53001130739816,0.319060904023064,3.12546569708668
371.1,0.18216119233158,1.53003401545353,0.31905809437419,3.12545423512839
371.2,0.182164260477147,1.53005667979248,0.319055291295252,3.12544279998574
371.3,0.182167321488288,1.53007930049782,0.319052494770931,3.12543139159615
371.4,0.182170375381449,1.53010187765223,0.319049704785948,3.12542000989717
371.5,0.182173422173038,1.53012441133821,0.319046921325055,3.12540865482652
371.6,0.182176461879426,1.53014690163812,0.319044144373041,3.12539732632205
371.7,0.182179494516947,1.53016934863418,0.319041373914733,3.12538602432175
371.8,0.1821825201019,1.53019175240843,0.319038609934987,3.12537474876376
371.9,0.182185538650542,1.53021411304278,0.3190358524187,3.12536349958638
372,0.182188550179099,1.53023643061898,0.319033101350801,3.12535227672804
372.1,0.182191554703757,1.53025870521863,0.319030356716254,3.12534108012728
372.2,0.182194552240657,1.53028093692316,0.319027618500067,3.12532990972287
372.3,0.182197542805863,1.53030312581365,0.319024886687319,3.12531876545385
372.4,0.182200526415558,1.53032527197168,0.319022161262982,3.12530764725882
372.5,0.182203503085715,1.53034737547799,0.319019442212222,3.12529655507716
372.6,0.182206472832318,1.53036943641334,0.319016729520195,3.12528548884824
372.7,0.182209435671452,1.53039145485889,0.319014023171967,3.12527444851105
372.8,0.182212391618869,1.53041343089449,0.319011323152908,3.12526343400581
372.9,0.182215340690631,1.53043536460119,0.319008629448108,3.1252524452716
373,0.182218282902527,1.53045725605897,0.319005942042906,3.12524148224854
373.1,0.182221218270355,1.53047910534783,0.319003260922635,3.1252305448767
373.2,0.182224146810022,1.5305009125482,0.319000586072532,3.12521963309576
373.3,0.182227068537092,1.53052267773915,0.318997917478142,3.12520874684669
373.4,0.182229983467448,1.53054440100098,0.318995255124727,3.12519788606925
373.5,0.182232891616699,1.53056608241294,0.318992598997797,3.12518705070426
373.6,0.182235793000464,1.53058772205429,0.318989949082856,3.12517624069248
373.7,0.182238687634476,1.53060932000473,0.318987305365301,3.12516545597429
373.8,0.182241575534173,1.53063087634279,0.318984667830805,3.12515469649113
373.9,0.182244456715159,1.53065239114767,0.318982036464889,3.12514396218384
374,0.182247331192934,1.53067386449812,0.318979411253167,3.12513325299369
374.1,0.182250198982959,1.53069529647275,0.318976792181294,3.12512256886204
374.2,0.182253060100666,1.53071668715004,0.318974179234951,3.12511190973041
374.3,0.182255914561453,1.53073803660834,0.318971572399851,3.12510127554043
374.4,0.182258762380675,1.53075934492581,0.318968971661747,3.12509066623389
374.5,0.182261603573663,1.5307806121805,0.318966377006419,3.12508008175272
374.6,0.182264438155711,1.53080183845034,0.318963788419676,3.12506952203894
374.7,0.182267266142074,1.53082302381307,0.318961205887367,3.12505898703473
374.8,0.18227008754798,1.53084416834632,0.318958629395368,3.1250484766824
374.9,0.18227290238862,1.53086527212757,0.318956058929589,3.1250379909244
375,0.182275710679149,1.53088633523416,0.318953494475972,3.12502752970329
375.1,0.182278512434689,1.53090735774327,0.318950936020494,3.12501709296178
375.2,0.182281307670326,1.53092833973196,0.318948383549162,3.12500668064272
375.3,0.182284096401113,1.53094928127713,0.318945837048018,3.12499629268909
375.4,0.182286878642068,1.53097018245553,0.318943296503135,3.12498592904399
375.5,0.182289654408175,1.53099104334379,0.318940761900619,3.12497558965067
375.6,0.182292423714385,1.53101186401839,0.318938233226608,3.12496527445251
375.7,0.182295186575611,1.53103264455565,0.318935710467272,3.12495498339301
375.8,0.182297943006737,1.53105338503177,0.318933193608814,3.1249447164158
375.9,0.182300693022612,1.53107408552281,0.318930682637467,3.12493447346465
376,0.182303436638049,1.53109474610466,0.318928177539498,3.12492425448347
376.1,0.18230617386783,1.53111536685311,0.318925678301204,3.12491405941628
376.2,0.182308904726702,1.53113594784379,0.318923184908916,3.12490388820724
376.3,0.18231162922938,1.53115648915218,0.318920697348995,3.12489374080065
376.4,0.182314347390544,1.53117699085363,0.318918215607834,3.12488361714091
376.5,0.182317059224841,1.53119745302335,0.318915739671857,3.12487351717257
376.6,0.182319764746884,1.53121787573642,0.318913269527521,3.12486344084032
376.7,0.182322463971254,1.53123825906776,0.318910805161314,3.12485338808896
376.8,0.1823251569125,1.53125860309217,0.318908346559754,3.12484335886341
376.9,0.182327843585133,1.5312789078843,0.318905893709392,3.12483335310875
377,0.182330524003638,1.53129917351866,0.318903446596809,3.12482337077016
377.1,0.182333198182461,1.53131940006964,0.318901005208618,3.12481341179296
377.2,0.18233586613601,1.53133958761142,0.318898569531471,3.12480347612262
377.3,0.182338527878623,1.53135973621795,0.318896139552081,3.12479356370488
377.4,0.182341183424746,1.53137984596355,0.31889371525707,3.12478367448509
377.5,0.182343832788634,1.53139991692182,0.318891296633228,3.12477380840928
377.6,0.182346475984556,1.53141994916637,0.318888883667338,3.12476396542349
377.7,0.182349113026866,1.53143994277117,0.318886476346106,3.12475414547339
377.8,0.182351743929626,1.53145989780899,0.318884074656504,3.12474434850579
377.9,0.18235436870717,1.53147981435371,0.318881678585256,3.12473457446646
378,0.182356987373592,1.53149969247821,0.31887928811931,3.12472482330208
378.1,0.182359599942992,1.53151953225542,0.318876903245608,3.12471509495931
378.2,0.182362206429565,1.53153933375863,0.318874523951002,3.12470538938446
378.3,0.182364806847204,1.53155909705989,0.318872150222627,3.12469570652498
378.4,0.182367401210083,1.53157882223242,0.318869782047358,3.12468604632725
378.5,0.182369989532136,1.53159850934842,0.318867419412294,3.12467640873859
378.6,0.182372571827299,1.53161815848012,0.318865062304528,3.12466679370628
378.7,0.182375148109615,1.53163776970018,0.318862710711062,3.12465720117723
378.8,0.182377718392862,1.53165734308015,0.318860364619137,3.12464763109932
378.9,0.182380282690966,1.53167687869221,0.318858024015861,3.1246380834199
379,0.18238284101776,1.53169637660814,0.318855688888429,3.12462855808667
379.1,0.182385393387041,1.53171583689956,0.318853359224067,3.12461905504746
379.2,0.182387939812583,1.53173525963802,0.318851035010027,3.12460957425019
379.3,0.182390480308126,1.53175464489489,0.318848716233589,3.12460011564292
379.4,0.182393014887374,1.53177399274141,0.318846402882068,3.12459067917384
379.5,0.182395543564008,1.53179330324873,0.318844094942804,3.12458126479124
379.6,0.182398066351677,1.53181257648783,0.318841792403164,3.12457187244352
379.7,0.182400583263994,1.53183181252958,0.318839495250548,3.12456250207923
379.8,0.18240309431455,1.53185101144472,0.31883720347238,3.12455315364699
379.9,0.182405599516899,1.53187017330385,0.318834917056118,3.12454382709558
380,0.182408098884565,1.53188929817745,0.318832635989245,3.12453452237388
380.1,0.182410592431044,1.53190838613586,0.318830360259276,3.12452523943091
380.2,0.182413080169797,1.5319274372493,0.318828089853752,3.12451597821578
380.3,0.182415562114258,1.53194645158783,0.318825824760249,3.12450673867774
380.4,0.182418038277826,1.53196542922141,0.318823564966366,3.12449752076614
380.5,0.182420508673873,1.53198437021987,0.318821310459733,3.12448832443048
380.6,0.18242297331574,1.53200327465287,0.318819061228011,3.12447914962034
380.7,0.182425432216727,1.53202214258997,0.318816817258891,3.12446999628547
380.8,0.182427885390075,1.5320409741004,0.31881457854013,3.12446086437586
380.9,0.182430332849119,1.53205976925384,0.318812345059391,3.12445175384112
381,0.182432774607023,1.53207852811923,0.318810116804498,3.12444266463153
381.1,0.18243521067696,1.53209725076554,0.318807893763267,3.12443359669734
381.2,0.182437641072184,1.53211593726209,0.318805675923441,3.12442454998847
381.3,0.182440065805675,1.53213458767704,0.318803463273014,3.1244155244559
381.4,0.182442484890672,1.53215320207962,0.318801255799745,3.12440652004964
381.5,0.182444898340183,1.53217178053813,0.318799053491602,3.12439753672055
381.6,0.182447306167228,1.53219032312088,0.318796856336548,3.12438857441946
381.7,0.182449708384913,1.53220882989655,0.318794664322463,3.12437963309689
381.8,0.182452105006065,1.53222730093264,0.318792477437486,3.1243707127044
381.9,0.182454496043769,1.53224573629776,0.31879029566952,3.12436181319257
382,0.182456881510888,1.53226413605954,0.318788119006672,3.12435293451284
382.1,0.182459261420291,1.53228250028566,0.318785947437043,3.12434407661662
382.2,0.182461635784942,1.5323008290442,0.318783780948651,3.12433523945498
382.3,0.18246400461756,1.5323191224022,0.318781619529735,3.12432642297988
382.4,0.182466367931003,1.53233738042728,0.318779463168412,3.12431762714279
382.5,0.182468725738041,1.53235560318668,0.318777311852875,3.12430885189551
382.6,0.182471078051412,1.53237379074752,0.318775165571351,3.12430009718994
382.7,0.182473424883833,1.53239194317681,0.318773024312087,3.1242913629781
382.8,0.182475766247987,1.53241006054145,0.318770888063359,3.1242826492121
382.9,0.182478102156527,1.53242814290816,0.318768756813473,3.1242739558442
383,0.182480432622081,1.53244619034359,0.318766630550759,3.12426528282672
383.1,0.182482757657252,1.53246420291427,0.318764509263571,3.12425663011213
383.2,0.182485077274606,1.53248218068657,0.318762392940294,3.12424799765297
383.3,0.182487391486689,1.53250012372677,0.318760281569337,3.12423938540192
383.4,0.182489700306016,1.53251803210102,0.318758175139136,3.12423079331176
383.5,0.18249200374507,1.53253590587534,0.318756073638156,3.12422222133537
383.6,0.18249430181631,1.53255374511563,0.318753977054886,3.12421366942576
383.7,0.182496594532164,1.53257154988768,0.318751885377842,3.12420513753603
383.8,0.182498881905031,1.53258932025713,0.31874979859557,3.12419662561939
383.9,0.182501163947282,1.53260705628952,0.318747716696641,3.1241881336292
384,0.182503440671262,1.53262475805025,0.318745639669652,3.12417966151886
384.1,0.182505712089284,1.53264242560461,0.318743567503226,3.12417120924193
384.2,0.182507978213635,1.53266005901776,0.318741500186015,3.12416277675208
384.3,0.182510239056574,1.53267765835475,0.318739437706694,3.12415436400304
384.4,0.182512494630332,1.5326952236805,0.318737380053968,3.1241459709487
384.5,0.182514744947111,1.53271275505982,0.318735327216565,3.12413759754303
384.6,0.182516990019086,1.53273025255737,0.31873327918324,3.12412924374011
384.7,0.182519229858404,1.53274771623773,0.318731235942777,3.12412090949413
384.8,0.182521464477185,1.53276514616533,0.31872919748398,3.1241125947594
384.9,0.18252369388752,1.53278254240449,0.318727163795685,3.1241042994903
385,0.182525918101473,1.53279990501941,0.318725134866752,3.12409602364135
385.1,0.182528137131081,1.53281723407417,0.318723110686064,3.12408776716718
385.2,0.182530350988351,1.53283452963273,0.318721091242536,3.12407953002248
385.3,0.182532559685267,1.53285179175893,0.318719076525102,3.1240713121621
385.4,0.18253476323378,1.53286902051649,0.318717066522727,3.12406311354097
385.5,0.182536961645819,1.53288621596902,0.318715061224399,3.12405493411412
385.6,0.182539154933282,1.53290337817999,0.318713060619132,3.12404677383668
385.7,0.182541343108034,1.53292050721275,0.318711064695972,3.12403863266394
385.8,0.182543526181885,1.53293760313039,0.318709073444017,3.12403051055138
385.9,0.182545704166729,1.53295466599636,0.318707086852287,3.12402240745417
386,0.182547877074309,1.53297169587347,0.318705104909944,3.12401432332803
386.1,0.182550044916373,1.53298869282454,0.318703127606142,3.1240062581287
386.2,0.182552207704742,1.53300565691272,0.318701154929971,3.12399821181162
386.3,0.182554365450997,1.5330225882001,0.318699186870741,3.12399018433313
386.4,0.182556518166941,1.53303948674975,0.318697223417558,3.12398217564878
386.5,0.182558665864181,1.53305635262387,0.318695264559712,3.1239741857148
386.6,0.182560808554326,1.53307318588468,0.318693310286487,3.12396621448746
386.7,0.182562946249066,1.53308998659476,0.318691360587096,3.12395826192271
386.8,0.182565078959842,1.53310675481559,0.31868941545098,3.12395032797742
386.9,0.182567206698326,1.53312349060965,0.318687474867371,3.12394241260764
387,0.182569329475988,1.53314019403856,0.318685538825682,3.12393451577014
387.1,0.182571447304307,1.53315686516396,0.318683607315323,3.12392663742168
387.2,0.182573560194843,1.53317350404787,0.318681680325627,3.12391877751869
387.3,0.182575668158943,1.53319011075134,0.318679757846125,3.12391093601844
387.4,0.182577771208072,1.53320668533597,0.31867783986624,3.12390311287774
387.5,0.18257986935362,1.533223227863,0.318675926375464,3.12389530805368
387.6,0.182581962606947,1.53323973839359,0.318674017363315,3.12388752150347
387.7,0.182584050979394,1.53325621698875,0.318672112819332,3.12387975318438
387.8,0.182586134482274,1.53327266370942,0.31867021273308,3.12387200305383
387.9,0.182588213126869,1.53328907861637,0.31866831709415,3.12386427106929
388,0.182590286924444,1.53330546177032,0.318666425892153,3.12385655718837
388.1,0.182592355886235,1.53332181323184,0.318664539116724,3.12384886136873
388.2,0.182594420023451,1.53333813306141,0.318662656757525,3.12384118356816
388.3,0.182596479347279,1.53335442131939,0.318660778804237,3.12383352374454
388.4,0.18259853386888,1.53337067806601,0.318658905246568,3.12382588185584
388.5,0.182600583599388,1.53338690336143,0.318657036074249,3.12381825786014
388.6,0.182602628549912,1.53340309726566,0.318655171277036,3.1238106517156
388.7,0.182604668731535,1.53341925983861,0.318653310844706,3.12380306338049
388.8,0.182606704155315,1.53343539114007,0.318651454767065,3.12379549281319
388.9,0.182608734832285,1.53345149122973,0.318649603033938,3.12378793997215
389,0.182610760773451,1.53346756016717,0.318647755635176,3.12378040481595
389.1,0.182612781989795,1.53348359801184,0.318645912560654,3.12377288730322
389.2,0.182614798492273,1.53349960482309,0.31864407380027,3.12376538739274
389.3,0.182616810291818,1.53351558066016,0.318642239343944,3.12375790504335
389.4,0.182618817399336,1.53353152558218,0.318640409181621,3.123750440214
389.5,0.182620819825708,1.53354743964817,0.318638583303269,3.12374299286372
389.6,0.182622817581791,1.53356332291703,0.318636761698881,3.12373556295165
389.7,0.182624810678412,1.53357917544753,0.318634944358475,3.12372815043706
389.8,0.182626799126343,1.53359499729823,0.318633131272121,3.12372075527938
389.9,0.182628782936437,1.53361078852799,0.318631322429815,3.12371337743779
390,0.182630762119406,1.5336265491951,0.318629517821681,3.12370601687195
390.1,0.182632736685971,1.53364227935785,0.318627717437841,3.12369867354154
390.2,0.182634706646916,1.53365797907483,0.318625921268353,3.12369134740597
390.3,0.182636672012806,1.53367364840365,0.31862412930348,3.12368403842548
390.4,0.18263863279441,1.53368928740284,0.318622341533297,3.12367674655956
390.5,0.182640589002317,1.53370489613011,0.318620557948046,3.12366947176836
390.6,0.182642540647118,1.5337204746432,0.318618778537965,3.12366221401203
390.7,0.182644487739479,1.53373602300015,0.318617003293226,3.12365497325044
390.8,0.182646430289838,1.53375154125802,0.31861523220421,3.12364774944434
390.9,0.18264836830884,1.53376702947479,0.318613465261107,3.12364054255365
391,0.182650301806954,1.53378248770763,0.318611702454273,3.12363335253901
391.1,0.182652230794649,1.53379791601374,0.318609943774059,3.12362617936103
391.2,0.182654155282474,1.53381331445064,0.318608189210747,3.12361902298003
391.3,0.182656075280778,1.53382868307499,0.318606438754801,3.12361188335708
391.4,0.182657990800021,1.53384402194395,0.318604692396583,3.12360476045284
391.5,0.182659901850595,1.53385933111434,0.318602950126521,3.12359765422823
391.6,0.182661808442863,1.53387461064288,0.318601211935068,3.12359056464425
391.7,0.18266371058717,1.53388986058621,0.31859947781269,3.12358349166201
391.8,0.182665608293838,1.53390508100085,0.318597747749884,3.12357643524269
391.9,0.18266750157316,1.5339202719432,0.318596021737165,3.12356939534758
392,0.182669390435409,1.53393543346958,0.318594299765069,3.12356237193804
392.1,0.182671274890838,1.5339505656362,0.318592581824155,3.12355536497553
392.2,0.182673154949672,1.53396566849916,0.318590867905003,3.12354837442158
392.3,0.182675030622117,1.53398074211447,0.318589157998213,3.12354140023783
392.4,0.182676901918354,1.53399578653802,0.318587452094409,3.123534442386
392.5,0.182678768848538,1.5340108018256,0.318585750184237,3.1235275008279
392.6,0.182680631422805,1.53402578803291,0.318584052258362,3.12352057552542
392.7,0.182682489651265,1.53404074521552,0.318582358307475,3.12351366644056
392.8,0.182684343544005,1.53405567342892,0.318580668322286,3.12350677353539
392.9,0.182686193111089,1.53407057272847,0.318578982293527,3.12349989677207
393,0.182688038362558,1.53408544316944,0.318577300211952,3.12349303611287
393.1,0.18268987930843,1.534100284807,0.318575622068337,3.12348619152012
393.2,0.182691715958698,1.53411509769622,0.318573947853478,3.12347936295625
393.3,0.182693548323336,1.53412988189204,0.318572277558195,3.12347255038379
393.4,0.182695376412291,1.53414463744933,0.318570611173328,3.12346575376533
393.5,0.182697200235491,1.53415936442284,0.318568948689736,3.12345897306357
393.6,0.182699019802837,1.53417406286722,0.318567290098302,3.12345220824129
393.7,0.182700835124212,1.53418873283702,0.318565635389931,3.12344545926135
393.8,0.182702646209472,1.53420337438668,0.318563984555546,3.1234387260867
393.9,0.182704453068453,1.53421798757056,0.318562337586094,3.12343200868039
394,0.182706255710968,1.53423257244288,0.318560694472541,3.12342530700554
394.1,0.182708054146806,1.53424712905779,0.318559055205877,3.12341862102535
394.2,0.18270984838573,1.53426165746931,0.318557419777113,3.12341195070315
394.3,0.182711638437456,1.53427615773123,0.318555788177309,3.12340529600243
394.4,0.182713424311767,1.53429062989769,0.318554160397456,3.12339865688642
394.5,0.182715206018326,1.53430507402222,0.318552536428663,3.12339203331882
394.6,0.182716983566798,1.53431949015842,0.318550916262035,3.12338542526332
394.7,0.182718756966908,1.53433387836012,0.31854929988862,3.12337883268339
394.8,0.182720526228182,1.53434823868028,0.318547687299651,3.12337225554321
394.9,0.182722291360333,1.53436257117267,0.31854607848619,3.12336569380633
395,0.182724052372906,1.53437687589035,0.318544473439453,3.12335914743687
395.1,0.182725809275453,1.53439115288637,0.318542872150649,3.12335261639894
395.2,0.182727562077592,1.53440540221409,0.318541274610929,3.12334610065643
395.3,0.182729310788733,1.53441962392593,0.318539680811633,3.12333960017398
395.4,0.182731055418476,1.53443381807518,0.318538090743926,3.12333311491554
395.5,0.18273279597626,1.53444798471437,0.318536504399125,3.12332664484565
395.6,0.182734532471526,1.53446212389608,0.318534921768543,3.12332018992886
395.7,0.182736264913784,1.53447623567317,0.31853334284343,3.12331375012943
395.8,0.182737993312367,1.53449032009771,0.318531767615199,3.12330732541234
395.9,0.182739717676706,1.53450437722222,0.318530196075173,3.12330091574214
396,0.182741438016171,1.53451840709893,0.318528628214732,3.12329452108366
396.1,0.182743154340106,1.53453240977997,0.318527064025281,3.1232881414018
396.2,0.182744866657839,1.53454638531737,0.318525503498236,3.12328177666155
396.3,0.182746574978675,1.53456033376308,0.318523946625039,3.12327542682794
396.4,0.182748279311897,1.53457425516893,0.318522393397151,3.12326909186614
396.5,0.182749979666767,1.53458814958668,0.318520843806051,3.12326277174135
396.6,0.182751676052529,1.53460201706798,0.318519297843238,3.12325646641888
396.7,0.182753368478403,1.53461585766439,0.31851775550023,3.1232501758641
396.8,0.182755056953589,1.53462967142737,0.318516216768565,3.12324390004248
396.9,0.182756741487268,1.53464345840829,0.318514681639799,3.12323763891954
397,0.182758422088598,1.53465721865841,0.318513150105511,3.1232313924609
397.1,0.182760098766714,1.53467095222892,0.318511622157296,3.12322516063228
397.2,0.182761771530733,1.53468465917089,0.318510097786772,3.12321894339943
397.3,0.182763440389749,1.5346983395353,0.318508576985574,3.12321274072823
397.4,0.182765105352837,1.53471199337302,0.318507059745359,3.12320655258461
397.5,0.182766766429049,1.53472562073486,0.318505546057801,3.1232003789346
397.6,0.182768423627417,1.5347392216715,0.318504035914595,3.12319421974428
397.7,0.182770076956951,1.53475279623354,0.318502529307456,3.12318807497985
397.8,0.182771726426643,1.53476634447149,0.318501026228115,3.12318194460755
397.9,0.182773372045463,1.53477986643574,0.318499526668327,3.12317582859372
398,0.182775013822358,1.53479336217661,0.318498030619861,3.12316972690477
398.1,0.182776651766259,1.53480683174433,0.31849653807451,3.1231636395072
398.2,0.182778285886066,1.53482027518898,0.318495049024087,3.12315756636759
398.3,0.182779916190643,1.53483369256049,0.318493563460447,3.12315150745269
398.4,0.182781542688911,1.53484708390904,0.318492081375385,3.12314546272901
398.5,0.182783165389683,1.53486044928431,0.318490602760801,3.1231394321635
398.6,0.182784784301773,1.53487378873601,0.318489127608591,3.12313341572306
398.7,0.18278639943405,1.53488710231406,0.318487655910603,3.12312741337444
398.8,0.182788010795202,1.53490039006759,0.31848618765885,3.12312142508502
398.9,0.182789618394085,1.53491365204648,0.318484722845191,3.12311545082157
399,0.182791222239406,1.53492688829993,0.318483261461623,3.12310949055144
399.1,0.182792822339875,1.53494009887716,0.31848180350014,3.12310354424194
399.2,0.182794418704263,1.53495328382764,0.318480348952681,3.12309761186016
399.3,0.182796011341152,1.53496644320001,0.318478897811355,3.12309169337392
399.4,0.182797600259297,1.53497957704369,0.318477450068118,3.12308578875036
399.5,0.182799185467305,1.53499268540741,0.318476005715059,3.12307989795719
399.6,0.182800766973786,1.53500576833993,0.318474564744265,3.12307402096213
399.7,0.182802344787413,1.53501882589028,0.318473127147766,3.12306815773264
399.8,0.182803918916697,1.53503185810675,0.31847169291774,3.12306230823678
399.9,0.182805489370237,1.53504486503807,0.318470262046282,3.12305647244231
400,0.182807056156579,1.53505784673266,0.318468834525542,3.12305065031717
400.1,0.182808619284245,1.53507080323887,0.318467410347689,3.12304484182941
400.2,0.18281017876174,1.53508373460498,0.318465989504906,3.12303904694711
400.3,0.18281173459755,1.53509664087916,0.318464571989395,3.12303326563846
400.4,0.182813286800139,1.53510952210948,0.318463157793381,3.1230274978717
400.5,0.182814835377955,1.53512237834394,0.3184617469091,3.12302174361516
400.6,0.182816380339427,1.53513520963046,0.318460339328809,3.12301600283724
400.7,0.182817921692962,1.53514801601684,0.318458935044783,3.12301027550639
400.8,0.18281945944695,1.53516079755082,0.318457534049311,3.12300456159116
400.9,0.182820993609764,1.53517355428004,0.318456136334706,3.12299886106016
401,0.182822524189752,1.53518628625205,0.318454741893295,3.12299317388207
401.1,0.182824051195247,1.53519899351431,0.318453350717422,3.12298750002566
401.2,0.182825574634563,1.53521167611419,0.318451962799451,3.12298183945975
401.3,0.182827094515992,1.53522433409898,0.318450578131766,3.12297619215325
401.4,0.182828610847808,1.53523696751585,0.318449196706763,3.12297055807514
401.5,0.182830123638266,1.53524957641193,0.318447818516862,3.12296493719446
401.6,0.182831632895602,1.53526216083421,0.318446443554496,3.12295932948036
401.7,0.182833138628032,1.53527472082963,0.318445071812118,3.12295373490201
401.8,0.182834640843756,1.53528725644502,0.318443703282198,3.12294815342868
401.9,0.182836139550951,1.53529976772714,0.318442337957224,3.12294258502971
402,0.182837634757779,1.53531225472263,0.318440975829701,3.12293702967452
402.1,0.182839126472381,1.53532471747808,0.318439616892151,3.12293148733258
402.2,0.182840614702874,1.53533715603995,0.318438261137119,3.12292595797347
402.3,0.18284209945734,1.53534957045452,0.318436908557183,3.12292044156689
402.4,0.182843580743914,1.53536196076835,0.318435559144872,3.12291493808235
402.5,0.182845058570631,1.53537432702751,0.318434212892806,3.12290944748974
402.6,0.182846532945528,1.53538666927808,0.318432869793606,3.12290396975892
402.7,0.182848003876692,1.53539898756638,0.318431529839844,3.1228985048596
402.8,0.182849471372046,1.53541128193796,0.318430193024246,3.12289305276208
402.9,0.182850935439665,1.53542355243908,0.318428859339398,3.12288761343609
403,0.182852396087487,1.53543579911537,0.318427528778008,3.1228821868519
403.1,0.182853853323455,1.53544802201246,0.318426201332785,3.12287677297972
403.2,0.182855307155566,1.53546022117626,0.318424876996386,3.12287137178959
403.3,0.182856757591645,1.53547239665185,0.318423555761626,3.1228659832522
403.4,0.182858204639675,1.53548454848506,0.318422237621174,3.12286060733761
403.5,0.182859648307505,1.5354966767211,0.318420922567828,3.12285524401644
403.6,0.182861088602984,1.53550878140517,0.318419610594377,3.12284989325926
403.7,0.18286252553402,1.53552086258274,0.318418301693563,3.12284455503645
403.8,0.182863959108373,1.53553292029861,0.318416995858262,3.12283922931892
403.9,0.182865389333886,1.53554495459794,0.318415693081275,3.1228339160773
404,0.182866816218349,1.53555696552566,0.318414393355449,3.1228286152824
404.1,0.182868239769532,1.53556895312659,0.318413096673652,3.1228233269051
404.2,0.182869659995191,1.53558091744551,0.318411803028765,3.12281805091636
404.3,0.182871076903063,1.53559285852708,0.318410512413684,3.12281278728718
404.4,0.182872490500864,1.53560477641588,0.318409224821328,3.12280753598866
404.5,0.182873900796297,1.53561667115643,0.318407940244626,3.12280229699195
404.6,0.182875307797048,1.53562854279316,0.318406658676524,3.12279707026824
404.7,0.182876711510782,1.53564039137039,0.318405380109985,3.12279185578884
404.8,0.182878111945149,1.53565221693241,0.318404104537988,3.12278665352509
404.9,0.182879509107782,1.53566401952338,0.31840283195353,3.12278146344838
405,0.182880903006293,1.53567579918739,0.318401562349622,3.12277628553022
405.1,0.18288229364828,1.53568755596847,0.318400295719291,3.12277111974214
405.2,0.182883681041323,1.53569928991053,0.318399032055582,3.12276596605575
405.3,0.182885065192981,1.53571100105742,0.318397771351558,3.12276082444275
405.4,0.182886446110798,1.5357226894529,0.318396513600293,3.12275569487487
405.5,0.182887823802302,1.53573435514064,0.318395258794883,3.12275057732393
405.6,0.182889198275001,1.53574599816425,0.318394006928436,3.12274547176181
405.7,0.182890569536386,1.53575761856723,0.318392757994078,3.12274037816045
405.8,0.182891937593932,1.53576921639302,0.31839151198495,3.12273529649186
405.9,0.182893302455097,1.53578079168496,0.31839026889421,3.12273022672812
406,0.182894664127319,1.53579234448632,0.318389028715031,3.12272516884137
406.1,0.182896022618022,1.5358038748403,0.318387791440603,3.12272012280381
406.2,0.182897377934611,1.53581538278998,0.318386557064131,3.12271508858771
406.3,0.182898730084474,1.5358268683784,0.318385325578835,3.12271006616541
406.4,0.182900079074984,1.5358383316485,0.318384096977953,3.12270505550931
406.5,0.182901424913494,1.53584977264314,0.318382871254738,3.12270005659187
406.6,0.182902767607342,1.5358611914051,0.318381648402457,3.12269506938562
406.7,0.182904107163844,1.53587258797705,0.318380428414399,3.12269009386317
406.8,0.182905443590282,1.53588396240151,0.318379211283884,3.12268512999725
406.9,0.182906776893989,1.53589531472124,0.318377997004184,3.12268017776042
407,0.182908107082206,1.53590664497856,0.318376785568658,3.12267523712556
407.1,0.182909434162175,1.5359179532158,0.31837557697066,3.12267030806556
407.2,0.182910758141185,1.5359292394755,0.318374371203506,3.12266539055314
407.3,0.182912079026376,1.5359405037995,0.318373168260645,3.12266048456157
407.4,0.182913396825025,1.5359517462303,0.318371968135404,3.12265559006361
407.5,0.182914711544286,1.53596296680979,0.318370770821219,3.12265070703247
407.6,0.182916023191318,1.53597416557991,0.318369576311525,3.12264583544137
407.7,0.182917331773326,1.5359853425828,0.318368384599713,3.12264097526333
407.8,0.182918637297364,1.53599649785989,0.318367195679313,3.12263612647195
407.9,0.182919939770626,1.53600763145326,0.318366009543728,3.12263128904031
408,0.182921239200182,1.53601874340444,0.318364826186471,3.12262646294195
408.1,0.182922535593109,1.53602983375494,0.318363645601055,3.12262164815036
408.2,0.182923828956532,1.53604090254654,0.318362467780943,3.1226168446389
408.3,0.182925119297446,1.53605194982037,0.318361292719723,3.12261205238138
408.4,0.182926406622916,1.53606297561792,0.318360120410912,3.12260727135136
408.5,0.182927690939964,1.53607397998045,0.318358950848074,3.12260250152256
408.6,0.182928972255591,1.53608496294913,0.318357784024786,3.12259774286879
408.7,0.182930250576787,1.53609592456507,0.318356619934641,3.12259299536389
408.8,0.182931525910523,1.53610686486932,0.318355458571245,3.12258825898176
408.9,0.182932798263755,1.53611778390282,0.31835429992822,3.12258353369638
409,0.182934067643422,1.53612868170643,0.318353143999203,3.12257881948179
409.1,0.182935334056452,1.53613955832099,0.318351990777842,3.12257411631207
409.2,0.18293659750975,1.53615041378719,0.318350840257805,3.12256942416136
409.3,0.182937858010213,1.53616124814571,0.31834969243277,3.12256474300389
409.4,0.182939115564716,1.5361720614371,0.318348547296433,3.12256007281391
409.5,0.182940370180121,1.53618285370188,0.318347404842501,3.12255541356575
409.6,0.182941621863273,1.53619362498046,0.318346265064699,3.1225507652338
409.7,0.182942870621003,1.53620437531318,0.318345127956766,3.12254612779252
409.8,0.182944116460123,1.53621510474031,0.318343993512455,3.12254150121641
409.9,0.182945359387432,1.53622581330204,0.318342861725534,3.12253688548003
410,0.182946599409711,1.53623650103849,0.318341732589786,3.12253228055803
410.1,0.182947836533728,1.5362471679897,0.318340606099007,3.12252768642508
410.2,0.182949070766232,1.53625781419562,0.318339482247009,3.12252310305594
410.3,0.182950302113959,1.53626843969615,0.318338361027619,3.12251853042539
410.4,0.182951530583629,1.53627904453109,0.318337242434676,3.12251396850833
410.5,0.182952756181946,1.53628962874018,0.318336126462035,3.12250941727965
410.6,0.182953978915597,1.53630019236309,0.318335013103566,3.12250487671435
410.7,0.182955198791257,1.5363107354394,0.318333902353151,3.12250034678747
410.8,0.182956415815583,1.53632125800863,0.318332794204689,3.1224958274741
410.9,0.182957629995217,1.5363317601102,0.318331688652091,3.12249131874941
411,0.182958841336786,1.53634224178349,0.318330585689283,3.12248682058859
411.1,0.182960049846902,1.53635270306777,0.318329485310206,3.12248233296694
411.2,0.182961255532157,1.53636314400226,0.318328387508817,3.12247785585979
411.3,0.182962458399114,1.53637356462598,0.318327292279103,3.1224733892426
411.4,0.182963658454378,1.53638396497821,0.318326199615009,3.12246893309066
411.5,0.182964855704475,1.53639434509781,0.318325109510554,3.12246448737958
411.6,0.182966050155931,1.53640470502365,0.318324021959758,3.12246005208493
411.7,0.182967241815313,1.53641504479482,0.318322936956603,3.12245562718218
411.8,0.182968430689055,1.53642536444972,0.318321854495192,3.12245121264725
411.9,0.182969616783714,1.53643566402738,0.318320774569518,3.12244680845564
412,0.182970800105736,1.53644594356628,0.318319697173673,3.12244241458324
412.1,0.182971980661572,1.53645620310493,0.318318622301746,3.12243803100592
412.2,0.182973158457713,1.53646644268204,0.318317549947788,3.12243365769941
412.3,0.182974333500516,1.53647666233563,0.318316480105976,3.12242929463995
412.4,0.182975505796462,1.53648686210438,0.31831541277037,3.1224249418033
412.5,0.182976675351922,1.5364970420264,0.318314347935132,3.12242059916564
412.6,0.182977842173273,1.53650720213982,0.318313285594421,3.12241626670313
412.7,0.182979006266935,1.536517342483,0.318312225742353,3.12241194439177
412.8,0.182980167639209,1.53652746309371,0.318311168373156,3.122407632208
412.9,0.182981326296462,1.53653756401006,0.318310113480996,3.122403330128
413,0.182982482245021,1.53654764526994,0.318309061060077,3.12239903812815
413.1,0.182983635491194,1.53655770691115,0.31830801110462,3.12239475618485
413.2,0.182984786041278,1.53656774897145,0.318306963608854,3.12239048427456
413.3,0.182985933901556,1.53657777148852,0.318305918567025,3.12238622237379
413.4,0.182987079078294,1.53658777449996,0.318304875973393,3.12238197045912
413.5,0.182988221577744,1.53659775804331,0.318303835822228,3.12237772850718
413.6,0.182989361406148,1.53660772215604,0.318302798107814,3.12237349649464
413.7,0.18299049856973,1.53661766687555,0.31830176282445,3.12236927439824
413.8,0.1829916330747,1.53662759223917,0.318300729966446,3.12236506219475
413.9,0.182992764927255,1.53663749828415,0.318299699528126,3.12236085986102
414,0.182993894133577,1.53664738504768,0.318298671503827,3.12235666737394
414.1,0.182995020699833,1.53665725256689,0.3182976458879,3.12235248471046
414.2,0.182996144632178,1.53666710087881,0.318296622674708,3.12234831184757
414.3,0.18299726593675,1.53667693002042,0.318295601858629,3.12234414876235
414.4,0.182998384619673,1.53668674002863,0.318294583434053,3.12233999543189
414.5,0.182999500687058,1.53669653094027,0.318293567395382,3.12233585183336
414.6,0.183000614145002,1.53670630279211,0.318292553737034,3.12233171794397
414.7,0.183001724999586,1.53671605562084,0.318291542453438,3.12232759374101
414.8,0.18300283325688,1.53672578946309,0.318290533539036,3.12232347920178
414.9,0.183003938922937,1.53673550435541,0.318289526988284,3.12231937430366
415,0.183005042003796,1.5367452003343,0.31828852279565,3.12231527902409
415.1,0.183006142505485,1.53675487743618,0.318287520955614,3.12231119334054
415.2,0.183007240434012,1.53676453569736,0.318286521462676,3.12230711723056
415.3,0.183008335795357,1.53677417515406,0.318285524311357,3.12230305067181
415.4,0.183009428595543,1.53678379584266,0.318284529496142,3.12229899364178
415.5,0.183010518840516,1.53679339779919,0.318283537011587,3.12229494611825
415.6,0.183011606536226,1.5368029810597,0.318282546852243,3.12229090807899
415.7,0.183012691688657,1.53681254566038,0.31828155901263,3.12228687950165
415.8,0.183013774303673,1.53682209163687,0.318280573487379,3.1222828603643
415.9,0.183014854387251,1.53683161902532,0.318279590271017,3.12227885064463
416,0.183015931945266,1.53684112786141,0.318278609358165,3.12227485032069
416.1,0.183017006983597,1.53685061818084,0.318277630743439,3.1222708593705
416.2,0.18301807950816,1.53686009001948,0.318276654421421,3.12226687777196
416.3,0.183019149524749,1.53686954341258,0.318275680386808,3.12226290550343
416.4,0.183020217039272,1.53687897839599,0.318274708634191,3.12225894254284
416.5,0.183021282057536,1.53688839500503,0.318273739158252,3.1222549888685
416.6,0.18302234458535,1.53689779327506,0.318272771953673,3.1222510444587
416.7,0.183023404628568,1.53690717324162,0.318271807015094,3.12224710929157
416.8,0.183024462192932,1.53691653493973,0.31827084433726,3.12224318334567
416.9,0.183025517284246,1.53692587840471,0.318269883914855,3.12223926659932
417,0.183026569908274,1.53693520367168,0.318268925742603,3.12223535903098
417.1,0.183027620070766,1.53694451077568,0.31826796981524,3.12223146061917
417.2,0.183028667777463,1.5369537997517,0.318267016127511,3.12222757134246
417.3,0.183029713034089,1.53696307063468,0.318266064674175,3.12222369117945
417.4,0.183030755846356,1.53697232345947,0.318265115450004,3.12221982010883
417.5,0.183031796219963,1.53698155826085,0.318264168449782,3.1222159581093
417.6,0.183032834160596,1.53699077507357,0.318263223668301,3.12221210515962
417.7,0.183033869673929,1.53699997393227,0.318262281100369,3.1222082612386
417.8,0.183034902765622,1.53700915487158,0.318261340740806,3.1222044263251
417.9,0.183035933441322,1.53701831792601,0.318260402584441,3.12220060039803
418,0.183036961706665,1.53702746313004,0.318259466626117,3.12219678343635
418.1,0.18303798756727,1.53703659051807,0.318258532860691,3.12219297541907
418.2,0.183039011028746,1.53704570012443,0.318257601283027,3.12218917632524
418.3,0.183040032096688,1.5370547919834,0.318256671888006,3.12218538613396
418.4,0.183041050776678,1.53706386612919,0.318255744670519,3.12218160482441
418.5,0.183042067074284,1.53707292259593,0.318254819625469,3.12217783237577
418.6,0.183043080995063,1.53708196141771,0.318253896747771,3.1221740687673
418.7,0.183044092544556,1.53709098262852,0.318252976032351,3.1221703139783
418.8,0.183045101728296,1.53709998626232,0.318252057474149,3.12216656798812
418.9,0.183046108551799,1.537108972353,0.318251141068116,3.12216283077616
419,0.18304711302057,1.53711794093437,0.318250226809212,3.12215910232186
419.1,0.183048115140101,1.53712689204018,0.318249314692412,3.12215538260472
419.2,0.183049114915871,1.53713582570413,0.318248404712703,3.12215167160429
419.3,0.183050112353347,1.53714474195984,0.318247496865082,3.12214796930013
419.4,0.183051107457982,1.53715364084087,0.318246591144557,3.12214427567191
419.5,0.183052100235218,1.53716252238073,0.31824568754615,3.12214059069929
419.6,0.183053090690483,1.53717138661284,0.318244786064893,3.12213691436201
419.7,0.18305407882919,1.53718023357057,0.318243886695833,3.12213324663988
419.8,0.183055064656726,1.53718906328713,0.318242989434041,3.12212958751276
419.9,0.183056048178517,1.53719787579596,0.318242094274553,3.1221259369604
420,0.183057029399918,1.53720667113011,0.318241201212466,3.12212229496282
420.1,0.18305800832629,1.53721544932268,0.318240310242877,3.1221186615
420.2,0.183058984963024,1.5372242104069,0.318239421360854,3.12211503655181
420.3,0.183059959315401,1.53723295441549,0.318238534561564,3.12211142009853
420.4,0.183060931388806,1.53724168138164,0.31823764984008,3.12210781212008
420.5,0.183061901188531,1.53725039133811,0.31823676719156,3.12210421259669
420.6,0.183062868719871,1.53725908431765,0.318235886611159,3.1221006215086
420.7,0.183063833988157,1.53726776035321,0.318235008094001,3.1220970388359
420.8,0.183064796998608,1.53727641947715,0.318234131635312,3.12209346455912
420.9,0.183065757756544,1.53728506172238,0.318233257230222,3.12208989865839
421,0.183066716267197,1.53729368712132,0.318232384873946,3.1220863411142
421.1,0.183067672535801,1.53730229570643,0.318231514561696,3.12208279190699
421.2,0.183068626567627,1.53731088751035,0.318230646288649,3.12207925101711
421.3,0.183069578367849,1.53731946256521,0.318229780050074,3.12207571842523
421.4,0.183070527941694,1.53732802090345,0.318228915841186,3.12207219411186
421.5,0.183071475294355,1.5373365625573,0.318228053657237,3.12206867805759
421.6,0.183072420431012,1.53734508755893,0.318227193493487,3.12206517024312
421.7,0.183073363356835,1.53735359594047,0.318226335345208,3.12206167064913
421.8,0.183074304076981,1.53736208773398,0.318225479207682,3.12205817925638
421.9,0.183075242596594,1.53737056297146,0.318224625076204,3.12205469604568
422,0.183076178920809,1.53737902168484,0.318223772946077,3.12205122099786
422.1,0.183077113054747,1.53738746390601,0.318222922812615,3.12204775409381
422.2,0.183078045003519,1.53739588966679,0.318222074671146,3.12204429531446
422.3,0.183078974772224,1.53740429899894,0.318221228517005,3.12204084464077
422.4,0.183079902365948,1.53741269193417,0.318220384345539,3.12203740205377
422.5,0.183080827789766,1.53742106850411,0.318219542152106,3.12203396753453
422.6,0.183081751048743,1.53742942874034,0.318218701932076,3.12203054106414
422.7,0.183082672147928,1.5374377726744,0.318217863680829,3.12202712262375
422.8,0.183083591092363,1.53744610033773,0.318217027393754,3.12202371219456
422.9,0.183084507887075,1.53745441176173,0.318216193066254,3.12202030975782
423,0.183085422537066,1.53746270697768,0.318215360693754,3.12201691529485
423.1,0.18308633504735,1.53747098601691,0.318214530271668,3.12201352878694
423.2,0.183087245422945,1.53747924891076,0.318213701795407,3.12201015021537
423.3,0.183088153668779,1.53748749569012,0.318212875260465,3.12200677956177
423.4,0.18308905978987,1.53749572638635,0.318212050662251,3.12200341680739
423.5,0.183089963791158,1.53750394103038,0.318211227996251,3.12200006193382
423.6,0.183090865677582,1.53751213965317,0.318210407257945,3.12199671492263
423.7,0.183091765454113,1.53752032228583,0.318209588442789,3.12199337575526
423.8,0.183092663125618,1.53752848895893,0.318208771546331,3.12199004441357
423.9,0.183093558697061,1.53753663970353,0.318207956564032,3.12198672087903
424,0.183094452173321,1.53754477455029,0.318207143491432,3.12198340513344
424.1,0.183095343559279,1.53755289352984,0.318206332324066,3.12198009715859
424.2,0.183096232859849,1.53756099667301,0.318205523057442,3.12197679693615
424.3,0.183097120079842,1.53756908401007,0.318204715687159,3.12197350444817
424.4,0.183098005224164,1.53757715557181,0.318203910208734,3.12197021967635
424.5,0.183098888297636,1.53758521138856,0.318203106617756,3.12196694260271
424.6,0.183099769305086,1.53759325149069,0.318202304909813,3.12196367320924
424.7,0.183100648251368,1.53760127590871,0.318201505080465,3.12196041147782
424.8,0.183101525141239,1.53760928467264,0.318200707125363,3.12195715739072
424.9,0.183102399979548,1.53761727781294,0.318199911040075,3.12195391092984
425,0.183103272771061,1.53762525535969,0.31819911682024,3.12195067207742
425.1,0.183104143520549,1.53763321734294,0.318198324461501,3.12194744081565
425.2,0.183105012232811,1.53764116379294,0.318197533959466,3.12194421712664
425.3,0.183105878912549,1.53764909473939,0.318196745309838,3.12194100099284
425.4,0.183106743564555,1.5376570102125,0.318195958508238,3.12193779239639
425.5,0.183107606193541,1.53766491024203,0.318195173550354,3.1219345913197
425.6,0.183108466804221,1.53767279485777,0.318194390431879,3.1219313977452
425.7,0.183109325401344,1.53768066408968,0.318193609148472,3.12192821165517
425.8,0.183110181989568,1.53768851796727,0.318192829695873,3.12192503303225
425.9,0.183111036573603,1.53769635652028,0.318192052069778,3.12192186185886
426,0.183111889158125,1.53770417977832,0.318191276265911,3.12191869811757
426.1,0.183112739747799,1.5377119877709,0.318190502280008,3.12191554179098
426.2,0.183113588347282,1.53771978052753,0.318189730107812,3.12191239286172
426.3,0.183114434961219,1.53772755807763,0.318188959745076,3.12190925131246
426.4,0.183115279594244,1.53773532045056,0.318188191187568,3.12190611712594
426.5,0.183116122250979,1.53774306767564,0.318187424431057,3.12190299028491
426.6,0.18311696293604,1.53775079978213,0.318186659471329,3.12189987077215
426.7,0.183117801654027,1.53775851679924,0.318185896304175,3.12189675857052
426.8,0.183118638409534,1.53776621875613,0.318185134925399,3.12189365366288
426.9,0.183119473207143,1.53777390568188,0.318184375330813,3.12189055603215
427,0.183120306051423,1.53778157760555,0.318183617516238,3.12188746566129
427.1,0.183121136946935,1.53778923455611,0.318182861477507,3.12188438253329
427.2,0.183121965898229,1.5377968765625,0.318182107210461,3.12188130663119
427.3,0.183122792909844,1.5378045036536,0.318181354710952,3.12187823793806
427.4,0.183123617986308,1.53781211585821,0.318180603974842,3.12187517643701
427.5,0.183124441132139,1.53781971320511,0.318179854998,3.12187212211122
427.6,0.183125262351844,1.53782729572301,0.318179107776308,3.12186907494386
427.7,0.18312608164992,1.53783486344055,0.318178362305656,3.12186603491817
427.8,0.183126899030853,1.53784241638635,0.318177618581943,3.12186300201742
427.9,0.183127714499119,1.53784995458895,0.318176876601079,3.12185997622493
428,0.183128528059184,1.53785747807683,0.318176136358984,3.12185695752405
428.1,0.183129339715503,1.53786498687844,0.318175397851585,3.12185394589817
428.2,0.183130149472522,1.53787248102216,0.31817466107482,3.12185094133071
428.3,0.183130957334674,1.53787996053633,0.318173926024637,3.12184794380514
428.4,0.183131763306383,1.5378874254492,0.318173192696993,3.12184495330497
428.5,0.183132567392053,1.53789487578895,0.318172461087864,3.12184196981379
428.6,0.183133369596095,1.53790231158379,0.31817173119322,3.12183899331515
428.7,0.183134169922923,1.53790973286194,0.318171003009026,3.12183602379259
428.8,0.183134968376873,1.53791713965121,0.318170276531319,3.12183306122995
428.9,0.183135764962364,1.53792453197984,0.318169551756064,3.12183010561075
429,0.183136559683739,1.53793190987569,0.31816882867929,3.12182715691881
429.1,0.183137352545346,1.53793927336663,0.318168107297026,3.12182421513793
429.2,0.183138143551558,1.53794662248067,0.318167387605274,3.12182128025179
429.3,0.183138932706658,1.53795395724534,0.318166669600122,3.12181835224443
429.4,0.183139720015014,1.53796127768863,0.318165953277578,3.12181543109958
429.5,0.183140505480919,1.5379685838381,0.318165238633721,3.12181251680122
429.6,0.183141289108668,1.53797587572138,0.318164525664625,3.12180960933335
429.7,0.183142070902583,1.53798315336619,0.318163814366341,3.12180670867986
429.8,0.1831428508669,1.53799041679981,0.318163104735,3.12180381482497
429.9,0.183143629005933,1.53799766604995,0.318162396766659,3.12180092775258
430,0.183144405323927,1.53800490114393,0.318161690457441,3.12179804744688
430.1,0.183145179825127,1.53801212210909,0.318160985803467,3.12179517389205
430.2,0.183145952513806,1.53801932897292,0.318160282800832,3.12179230707216
430.3,0.183146723394149,1.53802652176242,0.318159581445714,3.12178944697162
430.4,0.183147492470423,1.53803370050503,0.318158881734215,3.12178659357451
430.5,0.183148259746821,1.53804086522783,0.318158183662504,3.12178374686522
430.6,0.18314902522754,1.53804801595789,0.318157487226745,3.1217809068281
430.7,0.183149788916805,1.53805515272243,0.318156792423081,3.12177807344741
430.8,0.18315055081875,1.53806227554821,0.318156099247733,3.12177524670773
430.9,0.183151310937594,1.53806938446241,0.318155407696848,3.12177242659335
431,0.183152069277482,1.53807647949184,0.318154717766639,3.12176961308883
431.1,0.183152825842562,1.53808356066332,0.318154029453317,3.12176680617869
431.2,0.183153580637009,1.53809062800381,0.318153342753068,3.12176400584738
431.3,0.183154333664911,1.53809768153981,0.318152657662158,3.12176121207967
431.4,0.183155084930436,1.53810472129825,0.318151974176778,3.12175842486003
431.5,0.183155834437683,1.53811174730568,0.318151292293186,3.12175564417318
431.6,0.183156582190751,1.53811875958867,0.318150612007637,3.12175287000385
431.7,0.183157328193767,1.53812575817392,0.318149933316361,3.12175010233665
431.8,0.183158072450771,1.53813274308768,0.318149256215666,3.12174734115654
431.9,0.183158814965884,1.53813971435662,0.318148580701791,3.12174458644816
432,0.183159555743157,1.53814667200705,0.318147906771034,3.12174183819642
432.1,0.18316029478664,1.53815361606526,0.318147234419695,3.12173909638621
432.2,0.183161032100417,1.53816054655774,0.318146563644046,3.12173636100233
432.3,0.183161767688492,1.53816746351053,0.318145894440428,3.12173363202987
432.4,0.183162501554912,1.53817436694992,0.318145226805145,3.12173090945372
432.5,0.183163233703699,1.53818125690206,0.318144560734524,3.12172819325893
432.6,0.183163964138861,1.53818813339303,0.318143896224903,3.12172548343053
432.7,0.183164692864403,1.53819499644887,0.318143233272625,3.12172277995363
432.8,0.183165419884317,1.53820184609558,0.318142571874045,3.12172008281334
432.9,0.183166145202585,1.5382086823591,0.318141912025525,3.12171739199483
433,0.183166868823182,1.53821550526532,0.318141253723435,3.12171470748329
433.1,0.183167590750074,1.53822231484009,0.318140596964153,3.12171202926393
433.2,0.183168310987218,1.53822911110921,0.318139941744065,3.12170935732204
433.3,0.18316902953856,1.53823589409843,0.318139288059567,3.12170669164289
433.4,0.183169746408039,1.53824266383345,0.318138635907062,3.12170403221182
433.5,0.183170461599584,1.53824942033993,0.318137985282961,3.12170137901418
433.6,0.183171175117114,1.53825616364346,0.318137336183687,3.12169873203538
433.7,0.183171886964541,1.53826289376959,0.318136688605666,3.12169609126085
433.8,0.183172597145766,1.53826961074384,0.318136042545336,3.12169345667605
433.9,0.183173305664682,1.53827631459166,0.318135397999142,3.12169082826648
434,0.183174012525171,1.53828300533845,0.31813475496354,3.12168820601768
434.1,0.183174717731108,1.53828968300957,0.318134113434989,3.12168558991522
434.2,0.183175421286358,1.53829634763034,0.318133473409961,3.12168297994469
434.3,0.183176123194777,1.53830299922601,0.318132834884935,3.12168037609174
434.4,0.183176823460213,1.53830963782179,0.318132197856397,3.12167777834202
434.5,0.183177522086505,1.53831626344286,0.318131562320843,3.12167518668125
434.6,0.183178219077481,1.53832287611432,0.318130928274775,3.12167260109516
434.7,0.183178914436962,1.53832947586126,0.318130295714705,3.12167002156951
434.8,0.183179608168761,1.53833606270868,0.318129664637152,3.12166744809011
434.9,0.183180300276679,1.53834263668156,0.318129035038645,3.1216648806428
435,0.183180990764511,1.53834919780484,0.318128406915718,3.12166231921344
435.1,0.183181679636041,1.53835574610338,0.318127780264917,3.12165976378794
435.2,0.183182366895045,1.538362281602,0.318127155082794,3.12165721435224
435.3,0.183183052545277,1.53836880432544,0.318126531365921,3.12165467089234
435.4,0.183183736590521,1.53837531429854,0.318125909110844,3.12165213339417
435.5,0.183184419034513,1.53838181154592,0.318125288314152,3.1216496018438
435.6,0.183185099880987,1.5383882960922,0.318124668972434,3.12164707622732
435.7,0.183185779133704,1.53839476796211,0.318124051082259,3.12164455653074
435.8,0.183186456796346,1.53840122717998,0.318123434640263,3.12164204274034
435.9,0.183187132872667,1.53840767377051,0.31812281964302,3.12163953484213
436,0.183187807366356,1.53841410775807,0.318122206087161,3.12163703282239
436.1,0.183188480281106,1.53842052916703,0.318121593969315,3.12163453666734
436.2,0.183189151620634,1.5384269380219,0.318120983286089,3.12163204636316
436.3,0.183189821388577,1.53843333434677,0.318120374034162,3.1216295618963
436.4,0.183190489588645,1.5384397181661,0.318119766210147,3.12162708325293
436.5,0.183191156224486,1.53844608950403,0.318119159810713,3.12162461041948
436.6,0.183191821299749,1.53845244838469,0.318118554832531,3.12162214338236
436.7,0.183192484818109,1.53845879483238,0.318117951272245,3.12161968212789
436.8,0.183193146783172,1.53846512887099,0.318117349126563,3.12161722664263
436.9,0.183193807198582,1.53847145052466,0.318116748392156,3.121614776913
437,0.183194466067962,1.53847775981735,0.318116149065722,3.12161233292554
437.1,0.18319512339492,1.53848405677302,0.318115551143963,3.1216098946668
437.2,0.183195779183061,1.53849034141555,0.31811495462359,3.12160746212334
437.3,0.183196433435982,1.5384966137688,0.318114359501319,3.12160503528179
437.4,0.183197086157267,1.53850287385656,0.318113765773878,3.12160261412879
437.5,0.183197737350497,1.53850912170259,0.318113173438,3.12160019865102
437.6,0.183198387019243,1.53851535733062,0.318112582490424,3.12159778883517
437.7,0.183199035167065,1.53852158076431,0.318111992927901,3.12159538466799
437.8,0.183199681797519,1.53852779202728,0.318111404747184,3.12159298613624
437.9,0.183200326914152,1.53853399114313,0.318110817945036,3.12159059322671
438,0.183200970520501,1.53854017813538,0.31811023251823,3.12158820592623
438.1,0.183201612620094,1.53854635302752,0.318109648463542,3.12158582422167
438.2,0.183202253216456,1.538552515843,0.318109065777759,3.1215834480999
438.3,0.183202892313097,1.53855866660522,0.318108484457674,3.12158107754786
438.4,0.183203529913523,1.53856480533754,0.318107904500089,3.12157871255249
438.5,0.18320416602123,1.53857093206326,0.318107325901813,3.12157635310077
438.6,0.183204800639708,1.53857704680565,0.31810674865966,3.12157399917972
438.7,0.183205433772435,1.53858314958793,0.318106172770455,3.12157165077637
438.8,0.183206065422886,1.53858924043329,0.318105598231028,3.1215693078778
438.9,0.183206695594523,1.53859531936484,0.318105025038217,3.12156697047113
439,0.183207324290804,1.53860138640568,0.318104453188869,3.12156463854346
439.1,0.183207951515176,1.53860744157886,0.318103882679835,3.12156231208197
439.2,0.183208577271078,1.53861348490736,0.31810331350798,3.12155999107387
439.3,0.183209201561931,1.53861951641409,0.318102745670178,3.1215576755064
439.4,0.183209824391181,1.53862553612207,0.318102179163286,3.12155536536675
439.5,0.183210445762232,1.53863154405409,0.318101613984199,3.12155306064225
439.6,0.183211065678485,1.53863754023297,0.31810105012981,3.12155076132022
439.7,0.183211684143367,1.53864352468161,0.318100487596994,3.12154846738792
439.8,0.183212301160231,1.53864949742255,0.318099926382689,3.12154617883286
439.9,0.183212916732498,1.53865545847866,0.318099366483775,3.12154389564231
440,0.183213530863528,1.53866140787252,0.318098807897184,3.12154161780376
440.1,0.183214143556686,1.53866734562672,0.318098250619847,3.12153934530469
440.2,0.183214754815356,1.53867327176393,0.318097694648675,3.12153707813249
440.3,0.183215364642854,1.53867918630648,0.318097139980642,3.12153481627483
440.4,0.183215973042557,1.53868508927703,0.318096586612666,3.12153255971914
440.5,0.18321658001779,1.53869098069793,0.318096034541714,3.12153030845303
440.6,0.183217185571875,1.53869686059154,0.318095483764754,3.12152806246415
440.7,0.183217789708161,1.53870272898036,0.318094934278729,3.12152582174002
440.8,0.183218392429934,1.53870858588653,0.318094386080642,3.12152358626842
440.9,0.183218993740513,1.53871443133238,0.318093839167465,3.121521356037
441,0.183219593643196,1.53872026534015,0.318093293536187,3.12151913103347
441.1,0.183220192141273,1.53872608793199,0.318092749183806,3.1215169112456
441.2,0.183220789238027,1.53873189913004,0.318092206107328,3.12151469666117
441.3,0.183221384936733,1.53873769895639,0.318091664303763,3.12151248726797
441.4,0.183221979240657,1.53874348743309,0.318091123770131,3.12151028305387
441.5,0.183222572153062,1.53874926458213,0.318090584503457,3.12150808400671
441.6,0.183223163677198,1.5387550304255,0.318090046500773,3.1215058901144
441.7,0.183223753816312,1.53876078498511,0.318089509759118,3.12150370136486
441.8,0.183224342573641,1.53876652828285,0.318088974275537,3.12150151774603
441.9,0.183224929952416,1.53877226034055,0.318088440047084,3.12149933924589
442,0.183225515955859,1.53877798118002,0.318087907070818,3.12149716585246
442.1,0.183226100587186,1.53878369082301,0.318087375343805,3.12149499755376
442.2,0.183226683849604,1.53878938929124,0.318086844863119,3.12149283433786
442.3,0.183227265746313,1.53879507660639,0.318086315625841,3.12149067619284
442.4,0.183227846280507,1.53880075279007,0.318085787629057,3.12148852310684
442.5,0.183228425455369,1.53880641786389,0.318085260869861,3.12148637506798
442.6,0.183229003274079,1.5388120718494,0.318084735345355,3.12148423206446
442.7,0.183229579739807,1.53881771476809,0.318084211052645,3.12148209408446
442.8,0.183230154855715,1.53882334664144,0.318083687988847,3.12147996111622
442.9,0.183230728624959,1.53882896749087,0.318083166151081,3.121477833148
443,0.183231301050687,1.53883457733777,0.318082645536473,3.12147571016807
443.1,0.183231872136042,1.53884017620347,0.318082126142162,3.12147359216476
443.2,0.183232441884155,1.5388457641093,0.318081607965285,3.1214714791264
443.3,0.183233010298154,1.53885134107649,0.318081091002992,3.12146937104135
443.4,0.183233577381157,1.53885690712628,0.318080575252437,3.12146726789802
443.5,0.183234143136277,1.53886246227985,0.318080060710782,3.12146516968482
443.6,0.183234707566618,1.53886800655833,0.318079547375195,3.1214630763902
443.7,0.183235270675276,1.53887353998281,0.31807903524285,3.12146098800264
443.8,0.183235832465331,1.53887906257431,0.318078524310938,3.12145890451067
443.9,0.183236392939887,1.53888457435395,0.318078014576629,3.12145682590277
444,0.183236952102005,1.53889007534263,0.318077506037129,3.12145475216751
444.1,0.183237509954751,1.53889556556129,0.318076998689641,3.12145268329351
444.2,0.183238066501209,1.53890104503092,0.318076492531353,3.12145061926929
444.3,0.183238621744398,1.53890651377221,0.318075987559512,3.12144856008361
444.4,0.183239175687398,1.53891197180614,0.318075483771306,3.12144650572502
444.5,0.183239728333234,1.53891741915343,0.318074981163976,3.12144445618226
444.6,0.183240279684935,1.53892285583477,0.318074479734761,3.12144241144405
444.7,0.18324082974555,1.538928281871,0.318073979480879,3.12144037149907
444.8,0.183241378518061,1.53893369728258,0.31807348039961,3.1214383363362
444.9,0.183241926005513,1.53893910209029,0.318072982488177,3.12143630594414
445,0.183242472210895,1.53894449631465,0.318072485743851,3.12143428031174
445.1,0.183243017137201,1.53894987997616,0.318071990163904,3.12143225942788
445.2,0.183243560787445,1.53895525309545,0.318071495745587,3.12143024328133
445.3,0.183244103164585,1.53896061569285,0.3180710024862,3.1214282318611
445.4,0.183244644271611,1.53896596778885,0.318070510383017,3.12142622515607
445.5,0.183245184111491,1.53897130940381,0.318070019433332,3.12142422315518
445.6,0.183245722687187,1.53897664055808,0.318069529634442,3.12142222584743
445.7,0.183246260001654,1.53898196127197,0.318069040983651,3.12142023322181
445.8,0.183246796057843,1.53898727156573,0.31806855347827,3.12141824526735
445.9,0.183247330858693,1.53899257145959,0.318068067115616,3.12141626197312
446,0.18324786440714,1.53899786097373,0.318067581893013,3.12141428332819
446.1,0.183248396706114,1.5390031401283,0.318067097807789,3.12141230932167
446.2,0.183248927758535,1.53900840894342,0.31806661485728,3.12141033994269
446.3,0.183249457567319,1.53901366743916,0.318066133038826,3.12140837518041
446.4,0.183249986135374,1.53901891563554,0.318065652349775,3.121406415024
446.5,0.183250513465601,1.53902415355257,0.318065172787483,3.12140445946267
446.6,0.183251039560896,1.53902938121021,0.318064694349307,3.12140250848566
446.7,0.183251564424146,1.53903459862837,0.318064217032616,3.12140056208223
446.8,0.183252088058231,1.53903980582693,0.31806374083478,3.12139862024165
446.9,0.183252610466028,1.53904500282574,0.31806326575318,3.12139668295323
447,0.183253131650403,1.5390501896446,0.318062791785199,3.12139475020631
447.1,0.183253651614217,1.53905536630327,0.318062318928228,3.12139282199025
447.2,0.183254170360325,1.53906053282149,0.318061847179665,3.12139089829442
447.3,0.183254687891574,1.53906568921893,0.318061376536913,3.12138897910824
447.4,0.183255204210806,1.53907083551527,0.318060906997381,3.12138706442114
447.5,0.183255719320854,1.5390759717301,0.318060438558483,3.12138515422257
447.6,0.183256233224547,1.53908109788301,0.318059971217642,3.12138324850202
447.7,0.183256745924706,1.53908621399354,0.318059504972285,3.121381347249
447.8,0.183257257424145,1.53909132008119,0.318059039819845,3.12137945045303
447.9,0.183257767725673,1.53909641616542,0.318058575757761,3.12137755810366
448,0.183258276832091,1.53910150226567,0.318058112783478,3.12137567019049
448.1,0.183258784746194,1.53910657840131,0.318057650894449,3.12137378670312
448.2,0.18325929147077,1.5391116445917,0.318057190088131,3.12137190763117
448.3,0.183259797008592,1.53911670085611,0.318056730361996,3.12137003296434
448.4,0.183260301362452,1.5391217472139,0.318056271713496,3.12136816269223
448.5,0.183260804535109,1.53912678368427,0.318055814140117,3.12136629680459
448.6,0.183261306529322,1.5391318102864,0.318055357639343,3.12136443529116
448.7,0.183261807347866,1.53913682703955,0.318054902208643,3.12136257814161
448.8,0.183262306993462,1.53914183396271,0.318054447845537,3.12136072534583
448.9,0.18326280546888,1.53914683107511,0.318053994547499,3.12135887689351
449,0.183263302776845,1.53915181839574,0.318053542312044,3.12135703277453
449.1,0.183263798920084,1.53915679594362,0.318053091136686,3.12135519297873
449.2,0.183264293901341,1.53916176373782,0.318052641018923,3.12135335749592
449.3,0.183264787723301,1.53916672179712,0.318052191956305,3.12135152631609
449.4,0.183265280388705,1.5391716701406,0.318051743946336,3.12134969942908
449.5,0.183265771900245,1.53917660878705,0.31805129698656,3.12134787682487
449.6,0.183266262260616,1.5391815377553,0.31805085107452,3.12134605849342
449.7,0.183266751472531,1.53918645706426,0.318050406207741,3.12134424442465
449.8,0.183267239538653,1.53919136673257,0.318049962383797,3.12134243460867
449.9,0.183267726461673,1.53919626677902,0.318049519600233,3.12134062903545
450,0.183268212244265,1.5392011572223,0.318049077854613,3.12133882769507
450.1,0.183268696889094,1.53920603808108,0.318048637144506,3.1213370305776
450.2,0.183269180398822,1.53921090937395,0.318048197467485,3.12133523767315
450.3,0.183269662776103,1.53921577111953,0.31804775882113,3.12133344897185
450.4,0.183270144023585,1.53922062333634,0.318047321203028,3.12133166446386
450.5,0.183270624143911,1.5392254660429,0.318046884610768,3.12132988413934
450.6,0.183271103139718,1.5392302992577,0.318046449041948,3.1213281079885
450.7,0.183271581013635,1.53923512299918,0.318046014494169,3.12132633600154
450.8,0.183272057768287,1.53923993728575,0.318045580965039,3.12132456816872
450.9,0.183272533406292,1.53924474213579,0.31804514845217,3.1213228044803
451,0.183273007930262,1.53924953756762,0.318044716953183,3.12132104492656
451.1,0.183273481342804,1.53925432359957,0.3180442864657,3.12131928949781
451.2,0.183273953646517,1.53925910024989,0.318043856987352,3.1213175381844
451.3,0.183274424843994,1.53926386753682,0.318043428515774,3.12131579097667
451.4,0.183274894937824,1.53926862547856,0.318043001048607,3.121314047865
451.5,0.183275363930581,1.53927337409323,0.318042574583504,3.12131230883983
451.6,0.183275831824846,1.53927811339899,0.318042149118113,3.12131057389154
451.7,0.183276298623201,1.539282843414,0.31804172465008,3.12130884301055
451.8,0.183276764328181,1.53928756415617,0.318041301177093,3.12130711618743
451.9,0.183277228942371,1.53929227564365,0.318040878696797,3.12130539341257
452,0.183277692468312,1.53929697789439,0.318040457206875,3.12130367467651
452.1,0.183278154908544,1.53930167092632,0.31804003670501,3.12130195996982
452.2,0.183278616265627,1.53930635475747,0.318039617188871,3.12130024928297
452.3,0.183279076542066,1.53931102940554,0.318039198656174,3.12129854260666
452.4,0.183279535740415,1.53931569488856,0.31803878110459,3.12129683993139
452.5,0.183279993863184,1.53932035122426,0.318038364531831,3.12129514124783
452.6,0.183280450912886,1.53932499843041,0.318037948935608,3.12129344654663
452.7,0.183280906892049,1.53932963652485,0.318037534313615,3.1212917558184
452.8,0.183281361803148,1.53933426552515,0.318037120663596,3.12129006905393
452.9,0.183281815648709,1.53933888544913,0.318036707983249,3.12128838624383
453,0.183282268431212,1.53934349631436,0.318036296270314,3.12128670737888
453.1,0.18328272015314,1.53934809813845,0.318035885522526,3.12128503244986
453.2,0.183283170816993,1.53935269093907,0.318035475737608,3.12128336144746
453.3,0.183283620425218,1.5393572747336,0.318035066913329,3.1212816943626
453.4,0.183284068980309,1.53936184953971,0.318034659047416,3.12128003118599
453.5,0.18328451648472,1.5393664153748,0.318034252137632,3.12127837190852
453.6,0.183284962940904,1.5393709722563,0.318033846181741,3.12127671652107
453.7,0.183285408351332,1.53937552020172,0.318033441177491,3.12127506501445
453.8,0.183285852718422,1.53938005922828,0.318033037122678,3.12127341737967
453.9,0.18328629604464,1.53938458935346,0.318032634015054,3.12127177360756
454,0.18328673833241,1.53938911059451,0.318032231852411,3.12127013368912
454.1,0.183287179584159,1.53939362296869,0.318031830632536,3.12126849761532
454.2,0.183287619802328,1.53939812649334,0.318031430353204,3.12126686537709
454.3,0.183288058989316,1.53940262118557,0.318031031012229,3.12126523696551
454.4,0.183288497147544,1.5394071070626,0.318030632607403,3.12126361237158
454.5,0.183288934279419,1.53941158414158,0.318030235136535,3.12126199158635
454.6,0.183289370387341,1.5394160524396,0.318029838597435,3.1212603746009
454.7,0.183289805473706,1.53942051197376,0.318029442987922,3.12125876140633
454.8,0.183290239540903,1.53942496276109,0.318029048305815,3.12125715199376
454.9,0.183290672591316,1.53942940481859,0.318028654548945,3.12125554635431
455,0.183291104627324,1.53943383816326,0.318028261715142,3.12125394447916
455.1,0.183291535651301,1.53943826281204,0.318027869802243,3.12125234635947
455.2,0.183291965665614,1.53944267878183,0.31802747880809,3.12125075198645
455.3,0.183292394672625,1.53944708608954,0.318027088730531,3.12124916135132
455.4,0.183292822674692,1.539451484752,0.318026699567417,3.12124757444532
455.5,0.183293249674166,1.53945587478603,0.318026311316606,3.12124599125969
455.6,0.183293675673392,1.53946025620842,0.318025923975959,3.12124441178574
455.7,0.183294100674713,1.53946462903593,0.318025537543344,3.12124283601474
455.8,0.183294524680461,1.53946899328526,0.318025152016632,3.12124126393804
455.9,0.183294947692966,1.53947334897312,0.318024767393703,3.12123969554697
456,0.183295369714553,1.53947769611616,0.318024383672435,3.12123813083289
456.1,0.18329579074754,1.539482034731,0.318024000850719,3.12123656978718
456.2,0.18329621079424,1.53948636483424,0.318023618926444,3.12123501240125
456.3,0.183296629856961,1.53949068644242,0.318023237897509,3.12123345866653
456.4,0.183297047938005,1.5394949995721,0.318022857761816,3.12123190857444
456.5,0.183297465039664,1.53949930423971,0.318022478517276,3.12123036211648
456.6,0.183297881164233,1.53950360046176,0.318022100161797,3.12122881928412
456.7,0.183298296314009,1.53950788825474,0.318021722693286,3.12122728006882
456.8,0.183298710491249,1.53951216763492,0.318021346109688,3.12122574446218
456.9,0.183299123698252,1.53951643861878,0.318020970408906,3.12122421245567
457,0.183299535937278,1.53952070122263,0.318020595588881,3.12122268404089
457.1,0.18329994721059,1.53952495546274,0.318020221647552,3.12122115920942
457.2,0.183300357520463,1.5395292013555,0.318019848582844,3.12121963795282
457.3,0.183300766869125,1.53953343891699,0.318019476392728,3.12121812026279
457.4,0.183301175258851,1.53953766816355,0.318019105075132,3.12121660613089
457.5,0.183301582691873,1.53954188911133,0.31801873462802,3.12121509554882
457.6,0.183301989170426,1.53954610177644,0.318018365049357,3.12121358850828
457.7,0.183302394696761,1.5395503061751,0.318017996337092,3.12121208500089
457.8,0.183302799273079,1.53955450232324,0.318017628489218,3.12121058501849
457.9,0.183303202901626,1.53955869023707,0.31801726150369,3.12120908855272
458,0.183303605584612,1.53956286993254,0.318016895378493,3.12120759559537
458.1,0.183304007324244,1.53956704142564,0.318016530111618,3.12120610613824
458.2,0.183304408122746,1.53957120473242,0.318016165701036,3.12120462017305
458.3,0.183304807982296,1.53957535986867,0.318015802144765,3.12120313769174
458.4,0.183305206905112,1.53957950685043,0.318015439440781,3.12120165868603
458.5,0.183305604893379,1.5395836456935,0.318015077587098,3.12120018314783
458.6,0.183306001949278,1.53958777641372,0.318014716581724,3.12119871106902
458.7,0.183306398075009,1.53959189902699,0.318014356422656,3.12119724244143
458.8,0.183306793272729,1.53959601354899,0.318013997107929,3.12119577725703
458.9,0.18330718754462,1.53960011999551,0.318013638635555,3.12119431550773
459,0.183307580892848,1.53960421838229,0.318013281003561,3.12119285718548
459.1,0.183307973319572,1.539608308725,0.318012924209979,3.12119140228225
459.2,0.18330836482695,1.5396123910393,0.318012568252843,3.12118995079002
459.3,0.183308755417133,1.53961646534083,0.318012213130194,3.1211885027008
459.4,0.183309145092266,1.53962053164516,0.318011858840077,3.12118705800662
459.5,0.18330953385449,1.53962458996789,0.318011505380541,3.12118561669952
459.6,0.183309921705943,1.53962864032454,0.318011152749639,3.12118417877157
459.7,0.183310308648755,1.53963268273062,0.318010800945429,3.12118274421484
459.8,0.183310694685053,1.53963671720162,0.318010449965975,3.12118131302143
459.9,0.183311079816958,1.53964074375299,0.318010099809344,3.12117988518346
460,0.183311464046589,1.53964476240015,0.318009750473606,3.12117846069306
460.1,0.183311847376055,1.53964877315849,0.318009401956838,3.12117703954239
460.2,0.183312229807463,1.53965277604338,0.31800905425712,3.12117562172362
460.3,0.183312611342916,1.53965677107013,0.318008707372539,3.12117420722894
460.4,0.183312991984511,1.53966075825406,0.318008361301183,3.12117279605056
460.5,0.183313371734332,1.53966473761041,0.318008016041152,3.12117138818072
460.6,0.183313750594473,1.53966870915444,0.318007671590541,3.12116998361166
460.7,0.183314128567024,1.53967267290142,0.318007327947444,3.12116858233561
460.8,0.183314505654041,1.53967662886642,0.318006985109989,3.12116718434493
460.9,0.183314881857617,1.5396805770647,0.318006643076268,3.12116578963183
461,0.183315257179812,1.53968451751134,0.318006301844407,3.12116439818867
461.1,0.183315631622685,1.53968845022142,0.318005961412527,3.12116301000781
461.2,0.183316005188308,1.53969237521011,0.318005621778742,3.12116162508152
461.3,0.183316377878713,1.53969629249229,0.318005282941201,3.12116024340228
461.4,0.183316749695967,1.53970020208311,0.318004944898021,3.1211588649624
461.5,0.183317120642107,1.53970410399749,0.318004607647346,3.12115748975431
461.6,0.183317490719167,1.53970799825036,0.318004271187323,3.12115611777046
461.7,0.183317859929196,1.53971188485674,0.318003935516086,3.12115474900322
461.8,0.1833182282742,1.53971576383137,0.318003600631807,3.12115338344516
461.9,0.183318595756225,1.53971963518926,0.318003266532623,3.12115202108866
462,0.183318962377281,1.53972349894518,0.318002933216703,3.12115066192627
462.1,0.18331932813938,1.53972735511392,0.318002600682213,3.1211493059505
462.2,0.183319693044547,1.53973120371035,0.318002268927309,3.12114795315383
462.3,0.183320057094765,1.53973504474909,0.318001937950185,3.1211466035289
462.4,0.183320420292056,1.53973887824497,0.318001607748999,3.12114525706819
462.5,0.183320782638406,1.53974270421265,0.318001278321941,3.12114391376433
462.6,0.183321144135805,1.53974652266676,0.3180009496672,3.12114257360992
462.7,0.183321504786254,1.53975033362204,0.318000621782952,3.12114123659753
462.8,0.183321864591713,1.53975413709296,0.318000294667412,3.12113990271987
462.9,0.183322223554179,1.53975793309421,0.317999968318761,3.12113857196953
463,0.183322581675623,1.53976172164034,0.317999642735204,3.12113724433919
463.1,0.183322938958005,1.53976550274583,0.317999317914955,3.12113591982157
463.2,0.183323295403295,1.53976927642519,0.31799899385622,3.12113459840933
463.3,0.183323651013451,1.53977304269291,0.317998670557215,3.12113328009523
463.4,0.183324005790428,1.53977680156342,0.31799834801616,3.12113196487198
463.5,0.183324359736175,1.53978055305112,0.317998026231278,3.12113065273235
463.6,0.183324712852638,1.53978429717041,0.317997705200799,3.12112934366911
463.7,0.183325065141758,1.53978803393564,0.317997384922954,3.12112803767506
463.8,0.18332541660547,1.53979176336113,0.31799706539598,3.12112673474299
463.9,0.183325767245708,1.5397954854612,0.317996746618116,3.12112543486574
464,0.183326117064398,1.53979920025012,0.317996428587608,3.12112413803614
464.1,0.183326466063464,1.53980290774214,0.317996111302702,3.12112284424704
464.2,0.183326814244824,1.53980660795147,0.317995794761654,3.12112155349133
464.3,0.183327161610393,1.53981030089231,0.317995478962717,3.12112026576188
464.4,0.18332750816208,1.53981398657883,0.317995163904153,3.12111898105161
464.5,0.183327853901791,1.53981766502516,0.317994849584227,3.12111769935345
464.6,0.183328198831425,1.53982133624543,0.317994536001208,3.12111642066032
464.7,0.18332854295288,1.5398250002537,0.317994223153368,3.12111514496518
464.8,0.183328886268047,1.53982865706404,0.317993911038985,3.12111387226102
464.9,0.183329228778813,1.53983230669048,0.31799359965634,3.12111260254081
465,0.183329570487061,1.53983594914701,0.317993289003717,3.12111133579757
465.1,0.18332991139467,1.53983958444762,0.317992979079406,3.12111007202431
465.2,0.183330251503514,1.53984321260625,0.317992669881701,3.12110881121408
465.3,0.183330590815463,1.53984683363683,0.317992361408897,3.12110755335993
465.4,0.183330929332383,1.53985044755324,0.317992053659296,3.12110629845492
465.5,0.183331267056134,1.53985405436936,0.317991746631203,3.12110504649216
465.6,0.183331603988573,1.53985765409903,0.317991440322927,3.12110379746474
465.7,0.183331940131552,1.53986124675606,0.31799113473278,3.12110255136578
465.8,0.18333227548692,1.53986483235424,0.317990829859081,3.12110130818841
465.9,0.18333261005652,1.53986841090733,0.317990525700149,3.1211000679258
466,0.183332943842188,1.53987198242904,0.317990222254314,3.12109883057111
466.1,0.183333276845761,1.5398755469331,0.317989919519901,3.12109759611753
466.2,0.183333609069079,1.53987910443323,0.317989617495235,3.12109636455823
466.3,0.183333940513949,1.53988265494299,0.31798931617867,3.12109513588648
466.4,0.183334271182213,1.5398861984761,0.31798901556853,3.12109391009546
466.5,0.183334601075679,1.53988973504613,0.317988715663167,3.12109268717844
466.6,0.183334930196161,1.53989326466663,0.31798841646093,3.12109146712869
466.7,0.183335258545479,1.53989678735124,0.317988117960159,3.12109024993944
466.8,0.18333558612542,1.53990030311335,0.31798782015923,3.12108903560407
466.9,0.183335912937802,1.53990381196658,0.317987523056486,3.12108782411582
467,0.183336238984415,1.53990731392435,0.317987226650296,3.12108661546804
467.1,0.183336564267048,1.53991080900009,0.317986930939032,3.12108540965408
467.2,0.183336888787503,1.53991429720729,0.317986635921052,3.12108420666725
467.3,0.183337212547544,1.53991777855923,0.317986341594751,3.12108300650102
467.4,0.18333753554897,1.53992125306938,0.31798604795849,3.12108180914868
467.5,0.183337857793547,1.53992472075104,0.31798575501066,3.12108061460368
467.6,0.183338179283046,1.5399281816175,0.31798546274965,3.12107942285945
467.7,0.183338500019246,1.53993163568215,0.317985171173838,3.12107823390937
467.8,0.183338820003892,1.53993508295811,0.317984880281636,3.12107704774698
467.9,0.18333913923876,1.53993852345874,0.317984590071426,3.12107586436566
468,0.183339457725599,1.53994195719721,0.317984300541617,3.12107468375893
468.1,0.183339775466156,1.53994538418669,0.317984011690616,3.1210735059203
468.2,0.183340092462192,1.53994880444041,0.317983723516822,3.12107233084323
468.3,0.18334040871543,1.53995221797139,0.317983436018664,3.12107115852132
468.4,0.183340724227626,1.53995562479286,0.317983149194543,3.12106998894804
468.5,0.183341039000507,1.53995902491786,0.317982863042886,3.12106882211699
468.6,0.183341353035803,1.53996241835942,0.31798257756212,3.12106765802174
468.7,0.183341666335252,1.53996580513067,0.31798229275066,3.12106649665584
468.8,0.183341978900563,1.53996918524453,0.31798200860695,3.12106533801293
468.9,0.183342290733463,1.53997255871403,0.317981725129419,3.12106418208661
469,0.183342601835664,1.53997592555212,0.317981442316507,3.12106302887052
469.1,0.183342912208878,1.53997928577174,0.317981160166655,3.1210618783583
469.2,0.183343221854811,1.5399826393858,0.317980878678311,3.12106073054361
469.3,0.183343530775164,1.53998598640719,0.317980597849923,3.12105958542014
469.4,0.183343838971638,1.53998932684875,0.317980317679946,3.12105844298158
469.5,0.183344146445925,1.53999266072333,0.317980038166837,3.12105730322163
469.6,0.183344453199718,1.53999598804374,0.317979759309054,3.12105616613401
469.7,0.183344759234703,1.53999930882277,0.317979481105064,3.12105503171247
469.8,0.183345064552562,1.54000262307317,0.317979203553333,3.12105389995074
469.9,0.183345369154976,1.54000593080769,0.317978926652333,3.12105277084261
470,0.183345673043619,1.54000923203904,0.317978650400537,3.12105164438184
470.1,0.183345976220163,1.54001252677991,0.317978374796425,3.12105052056222
470.2,0.183346278686275,1.54001581504296,0.317978099838478,3.12104939937758
470.3,0.183346580443617,1.54001909684083,0.317977825525182,3.12104828082173
470.4,0.183346881493851,1.54002237218614,0.317977551855026,3.1210471648885
470.5,0.18334718183863,1.54002564109148,0.317977278826502,3.12104605157176
470.6,0.183347481479608,1.54002890356941,0.317977006438106,3.12104494086537
470.7,0.183347780418431,1.54003215963248,0.317976734688339,3.1210438327632
470.8,0.183348078656744,1.5400354092932,0.317976463575702,3.12104272725917
470.9,0.183348376196188,1.54003865256407,0.317976193098704,3.12104162434716
471,0.183348673038397,1.54004188945755,0.317975923255853,3.12104052402112
471.1,0.183348969185006,1.5400451199861,0.317975654045665,3.12103942627497
471.2,0.183349264637642,1.54004834416213,0.317975385466655,3.12103833110267
471.3,0.183349559397931,1.54005156199805,0.317975117517344,3.12103723849819
471.4,0.183349853467493,1.54005477350621,0.317974850196257,3.12103614845551
471.5,0.183350146847946,1.54005797869898,0.317974583501921,3.12103506096861
471.6,0.183350439540904,1.54006117758868,0.317974317432866,3.12103397603152
471.7,0.183350731547975,1.54006437018761,0.317974051987628,3.12103289363825
471.8,0.183351022870761,1.54006755650801,0.317973787164749,3.12103181378286
471.9,0.183351313510874,1.54007073656221,0.317973522962761,3.12103073645937
472,0.183351603469906,1.54007391036238,0.317973259380215,3.12102966166186
472.1,0.183351892749449,1.54007707792073,0.317972996415661,3.12102858938442
472.2,0.183352181351107,1.54008023924952,0.317972734067639,3.1210275196211
472.3,0.183352469276448,1.54008339436078,0.317972472334721,3.12102645236607
472.4,0.183352756527074,1.54008654326677,0.317972211215449,3.12102538761339
472.5,0.183353043104556,1.54008968597954,0.317971950708393,3.12102432535722
472.6,0.183353329010469,1.54009282251118,0.317971690812119,3.12102326559172
472.7,0.183353614246396,1.54009595287382,0.317971431525184,3.12102220831101
472.8,0.183353898813889,1.54009907707939,0.317971172846179,3.12102115350933
472.9,0.183354182714528,1.54010219514002,0.317970914773661,3.1210201011808
473,0.183354465949868,1.54010530706764,0.317970657306218,3.12101905131966
473.1,0.183354748521465,1.54010841287423,0.317970400442431,3.12101800392014
473.2,0.183355030430884,1.5401115125718,0.317970144180877,3.12101695897641
473.3,0.183355311679663,1.5401146061722,0.317969888520154,3.12101591648276
473.4,0.183355592269355,1.54011769368738,0.317969633458849,3.12101487643345
473.5,0.183355872201504,1.54012077512921,0.317969378995558,3.12101383882272
473.6,0.183356151477648,1.54012385050955,0.317969125128878,3.12101280364488
473.7,0.183356430099323,1.54012691984022,0.317968871857413,3.12101177089421
473.8,0.183356708068062,1.54012998313304,0.317968619179766,3.12101074056503
473.9,0.183356985385393,1.54013304039981,0.317968367094547,3.12100971265166
474,0.183357262052842,1.54013609165227,0.317968115600367,3.12100868714844
474.1,0.183357538071929,1.54013913690218,0.31796786469584,3.12100766404973
474.2,0.183357813444174,1.54014217616125,0.317967614379584,3.12100664334988
474.3,0.183358088171092,1.54014520944119,0.317967364650221,3.12100562504327
474.4,0.183358362254193,1.54014823675368,0.317967115506374,3.12100460912428
474.5,0.183358635694985,1.54015125811035,0.317966866946671,3.12100359558734
474.6,0.183358908494973,1.54015427352286,0.317966618969744,3.12100258442684
474.7,0.183359180655656,1.5401572830028,0.317966371574224,3.12100157563721
474.8,0.183359452178533,1.54016028656175,0.317966124758751,3.12100056921291
474.9,0.183359723065097,1.54016328421129,0.317965878521964,3.12099956514838
475,0.183359993316837,1.54016627596296,0.317965632862506,3.1209985634381
475.1,0.18336026293524,1.54016926182826,0.317965387779026,3.12099756407654
475.2,0.18336053192179,1.5401722418187,0.317965143270172,3.1209965670582
475.3,0.183360800277966,1.54017521594576,0.317964899334597,3.12099557237758
475.4,0.183361068005245,1.54017818422087,0.317964655970959,3.12099458002921
475.5,0.183361335105098,1.54018114665548,0.317964413177915,3.12099359000762
475.6,0.183361601578996,1.54018410326099,0.317964170954129,3.12099260230735
475.7,0.183361867428404,1.54018705404879,0.317963929298267,3.12099161692296
475.8,0.183362132654785,1.54018999903024,0.317963688208996,3.12099063384902
475.9,0.183362397259598,1.54019293821667,0.31796344768499,3.12098965308012
476,0.183362661244298,1.54019587161942,0.317963207724922,3.12098867461086
476.1,0.183362924610337,1.54019879924978,0.317962968327472,3.12098769843584
476.2,0.183363187359165,1.54020172111901,0.31796272949132,3.12098672454968
476.3,0.183363449492221,1.54020463723835,0.317962491215156,3.12098575294704
476.4,0.183363711010957,1.54020754761909,0.317962253497658,3.12098478362253
476.5,0.183363971916805,1.54021045227239,0.317962016337522,3.12098381657083
476.6,0.1833642322112,1.54021335120944,0.317961779733442,3.12098285178662
476.7,0.183364491895584,1.54021624444147,0.317961543684107,3.12098188926455
476.8,0.183364750971369,1.54021913197952,0.317961308188231,3.12098092899936
476.9,0.183365009439995,1.54022201383481,0.317961073244502,3.12097997098573
477,0.183365267302877,1.54022489001841,0.317960838851633,3.12097901521838
477.1,0.183365524561434,1.54022776054137,0.317960605008333,3.12097806169208
477.2,0.183365781217089,1.54023062541483,0.317960371713306,3.12097711040151
477.3,0.183366037271239,1.54023348464972,0.31796013896528,3.1209761613415
477.4,0.183366292725306,1.54023633825715,0.317959906762961,3.12097521450677
477.5,0.183366547580691,1.54023918624807,0.317959675105075,3.12097426989213
477.6,0.183366801838792,1.54024202863344,0.317959443990348,3.12097332749238
477.7,0.183367055501019,1.54024486542429,0.317959213417497,3.12097238730228
477.8,0.183367308568756,1.54024769663147,0.317958983385262,3.1209714493167
477.9,0.183367561043402,1.54025052226593,0.317958753892371,3.12097051353046
478,0.183367812926344,1.54025334233855,0.31795852493756,3.12096957993839
478.1,0.183368064218967,1.5402561568602,0.317958296519568,3.12096864853536
478.2,0.183368314922655,1.54025896584173,0.317958068637138,3.12096771931623
478.3,0.183368565038786,1.54026176929396,0.317957841289014,3.12096679227588
478.4,0.183368814568736,1.54026456722769,0.317957614473943,3.12096586740922
478.5,0.183369063513878,1.54026735965371,0.317957388190676,3.12096494471114
478.6,0.183369311875581,1.54027014658278,0.317957162437967,3.12096402417656
478.7,0.183369559655212,1.54027292802564,0.317956937214572,3.1209631058004
478.8,0.183369806854134,1.54027570399302,0.31795671251925,3.12096218957762
478.9,0.183370053473707,1.54027847449561,0.317956488350764,3.12096127550315
479,0.183370299515288,1.5402812395441,0.317956264707877,3.12096036357197
479.1,0.183370544980232,1.54028399914915,0.317956041589359,3.12095945377904
479.2,0.183370789869887,1.54028675332139,0.31795581899398,3.12095854611936
479.3,0.183371034185603,1.54028950207145,0.317955596920513,3.12095764058793
479.4,0.183371277928723,1.54029224540993,0.317955375367735,3.12095673717975
479.5,0.183371521100587,1.5402949833474,0.317955154334426,3.12095583588984
479.6,0.183371763702535,1.54029771589441,0.317954933819369,3.12095493671325
479.7,0.183372005735901,1.5403004430615,0.317954713821346,3.12095403964502
479.8,0.183372247202016,1.5403031648592,0.317954494339149,3.1209531446802
479.9,0.183372488102209,1.54030588129799,0.317954275371566,3.12095225181387
480,0.183372728437806,1.54030859238835,0.317954056917391,3.12095136104109
480.1,0.183372968210129,1.54031129814073,0.317953838975422,3.12095047235698
480.2,0.183373207420498,1.54031399856558,0.317953621544457,3.12094958575662
480.3,0.183373446070227,1.5403166936733,0.317953404623299,3.12094870123514
480.4,0.183373684160631,1.5403193834743,0.317953188210752,3.12094781878766
480.5,0.18337392169302,1.54032206797893,0.317952972305624,3.12094693840932
480.6,0.1833741586687,1.54032474719757,0.317952756906726,3.12094606009527
480.7,0.183374395088977,1.54032742114054,0.317952542012871,3.12094518384066
480.8,0.183374630955149,1.54033008981815,0.317952327622875,3.12094430964068
480.9,0.183374866268516,1.54033275324071,0.317952113735557,3.1209434374905
481,0.183375101030371,1.54033541141848,0.317951900349738,3.12094256738532
481.1,0.183375335242008,1.54033806436172,0.317951687464244,3.12094169932034
481.2,0.183375568904713,1.54034071208066,0.317951475077902,3.12094083329079
481.3,0.183375802019769,1.54034335458549,0.317951263189545,3.12093996929191
481.4,0.183376034588466,1.54034599188646,0.317951051797997,3.12093910731889
481.5,0.183376266612079,1.54034862399371,0.317950840902101,3.12093824736703
481.6,0.183376498091884,1.54035125091738,0.317950630500694,3.12093738943157
481.7,0.183376729029163,1.54035387266766,0.31795042059261,3.12093653350778
481.8,0.183376959425173,1.54035648925459,0.317950211176706,3.12093567959096
481.9,0.183377189281194,1.54035910068835,0.317950002251814,3.12093482767639
482,0.183377418598487,1.54036170697897,0.31794979381679,3.12093397775937
482.1,0.18337764737831,1.5403643081365,0.317949585870486,3.12093312983524
482.2,0.183377875621931,1.54036690417104,0.31794937841175,3.12093228389929
482.3,0.183378103330594,1.54036949509251,0.31794917143945,3.12093143994691
482.4,0.183378330505562,1.540372080911,0.317948964952435,3.1209305979734
482.5,0.183378557148081,1.54037466163645,0.317948758949573,3.12092975797415
482.6,0.183378783259396,1.5403772372788,0.31794855342973,3.12092891994454
482.7,0.183379008840762,1.54037980784806,0.317948348391765,3.1209280838799
482.8,0.183379233893407,1.54038237335408,0.317948143834559,3.12092724977569
482.9,0.183379458418577,1.5403849338068,0.317947939756979,3.12092641762726
483,0.183379682417505,1.5403874892161,0.317947736157902,3.12092558743006
483.1,0.183379905891425,1.54039003959183,0.317947533036206,3.1209247591795
483.2,0.183380128841566,1.54039258494385,0.317947330390773,3.12092393287102
483.3,0.183380351269155,1.54039512528198,0.317947128220486,3.12092310850007
483.4,0.183380573175416,1.54039766061603,0.317946926524232,3.1209222860621
483.5,0.183380794561568,1.54040019095577,0.317946725300899,3.12092146555259
483.6,0.183381015428832,1.54040271631098,0.317946524549378,3.12092064696701
483.7,0.183381235778421,1.54040523669142,0.317946324268565,3.12091983030085
483.8,0.18338145561155,1.5404077521068,0.317946124457354,3.12091901554962
483.9,0.183381674929427,1.54041026256685,0.317945925114646,3.12091820270883
484,0.18338189373326,1.54041276808126,0.317945726239342,3.12091739177398
484.1,0.183382112024253,1.5404152686597,0.317945527830346,3.12091658274062
484.2,0.183382329803606,1.54041776431183,0.317945329886566,3.12091577560429
484.3,0.18338254707252,1.54042025504728,0.317945132406909,3.12091497036055
484.4,0.183382763832189,1.54042274087569,0.317944935390289,3.12091416700494
484.5,0.183382980083806,1.54042522180663,0.317944738835621,3.12091336553306
484.6,0.183383195828561,1.5404276978497,0.31794454274182,3.12091256594047
484.7,0.183383411067642,1.54043016901446,0.317944347107807,3.12091176822278
484.8,0.183383625802233,1.54043263531045,0.317944151932504,3.12091097237559
484.9,0.183383840033515,1.5404350967472,0.317943957214836,3.12091017839452
485,0.183384053762666,1.5404375533342,0.317943762953732,3.1209093862752
485.1,0.183384266990862,1.54044000508094,0.31794356914812,3.12090859601325
485.2,0.183384479719284,1.54044245199694,0.317943375796927,3.12090780760431
485.3,0.183384691949089,1.54044489409156,0.317943182899101,3.12090702104407
485.4,0.183384903681458,1.54044733137432,0.317942990453566,3.12090623632816
485.5,0.18338511491755,1.5404497638546,0.317942798459266,3.12090545345227
485.6,0.183385325658527,1.54045219154178,0.317942606915147,3.1209046724121
485.7,0.183385535905557,1.54045461444531,0.317942415820145,3.1209038932033
485.8,0.183385745659783,1.54045703257445,0.317942225173218,3.12090311582164
485.9,0.183385954922372,1.54045944593862,0.317942034973306,3.12090234026279
486,0.183386163694471,1.54046185454712,0.317941845219364,3.12090156652248
486.1,0.183386371977227,1.54046425840924,0.317941655910351,3.12090079459648
486.2,0.183386579771794,1.54046665753433,0.317941467045215,3.12090002448048
486.3,0.183386787079303,1.54046905193156,0.317941278622926,3.1208992561703
486.4,0.183386993900907,1.54047144161026,0.317941090642438,3.12089848966166
486.5,0.183387200237738,1.54047382657965,0.317940903102718,3.12089772495035
486.6,0.183387406090931,1.54047620684891,0.317940716002734,3.12089696203217
486.7,0.183387611461626,1.54047858242731,0.317940529341449,3.12089620090289
486.8,0.183387816350941,1.54048095332394,0.317940343117846,3.12089544155835
486.9,0.183388020760016,1.54048331954804,0.317940157330887,3.12089468399433
487,0.18338822468997,1.54048568110872,0.317939971979556,3.12089392820668
487.1,0.183388428141924,1.54048803801509,0.31793978706283,3.12089317419123
487.2,0.183388631117006,1.54049039027633,0.317939602579684,3.1208924219438
487.3,0.18338883361632,1.54049273790143,0.317939418529115,3.1208916714603
487.4,0.183389035640992,1.54049508089955,0.317939234910096,3.12089092273654
487.5,0.183389237192129,1.54049741927972,0.31793905172162,3.12089017576842
487.6,0.183389438270839,1.54049975305095,0.317938868962682,3.12088943055183
487.7,0.183389638878237,1.54050208222233,0.317938686632263,3.12088868708263
487.8,0.183389839015417,1.5405044068028,0.317938504729371,3.12088794535676
487.9,0.183390038683486,1.54050672680137,0.317938323252997,3.12088720537011
488,0.183390237883543,1.54050904222702,0.317938142202142,3.12088646711862
488.1,0.183390436616683,1.54051135308869,0.31793796157581,3.1208857305982
488.2,0.183390634884,1.54051365939531,0.317937781373005,3.12088499580482
488.3,0.183390832686586,1.54051596115581,0.317937601592733,3.1208842627344
488.4,0.183391030025528,1.54051825837908,0.317937422234007,3.12088353138293
488.5,0.183391226901912,1.540520551074,0.317937243295835,3.12088280174636
488.6,0.183391423316824,1.54052283924943,0.317937064777234,3.12088207382068
488.7,0.183391619271342,1.54052512291424,0.317936886677218,3.12088134760187
488.8,0.183391814766546,1.54052740207723,0.317936708994808,3.12088062308594
488.9,0.183392009803513,1.54052967674724,0.317936531729024,3.12087990026889
489,0.183392204383316,1.54053194693306,0.317936354878888,3.12087917914674
489.1,0.183392398507025,1.54053421264346,0.317936178443427,3.12087845971551
489.2,0.18339259217571,1.54053647388722,0.317936002421669,3.12087774197124
489.3,0.183392785390436,1.54053873067307,0.317935826812643,3.12087702590998
489.4,0.183392978152267,1.54054098300975,0.317935651615383,3.12087631152778
489.5,0.183393170462261,1.54054323090594,0.317935476828925,3.12087559882071
489.6,0.183393362321479,1.54054547437036,0.317935302452304,3.12087488778484
489.7,0.183393553730981,1.54054771341172,0.317935128484555,3.12087417841623
489.8,0.18339374469181,1.5405499480386,0.31793495492473,3.12087347071102
489.9,0.183393935205029,1.54055217825971,0.317934781771862,3.12087276466526
490,0.18339412527168,1.54055440408367,0.317934609025002,3.12087206027508
490.1,0.183394314892809,1.54055662551906,0.3179344366832,3.12087135753661
490.2,0.183394504069467,1.54055884257454,0.317934264745497,3.12087065644594
490.3,0.183394692802684,1.54056105525859,0.31793409321096,3.12086995699926
490.4,0.183394881093508,1.54056326357986,0.317933922078631,3.12086925919266
490.5,0.183395068942974,1.54056546754686,0.317933751347573,3.12086856302234
490.6,0.183395256352111,1.54056766716809,0.317933581016846,3.12086786848444
490.7,0.18339544332196,1.54056986245213,0.317933411085505,3.12086717557512
490.8,0.183395629853538,1.54057205340739,0.317933241552624,3.1208664842906
490.9,0.183395815947882,1.54057424004241,0.31793307241726,3.12086579462704
491,0.183396001606011,1.54057642236564,0.317932903678485,3.12086510658066
491.1,0.183396186828948,1.54057860038549,0.31793273533537,3.12086442014765
491.2,0.183396371617717,1.54058077411046,0.317932567386982,3.12086373532423
491.3,0.183396555973325,1.54058294354887,0.317932399832405,3.12086305210664
491.4,0.183396739896798,1.54058510870919,0.317932232670707,3.12086237049111
491.5,0.183396923389142,1.54058726959977,0.317932065900971,3.12086169047387
491.6,0.183397106451367,1.54058942622896,0.317931899522279,3.1208610120512
491.7,0.183397289084488,1.54059157860515,0.317931733533708,3.12086033521932
491.8,0.183397471289498,1.54059372673661,0.317931567934355,3.12085965997455
491.9,0.18339765306741,1.54059587063172,0.317931402723295,3.12085898631313
492,0.183397834419222,1.54059801029874,0.317931237899625,3.12085831423137
492.1,0.183398015345929,1.54060014574595,0.317931073462436,3.12085764372556
492.2,0.183398195848535,1.54060227698166,0.317930909410817,3.12085697479198
492.3,0.183398375928026,1.54060440401407,0.31793074574387,3.12085630742698
492.4,0.183398555585397,1.54060652685144,0.31793058246069,3.12085564162687
492.5,0.183398734821636,1.54060864550198,0.317930419560378,3.12085497738797
492.6,0.18339891363773,1.5406107599739,0.317930257042037,3.12085431470664
492.7,0.183399092034664,1.54061287027538,0.31793009490477,3.12085365357921
492.8,0.183399270013418,1.5406149764146,0.317929933147685,3.12085299400204
492.9,0.183399447574973,1.54061707839969,0.317929771769891,3.1208523359715
493,0.183399624720305,1.54061917623881,0.317929610770498,3.12085167948398
493.1,0.183399801450391,1.54062126994007,0.31792945014862,3.12085102453584
493.2,0.183399977766203,1.54062335951159,0.317929289903372,3.12085037112347
493.3,0.183400153668711,1.54062544496144,0.317929130033869,3.12084971924329
493.4,0.183400329158885,1.54062752629772,0.317928970539232,3.12084906889169
493.5,0.18340050423769,1.54062960352848,0.317928811418582,3.12084842006509
493.6,0.183400678906091,1.54063167666176,0.317928652671041,3.12084777275991
493.7,0.183400853165047,1.5406337457056,0.317928494295735,3.12084712697259
493.8,0.18340102701552,1.54063581066801,0.317928336291792,3.12084648269957
493.9,0.183401200458466,1.54063787155697,0.31792817865834,3.12084583993731
494,0.18340137349484,1.54063992838049,0.317928021394511,3.12084519868225
494.1,0.183401546125595,1.54064198114652,0.317927864499439,3.12084455893086
494.2,0.18340171835168,1.54064402986301,0.317927707972259,3.12084392067962
494.3,0.183401890174044,1.5406460745379,0.317927551812108,3.12084328392501
494.4,0.183402061593634,1.54064811517911,0.317927396018126,3.12084264866352
494.5,0.183402232611392,1.54065015179455,0.317927240589455,3.12084201489166
494.6,0.183402403228261,1.54065218439211,0.317927085525238,3.12084138260592
494.7,0.183402573445179,1.54065421297965,0.317926930824621,3.12084075180282
494.8,0.183402743263083,1.54065623756504,0.31792677648675,3.1208401224789
494.9,0.183402912682909,1.54065825815612,0.317926622510777,3.12083949463067
495,0.18340308170559,1.54066027476072,0.317926468895851,3.12083886825469
495.1,0.183403250332055,1.54066228738665,0.317926315641128,3.12083824334749
495.2,0.183403418563233,1.54066429604171,0.317926162745762,3.12083761990564
495.3,0.183403586400047,1.54066630073366,0.317926010208914,3.1208369979257
495.4,0.183403753843427,1.54066830147031,0.317925858029738,3.12083637740424
495.5,0.183403920894291,1.54067029825939,0.317925706207399,3.12083575833785
495.6,0.183404087553557,1.54067229110862,0.317925554741061,3.12083514072311
495.7,0.183404253822151,1.54067428002578,0.317925403629884,3.12083452455661
495.8,0.183404419700976,1.54067626501849,0.317925252873044,3.12083390983498
495.9,0.183404585190956,1.54067824609453,0.317925102469702,3.12083329655479
496,0.183404750292998,1.54068022326153,0.317924952419032,3.1208326847127
496.1,0.183404915008009,1.54068219652715,0.31792480272021,3.12083207430532
496.2,0.183405079336904,1.54068416589909,0.317924653372404,3.12083146532927
496.3,0.183405243280575,1.5406861313849,0.317924504374801,3.12083085778124
496.4,0.183405406839935,1.54068809299227,0.317924355726571,3.12083025165784
496.5,0.183405570015881,1.54069005072878,0.317924207426899,3.12082964695574
496.6,0.18340573280931,1.54069200460199,0.31792405947497,3.12082904367162
496.7,0.183405895221123,1.54069395461954,0.317923911869961,3.12082844180213
496.8,0.18340605725221,1.54069590078892,0.317923764611065,3.12082784134398
496.9,0.183406218903464,1.54069784311772,0.317923617697469,3.12082724229385
497,0.183406380175775,1.54069978161345,0.317923471128363,3.12082664464843
497.1,0.183406541070032,1.54070171628363,0.31792332490294,3.12082604840444
497.2,0.183406701587121,1.54070364713575,0.317923179020394,3.12082545355859
497.3,0.183406861727924,1.54070557417732,0.317923033479921,3.1208248601076
497.4,0.183407021493323,1.54070749741578,0.317922888280719,3.1208242680482
497.5,0.183407180884197,1.5407094168586,0.317922743421988,3.12082367737713
497.6,0.183407339901425,1.54071133251322,0.317922598902931,3.12082308809113
497.7,0.183407498545882,1.54071324438707,0.317922454722751,3.12082250018697
497.8,0.183407656818442,1.54071515248757,0.317922310880652,3.12082191366138
497.9,0.183407814719975,1.54071705682211,0.317922167375844,3.12082132851116
498,0.183407972251351,1.54071895739807,0.317922024207534,3.12082074473306
498.1,0.183408129413438,1.54072085422283,0.317921881374934,3.12082016232388
498.2,0.183408286207101,1.54072274730374,0.317921738877256,3.1208195812804
498.3,0.183408442633204,1.54072463664814,0.317921596713716,3.12081900159942
498.4,0.183408598692607,1.54072652226337,0.31792145488353,3.12081842327774
498.5,0.183408754386169,1.54072840415673,0.317921313385917,3.12081784631219
498.6,0.183408909714749,1.54073028233552,0.317921172220096,3.12081727069957
498.7,0.183409064679201,1.54073215680703,0.317921031385291,3.12081669643672
498.8,0.183409219280379,1.54073402757853,0.317920890880724,3.12081612352048
498.9,0.183409373519133,1.54073589465727,0.317920750705623,3.12081555194768
499,0.183409527396313,1.5407377580505,0.317920610859213,3.12081498171518
499.1,0.183409680912767,1.54073961776544,0.317920471340725,3.12081441281982
499.2,0.183409834069339,1.5407414738093,0.317920332149389,3.12081384525849
499.3,0.183409986866873,1.5407433261893,0.317920193284439,3.12081327902805
499.4,0.18341013930621,1.54074517491261,0.31792005474511,3.12081271412537
499.5,0.18341029138819,1.5407470199864,0.317919916530638,3.12081215054736
499.6,0.183410443113649,1.54074886141784,0.317919778640261,3.12081158829089
499.7,0.183410594483425,1.54075069921407,0.31791964107322,3.12081102735288
499.8,0.183410745498349,1.54075253338221,0.317919503828756,3.12081046773023
499.9,0.183410896159253,1.54075436392939,0.317919366906113,3.12080990941985
500,0.183411046466967,1.5407561908627,0.317919230304537,3.12080935241867
500.1,0.183411196422319,1.54075801418925,0.317919094023275,3.12080879672363
500.2,0.183411346026134,1.54075983391608,0.317918958061576,3.12080824233165
500.3,0.183411495279232,1.54076165005026,0.317918822418694,3.12080768923969
500.4,0.183411644182442,1.54076346259886,0.317918687093875,3.12080713744469
500.5,0.18341179273658,1.5407652715689,0.317918552086379,3.12080658694363
500.6,0.183411940942463,1.54076707696739,0.317918417395461,3.12080603773345
500.7,0.183412088800912,1.54076887880137,0.317918283020373,3.12080548981112
500.8,0.183412236312733,1.54077067707777,0.317918148960383,3.12080494317366
500.9,0.183412383478746,1.54077247180364,0.317918015214747,3.12080439781802
501,0.183412530299759,1.54077426298591,0.317917881782728,3.1208038537412
501.1,0.183412676776578,1.54077605063153,0.317917748663593,3.12080331094022
501.2,0.183412822910016,1.54077783474747,0.317917615856604,3.12080276941206
501.3,0.183412968700868,1.5407796153406,0.317917483361037,3.12080222915376
501.4,0.183413114149946,1.54078139241789,0.317917351176153,3.12080169016233
501.5,0.183413259258046,1.5407831659862,0.31791721930123,3.1208011524348
501.6,0.183413404025967,1.54078493605241,0.317917087735539,3.12080061596822
501.7,0.183413548454511,1.54078670262344,0.317916956478352,3.12080008075961
501.8,0.183413692544467,1.54078846570611,0.31791682552895,3.12079954680604
501.9,0.183413836296633,1.54079022530726,0.317916694886609,3.12079901410455
502,0.183413979711798,1.54079198143374,0.31791656455061,3.12079848265222
502.1,0.183414122790753,1.54079373409236,0.317916434520234,3.12079795244611
502.2,0.183414265534286,1.54079548328993,0.317916304794766,3.12079742348331
502.3,0.183414407943182,1.54079722903323,0.31791617537349,3.1207968957609
502.4,0.183414550018226,1.54079897132904,0.317916046255693,3.12079636927597
502.5,0.183414691760199,1.54080071018412,0.317915917440663,3.12079584402561
502.6,0.183414833169882,1.54080244560523,0.317915788927692,3.12079532000694
502.7,0.183414974248054,1.54080417759911,0.317915660716071,3.12079479721707
502.8,0.183415114995492,1.54080590617249,0.317915532805092,3.12079427565312
502.9,0.183415255412971,1.54080763133206,0.317915405194052,3.12079375531221
503,0.183415395501264,1.54080935308454,0.317915277882247,3.12079323619147
503.1,0.183415535261142,1.54081107143661,0.317915150868975,3.12079271828804
503.2,0.183415674693375,1.54081278639494,0.317915024153537,3.12079220159908
503.3,0.183415813798732,1.5408144979662,0.317914897735233,3.12079168612172
503.4,0.183415952577978,1.54081620615703,0.317914771613369,3.12079117185313
503.5,0.183416091031877,1.54081791097406,0.317914645787247,3.12079065879048
503.6,0.183416229161192,1.54081961242393,0.317914520256176,3.12079014693094
503.7,0.183416366966683,1.54082131051322,0.317914395019463,3.12078963627168
503.8,0.183416504449109,1.54082300524855,0.317914270076418,3.1207891268099
503.9,0.183416641609227,1.54082469663649,0.317914145426353,3.12078861854278
504,0.183416778447793,1.54082638468362,0.31791402106858,3.12078811146753
504.1,0.18341691496556,1.54082806939649,0.317913897002415,3.12078760558135
504.2,0.18341705116328,1.54082975078164,0.317913773227174,3.12078710088145
504.3,0.1834171870417,1.54083142884559,0.317913649742176,3.12078659736506
504.4,0.183417322601573,1.54083310359489,0.317913526546738,3.12078609502939
504.5,0.183417457843644,1.54083477503602,0.317913403640183,3.12078559387167
504.6,0.183417592768655,1.54083644317548,0.317913281021835,3.12078509388916
504.7,0.183417727377355,1.54083810801979,0.317913158691012,3.12078459507908
504.8,0.183417861670477,1.54083976957534,0.317913036647049,3.1207840974387
504.9,0.183417995648768,1.54084142784866,0.317912914889264,3.12078360096526
505,0.183418129312964,1.54084308284616,0.317912793416992,3.12078310565604
505.1,0.183418262663798,1.54084473457426,0.317912672229564,3.1207826115083
505.2,0.183418395702011,1.54084638303943,0.317912551326306,3.1207821185193
505.3,0.183418528428326,1.540848028248,0.31791243070656,3.12078162668637
505.4,0.183418660843483,1.54084967020643,0.317912310369655,3.12078113600675
505.5,0.183418792948206,1.54085130892106,0.31791219031493,3.12078064647776
505.6,0.183418924743223,1.54085294439827,0.317912070541725,3.12078015809671
505.7,0.183419056229265,1.54085457664444,0.317911951049374,3.12077967086088
505.8,0.18341918740705,1.54085620566588,0.317911831837225,3.1207791847676
505.9,0.183419318277303,1.54085783146894,0.317911712904618,3.1207786998142
506,0.183419448840744,1.54085945405994,0.317911594250898,3.12077821599799
506.1,0.183419579098094,1.54086107344517,0.317911475875411,3.12077773331632
506.2,0.183419709050067,1.54086268963094,0.317911357777505,3.12077725176652
506.3,0.183419838697381,1.54086430262353,0.317911239956529,3.12077677134594
506.4,0.183419968040749,1.5408659124292,0.317911122411834,3.12077629205193
506.5,0.183420097080884,1.5408675190542,0.317911005142773,3.12077581388185
506.6,0.183420225818495,1.5408691225048,0.317910888148698,3.12077533683307
506.7,0.183420354254292,1.54087072278721,0.317910771428967,3.12077486090295
506.8,0.183420482388983,1.54087231990767,0.317910654982934,3.12077438608888
506.9,0.183420610223272,1.54087391387237,0.317910538809958,3.12077391238823
507,0.183420737757865,1.54087550468752,0.3179104229094,3.1207734397984
507.1,0.183420864993463,1.5408770923593,0.317910307280619,3.12077296831678
507.2,0.183420991930768,1.54087867689389,0.31791019192298,3.12077249794077
507.3,0.183421118570478,1.54088025829744,0.317910076835847,3.12077202866778
507.4,0.18342124491329,1.5408818365761,0.317909962018584,3.12077156049523
507.5,0.183421370959901,1.54088341173602,0.31790984747056,3.12077109342053
507.6,0.183421496711004,1.54088498378331,0.317909733191143,3.1207706274411
507.7,0.183421622167293,1.54088655272409,0.317909619179703,3.12077016255439
507.8,0.183421747329458,1.54088811856445,0.317909505435613,3.12076969875783
507.9,0.183421872198189,1.54088968131049,0.317909391958244,3.12076923604886
508,0.183421996774173,1.54089124096829,0.317909278746972,3.12076877442493
508.1,0.183422121058096,1.54089279754391,0.317909165801174,3.12076831388351
508.2,0.183422245050643,1.5408943510434,0.317909053120225,3.12076785442204
508.3,0.183422368752496,1.5408959014728,0.317908940703507,3.120767396038
508.4,0.183422492164338,1.54089744883815,0.317908828550398,3.12076693872886
508.5,0.183422615286847,1.54089899314547,0.317908716660281,3.12076648249211
508.6,0.183422738120702,1.54090053440075,0.317908605032539,3.12076602732521
508.7,0.183422860666579,1.54090207260999,0.317908493666557,3.12076557322569
508.8,0.18342298292515,1.54090360777917,0.317908382561725,3.12076512019102
508.9,0.183423104897094,1.54090513991428,0.317908271717424,3.12076466821871
509,0.18342322658308,1.54090666902125,0.317908161133047,3.12076421730627
509.1,0.183423347983776,1.54090819510605,0.317908050807986,3.12076376745121
509.2,0.183423469099856,1.54090971817463,0.317907940741627,3.12076331865105
509.3,0.183423589931981,1.54091123823287,0.317907830933371,3.12076287090333
509.4,0.183423710480821,1.54091275528672,0.317907721382607,3.12076242420557
509.5,0.183423830747039,1.54091426934208,0.317907612088734,3.12076197855531
509.6,0.183423950731296,1.54091578040482,0.317907503051149,3.1207615339501
509.7,0.183424070434256,1.54091728848086,0.317907394269249,3.12076109038747
509.8,0.183424189856573,1.54091879357601,0.317907285742439,3.120760647865
509.9,0.18342430899891,1.54092029569617,0.317907177470117,3.12076020638023
510,0.183424427861921,1.54092179484718,0.317907069451688,3.12075976593074
510.1,0.183424546446259,1.54092329103485,0.317906961686557,3.12075932651411
510.2,0.183424664752582,1.54092478426504,0.317906854174127,3.12075888812789
510.3,0.183424782781538,1.54092627454352,0.317906746913808,3.12075845076969
510.4,0.183424900533777,1.54092776187611,0.31790663990501,3.12075801443709
510.5,0.183425018009949,1.5409292462686,0.31790653314714,3.12075757912768
510.6,0.1834251352107,1.54093072772676,0.317906426639613,3.12075714483906
510.7,0.183425252136676,1.54093220625637,0.31790632038184,3.12075671156886
510.8,0.183425368788521,1.54093368186315,0.317906214373236,3.12075627931466
510.9,0.183425485166877,1.54093515455288,0.317906108613217,3.1207558480741
511,0.183425601272384,1.54093662433126,0.3179060031012,3.1207554178448
511.1,0.183425717105683,1.54093809120403,0.317905897836604,3.12075498862438
511.2,0.183425832667411,1.54093955517689,0.317905792818848,3.12075456041048
511.3,0.183425947958206,1.54094101625554,0.317905688047354,3.12075413320074
511.4,0.183426062978702,1.54094247444567,0.317905583521545,3.12075370699281
511.5,0.183426177729532,1.54094392975296,0.317905479240844,3.12075328178433
511.6,0.183426292211329,1.54094538218306,0.317905375204676,3.12075285757297
511.7,0.183426406424722,1.54094683174164,0.317905271412468,3.12075243435638
511.8,0.183426520370342,1.54094827843434,0.317905167863649,3.12075201213223
511.9,0.183426634048816,1.54094972226678,0.317905064557647,3.1207515908982
512,0.18342674746077,1.54095116324459,0.317904961493893,3.12075117065196
512.1,0.183426860606828,1.54095260137339,0.31790485867182,3.1207507513912
512.2,0.183426973487614,1.54095403665875,0.317904756090859,3.1207503331136
512.3,0.18342708610375,1.54095546910629,0.317904653750448,3.12074991581687
512.4,0.183427198455855,1.54095689872157,0.31790455165002,3.1207494994987
512.5,0.18342731054455,1.54095832551015,0.317904449789014,3.12074908415679
512.6,0.18342742237045,1.54095974947761,0.317904348166868,3.12074866978886
512.7,0.183427533934171,1.54096117062947,0.317904246783022,3.12074825639263
512.8,0.183427645236328,1.54096258897125,0.317904145636919,3.12074784396582
512.9,0.183427756277535,1.54096400450852,0.317904044727999,3.12074743250615
513,0.183427867058403,1.54096541724675,0.317903944055707,3.12074702201135
513.1,0.18342797757954,1.54096682719146,0.317903843619489,3.12074661247917
513.2,0.18342808784156,1.54096823434816,0.317903743418788,3.12074620390734
513.3,0.183428197845064,1.54096963872227,0.317903643453058,3.12074579629362
513.4,0.183428307590664,1.54097104031933,0.317903543721741,3.12074538963575
513.5,0.183428417078962,1.54097243914476,0.317903444224292,3.1207449839315
513.6,0.183428526310558,1.54097383520401,0.317903344960162,3.12074457917863
513.7,0.183428635286061,1.54097522850254,0.3179032459288,3.1207441753749
513.8,0.183428744006062,1.54097661904574,0.317903147129667,3.1207437725181
513.9,0.183428852471168,1.54097800683906,0.317903048562213,3.120743370606
514,0.183428960681972,1.54097939188789,0.317902950225896,3.12074296963639
514.1,0.18342906863907,1.54098077419762,0.317902852120176,3.12074256960706
514.2,0.183429176343062,1.54098215377367,0.317902754244508,3.12074217051579
514.3,0.183429283794532,1.54098353062135,0.31790265659836,3.12074177236041
514.4,0.183429390994079,1.54098490474608,0.317902559181187,3.1207413751387
514.5,0.183429497942292,1.54098627615319,0.317902461992454,3.12074097884847
514.6,0.183429604639758,1.54098764484801,0.317902365031628,3.12074058348756
514.7,0.183429711087069,1.54098901083592,0.317902268298168,3.12074018905377
514.8,0.183429817284808,1.54099037412219,0.317902171791548,3.12073979554492
514.9,0.18342992323356,1.54099173471216,0.317902075511233,3.12073940295886
515,0.18343002893391,1.54099309261113,0.317901979456692,3.12073901129342
515.1,0.183430134386439,1.54099444782437,0.317901883627396,3.12073862054644
515.2,0.183430239591729,1.54099580035719,0.317901788022818,3.12073823071576
515.3,0.183430344550359,1.54099715021483,0.317901692642429,3.12073784179925
515.4,0.183430449262906,1.54099849740257,0.317901597485706,3.12073745379474
515.5,0.183430553729948,1.54099984192565,0.317901502552123,3.12073706670012
515.6,0.18343065795206,1.54100118378932,0.317901407841157,3.12073668051323
515.7,0.183430761929816,1.54100252299879,0.317901313352287,3.12073629523197
515.8,0.183430865663789,1.54100385955929,0.317901219084991,3.12073591085419
515.9,0.183430969154551,1.54100519347603,0.317901125038749,3.12073552737779
516,0.18343107240267,1.5410065247542,0.317901031213044,3.12073514480065
516.1,0.183431175408717,1.541007853399,0.317900937607359,3.12073476312065
516.2,0.183431278173258,1.54100917941561,0.317900844221177,3.1207343823357
516.3,0.18343138069686,1.54101050280918,0.317900751053983,3.1207340024437
516.4,0.183431482980087,1.54101182358489,0.317900658105266,3.12073362344255
516.5,0.183431585023503,1.54101314174787,0.317900565374511,3.12073324533018
516.6,0.18343168682767,1.54101445730327,0.317900472861208,3.12073286810447
516.7,0.183431788393148,1.54101577025621,0.317900380564848,3.12073249176338
516.8,0.183431889720498,1.54101708061182,0.317900288484921,3.12073211630481
516.9,0.183431990810276,1.54101838837519,0.317900196620919,3.1207317417267
517,0.183432091663041,1.54101969355143,0.317900104972338,3.12073136802698
517.1,0.183432192279347,1.54102099614562,0.317900013538672,3.1207309952036
517.2,0.183432292659749,1.54102229616284,0.317899922319416,3.12073062325449
517.3,0.1834323928048,1.54102359360817,0.317899831314067,3.12073025217762
517.4,0.183432492715051,1.54102488848666,0.317899740522125,3.12072988197093
517.5,0.183432592391054,1.54102618080336,0.31789964994309,3.12072951263238
517.6,0.183432691833356,1.5410274705633,0.317899559576461,3.12072914415994
517.7,0.183432791042506,1.54102875777151,0.31789946942174,3.12072877655158
517.8,0.183432890019048,1.541030042433,0.317899379478434,3.12072840980528
517.9,0.18343298876353,1.54103132455281,0.317899289746042,3.120728043919
518,0.183433087276496,1.54103260413592,0.317899200224073,3.12072767889074
518.1,0.183433185558486,1.5410338811873,0.317899110912033,3.12072731471848
518.2,0.183433283610046,1.54103515571198,0.317899021809426,3.12072695140021
518.3,0.18343338143171,1.54103642771487,0.317898932915767,3.12072658893394
518.4,0.183433479024023,1.54103769720098,0.317898844230562,3.12072622731766
518.5,0.183433576387519,1.54103896417525,0.317898755753323,3.12072586654938
518.6,0.183433673522735,1.54104022864259,0.317898667483563,3.12072550662711
518.7,0.183433770430209,1.54104149060799,0.317898579420793,3.12072514754886
518.8,0.183433867110469,1.5410427500763,0.317898491564532,3.12072478931268
518.9,0.183433963564053,1.54104400705249,0.317898403914293,3.12072443191656
519,0.18343405979149,1.54104526154144,0.317898316469593,3.12072407535855
519.1,0.183434155793308,1.54104651354804,0.31789822922995,3.12072371963668
519.2,0.183434251570042,1.54104776307719,0.317898142194883,3.12072336474898
519.3,0.183434347122212,1.54104901013373,0.317898055363915,3.12072301069351
519.4,0.183434442450351,1.54105025472256,0.317897968736564,3.12072265746831
519.5,0.18343453755498,1.54105149684853,0.317897882312353,3.12072230507143
519.6,0.183434632436624,1.54105273651645,0.317897796090809,3.12072195350095
519.7,0.183434727095808,1.54105397373122,0.317897710071451,3.12072160275489
519.8,0.18343482153305,1.54105520849761,0.317897624253811,3.12072125283135
519.9,0.183434915748872,1.54105644082046,0.317897538637411,3.12072090372839
520,0.183435009743793,1.54105767070457,0.317897453221782,3.12072055544409
520.1,0.18343510351833,1.54105889815476,0.317897368006452,3.12072020797652
520.2,0.183435197073001,1.54106012317579,0.317897282990952,3.12071986132378
520.3,0.18343529040832,1.54106134577245,0.317897198174814,3.12071951548396
520.4,0.183435383524802,1.54106256594952,0.317897113557569,3.12071917045514
520.5,0.183435476422959,1.54106378371174,0.317897029138753,3.12071882623542
520.6,0.183435569103303,1.54106499906388,0.317896944917898,3.12071848282292
520.7,0.183435661566345,1.54106621201067,0.317896860894542,3.12071814021572
520.8,0.183435753812594,1.54106742255685,0.317896777068221,3.12071779841196
520.9,0.183435845842559,1.54106863070714,0.317896693438473,3.12071745740973
521,0.183435937656745,1.54106983646625,0.317896610004837,3.12071711720718
521.1,0.183436029255659,1.5410710398389,0.317896526766854,3.12071677780241
521.2,0.183436120639807,1.54107224082978,0.317896443724064,3.12071643919355
521.3,0.18343621180969,1.54107343944357,0.31789636087601,3.12071610137875
521.4,0.183436302765812,1.54107463568495,0.317896278222235,3.12071576435613
521.5,0.183436393508673,1.54107582955859,0.317896195762284,3.12071542812386
521.6,0.183436484038774,1.54107702106916,0.317896113495703,3.12071509268006
521.7,0.183436574356613,1.54107821022129,0.317896031422036,3.12071475802288
521.8,0.183436664462687,1.54107939701964,0.317895949540834,3.12071442415049
521.9,0.183436754357493,1.54108058146883,0.317895867851643,3.12071409106105
522,0.183436844041527,1.54108176357349,0.317895786354015,3.12071375875272
522.1,0.183436933515282,1.54108294333823,0.317895705047498,3.12071342722366
522.2,0.183437022779251,1.54108412076766,0.317895623931648,3.12071309647205
522.3,0.183437111833924,1.54108529586636,0.317895543006016,3.12071276649608
522.4,0.183437200679795,1.54108646863894,0.317895462270154,3.12071243729391
522.5,0.183437289317352,1.54108763908997,0.31789538172362,3.12071210886373
522.6,0.183437377747082,1.541088807224,0.317895301365969,3.12071178120375
522.7,0.183437465969475,1.54108997304563,0.317895221196755,3.12071145431213
522.8,0.183437553985013,1.54109113655937,0.317895141215543,3.1207111281871
522.9,0.183437641794186,1.54109229776979,0.317895061421886,3.12071080282684
523,0.183437729397474,1.54109345668142,0.317894981815346,3.12071047822957
523.1,0.18343781679536,1.54109461329877,0.317894902395486,3.12071015439349
523.2,0.183437903988329,1.54109576762639,0.317894823161864,3.12070983131682
523.3,0.183437990976855,1.54109691966874,0.317894744114049,3.12070950899779
523.4,0.183438077761424,1.54109806943036,0.3178946652516,3.12070918743461
523.5,0.18343816434251,1.54109921691571,0.317894586574086,3.12070886662551
523.6,0.183438250720589,1.54110036212929,0.317894508081072,3.12070854656872
523.7,0.183438336896143,1.54110150507558,0.317894429772124,3.12070822726247
523.8,0.183438422869638,1.541102645759,0.317894351646815,3.12070790870503
523.9,0.183438508641555,1.54110378418405,0.317894273704708,3.12070759089461
524,0.183438594212364,1.54110492035516,0.317894195945378,3.12070727382947
524.1,0.183438679582534,1.54110605427675,0.317894118368396,3.12070695750787
524.2,0.183438764752541,1.54110718595329,0.317894040973331,3.12070664192805
524.3,0.183438849722847,1.54110831538915,0.317893963759762,3.12070632708829
524.4,0.183438934493926,1.54110944258878,0.317893886727259,3.12070601298684
524.5,0.183439019066242,1.54111056755657,0.317893809875398,3.12070569962198
524.6,0.183439103440262,1.5411116902969,0.317893733203758,3.12070538699197
524.7,0.183439187616453,1.54111281081419,0.317893656711912,3.1207050750951
524.8,0.183439271595274,1.54111392911279,0.317893580399442,3.12070476392964
524.9,0.183439355377191,1.54111504519707,0.317893504265927,3.12070445349387
525,0.183439438962666,1.5411161590714,0.317893428310945,3.1207041437861
525.1,0.183439522352157,1.54111727074012,0.31789335253408,3.1207038348046
525.2,0.183439605546126,1.54111838020758,0.317893276934913,3.12070352654769
525.3,0.183439688545029,1.54111948747812,0.317893201513028,3.12070321901365
525.4,0.183439771349325,1.54112059255605,0.317893126268009,3.1207029122008
525.5,0.183439853959469,1.54112169544569,0.317893051199442,3.12070260610744
525.6,0.183439936375916,1.54112279615136,0.317892976306912,3.12070230073189
525.7,0.18344001859912,1.54112389467734,0.317892901590007,3.12070199607245
525.8,0.183440100629536,1.54112499102794,0.317892827048316,3.12070169212747
525.9,0.183440182467613,1.54112608520745,0.317892752681426,3.12070138889525
526,0.183440264113804,1.54112717722012,0.317892678488929,3.12070108637412
526.1,0.183440345568558,1.54112826707024,0.317892604470416,3.12070078456243
526.2,0.183440426832324,1.54112935476205,0.317892530625477,3.1207004834585
526.3,0.18344050790555,1.54113044029981,0.317892456953708,3.12070018306068
526.4,0.183440588788681,1.54113152368777,0.3178923834547,3.12069988336731
526.5,0.183440669482165,1.54113260493015,0.31789231012805,3.12069958437674
526.6,0.183440749986446,1.54113368403118,0.317892236973354,3.12069928608732
526.7,0.183440830301966,1.54113476099508,0.317892163990207,3.1206989884974
526.8,0.183440910429169,1.54113583582606,0.317892091178208,3.12069869160535
526.9,0.183440990368496,1.54113690852831,0.317892018536955,3.12069839540953
527,0.183441070120387,1.54113797910603,0.317891946066048,3.12069809990831
527.1,0.183441149685282,1.5411390475634,0.317891873765088,3.12069780510006
527.2,0.183441229063619,1.54114011390461,0.317891801633676,3.12069751098315
527.3,0.183441308255835,1.54114117813381,0.317891729671414,3.12069721755596
527.4,0.183441387262368,1.54114224025516,0.317891657877907,3.12069692481688
527.5,0.183441466083651,1.54114330027283,0.317891586252757,3.12069663276428
527.6,0.183441544720119,1.54114435819095,0.317891514795571,3.12069634139657
527.7,0.183441623172207,1.54114541401365,0.317891443505954,3.12069605071214
527.8,0.183441701440345,1.54114646774507,0.317891372383514,3.12069576070938
527.9,0.183441779524965,1.54114751938933,0.317891301427859,3.12069547138669
528,0.183441857426497,1.54114856895052,0.317891230638597,3.12069518274249
528.1,0.183441935145371,1.54114961643277,0.317891160015339,3.12069489477517
528.2,0.183442012682014,1.54115066184015,0.317891089557694,3.12069460748315
528.3,0.183442090036852,1.54115170517676,0.317891019265277,3.12069432086486
528.4,0.183442167210315,1.54115274644668,0.317890949137698,3.1206940349187
528.5,0.183442244202825,1.54115378565398,0.31789087917457,3.12069374964311
528.6,0.183442321014807,1.54115482280271,0.317890809375509,3.12069346503651
528.7,0.183442397646686,1.54115585789696,0.317890739740128,3.12069318109733
528.8,0.183442474098881,1.54115689094072,0.317890670268048,3.12069289782401
528.9,0.183442550371816,1.54115792193809,0.31789060095888,3.12069261521498
529,0.18344262646591,1.54115895089307,0.317890531812245,3.1206923332687
529.1,0.183442702381581,1.54115997780968,0.317890462827763,3.12069205198359
529.2,0.183442778119252,1.54116100269197,0.31789039400505,3.12069177135811
529.3,0.183442853679334,1.5411620255439,0.317890325343732,3.12069149139073
529.4,0.183442929062248,1.5411630463695,0.317890256843426,3.12069121207988
529.5,0.183443004268408,1.54116406517276,0.317890188503756,3.12069093342403
529.6,0.183443079298227,1.54116508195765,0.317890120324346,3.12069065542166
529.7,0.183443154152121,1.54116609672817,0.317890052304818,3.12069037807121
529.8,0.183443228830499,1.54116710948826,0.3178899844448,3.12069010137118
529.9,0.183443303333775,1.5411681202419,0.317889916743916,3.12068982532003
530,0.183443377662359,1.54116912899304,0.317889849201795,3.12068954991623
530.1,0.18344345181666,1.54117013574562,0.317889781818062,3.12068927515828
530.2,0.183443525797089,1.5411711405036,0.317889714592346,3.12068900104465
530.3,0.183443599604048,1.54117214327086,0.317889647524279,3.12068872757384
530.4,0.18344367323795,1.54117314405138,0.317889580613488,3.12068845474434
530.5,0.183443746699197,1.54117414284904,0.317889513859607,3.12068818255464
530.6,0.183443819988194,1.54117513966775,0.317889447262267,3.12068791100325
530.7,0.183443893105347,1.54117613451143,0.317889380821098,3.12068764008866
530.8,0.183443966051056,1.54117712738394,0.317889314535741,3.12068736980939
530.9,0.183444038825725,1.5411781182892,0.317889248405823,3.12068710016395
531,0.183444111429755,1.54117910723106,0.317889182430983,3.12068683115083
531.1,0.183444183863544,1.5411800942134,0.317889116610858,3.12068656276858
531.2,0.183444256127494,1.54118107924009,0.317889050945083,3.1206862950157
531.3,0.183444328222001,1.54118206231496,0.317888985433298,3.12068602789072
531.4,0.183444400147463,1.54118304344187,0.31788892007514,3.12068576139217
531.5,0.183444471904276,1.54118402262467,0.31788885487025,3.12068549551857
531.6,0.183444543492835,1.54118499986717,0.31788878981827,3.12068523026847
531.7,0.183444614913536,1.5411859751732,0.31788872491884,3.1206849656404
531.8,0.18344468616677,1.54118694854658,0.317888660171601,3.12068470163291
531.9,0.183444757252932,1.54118791999112,0.317888595576198,3.12068443824453
532,0.183444828172412,1.54118888951061,0.317888531132275,3.12068417547382
532.1,0.183444898925601,1.54118985710886,0.317888466839477,3.12068391331932
532.2,0.183444969512889,1.54119082278964,0.317888402697448,3.1206836517796
532.3,0.183445039934666,1.54119178655674,0.317888338705835,3.12068339085321
532.4,0.183445110191318,1.54119274841394,0.317888274864286,3.12068313053871
532.5,0.183445180283234,1.54119370836498,0.31788821117245,3.12068287083467
532.6,0.183445250210799,1.54119466641364,0.317888147629973,3.12068261173966
532.7,0.1834453199744,1.54119562256365,0.317888084236507,3.12068235325224
532.8,0.183445389574419,1.54119657681877,0.317888020991702,3.120682095371
532.9,0.18344545901124,1.54119752918272,0.31788795789521,3.12068183809451
533,0.183445528285247,1.54119847965924,0.317887894946683,3.12068158142135
533.1,0.183445597396821,1.54119942825205,0.317887832145772,3.12068132535012
533.2,0.183445666346343,1.54120037496485,0.317887769492134,3.12068106987938
533.3,0.18344573513419,1.54120131980134,0.317887706985424,3.12068081500776
533.4,0.183445803760745,1.54120226276525,0.317887644625294,3.12068056073382
533.5,0.183445872226385,1.54120320386024,0.317887582411402,3.12068030705618
533.6,0.183445940531485,1.54120414309,0.317887520343407,3.12068005397344
533.7,0.183446008676426,1.54120508045823,0.317887458420963,3.12067980148419
533.8,0.183446076661578,1.54120601596857,0.317887396643732,3.12067954958706
533.9,0.18344614448732,1.5412069496247,0.317887335011372,3.12067929828065
534,0.183446212154024,1.54120788143028,0.317887273523543,3.12067904756356
534.1,0.183446279662062,1.54120881138893,0.317887212179907,3.12067879743444
534.2,0.183446347011809,1.54120973950434,0.317887150980124,3.12067854789188
534.3,0.183446414203631,1.54121066578008,0.317887089923861,3.12067829893452
534.4,0.183446481237904,1.54121159021983,0.317887029010776,3.12067805056099
534.5,0.183446548114994,1.5412125128272,0.317886968240536,3.12067780276991
534.6,0.183446614835269,1.54121343360577,0.317886907612808,3.12067755555993
534.7,0.183446681399099,1.54121435255919,0.317886847127252,3.12067730892967
534.8,0.183446747806848,1.54121526969102,0.317886786783542,3.12067706287779
534.9,0.183446814058886,1.54121618500488,0.31788672658134,3.12067681740291
535,0.183446880155574,1.54121709850434,0.317886666520315,3.12067657250369
535.1,0.183446946097277,1.54121801019297,0.317886606600138,3.12067632817879
535.2,0.183447011884361,1.54121892007436,0.317886546820476,3.12067608442684
535.3,0.183447077517184,1.54121982815206,0.317886487181003,3.12067584124652
535.4,0.183447142996112,1.54122073442963,0.317886427681387,3.12067559863647
535.5,0.183447208321504,1.54122163891062,0.317886368321302,3.12067535659537
535.6,0.183447273493718,1.54122254159856,0.317886309100421,3.12067511512188
535.7,0.183447338513118,1.54122344249702,0.317886250018414,3.12067487421465
535.8,0.183447403380056,1.54122434160948,0.317886191074961,3.12067463387239
535.9,0.183447468094895,1.5412252389395,0.317886132269733,3.12067439409374
536,0.183447532657989,1.54122613449058,0.317886073602406,3.12067415487739
536.1,0.183447597069693,1.54122702826622,0.31788601507266,3.12067391622203
536.2,0.183447661330365,1.54122792026995,0.317885956680168,3.12067367812634
536.3,0.183447725440355,1.54122881050523,0.317885898424611,3.120673440589
536.4,0.183447789400019,1.54122969897556,0.317885840305667,3.12067320360871
536.5,0.18344785320971,1.54123058568443,0.317885782323016,3.12067296718416
536.6,0.183447916869776,1.5412314706353,0.317885724476339,3.12067273131404
536.7,0.183447980380572,1.54123235383166,0.317885666765314,3.12067249599706
536.8,0.183448043742445,1.54123323527692,0.317885609189627,3.12067226123193
536.9,0.183448106955746,1.54123411497459,0.317885551748958,3.12067202701733
537,0.183448170020822,1.54123499292808,0.317885494442991,3.12067179335199
537.1,0.183448232938021,1.54123586914085,0.317885437271413,3.12067156023462
537.2,0.183448295707691,1.54123674361633,0.317885380233903,3.12067132766393
537.3,0.183448358330174,1.54123761635792,0.317885323330152,3.12067109563864
537.4,0.18344842080582,1.54123848736908,0.317885266559843,3.12067086415747
537.5,0.18344848313497,1.54123935665319,0.317885209922664,3.12067063321914
537.6,0.183448545317968,1.54124022421367,0.317885153418305,3.12067040282239
537.7,0.183448607355159,1.54124109005394,0.317885097046451,3.12067017296593
537.8,0.18344866924688,1.54124195417734,0.317885040806794,3.12066994364852
537.9,0.183448730993476,1.54124281658731,0.317884984699023,3.12066971486887
538,0.183448792595287,1.54124367728721,0.317884928722827,3.12066948662573
538.1,0.183448854052652,1.54124453628041,0.3178848728779,3.12066925891784
538.2,0.183448915365909,1.54124539357027,0.317884817163933,3.12066903174395
538.3,0.183448976535396,1.54124624916017,0.317884761580618,3.1206688051028
538.4,0.18344903756145,1.54124710305344,0.317884706127651,3.12066857899314
538.5,0.183449098444409,1.54124795525345,0.317884650804725,3.12066835341373
538.6,0.183449159184605,1.54124880576351,0.317884595611535,3.12066812836333
538.7,0.183449219782376,1.54124965458698,0.317884540547778,3.1206679038407
538.8,0.183449280238054,1.54125050172718,0.317884485613149,3.12066767984459
538.9,0.183449340551972,1.54125134718742,0.317884430807346,3.12066745637377
539,0.183449400724464,1.54125219097102,0.317884376130066,3.12066723342702
539.1,0.18344946075586,1.54125303308129,0.317884321581009,3.12066701100309
539.2,0.183449520646491,1.54125387352153,0.317884267159873,3.12066678910077
539.3,0.183449580396687,1.54125471229503,0.317884212866359,3.12066656771883
539.4,0.183449640006779,1.54125554940509,0.317884158700167,3.12066634685606
539.5,0.183449699477093,1.54125638485498,0.317884104660999,3.12066612651123
539.6,0.183449758807958,1.54125721864797,0.317884050748557,3.12066590668313
539.7,0.183449817999701,1.54125805078734,0.317883996962544,3.12066568737055
539.8,0.183449877052648,1.54125888127636,0.317883943302664,3.12066546857227
539.9,0.183449935967124,1.54125971011826,0.317883889768619,3.12066525028711
540,0.183449994743454,1.54126053731632,0.317883836360117,3.12066503251384
540.1,0.183450053381961,1.54126136287376,0.317883783076861,3.12066481525127
540.2,0.18345011188297,1.54126218679382,0.317883729918559,3.1206645984982
540.3,0.183450170246802,1.54126300907974,0.317883676884917,3.12066438225345
540.4,0.183450228473779,1.54126382973474,0.317883623975642,3.1206641665158
540.5,0.183450286564221,1.54126464876203,0.317883571190446,3.12066395128409
540.6,0.183450344518448,1.54126546616483,0.317883518529035,3.12066373655712
540.7,0.183450402336782,1.54126628194635,0.317883465991118,3.12066352233369
540.8,0.183450460019537,1.54126709610976,0.317883413576408,3.12066330861266
540.9,0.183450517567036,1.54126790865829,0.317883361284614,3.12066309539281
541,0.183450574979593,1.54126871959511,0.317883309115449,3.12066288267299
541.1,0.183450632257524,1.54126952892339,0.317883257068625,3.12066267045202
541.2,0.183450689401148,1.54127033664634,0.317883205143855,3.12066245872872
541.3,0.183450746410775,1.54127114276708,0.317883153340853,3.12066224750195
541.4,0.183450803286724,1.54127194728881,0.317883101659333,3.12066203677052
541.5,0.183450860029305,1.54127275021466,0.31788305009901,3.12066182653327
541.6,0.183450916638832,1.54127355154779,0.317882998659601,3.12066161678905
541.7,0.183450973115618,1.54127435129136,0.31788294734082,3.1206614075367
541.8,0.183451029459973,1.54127514944848,0.317882896142386,3.12066119877508
541.9,0.183451085672208,1.54127594602229,0.317882845064017,3.12066099050302
542,0.183451141752632,1.54127674101592,0.31788279410543,3.12066078271937
542.1,0.183451197701555,1.54127753443248,0.317882743266346,3.12066057542301
542.2,0.183451253519284,1.54127832627509,0.317882692546484,3.12066036861277
542.3,0.183451309206128,1.54127911654684,0.317882641945563,3.12066016228752
542.4,0.183451364762393,1.54127990525085,0.317882591463307,3.12065995644613
542.5,0.183451420188385,1.5412806923902,0.317882541099435,3.12065975108746
542.6,0.18345147548441,1.54128147796799,0.317882490853671,3.12065954621037
542.7,0.183451530650772,1.54128226198729,0.317882440725737,3.12065934181375
542.8,0.183451585687775,1.54128304445118,0.317882390715358,3.12065913789645
542.9,0.183451640595723,1.54128382536273,0.317882340822258,3.12065893445737
543,0.183451695374919,1.541284604725,0.317882291046161,3.12065873149537
543.1,0.183451750025663,1.54128538254106,0.317882241386793,3.12065852900933
543.2,0.183451804548258,1.54128615881395,0.317882191843881,3.12065832699815
543.3,0.183451858943004,1.54128693354671,0.317882142417151,3.12065812546071
543.4,0.1834519132102,1.5412877067424,0.317882093106332,3.12065792439589
543.5,0.183451967350145,1.54128847840404,0.31788204391115,3.12065772380259
543.6,0.183452021363139,1.54128924853466,0.317881994831336,3.12065752367971
543.7,0.183452075249478,1.54129001713728,0.317881945866618,3.12065732402613
543.8,0.183452129009459,1.54129078421492,0.317881897016726,3.12065712484076
543.9,0.183452182643379,1.54129154977059,0.317881848281393,3.12065692612251
544,0.183452236151534,1.5412923138073,0.317881799660347,3.12065672787027
544.1,0.183452289534217,1.54129307632803,0.317881751153322,3.12065653008295
544.2,0.183452342791724,1.54129383733579,0.317881702760051,3.12065633275946
544.3,0.183452395924348,1.54129459683356,0.317881654480265,3.12065613589872
544.4,0.183452448932381,1.54129535482431,0.317881606313701,3.12065593949965
544.5,0.183452501816116,1.54129611131104,0.317881558260091,3.12065574356114
544.6,0.183452554575844,1.5412968662967,0.317881510319172,3.12065554808214
544.7,0.183452607211856,1.54129761978425,0.317881462490679,3.12065535306155
544.8,0.183452659724442,1.54129837177667,0.317881414774347,3.12065515849832
544.9,0.183452712113891,1.54129912227688,0.317881367169915,3.12065496439135
545,0.183452764380492,1.54129987128786,0.317881319677119,3.12065477073958
545.1,0.183452816524533,1.54130061881252,0.317881272295698,3.12065457754195
545.2,0.183452868546302,1.54130136485381,0.317881225025391,3.12065438479739
545.3,0.183452920446084,1.54130210941466,0.317881177865938,3.12065419250483
545.4,0.183452972224167,1.54130285249798,0.317881130817077,3.12065400066323
545.5,0.183453023880835,1.5413035941067,0.317881083878551,3.12065380927151
545.6,0.183453075416373,1.54130433424373,0.3178810370501,3.12065361832863
545.7,0.183453126831065,1.54130507291196,0.317880990331466,3.12065342783353
545.8,0.183453178125194,1.54130581011431,0.317880943722391,3.12065323778517
545.9,0.183453229299044,1.54130654585367,0.317880897222619,3.12065304818248
546,0.183453280352896,1.54130728013292,0.317880850831894,3.12065285902444
546.1,0.183453331287031,1.54130801295495,0.317880804549959,3.12065267031
546.2,0.18345338210173,1.54130874432263,0.31788075837656,3.12065248203811
546.3,0.183453432797273,1.54130947423884,0.317880712311441,3.12065229420774
546.4,0.18345348337394,1.54131020270644,0.31788066635435,3.12065210681786
546.5,0.183453533832008,1.54131092972828,0.317880620505033,3.12065191986742
546.6,0.183453584171756,1.54131165530724,0.317880574763238,3.12065173335541
546.7,0.183453634393463,1.54131237944615,0.31788052912871,3.12065154728079
546.8,0.183453684497403,1.54131310214786,0.317880483601201,3.12065136164254
546.9,0.183453734483854,1.5413138234152,0.317880438180458,3.12065117643963
547,0.183453784353091,1.54131454325102,0.317880392866231,3.12065099167104
547.1,0.183453834105388,1.54131526165812,0.317880347658271,3.12065080733576
547.2,0.183453883741022,1.54131597863936,0.317880302556327,3.12065062343276
547.3,0.183453933260262,1.54131669419752,0.317880257560152,3.12065043996103
547.4,0.183453982663385,1.54131740833542,0.317880212669498,3.12065025691957
547.5,0.183454031950662,1.54131812105588,0.317880167884116,3.12065007430737
547.6,0.183454081122363,1.54131883236168,0.317880123203761,3.12064989212341
547.7,0.183454130178762,1.54131954225563,0.317880078628184,3.12064971036669
547.8,0.183454179120126,1.5413202507405,0.317880034157143,3.12064952903621
547.9,0.183454227946727,1.54132095781908,0.31787998979039,3.12064934813098
548,0.183454276658834,1.54132166349416,0.317879945527682,3.12064916764998
548.1,0.183454325256713,1.54132236776849,0.317879901368774,3.12064898759224
548.2,0.183454373740636,1.54132307064486,0.317879857313423,3.12064880795675
548.3,0.183454422110866,1.54132377212601,0.317879813361387,3.12064862874253
548.4,0.183454470367673,1.54132447221471,0.317879769512423,3.12064844994859
548.5,0.18345451851132,1.54132517091369,0.317879725766288,3.12064827157394
548.6,0.183454566542074,1.54132586822572,0.317879682122743,3.1206480936176
548.7,0.183454614460201,1.54132656415353,0.317879638581546,3.12064791607859
548.8,0.183454662265961,1.54132725869984,0.317879595142459,3.12064773895593
548.9,0.183454709959621,1.5413279518674,0.317879551805239,3.12064756224865
549,0.183454757541443,1.54132864365893,0.31787950856965,3.12064738595576
549.1,0.183454805011688,1.54132933407713,0.317879465435454,3.1206472100763
549.2,0.18345485237062,1.54133002312473,0.31787942240241,3.1206470346093
549.3,0.183454899618497,1.54133071080442,0.317879379470284,3.12064685955379
549.4,0.183454946755582,1.54133139711893,0.317879336638839,3.12064668490881
549.5,0.183454993782133,1.54133208207093,0.317879293907837,3.12064651067338
549.6,0.18345504069841,1.54133276566312,0.317879251277044,3.12064633684657
549.7,0.183455087504672,1.5413334478982,0.317879208746224,3.12064616342739
549.8,0.183455134201175,1.54133412877882,0.317879166315145,3.12064599041491
549.9,0.183455180788179,1.54133480830769,0.31787912398357,3.12064581780816
550,0.183455227265939,1.54133548648745,0.317879081751266,3.1206456456062
550.1,0.183455273634711,1.54133616332079,0.317879039618003,3.12064547380807
550.2,0.183455319894752,1.54133683881036,0.317878997583545,3.12064530241282
550.3,0.183455366046315,1.5413375129588,0.317878955647664,3.12064513141953
550.4,0.183455412089657,1.54133818576878,0.317878913810127,3.12064496082723
550.5,0.183455458025029,1.54133885724293,0.317878872070702,3.12064479063499
550.6,0.183455503852685,1.5413395273839,0.317878830429162,3.12064462084187
550.7,0.18345554957288,1.54134019619433,0.317878788885274,3.12064445144693
550.8,0.183455595185861,1.54134086367682,0.317878747438812,3.12064428244925
550.9,0.183455640691883,1.54134152983402,0.317878706089546,3.12064411384789
551,0.183455686091196,1.54134219466854,0.317878664837249,3.12064394564192
551.1,0.18345573138405,1.54134285818299,0.317878623681692,3.12064377783042
551.2,0.183455776570696,1.54134352037999,0.31787858262265,3.12064361041245
551.3,0.18345582165138,1.54134418126211,0.317878541659896,3.1206434433871
551.4,0.183455866626353,1.54134484083199,0.317878500793203,3.12064327675344
551.5,0.183455911495863,1.5413454990922,0.317878460022348,3.12064311051056
551.6,0.183455956260155,1.54134615604533,0.317878419347104,3.12064294465754
551.7,0.183456000919478,1.54134681169397,0.317878378767248,3.12064277919347
551.8,0.183456045474076,1.54134746604069,0.317878338282557,3.12064261411743
551.9,0.183456089924197,1.54134811908806,0.317878297892807,3.12064244942851
552,0.183456134270084,1.54134877083865,0.317878257597774,3.12064228512581
552.1,0.183456178511982,1.54134942129502,0.317878217397239,3.12064212120842
552.2,0.183456222650135,1.54135007045974,0.317878177290978,3.12064195767544
552.3,0.183456266684786,1.54135071833535,0.31787813727877,3.12064179452596
552.4,0.183456310616178,1.5413513649244,0.317878097360395,3.12064163175909
552.5,0.183456354444553,1.54135201022943,0.317878057535634,3.12064146937393
552.6,0.183456398170152,1.54135265425297,0.317878017804266,3.12064130736958
552.7,0.183456441793217,1.54135329699759,0.317877978166071,3.12064114574515
552.8,0.183456485313987,1.54135393846576,0.317877938620834,3.12064098449975
552.9,0.183456528732704,1.54135457866004,0.317877899168334,3.12064082363249
553,0.183456572049605,1.54135521758295,0.317877859808355,3.12064066314249
553.1,0.18345661526493,1.54135585523697,0.317877820540679,3.12064050302886
553.2,0.183456658378918,1.54135649162465,0.31787778136509,3.12064034329071
553.3,0.183456701391803,1.54135712674846,0.317877742281373,3.12064018392717
553.4,0.183456744303826,1.54135776061091,0.317877703289311,3.12064002493735
553.5,0.183456787115222,1.54135839321449,0.317877664388689,3.12063986632039
553.6,0.183456829826226,1.54135902456169,0.317877625579295,3.12063970807541
553.7,0.183456872437076,1.541359654655,0.317877586860912,3.12063955020152
553.8,0.183456914948004,1.54136028349687,0.31787754823333,3.12063939269788
553.9,0.183456957359246,1.54136091108981,0.317877509696332,3.1206392355636
554,0.183456999671035,1.54136153743627,0.317877471249708,3.12063907879782
554.1,0.183457041883604,1.54136216253871,0.317877432893246,3.12063892239968
554.2,0.183457083997187,1.5413627863996,0.317877394626734,3.12063876636831
554.3,0.183457126012014,1.54136340902138,0.317877356449962,3.12063861070285
554.4,0.183457167928318,1.54136403040651,0.317877318362719,3.12063845540245
554.5,0.18345720974633,1.54136465055743,0.317877280364794,3.12063830046625
554.6,0.18345725146628,1.54136526947658,0.31787724245598,3.1206381458934
554.7,0.183457293088398,1.5413658871664,0.317877204636064,3.12063799168304
554.8,0.183457334612913,1.54136650362931,0.317877166904842,3.12063783783432
554.9,0.183457376040055,1.54136711886774,0.317877129262103,3.1206376843464
555,0.183457417370051,1.54136773288411,0.317877091707642,3.12063753121842
555.1,0.18345745860313,1.54136834568083,0.31787705424125,3.12063737844956
555.2,0.183457499739519,1.54136895726033,0.317877016862719,3.12063722603895
555.3,0.183457540779443,1.54136956762499,0.317876979571848,3.12063707398577
555.4,0.18345758172313,1.54137017677723,0.317876942368427,3.12063692228917
555.5,0.183457622570806,1.54137078471944,0.317876905252252,3.12063677094832
555.6,0.183457663322694,1.541371391454,0.31787686822312,3.12063661996238
555.7,0.183457703979021,1.54137199698333,0.317876831280824,3.12063646933053
555.8,0.183457744540009,1.54137260130978,0.317876794425164,3.12063631905193
555.9,0.183457785005883,1.54137320443574,0.317876757655933,3.12063616912575
556,0.183457825376866,1.54137380636358,0.317876720972931,3.12063601955117
556.1,0.183457865653179,1.54137440709567,0.317876684375955,3.12063587032736
556.2,0.183457905835046,1.54137500663439,0.317876647864803,3.12063572145349
556.3,0.183457945922686,1.54137560498207,0.317876611439274,3.12063557292877
556.4,0.183457985916323,1.54137620214108,0.317876575099167,3.12063542475234
556.5,0.183458025816174,1.54137679811377,0.317876538844282,3.12063527692341
556.6,0.183458065622462,1.54137739290248,0.31787650267442,3.12063512944117
556.7,0.183458105335405,1.54137798650957,0.317876466589379,3.12063498230478
556.8,0.183458144955221,1.54137857893734,0.317876430588963,3.12063483551345
556.9,0.18345818448213,1.54137917018815,0.317876394672972,3.12063468906637
557,0.183458223916349,1.54137976026433,0.317876358841208,3.12063454296272
557.1,0.183458263258095,1.54138034916818,0.317876323093474,3.12063439720171
557.2,0.183458302507587,1.54138093690203,0.317876287429572,3.12063425178252
557.3,0.183458341665038,1.54138152346819,0.317876251849307,3.12063410670437
557.4,0.183458380730666,1.54138210886898,0.317876216352482,3.12063396196644
557.5,0.183458419704685,1.54138269310668,0.317876180938901,3.12063381756794
557.6,0.18345845858731,1.54138327618362,0.317876145608369,3.12063367350808
557.7,0.183458497378758,1.54138385810208,0.317876110360691,3.12063352978605
557.8,0.183458536079239,1.54138443886434,0.317876075195674,3.12063338640107
557.9,0.183458574688968,1.5413850184727,0.317876040113123,3.12063324335235
558,0.183458613208158,1.54138559692944,0.317876005112844,3.1206331006391
558.1,0.18345865163702,1.54138617423683,0.317875970194646,3.12063295826053
558.2,0.183458689975769,1.54138675039716,0.317875935358334,3.12063281621585
558.3,0.183458728224612,1.54138732541268,0.317875900603719,3.1206326745043
558.4,0.183458766383762,1.54138789928566,0.317875865930607,3.12063253312507
558.5,0.18345880445343,1.54138847201836,0.317875831338808,3.1206323920774
558.6,0.183458842433824,1.54138904361302,0.317875796828132,3.1206322513605
558.7,0.183458880325155,1.54138961407192,0.317875762398386,3.12063211097361
558.8,0.183458918127631,1.54139018339729,0.317875728049383,3.12063197091594
558.9,0.18345895584146,1.54139075159136,0.317875693780932,3.12063183118672
559,0.183458993466851,1.54139131865639,0.317875659592846,3.12063169178519
559.1,0.18345903100401,1.5413918845946,0.317875625484934,3.12063155271058
559.2,0.183459068453145,1.54139244940822,0.317875591457009,3.1206314139621
559.3,0.183459105814462,1.54139301309947,0.317875557508886,3.12063127553903
559.4,0.183459143088167,1.54139357567058,0.317875523640374,3.12063113744057
559.5,0.183459180274465,1.54139413712375,0.317875489851287,3.12063099966597
559.6,0.183459217373561,1.5413946974612,0.317875456141441,3.12063086221447
559.7,0.18345925438566,1.54139525668515,0.317875422510648,3.12063072508531
559.8,0.183459291310965,1.54139581479777,0.317875388958724,3.12063058827774
559.9,0.183459328149681,1.54139637180129,0.317875355485483,3.120630451791
560,0.183459364902011,1.54139692769788,0.317875322090742,3.12063031562434
560.1,0.183459401568155,1.54139748248974,0.317875288774315,3.12063017977702
560.2,0.183459438148319,1.54139803617907,0.317875255536018,3.12063004424827
560.3,0.183459474642701,1.54139858876801,0.317875222375671,3.12062990903736
560.4,0.183459511051504,1.54139914025878,0.317875189293088,3.12062977414353
560.5,0.183459547374928,1.54139969065352,0.317875156288089,3.12062963956605
560.6,0.183459583613173,1.54140023995442,0.31787512336049,3.12062950530418
560.7,0.183459619766441,1.54140078816363,0.31787509051011,3.12062937135716
560.8,0.183459655834928,1.54140133528331,0.31787505773677,3.12062923772427
560.9,0.183459691818835,1.54140188131563,0.317875025040286,3.12062910440477
561,0.183459727718359,1.54140242626272,0.31787499242048,3.12062897139792
561.1,0.183459763533699,1.54140297012674,0.317874959877172,3.12062883870299
561.2,0.183459799265052,1.54140351290983,0.317874927410181,3.12062870631925
561.3,0.183459834912613,1.54140405461412,0.31787489501933,3.12062857424597
561.4,0.183459870476582,1.54140459524175,0.31787486270444,3.12062844248242
561.5,0.183459905957153,1.54140513479486,0.317874830465332,3.12062831102787
561.6,0.183459941354521,1.54140567327555,0.31787479830183,3.1206281798816
561.7,0.183459976668883,1.54140621068598,0.317874766213753,3.12062804904289
561.8,0.183460011900431,1.54140674702822,0.317874734200929,3.12062791851101
561.9,0.183460047049362,1.54140728230442,0.317874702263179,3.12062778828525
562,0.183460082115868,1.54140781651667,0.317874670400327,3.12062765836489
562.1,0.183460117100143,1.54140834966709,0.317874638612197,3.12062752874921
562.2,0.18346015200238,1.54140888175777,0.317874606898614,3.12062739943749
562.3,0.183460186822769,1.5414094127908,0.317874575259404,3.12062727042903
562.4,0.183460221561505,1.54140994276828,0.317874543694392,3.12062714172312
562.5,0.183460256218778,1.54141047169231,0.317874512203404,3.12062701331903
562.6,0.183460290794779,1.54141099956495,0.317874480786267,3.12062688521608
562.7,0.1834603252897,1.5414115263883,0.317874449442806,3.12062675741354
562.8,0.183460359703729,1.54141205216442,0.317874418172851,3.12062662991072
562.9,0.183460394037057,1.5414125768954,0.317874386976227,3.12062650270691
563,0.183460428289872,1.5414131005833,0.317874355852764,3.12062637580141
563.1,0.183460462462364,1.54141362323017,0.317874324802289,3.12062624919352
563.2,0.183460496554721,1.54141414483809,0.317874293824632,3.12062612288255
563.3,0.183460530567131,1.5414146654091,0.317874262919621,3.1206259968678
563.4,0.183460564499781,1.54141518494527,0.317874232087087,3.12062587114856
563.5,0.183460598352859,1.54141570344863,0.317874201326859,3.12062574572416
563.6,0.18346063212655,1.54141622092122,0.317874170638768,3.12062562059389
563.7,0.183460665821042,1.54141673736511,0.317874140022644,3.12062549575707
563.8,0.183460699436519,1.54141725278229,0.317874109478319,3.12062537121302
563.9,0.183460732973167,1.54141776717483,0.317874079005625,3.12062524696104
564,0.183460766431172,1.54141828054475,0.317874048604393,3.12062512300044
564.1,0.183460799810717,1.54141879289406,0.317874018274455,3.12062499933055
564.2,0.183460833111986,1.54141930422479,0.317873988015646,3.12062487595068
564.3,0.183460866335164,1.54141981453895,0.317873957827797,3.12062475286016
564.4,0.183460899480432,1.54142032383856,0.317873927710743,3.1206246300583
564.5,0.183460932547974,1.54142083212562,0.317873897664318,3.12062450754444
564.6,0.183460965537971,1.54142133940213,0.317873867688355,3.12062438531788
564.7,0.183460998450607,1.54142184567009,0.31787383778269,3.12062426337796
564.8,0.183461031286061,1.54142235093151,0.317873807947158,3.12062414172401
564.9,0.183461064044515,1.54142285518836,0.317873778181594,3.12062402035536
565,0.18346109672615,1.54142335844265,0.317873748485834,3.12062389927133
565.1,0.183461129331146,1.54142386069635,0.317873718859715,3.12062377847126
565.2,0.183461161859682,1.54142436195144,0.317873689303073,3.12062365795449
565.3,0.183461194311938,1.54142486220991,0.317873659815745,3.12062353772035
565.4,0.183461226688092,1.54142536147371,0.317873630397569,3.12062341776817
565.5,0.183461258988324,1.54142585974483,0.317873601048383,3.1206232980973
565.6,0.18346129121281,1.54142635702522,0.317873571768025,3.12062317870707
565.7,0.183461323361729,1.54142685331685,0.317873542556333,3.12062305959683
565.8,0.183461355435258,1.54142734862167,0.317873513413146,3.12062294076593
565.9,0.183461387433574,1.54142784294164,0.317873484338304,3.12062282221369
566,0.183461419356853,1.5414283362787,0.317873455331647,3.12062270393949
566.1,0.18346145120527,1.5414288286348,0.317873426393014,3.12062258594265
566.2,0.183461482979002,1.54142932001188,0.317873397522246,3.12062246822253
566.3,0.183461514678224,1.54142981041188,0.317873368719184,3.12062235077848
566.4,0.18346154630311,1.54143029983674,0.31787333998367,3.12062223360986
566.5,0.183461577853834,1.54143078828838,0.317873311315543,3.12062211671601
566.6,0.183461609330571,1.54143127576873,0.317873282714648,3.1206220000963
566.7,0.183461640733494,1.54143176227971,0.317873254180826,3.12062188375008
566.8,0.183461672062776,1.54143224782324,0.31787322571392,3.12062176767671
566.9,0.18346170331859,1.54143273240124,0.317873197313772,3.12062165187554
567,0.183461734501108,1.54143321601561,0.317873168980226,3.12062153634595
567.1,0.183461765610501,1.54143369866826,0.317873140713127,3.1206214210873
567.2,0.183461796646942,1.54143418036111,0.317873112512318,3.12062130609894
567.3,0.183461827610601,1.54143466109603,0.317873084377645,3.12062119138025
567.4,0.183461858501649,1.54143514087494,0.31787305630895,3.12062107693059
567.5,0.183461889320256,1.54143561969973,0.31787302830608,3.12062096274933
567.6,0.183461920066593,1.54143609757228,0.317873000368882,3.12062084883584
567.7,0.183461950740829,1.54143657449449,0.3178729724972,3.1206207351895
567.8,0.183461981343131,1.54143705046821,0.317872944690881,3.12062062180967
567.9,0.183462011873671,1.54143752549535,0.317872916949772,3.12062050869574
568,0.183462042332615,1.54143799957778,0.317872889273719,3.12062039584708
568.1,0.183462072720131,1.54143847271735,0.317872861662571,3.12062028326307
568.2,0.183462103036388,1.54143894491595,0.317872834116174,3.12062017094308
568.3,0.183462133281552,1.54143941617542,0.317872806634379,3.1206200588865
568.4,0.18346216345579,1.54143988649764,0.317872779217031,3.1206199470927
568.5,0.183462193559268,1.54144035588445,0.31787275186398,3.12061983556108
568.6,0.183462223592151,1.54144082433771,0.317872724575077,3.12061972429103
568.7,0.183462253554607,1.54144129185927,0.31787269735017,3.12061961328191
568.8,0.183462283446799,1.54144175845097,0.317872670189109,3.12061950253313
568.9,0.183462313268893,1.54144222411465,0.317872643091745,3.12061939204407
569,0.183462343021053,1.54144268885215,0.317872616057928,3.12061928181412
569.1,0.183462372703442,1.5414431526653,0.317872589087509,3.12061917184268
569.2,0.183462402316225,1.54144361555594,0.317872562180339,3.12061906212914
569.3,0.183462431859565,1.54144407752587,0.317872535336271,3.1206189526729
569.4,0.183462461333624,1.54144453857695,0.317872508555156,3.12061884347335
569.5,0.183462490738565,1.54144499871098,0.317872481836846,3.12061873452988
569.6,0.18346252007455,1.54144545792977,0.317872455181195,3.1206186258419
569.7,0.183462549341742,1.54144591623515,0.317872428588054,3.12061851740882
569.8,0.183462578540299,1.5414463736289,0.317872402057278,3.12061840923003
569.9,0.183462607670386,1.54144683011286,0.317872375588721,3.12061830130493
570,0.18346263673216,1.5414472856888,0.317872349182237,3.12061819363293
570.1,0.183462665725783,1.54144774035854,0.317872322837679,3.12061808621344
570.2,0.183462694651415,1.54144819412387,0.317872296554903,3.12061797904587
570.3,0.183462723509214,1.54144864698657,0.317872270333764,3.12061787212962
570.4,0.183462752299341,1.54144909894843,0.317872244174117,3.1206177654641
570.5,0.183462781021954,1.54144955001125,0.317872218075819,3.12061765904874
570.6,0.18346280967721,1.54145000017679,0.317872192038725,3.12061755288293
570.7,0.183462838265269,1.54145044944684,0.31787216606269,3.1206174469661
570.8,0.183462866786286,1.54145089782316,0.317872140147575,3.12061734129766
570.9,0.183462895240421,1.54145134530754,0.317872114293233,3.12061723587702
571,0.183462923627829,1.54145179190173,0.317872088499524,3.12061713070362
571.1,0.183462951948667,1.5414522376075,0.317872062766305,3.12061702577686
571.2,0.183462980203092,1.5414526824266,0.317872037093433,3.12061692109618
571.3,0.183463008391258,1.54145312636079,0.317872011480768,3.12061681666098
571.4,0.183463036513321,1.54145356941184,0.317871985928169,3.1206167124707
571.5,0.183463064569437,1.54145401158147,0.317871960435494,3.12061660852476
571.6,0.183463092559759,1.54145445287144,0.317871935002604,3.1206165048226
571.7,0.183463120484443,1.5414548932835,0.317871909629356,3.12061640136363
571.8,0.183463148343641,1.54145533281937,0.317871884315614,3.12061629814729
571.9,0.183463176137509,1.5414557714808,0.317871859061235,3.12061619517301
572,0.183463203866198,1.54145620926952,0.317871833866082,3.12061609244021
572.1,0.183463231529861,1.54145664618725,0.317871808730016,3.12061598994834
572.2,0.183463259128652,1.54145708223573,0.317871783652896,3.12061588769683
572.3,0.183463286662722,1.54145751741666,0.317871758634586,3.12061578568512
572.4,0.183463314132223,1.54145795173177,0.317871733674948,3.12061568391264
572.5,0.183463341537307,1.54145838518278,0.317871708773844,3.12061558237884
572.6,0.183463368878123,1.54145881777139,0.317871683931137,3.12061548108314
572.7,0.183463396154825,1.54145924949933,0.317871659146688,3.120615380025
572.8,0.18346342336756,1.54145968036827,0.317871634420364,3.12061527920386
572.9,0.18346345051648,1.54146011037995,0.317871609752026,3.12061517861915
573,0.183463477601734,1.54146053953604,0.317871585141539,3.12061507827033
573.1,0.183463504623471,1.54146096783824,0.317871560588767,3.12061497815685
573.2,0.183463531581842,1.54146139528825,0.317871536093575,3.12061487827815
573.3,0.183463558476992,1.54146182188774,0.317871511655829,3.12061477863369
573.4,0.183463585309072,1.54146224763842,0.317871487275392,3.1206146792229
573.5,0.183463612078229,1.54146267254195,0.317871462952131,3.12061458004524
573.6,0.183463638784611,1.54146309660002,0.317871438685911,3.12061448110018
573.7,0.183463665428365,1.54146351981431,0.3178714144766,3.12061438238715
573.8,0.183463692009637,1.54146394218646,0.317871390324063,3.12061428390563
573.9,0.183463718528574,1.54146436371818,0.317871366228167,3.12061418565505
574,0.183463744985323,1.54146478441111,0.317871342188779,3.1206140876349
574.1,0.183463771380028,1.54146520426692,0.317871318205768,3.12061398984461
574.2,0.183463797712838,1.54146562328726,0.317871294279,3.12061389228366
574.3,0.183463823983894,1.54146604147379,0.317871270408344,3.1206137949515
574.4,0.183463850193343,1.54146645882816,0.317871246593668,3.1206136978476
574.5,0.183463876341329,1.54146687535203,0.317871222834841,3.12061360097143
574.6,0.183463902427996,1.54146729104703,0.317871199131733,3.12061350432245
574.7,0.183463928453489,1.54146770591481,0.317871175484211,3.12061340790012
574.8,0.183463954417949,1.54146811995701,0.317871151892147,3.12061331170392
574.9,0.183463980321522,1.54146853317525,0.317871128355409,3.12061321573331
575,0.183464006164348,1.54146894557119,0.317871104873868,3.12061311998778
575.1,0.183464031946572,1.54146935714643,0.317871081447396,3.12061302446677
575.2,0.183464057668335,1.54146976790262,0.317871058075861,3.12061292916978
575.3,0.183464083329777,1.54147017784137,0.317871034759137,3.12061283409628
575.4,0.183464108931043,1.5414705869643,0.317871011497093,3.12061273924574
575.5,0.183464134472271,1.54147099527303,0.317870988289603,3.12061264461764
575.6,0.183464159953603,1.54147140276916,0.317870965136538,3.12061255021146
575.7,0.18346418537518,1.54147180945433,0.31787094203777,3.12061245602668
575.8,0.183464210737141,1.54147221533011,0.317870918993173,3.12061236206277
575.9,0.183464236039627,1.54147262039813,0.317870896002618,3.12061226831922
576,0.183464261282777,1.54147302465998,0.31787087306598,3.12061217479552
576.1,0.183464286466729,1.54147342811726,0.317870850183131,3.12061208149115
576.2,0.183464311591624,1.54147383077157,0.317870827353946,3.12061198840558
576.3,0.183464336657598,1.54147423262449,0.3178708045783,3.12061189553833
576.4,0.183464361664791,1.54147463367761,0.317870781856065,3.12061180288885
576.5,0.183464386613341,1.54147503393252,0.317870759187118,3.12061171045666
576.6,0.183464411503383,1.54147543339079,0.317870736571333,3.12061161824124
576.7,0.183464436335058,1.54147583205402,0.317870714008585,3.12061152624207
576.8,0.183464461108499,1.54147622992376,0.31787069149875,3.12061143445866
576.9,0.183464485823845,1.54147662700161,0.317870669041704,3.12061134289049
577,0.183464510481232,1.54147702328911,0.317870646637323,3.12061125153707
577.1,0.183464535080796,1.54147741878785,0.317870624285485,3.12061116039788
577.2,0.183464559622671,1.54147781349938,0.317870601986064,3.12061106947243
577.3,0.183464584106994,1.54147820742526,0.317870579738939,3.12061097876022
577.4,0.183464608533899,1.54147860056705,0.317870557543987,3.12061088826074
577.5,0.183464632903522,1.54147899292631,0.317870535401086,3.12061079797349
577.6,0.183464657215995,1.54147938450457,0.317870513310113,3.12061070789799
577.7,0.183464681471454,1.54147977530341,0.317870491270946,3.12061061803373
577.8,0.183464705670032,1.54148016532435,0.317870469283465,3.12061052838021
577.9,0.183464729811862,1.54148055456894,0.317870447347548,3.12061043893694
578,0.183464753897078,1.54148094303871,0.317870425463074,3.12061034970344
578.1,0.183464777925811,1.5414813307352,0.317870403629923,3.1206102606792
578.2,0.183464801898196,1.54148171765996,0.317870381847973,3.12061017186373
578.3,0.183464825814364,1.54148210381449,0.317870360117106,3.12061008325656
578.4,0.183464849674446,1.54148248920034,0.317870338437201,3.12060999485718
578.5,0.183464873478574,1.54148287381902,0.317870316808138,3.12060990666511
578.6,0.183464897226879,1.54148325767205,0.3178702952298,3.12060981867987
578.7,0.183464920919494,1.54148364076096,0.317870273702065,3.12060973090096
578.8,0.183464944556546,1.54148402308725,0.317870252224816,3.12060964332791
578.9,0.183464968138168,1.54148440465245,0.317870230797935,3.12060955596024
579,0.183464991664489,1.54148478545804,0.317870209421303,3.12060946879746
579.1,0.183465015135638,1.54148516550555,0.317870188094803,3.12060938183909
579.2,0.183465038551747,1.54148554479648,0.317870166818317,3.12060929508464
579.3,0.183465061912941,1.54148592333231,0.317870145591728,3.12060920853366
579.4,0.183465085219352,1.54148630111456,0.317870124414918,3.12060912218565
579.5,0.183465108471108,1.54148667814472,0.31787010328777,3.12060903604014
579.6,0.183465131668336,1.54148705442426,0.31787008221017,3.12060895009665
579.7,0.183465154811165,1.5414874299547,0.317870061181999,3.12060886435471
579.8,0.183465177899722,1.54148780473749,0.317870040203143,3.12060877881386
579.9,0.183465200934134,1.54148817877414,0.317870019273486,3.12060869347361
580,0.183465223914528,1.54148855206612,0.317869998392912,3.1206086083335
580.1,0.183465246841032,1.5414889246149,0.317869977561306,3.12060852339306
580.2,0.18346526971377,1.54148929642196,0.317869956778553,3.12060843865182
580.3,0.18346529253287,1.54148966748877,0.31786993604454,3.1206083541093
580.4,0.183465315298457,1.54149003781679,0.31786991535915,3.12060826976505
580.5,0.183465338010658,1.54149040740749,0.317869894722272,3.12060818561861
580.6,0.183465360669595,1.54149077626234,0.31786987413379,3.12060810166951
580.7,0.183465383275396,1.54149114438279,0.31786985359359,3.12060801791727
580.8,0.183465405828183,1.54149151177028,0.317869833101562,3.12060793436145
580.9,0.183465428328083,1.54149187842629,0.31786981265759,3.12060785100158
581,0.183465450775218,1.54149224435226,0.317869792261562,3.12060776783721
581.1,0.183465473169713,1.54149260954964,0.317869771913367,3.12060768486787
581.2,0.183465495511691,1.54149297401987,0.317869751612891,3.1206076020931
581.3,0.183465517801274,1.54149333776438,0.317869731360023,3.12060751951246
581.4,0.183465540038586,1.54149370078463,0.317869711154651,3.12060743712548
581.5,0.18346556222375,1.54149406308205,0.317869690996664,3.12060735493171
581.6,0.183465584356888,1.54149442465807,0.317869670885951,3.1206072729307
581.7,0.183465606438122,1.54149478551412,0.317869650822399,3.12060719112199
581.8,0.183465628467572,1.54149514565162,0.317869630805901,3.12060710950515
581.9,0.183465650445362,1.541495505072,0.317869610836345,3.1206070280797
582,0.183465672371611,1.5414958637767,0.317869590913619,3.12060694684522
582.1,0.183465694246442,1.54149622176711,0.317869571037617,3.12060686580124
582.2,0.183465716069974,1.54149657904466,0.317869551208226,3.12060678494732
582.3,0.183465737842327,1.54149693561076,0.317869531425339,3.12060670428302
582.4,0.183465759563623,1.54149729146683,0.317869511688845,3.12060662380789
582.5,0.18346578123398,1.54149764661427,0.317869491998637,3.12060654352148
582.6,0.183465802853517,1.54149800105448,0.317869472354605,3.12060646342336
582.7,0.183465824422356,1.54149835478887,0.317869452756642,3.12060638351309
582.8,0.183465845940612,1.54149870781884,0.317869433204639,3.12060630379022
582.9,0.183465867408407,1.54149906014578,0.317869413698488,3.12060622425431
583,0.183465888825857,1.54149941177109,0.317869394238083,3.12060614490492
583.1,0.183465910193082,1.54149976269616,0.317869374823316,3.12060606574163
583.2,0.183465931510198,1.54150011292238,0.317869355454079,3.12060598676398
583.3,0.183465952777323,1.54150046245113,0.317869336130266,3.12060590797156
583.4,0.183465973994575,1.5415008112838,0.31786931685177,3.12060582936391
583.5,0.183465995162071,1.54150115942177,0.317869297618486,3.1206057509406
583.6,0.183466016279926,1.5415015068664,0.317869278430306,3.12060567270122
583.7,0.183466037348259,1.54150185361909,0.317869259287126,3.12060559464532
583.8,0.183466058367183,1.5415021996812,0.31786924018884,3.12060551677248
583.9,0.183466079336816,1.5415025450541,0.317869221135343,3.12060543908225
584,0.183466100257274,1.54150288973916,0.317869202126529,3.12060536157423
584.1,0.18346612112867,1.54150323373774,0.317869183162294,3.12060528424798
584.2,0.183466141951122,1.5415035770512,0.317869164242532,3.12060520710307
584.3,0.183466162724742,1.5415039196809,0.317869145367141,3.12060513013907
584.4,0.183466183449646,1.5415042616282,0.317869126536015,3.12060505335557
584.5,0.183466204125948,1.54150460289446,0.317869107749052,3.12060497675214
584.6,0.183466224753762,1.54150494348101,0.317869089006147,3.12060490032836
584.7,0.183466245333202,1.54150528338921,0.317869070307197,3.1206048240838
584.8,0.183466265864381,1.54150562262041,0.317869051652099,3.12060474801805
584.9,0.183466286347412,1.54150596117594,0.317869033040751,3.12060467213069
585,0.183466306782408,1.54150629905715,0.317869014473048,3.1206045964213
585.1,0.183466327169482,1.54150663626537,0.31786899594889,3.12060452088945
585.2,0.183466347508747,1.54150697280195,0.317868977468175,3.12060444553474
585.3,0.183466367800313,1.54150730866821,0.3178689590308,3.12060437035676
585.4,0.183466388044294,1.54150764386547,0.317868940636663,3.12060429535508
585.5,0.183466408240801,1.54150797839507,0.317868922285664,3.12060422052928
585.6,0.183466428389944,1.54150831225834,0.3178689039777,3.12060414587897
585.7,0.183466448491836,1.54150864545659,0.317868885712672,3.12060407140373
585.8,0.183466468546586,1.54150897799113,0.317868867490478,3.12060399710314
585.9,0.183466488554306,1.54150930986331,0.317868849311018,3.1206039229768
586,0.183466508515106,1.54150964107441,0.317868831174192,3.1206038490243
586.1,0.183466528429095,1.54150997162575,0.3178688130799,3.12060377524523
586.2,0.183466548296385,1.54151030151865,0.317868795028042,3.12060370163918
586.3,0.183466568117083,1.5415106307544,0.317868777018518,3.12060362820575
586.4,0.183466587891299,1.54151095933432,0.31786875905123,3.12060355494454
586.5,0.183466607619143,1.54151128725971,0.317868741126078,3.12060348185514
586.6,0.183466627300723,1.54151161453184,0.317868723242963,3.12060340893714
586.7,0.183466646936147,1.54151194115205,0.317868705401787,3.12060333619015
586.8,0.183466666525524,1.54151226712159,0.317868687602452,3.12060326361376
586.9,0.183466686068962,1.54151259244178,0.317868669844859,3.12060319120758
587,0.183466705566569,1.5415129171139,0.31786865212891,3.1206031189712
587.1,0.183466725018451,1.54151324113923,0.317868634454508,3.12060304690423
587.2,0.183466744424717,1.54151356451906,0.317868616821556,3.12060297500627
587.3,0.183466763785473,1.54151388725466,0.317868599229955,3.12060290327692
587.4,0.183466783100826,1.54151420934732,0.31786858167961,3.12060283171579
587.5,0.183466802370882,1.54151453079832,0.317868564170423,3.12060276032248
587.6,0.183466821595747,1.54151485160891,0.317868546702299,3.1206026890966
587.7,0.183466840775528,1.54151517178039,0.31786852927514,3.12060261803776
587.8,0.18346685991033,1.541515491314,0.317868511888851,3.12060254714556
587.9,0.18346687900026,1.54151581021102,0.317868494543334,3.12060247641962
588,0.183466898045421,1.54151612847271,0.317868477238496,3.12060240585954
588.1,0.183466917045919,1.54151644610033,0.317868459974241,3.12060233546494
588.2,0.183466936001859,1.54151676309514,0.317868442750474,3.12060226523542
588.3,0.183466954913344,1.54151707945839,0.317868425567099,3.12060219517061
588.4,0.183466973780481,1.54151739519135,0.317868408424022,3.1206021252701
588.5,0.183466992603371,1.54151771029525,0.317868391321148,3.12060205553353
588.6,0.18346701138212,1.54151802477134,0.317868374258383,3.1206019859605
588.7,0.183467030116831,1.54151833862088,0.317868357235633,3.12060191655064
588.8,0.183467048807606,1.5415186518451,0.317868340252804,3.12060184730355
588.9,0.18346706745455,1.54151896444525,0.317868323309803,3.12060177821885
589,0.183467086057764,1.54151927642256,0.317868306406536,3.12060170929617
589.1,0.183467104617351,1.54151958777827,0.31786828954291,3.12060164053513
589.2,0.183467123133415,1.54151989851361,0.317868272718832,3.12060157193535
589.3,0.183467141606055,1.54152020862982,0.31786825593421,3.12060150349644
589.4,0.183467160035376,1.54152051812811,0.31786823918895,3.12060143521803
589.5,0.183467178421477,1.54152082700973,0.31786822248296,3.12060136709975
589.6,0.183467196764461,1.54152113527588,0.317868205816149,3.12060129914122
589.7,0.183467215064429,1.5415214429278,0.317868189188423,3.12060123134206
589.8,0.18346723332148,1.5415217499667,0.317868172599694,3.1206011637019
589.9,0.183467251535717,1.54152205639379,0.317868156049867,3.12060109622037
590,0.183467269707239,1.5415223622103,0.317868139538852,3.12060102889709
590.1,0.183467287836147,1.54152266741743,0.317868123066559,3.12060096173171
590.2,0.183467305922541,1.5415229720164,0.317868106632895,3.12060089472383
590.3,0.183467323966519,1.5415232760084,0.317868090237772,3.12060082787311
590.4,0.183467341968183,1.54152357939464,0.317868073881097,3.12060076117915
590.5,0.18346735992763,1.54152388217633,0.317868057562782,3.1206006946416
590.6,0.183467377844961,1.54152418435467,0.317868041282736,3.1206006282601
590.7,0.183467395720273,1.54152448593085,0.317868025040869,3.12060056203427
590.8,0.183467413553665,1.54152478690606,0.317868008837092,3.12060049596375
590.9,0.183467431345236,1.54152508728151,0.317867992671316,3.12060043004819
591,0.183467449095084,1.54152538705838,0.317867976543451,3.1206003642872
591.1,0.183467466803305,1.54152568623785,0.317867960453409,3.12060029868044
591.2,0.18346748447,1.54152598482112,0.3178679444011,3.12060023322753
591.3,0.183467502095263,1.54152628280936,0.317867928386438,3.12060016792813
591.4,0.183467519679193,1.54152658020376,0.317867912409332,3.12060010278186
591.5,0.183467537221887,1.5415268770055,0.317867896469695,3.12060003778837
591.6,0.18346755472344,1.54152717321575,0.317867880567439,3.1205999729473
591.7,0.183467572183951,1.54152746883569,0.317867864702477,3.1205999082583
591.8,0.183467589603514,1.54152776386648,0.31786784887472,3.120599843721
591.9,0.183467606982227,1.5415280583093,0.317867833084082,3.12059977933505
592,0.183467624320184,1.54152835216532,0.317867817330476,3.1205997151001
592.1,0.183467641617481,1.54152864543569,0.317867801613815,3.1205996510158
592.2,0.183467658874215,1.54152893812158,0.317867785934012,3.12059958708178
592.3,0.183467676090479,1.54152923022416,0.317867770290981,3.12059952329769
592.4,0.183467693266369,1.54152952174457,0.317867754684636,3.1205994596632
592.5,0.183467710401979,1.54152981268397,0.31786773911489,3.12059939617793
592.6,0.183467727497404,1.54153010304353,0.317867723581657,3.12059933284155
592.7,0.183467744552738,1.54153039282438,0.317867708084852,3.12059926965371
592.8,0.183467761568075,1.54153068202768,0.317867692624391,3.12059920661405
592.9,0.183467778543509,1.54153097065457,0.317867677200187,3.12059914372223
593,0.183467795479134,1.5415312587062,0.317867661812155,3.1205990809779
593.1,0.183467812375042,1.5415315461837,0.31786764646021,3.12059901838072
593.2,0.183467829231327,1.54153183308823,0.317867631144269,3.12059895593034
593.3,0.183467846048082,1.54153211942091,0.317867615864246,3.12059889362642
593.4,0.1834678628254,1.54153240518288,0.317867600620057,3.12059883146861
593.5,0.183467879563373,1.54153269037528,0.317867585411618,3.12059876945657
593.6,0.183467896262093,1.54153297499922,0.317867570238846,3.12059870758997
593.7,0.183467912921653,1.54153325905586,0.317867555101656,3.12059864586844
593.8,0.183467929542143,1.54153354254629,0.317867539999966,3.12059858429167
593.9,0.183467946123657,1.54153382547167,0.317867524933692,3.12059852285931
594,0.183467962666284,1.54153410783309,0.317867509902751,3.12059846157101
594.1,0.183467979170117,1.54153438963169,0.31786749490706,3.12059840042645
594.2,0.183467995635247,1.54153467086859,0.317867479946536,3.12059833942528
594.3,0.183468012061763,1.54153495154488,0.317867465021098,3.12059827856717
594.4,0.183468028449757,1.5415352316617,0.317867450130662,3.12059821785179
594.5,0.18346804479932,1.54153551122015,0.317867435275146,3.12059815727879
594.6,0.18346806111054,1.54153579022133,0.31786742045447,3.12059809684784
594.7,0.183468077383509,1.54153606866636,0.317867405668549,3.12059803655862
594.8,0.183468093618315,1.54153634655633,0.317867390917306,3.12059797641079
594.9,0.183468109815049,1.54153662389236,0.317867376200656,3.12059791640401
595,0.183468125973799,1.54153690067554,0.317867361518519,3.12059785653796
595.1,0.183468142094654,1.54153717690696,0.317867346870814,3.12059779681231
595.2,0.183468158177705,1.54153745258773,0.31786733225746,3.12059773722672
595.3,0.183468174223038,1.54153772771893,0.317867317678378,3.12059767778087
595.4,0.183468190230742,1.54153800230166,0.317867303133486,3.12059761847444
595.5,0.183468206200907,1.54153827633701,0.317867288622704,3.12059755930708
595.6,0.18346822213362,1.54153854982606,0.317867274145953,3.12059750027849
595.7,0.183468238028968,1.5415388227699,0.317867259703151,3.12059744138832
595.8,0.183468253887039,1.5415390951696,0.317867245294221,3.12059738263627
595.9,0.183468269707922,1.54153936702626,0.317867230919082,3.120597324022
596,0.183468285491701,1.54153963834095,0.317867216577655,3.12059726554519
596.1,0.183468301238466,1.54153990911473,0.317867202269861,3.12059720720552
596.2,0.183468316948303,1.54154017934871,0.317867187995622,3.12059714900266
596.3,0.183468332621298,1.54154044904392,0.317867173754858,3.12059709093631
596.4,0.183468348257538,1.54154071820146,0.317867159547492,3.12059703300612
596.5,0.183468363857108,1.54154098682239,0.317867145373443,3.12059697521179
596.6,0.183468379420096,1.54154125490776,0.317867131232636,3.12059691755301
596.7,0.183468394946587,1.54154152245866,0.317867117124991,3.12059686002944
596.8,0.183468410436665,1.54154178947613,0.317867103050431,3.12059680264078
596.9,0.183468425890417,1.54154205596124,0.317867089008878,3.1205967453867
597,0.183468441307928,1.54154232191505,0.317867075000255,3.12059668826689
597.1,0.183468456689283,1.5415425873386,0.317867061024485,3.12059663128104
597.2,0.183468472034567,1.54154285223295,0.31786704708149,3.12059657442883
597.3,0.183468487343863,1.54154311659916,0.317867033171195,3.12059651770995
597.4,0.183468502617258,1.54154338043827,0.31786701929352,3.12059646112409
597.5,0.183468517854834,1.54154364375133,0.317867005448392,3.12059640467092
597.6,0.183468533056675,1.54154390653937,0.317866991635733,3.12059634835015
597.7,0.183468548222867,1.54154416880346,0.317866977855467,3.12059629216147
597.8,0.183468563353491,1.54154443054462,0.317866964107518,3.12059623610456
597.9,0.183468578448633,1.54154469176389,0.31786695039181,3.1205961801791
598,0.183468593508374,1.54154495246232,0.317866936708269,3.12059612438481
598.1,0.183468608532797,1.54154521264093,0.317866923056817,3.12059606872136
598.2,0.183468623521987,1.54154547230076,0.31786690943738,3.12059601318845
598.3,0.183468638476025,1.54154573144283,0.317866895849884,3.12059595778579
598.4,0.183468653394993,1.54154599006818,0.317866882294252,3.12059590251304
598.5,0.183468668278975,1.54154624817783,0.317866868770411,3.12059584736992
598.6,0.183468683128051,1.5415465057728,0.317866855278285,3.12059579235613
598.7,0.183468697942305,1.54154676285413,0.317866841817801,3.12059573747134
598.8,0.183468712721816,1.54154701942282,0.317866828388884,3.12059568271528
598.9,0.183468727466668,1.5415472754799,0.31786681499146,3.12059562808763
599,0.183468742176941,1.54154753102639,0.317866801625455,3.12059557358808
599.1,0.183468756852716,1.54154778606328,0.317866788290796,3.12059551921635
599.2,0.183468771494075,1.54154804059162,0.317866774987409,3.12059546497213
599.3,0.183468786101097,1.54154829461238,0.317866761715221,3.12059541085513
599.4,0.183468800673864,1.54154854812659,0.317866748474158,3.12059535686503
599.5,0.183468815212456,1.54154880113526,0.317866735264148,3.12059530300155
599.6,0.183468829716952,1.54154905363938,0.317866722085118,3.1205952492644
599.7,0.183468844187434,1.54154930563996,0.317866708936995,3.12059519565326
599.8,0.18346885862398,1.541549557138,0.317866695819706,3.12059514216786
599.9,0.183468873026671,1.5415498081345,0.31786668273318,3.12059508880789
600,0.183468887395585,1.54155005863045,0.317866669677344,3.12059503557305
600.1,0.183468901730802,1.54155030862685,0.317866656652126,3.12059498246306
600.2,0.183468916032401,1.54155055812469,0.317866643657455,3.12059492947762
600.3,0.18346893030046,1.54155080712495,0.317866630693258,3.12059487661645
600.4,0.183468944535059,1.54155105562864,0.317866617759465,3.12059482387924
600.5,0.183468958736276,1.54155130363673,0.317866604856004,3.12059477126571
600.6,0.183468972904188,1.54155155115021,0.317866591982804,3.12059471877557
600.7,0.183468987038875,1.54155179817006,0.317866579139793,3.12059466640853
600.8,0.183469001140414,1.54155204469727,0.317866566326902,3.1205946141643
600.9,0.183469015208883,1.5415522907328,0.317866553544059,3.12059456204258
601,0.18346902924436,1.54155253627764,0.317866540791194,3.12059451004311
601.1,0.183469043246921,1.54155278133277,0.317866528068237,3.12059445816558
601.2,0.183469057216644,1.54155302589915,0.317866515375117,3.12059440640972
601.3,0.183469071153606,1.54155326997775,0.317866502711765,3.12059435477523
601.4,0.183469085057884,1.54155351356955,0.317866490078111,3.12059430326184
601.5,0.183469098929554,1.54155375667552,0.317866477474085,3.12059425186925
601.6,0.183469112768693,1.5415539992966,0.317866464899617,3.12059420059719
601.7,0.183469126575378,1.54155424143378,0.317866452354639,3.12059414944536
601.8,0.183469140349683,1.54155448308801,0.317866439839081,3.12059409841351
601.9,0.183469154091686,1.54155472426025,0.317866427352875,3.12059404750132
602,0.183469167801462,1.54155496495147,0.31786641489595,3.12059399670854
602.1,0.183469181479086,1.5415552051626,0.31786640246824,3.12059394603487
602.2,0.183469195124635,1.54155544489461,0.317866390069675,3.12059389548005
602.3,0.183469208738182,1.54155568414845,0.317866377700186,3.12059384504378
602.4,0.183469222319804,1.54155592292507,0.317866365359706,3.1205937947258
602.5,0.183469235869575,1.54155616122542,0.317866353048166,3.12059374452582
602.6,0.183469249387569,1.54155639905045,0.317866340765499,3.12059369444357
602.7,0.183469262873863,1.54155663640109,0.317866328511637,3.12059364447877
602.8,0.183469276328528,1.54155687327829,0.317866316286513,3.12059359463115
602.9,0.183469289751641,1.54155710968299,0.317866304090059,3.12059354490043
603,0.183469303143274,1.54155734561614,0.317866291922208,3.12059349528633
603.1,0.183469316503502,1.54155758107866,0.317866279782892,3.1205934457886
603.2,0.183469329832398,1.5415578160715,0.317866267672045,3.12059339640694
603.3,0.183469343130036,1.54155805059557,0.317866255589601,3.12059334714109
603.4,0.183469356396489,1.54155828465183,0.317866243535492,3.12059329799078
603.5,0.183469369631829,1.54155851824119,0.317866231509652,3.12059324895573
603.6,0.183469382836131,1.54155875136458,0.317866219512014,3.12059320003568
603.7,0.183469396009468,1.54155898402294,0.317866207542513,3.12059315123036
603.8,0.18346940915191,1.54155921621718,0.317866195601083,3.1205931025395
603.9,0.183469422263532,1.54155944794822,0.317866183687657,3.12059305396282
604,0.183469435344405,1.541559679217,0.317866171802171,3.12059300550006
604.1,0.183469448394601,1.54155991002441,0.317866159944558,3.12059295715096
604.2,0.183469461414193,1.54156014037139,0.317866148114753,3.12059290891525
604.3,0.183469474403251,1.54156037025884,0.317866136312692,3.12059286079266
604.4,0.183469487361849,1.54156059968769,0.317866124538308,3.12059281278292
604.5,0.183469500290057,1.54156082865883,0.317866112791537,3.12059276488578
604.6,0.183469513187945,1.54156105717319,0.317866101072315,3.12059271710096
604.7,0.183469526055587,1.54156128523166,0.317866089380576,3.12059266942821
604.8,0.183469538893051,1.54156151283516,0.317866077716257,3.12059262186725
604.9,0.18346955170041,1.54156173998458,0.317866066079292,3.12059257441784
605,0.183469564477734,1.54156196668084,0.317866054469618,3.12059252707971
605.1,0.183469577225093,1.54156219292482,0.317866042887171,3.12059247985259
605.2,0.183469589942557,1.54156241871744,0.317866031331887,3.12059243273623
605.3,0.183469602630197,1.54156264405958,0.317866019803702,3.12059238573036
605.4,0.183469615288083,1.54156286895215,0.317866008302553,3.12059233883473
605.5,0.183469627916283,1.54156309339603,0.317865996828376,3.12059229204909
605.6,0.183469640514869,1.54156331739211,0.317865985381108,3.12059224537316
605.7,0.183469653083909,1.5415635409413,0.317865973960686,3.12059219880669
605.8,0.183469665623473,1.54156376404447,0.317865962567047,3.12059215234943
605.9,0.18346967813363,1.54156398670251,0.317865951200127,3.12059210600113
606,0.183469690614448,1.54156420891631,0.317865939859866,3.12059205976151
606.1,0.183469703065997,1.54156443068674,0.317865928546199,3.12059201363034
606.2,0.183469715488345,1.5415646520147,0.317865917259064,3.12059196760736
606.3,0.18346972788156,1.54156487290105,0.317865905998401,3.12059192169231
606.4,0.183469740245712,1.54156509334669,0.317865894764145,3.12059187588493
606.5,0.183469752580868,1.54156531335247,0.317865883556236,3.12059183018498
606.6,0.183469764887096,1.54156553291928,0.317865872374611,3.12059178459221
606.7,0.183469777164464,1.541565752048,0.31786586121921,3.12059173910636
606.8,0.183469789413039,1.54156597073948,0.317865850089969,3.12059169372719
606.9,0.18346980163289,1.5415661889946,0.317865838986829,3.12059164845443
607,0.183469813824083,1.54156640681423,0.317865827909728,3.12059160328785
607.1,0.183469825986686,1.54156662419923,0.317865816858605,3.12059155822719
607.2,0.183469838120766,1.54156684115047,0.317865805833397,3.12059151327221
607.3,0.183469850226389,1.5415670576688,0.317865794834047,3.12059146842266
607.4,0.183469862303623,1.5415672737551,0.317865783860492,3.12059142367828
607.5,0.183469874352534,1.54156748941021,0.317865772912671,3.12059137903884
607.6,0.183469886373188,1.541567704635,0.317865761990526,3.12059133450409
607.7,0.183469898365653,1.54156791943032,0.317865751093995,3.12059129007378
607.8,0.183469910329992,1.54156813379701,0.317865740223018,3.12059124574767
607.9,0.183469922266273,1.54156834773595,0.317865729377535,3.12059120152551
608,0.183469934174562,1.54156856124797,0.317865718557487,3.12059115740706
608.1,0.183469946054925,1.54156877433393,0.317865707762815,3.12059111339207
608.2,0.183469957907425,1.54156898699467,0.317865696993457,3.12059106948031
608.3,0.18346996973213,1.54156919923103,0.317865686249356,3.12059102567153
608.4,0.183469981529104,1.54156941104387,0.317865675530451,3.12059098196549
608.5,0.183469993298412,1.54156962243401,0.317865664836684,3.12059093836195
608.6,0.183470005040119,1.54156983340231,0.317865654167996,3.12059089486066
608.7,0.183470016754291,1.5415700439496,0.317865643524328,3.1205908514614
608.8,0.18347002844099,1.54157025407672,0.317865632905621,3.12059080816391
608.9,0.183470040100282,1.5415704637845,0.317865622311817,3.12059076496797
609,0.183470051732232,1.54157067307378,0.317865611742858,3.12059072187333
609.1,0.183470063336902,1.54157088194539,0.317865601198685,3.12059067887975
609.2,0.183470074914358,1.54157109040015,0.317865590679239,3.120590635987
609.3,0.183470086464663,1.5415712984389,0.317865580184464,3.12059059319484
609.4,0.18347009798788,1.54157150606247,0.317865569714301,3.12059055050303
609.5,0.183470109484074,1.54157171327168,0.317865559268692,3.12059050791135
609.6,0.183470120953307,1.54157192006735,0.31786554884758,3.12059046541956
609.7,0.183470132395643,1.54157212645031,0.317865538450908,3.12059042302741
609.8,0.183470143811145,1.54157233242137,0.317865528078617,3.12059038073468
609.9,0.183470155199876,1.54157253798137,0.317865517730651,3.12059033854114
610,0.183470166561898,1.5415727431311,0.317865507406954,3.12059029644654
610.1,0.183470177897274,1.54157294787139,0.317865497107467,3.12059025445067
610.2,0.183470189206068,1.54157315220306,0.317865486832134,3.12059021255328
610.3,0.18347020048834,1.5415733561269,0.317865476580899,3.12059017075415
610.4,0.183470211744153,1.54157355964375,0.317865466353705,3.12059012905305
610.5,0.18347022297357,1.5415737627544,0.317865456150495,3.12059008744975
610.6,0.183470234176652,1.54157396545966,0.317865445971215,3.12059004594401
610.7,0.183470245353461,1.54157416776034,0.317865435815805,3.12059000453561
610.8,0.183470256504059,1.54157436965725,0.317865425684213,3.12058996322433
610.9,0.183470267628506,1.54157457115117,0.317865415576381,3.12058992200992
611,0.183470278726865,1.54157477224293,0.317865405492253,3.12058988089217
611.1,0.183470289799196,1.54157497293331,0.317865395431775,3.12058983987084
611.2,0.183470300845561,1.54157517322312,0.31786538539489,3.12058979894572
611.3,0.18347031186602,1.54157537311314,0.317865375381544,3.12058975811658
611.4,0.183470322860635,1.54157557260419,0.31786536539168,3.12058971738319
611.5,0.183470333829465,1.54157577169704,0.317865355425245,3.12058967674533
611.6,0.183470344772572,1.5415759703925,0.317865345482183,3.12058963620277
611.7,0.183470355690015,1.54157616869134,0.317865335562439,3.12058959575529
611.8,0.183470366581855,1.54157636659437,0.317865325665959,3.12058955540267
611.9,0.183470377448152,1.54157656410236,0.317865315792688,3.12058951514468
612,0.183470388288966,1.5415767612161,0.317865305942571,3.12058947498111
612.1,0.183470399104356,1.54157695793638,0.317865296115555,3.12058943491172
612.2,0.183470409894382,1.54157715426399,0.317865286311585,3.1205893949363
612.3,0.183470420659104,1.54157735019969,0.317865276530607,3.12058935505464
612.4,0.18347043139858,1.54157754574427,0.317865266772567,3.1205893152665
612.5,0.183470442112871,1.5415777408985,0.317865257037412,3.12058927557168
612.6,0.183470452802035,1.54157793566317,0.317865247325087,3.12058923596995
612.7,0.183470463466132,1.54157813003905,0.31786523763554,3.12058919646109
612.8,0.183470474105219,1.5415783240269,0.317865227968716,3.12058915704488
612.9,0.183470484719355,1.54157851762752,0.317865218324563,3.12058911772112
613,0.1834704953086,1.54157871084165,0.317865208703027,3.12058907848958
613.1,0.183470505873011,1.54157890367007,0.317865199104055,3.12058903935004
613.2,0.183470516412647,1.54157909611356,0.317865189527594,3.12058900030229
613.3,0.183470526927566,1.54157928817286,0.317865179973592,3.12058896134611
613.4,0.183470537417825,1.54157947984876,0.317865170441997,3.1205889224813
613.5,0.183470547883483,1.541579671142,0.317865160932754,3.12058888370763
613.6,0.183470558324598,1.54157986205336,0.317865151445812,3.12058884502489
613.7,0.183470568741226,1.54158005258359,0.317865141981119,3.12058880643287
613.8,0.183470579133425,1.54158024273345,0.317865132538623,3.12058876793136
613.9,0.183470589501253,1.54158043250369,0.31786512311827,3.12058872952013
614,0.183470599844767,1.54158062189507,0.317865113720011,3.12058869119899
614.1,0.183470610164023,1.54158081090835,0.317865104343792,3.12058865296773
614.2,0.183470620459079,1.54158099954427,0.317865094989561,3.12058861482612
614.3,0.183470630729991,1.54158118780359,0.317865085657269,3.12058857677396
614.4,0.183470640976816,1.54158137568705,0.317865076346862,3.12058853881103
614.5,0.183470651199611,1.54158156319541,0.317865067058289,3.12058850093714
614.6,0.183470661398431,1.5415817503294,0.317865057791501,3.12058846315207
614.7,0.183470671573334,1.54158193708979,0.317865048546444,3.12058842545561
614.8,0.183470681724375,1.54158212347729,0.317865039323069,3.12058838784756
614.9,0.18347069185161,1.54158230949267,0.317865030121325,3.12058835032771
615,0.183470701955094,1.54158249513665,0.31786502094116,3.12058831289585
615.1,0.183470712034884,1.54158268040998,0.317865011782524,3.12058827555177
615.2,0.183470722091036,1.5415828653134,0.317865002645367,3.12058823829527
615.3,0.183470732123604,1.54158304984764,0.317864993529638,3.12058820112614
615.4,0.183470742132644,1.54158323401343,0.317864984435288,3.12058816404419
615.5,0.183470752118211,1.54158341781151,0.317864975362265,3.12058812704919
615.6,0.18347076208036,1.54158360124261,0.31786496631052,3.12058809014096
615.7,0.183470772019147,1.54158378430746,0.317864957280003,3.12058805331928
615.8,0.183470781934625,1.54158396700678,0.317864948270665,3.12058801658396
615.9,0.183470791826849,1.54158414934131,0.317864939282455,3.12058797993479
616,0.183470801695875,1.54158433131177,0.317864930315324,3.12058794337157
616.1,0.183470811541756,1.54158451291888,0.317864921369222,3.12058790689409
616.2,0.183470821364547,1.54158469416338,0.317864912444101,3.12058787050217
616.3,0.183470831164302,1.54158487504596,0.317864903539911,3.12058783419558
616.4,0.183470840941074,1.54158505556737,0.317864894656602,3.12058779797415
616.5,0.183470850694918,1.54158523572832,0.317864885794127,3.12058776183766
616.6,0.183470860425888,1.54158541552952,0.317864876952436,3.12058772578591
616.7,0.183470870134037,1.54158559497169,0.31786486813148,3.12058768981872
616.8,0.183470879819419,1.54158577405555,0.317864859331212,3.12058765393587
616.9,0.183470889482087,1.5415859527818,0.317864850551581,3.12058761813718
617,0.183470899122094,1.54158613115116,0.31786484179254,3.12058758242244
617.1,0.183470908739494,1.54158630916434,0.317864833054041,3.12058754679146
617.2,0.183470918334339,1.54158648682204,0.317864824336035,3.12058751124404
617.3,0.183470927906683,1.54158666412498,0.317864815638475,3.12058747577999
617.4,0.183470937456578,1.54158684107386,0.317864806961312,3.1205874403991
617.5,0.183470946984076,1.54158701766939,0.317864798304498,3.12058740510119
617.6,0.183470956489231,1.54158719391226,0.317864789667987,3.12058736988606
617.7,0.183470965972095,1.54158736980318,0.317864781051729,3.12058733475352
617.8,0.18347097543272,1.54158754534284,0.317864772455679,3.12058729970337
617.9,0.183470984871158,1.54158772053196,0.317864763879787,3.12058726473542
618,0.183470994287461,1.54158789537122,0.317864755324008,3.12058722984947
618.1,0.183471003681682,1.54158806986133,0.317864746788294,3.12058719504534
618.2,0.183471013053871,1.54158824400297,0.317864738272596,3.12058716032283
618.3,0.183471022404081,1.54158841779684,0.317864729776871,3.12058712568176
618.4,0.183471031732363,1.54158859124363,0.31786472130107,3.12058709112192
618.5,0.183471041038768,1.54158876434403,0.317864712845146,3.12058705664313
618.6,0.183471050323348,1.54158893709874,0.317864704409052,3.1205870222452
618.7,0.183471059586155,1.54158910950843,0.317864695992742,3.12058698792794
618.8,0.183471068827238,1.5415892815738,0.317864687596171,3.12058695369116
618.9,0.18347107804665,1.54158945329553,0.317864679219291,3.12058691953467
619,0.18347108724444,1.5415896246743,0.317864670862056,3.12058688545829
619.1,0.18347109642066,1.5415897957108,0.317864662524421,3.12058685146182
619.2,0.18347110557536,1.54158996640571,0.317864654206339,3.12058681754508
619.3,0.18347111470859,1.5415901367597,0.317864645907764,3.12058678370788
619.4,0.183471123820402,1.54159030677347,0.317864637628651,3.12058674995004
619.5,0.183471132910845,1.54159047644767,0.317864629368954,3.12058671627136
619.6,0.183471141979969,1.54159064578299,0.317864621128628,3.12058668267167
619.7,0.183471151027825,1.54159081478011,0.317864612907626,3.12058664915078
619.8,0.183471160054461,1.54159098343969,0.317864604705905,3.12058661570849
619.9,0.183471169059929,1.54159115176241,0.317864596523418,3.12058658234464
620,0.183471178044277,1.54159131974894,0.317864588360121,3.12058654905903
620.1,0.183471187007555,1.54159148739995,0.317864580215968,3.12058651585148
620.2,0.183471195949813,1.5415916547161,0.317864572090914,3.12058648272181
620.3,0.183471204871099,1.54159182169806,0.317864563984915,3.12058644966983
620.4,0.183471213771464,1.5415919883465,0.317864555897926,3.12058641669537
620.5,0.183471222650955,1.54159215466207,0.317864547829904,3.12058638379824
620.6,0.183471231509623,1.54159232064545,0.317864539780801,3.12058635097826
620.7,0.183471240347515,1.54159248629729,0.317864531750576,3.12058631823524
620.8,0.183471249164681,1.54159265161826,0.317864523739183,3.12058628556903
620.9,0.183471257961169,1.541592816609,0.317864515746578,3.12058625297941
621,0.183471266737028,1.54159298127019,0.317864507772717,3.12058622046622
621.1,0.183471275492306,1.54159314560247,0.317864499817556,3.12058618802929
621.2,0.183471284227051,1.5415933096065,0.317864491881052,3.12058615566842
621.3,0.183471292941312,1.54159347328293,0.317864483963161,3.12058612338345
621.4,0.183471301635136,1.54159363663241,0.317864476063838,3.12058609117419
621.5,0.183471310308572,1.5415937996556,0.317864468183041,3.12058605904047
621.6,0.183471318961666,1.54159396235315,0.317864460320726,3.12058602698211
621.7,0.183471327594468,1.54159412472569,0.317864452476849,3.12058599499893
621.8,0.183471336207024,1.54159428677389,0.317864444651367,3.12058596309075
621.9,0.183471344799383,1.54159444849838,0.317864436844238,3.12058593125741
622,0.18347135337159,1.54159460989981,0.317864429055418,3.12058589949873
622.1,0.183471361923694,1.54159477097882,0.317864421284865,3.12058586781452
622.2,0.183471370455743,1.54159493173606,0.317864413532534,3.12058583620462
622.3,0.183471378967781,1.54159509217216,0.317864405798385,3.12058580466885
622.4,0.183471387459858,1.54159525228776,0.317864398082373,3.12058577320704
622.5,0.183471395932019,1.54159541208351,0.317864390384457,3.12058574181901
622.6,0.183471404384311,1.54159557156003,0.317864382704594,3.12058571050459
622.7,0.183471412816781,1.54159573071797,0.317864375042742,3.12058567926361
622.8,0.183471421229476,1.54159588955795,0.317864367398858,3.1205856480959
622.9,0.183471429622441,1.54159604808062,0.3178643597729,3.12058561700128
623,0.183471437995723,1.5415962062866,0.317864352164828,3.12058558597959
623.1,0.183471446349368,1.54159636417651,0.317864344574596,3.12058555503064
623.2,0.183471454683423,1.54159652175101,0.317864337002166,3.12058552415428
623.3,0.183471462997933,1.5415966790107,0.317864329447494,3.12058549335033
623.4,0.183471471292943,1.54159683595621,0.31786432191054,3.12058546261862
623.5,0.1834714795685,1.54159699258818,0.317864314391261,3.12058543195898
623.6,0.18347148782465,1.54159714890722,0.317864306889616,3.12058540137124
623.7,0.183471496061437,1.54159730491396,0.317864299405564,3.12058537085524
623.8,0.183471504278908,1.54159746060902,0.317864291939064,3.1205853404108
623.9,0.183471512477107,1.54159761599303,0.317864284490074,3.12058531003776
624,0.18347152065608,1.54159777106659,0.317864277058553,3.12058527973596
624.1,0.183471528815872,1.54159792583033,0.317864269644461,3.12058524950521
624.2,0.183471536956527,1.54159808028486,0.317864262247755,3.12058521934536
624.3,0.183471545078091,1.5415982344308,0.317864254868397,3.12058518925625
624.4,0.183471553180609,1.54159838826877,0.317864247506344,3.12058515923769
624.5,0.183471561264125,1.54159854179938,0.317864240161558,3.12058512928954
624.6,0.183471569328683,1.54159869502323,0.317864232833995,3.12058509941162
624.7,0.183471577374329,1.54159884794095,0.317864225523617,3.12058506960377
624.8,0.183471585401106,1.54159900055313,0.317864218230384,3.12058503986583
624.9,0.183471593409058,1.54159915286039,0.317864210954255,3.12058501019762
625,0.183471601398231,1.54159930486334,0.317864203695189,3.12058498059899
625.1,0.183471609368668,1.54159945656257,0.317864196453148,3.12058495106978
625.2,0.183471617320412,1.54159960795871,0.31786418922809,3.12058492160983
625.3,0.183471625253508,1.54159975905233,0.317864182019977,3.12058489221896
625.4,0.183471633168,1.54159990984406,0.317864174828767,3.12058486289701
625.5,0.18347164106393,1.5416000603345,0.317864167654423,3.12058483364383
625.6,0.183471648941343,1.54160021052423,0.317864160496904,3.12058480445926
625.7,0.183471656800283,1.54160036041387,0.31786415335617,3.12058477534313
625.8,0.183471664640791,1.541600510004,0.317864146232183,3.12058474629528
625.9,0.183471672462912,1.54160065929523,0.317864139124903,3.12058471731556
626,0.183471680266689,1.54160080828814,0.31786413203429,3.1205846884038
626.1,0.183471688052164,1.54160095698334,0.317864124960307,3.12058465955984
626.2,0.183471695819382,1.54160110538142,0.317864117902913,3.12058463078353
626.3,0.183471703568383,1.54160125348296,0.317864110862071,3.1205846020747
626.4,0.183471711299212,1.54160140128856,0.317864103837741,3.1205845734332
626.5,0.18347171901191,1.54160154879881,0.317864096829883,3.12058454485887
626.6,0.183471726706521,1.54160169601429,0.317864089838461,3.12058451635155
626.7,0.183471734383087,1.5416018429356,0.317864082863435,3.12058448791109
626.8,0.183471742041649,1.54160198956331,0.317864075904767,3.12058445953732
626.9,0.183471749682251,1.54160213589802,0.317864068962418,3.1205844312301
627,0.183471757304934,1.5416022819403,0.31786406203635,3.12058440298927
627.1,0.18347176490974,1.54160242769074,0.317864055126525,3.12058437481466
627.2,0.183471772496712,1.54160257314992,0.317864048232905,3.12058434670613
627.3,0.183471780065891,1.54160271831841,0.317864041355452,3.12058431866352
627.4,0.183471787617318,1.54160286319681,0.317864034494127,3.12058429068667
627.5,0.183471795151037,1.54160300778568,0.317864027648895,3.12058426277544
627.6,0.183471802667087,1.54160315208561,0.317864020819714,3.12058423492966
627.7,0.183471810165511,1.54160329609716,0.317864014006551,3.12058420714918
627.8,0.183471817646349,1.54160343982091,0.317864007209365,3.12058417943386
627.9,0.183471825109644,1.54160358325744,0.31786400042812,3.12058415178354
628,0.183471832555435,1.54160372640732,0.317863993662777,3.12058412419805
628.1,0.183471839983765,1.54160386927111,0.317863986913301,3.12058409667727
628.2,0.183471847394675,1.54160401184939,0.317863980179654,3.12058406922102
628.3,0.183471854788204,1.54160415414273,0.317863973461799,3.12058404182917
628.4,0.183471862164394,1.54160429615169,0.317863966759698,3.12058401450155
628.5,0.183471869523285,1.54160443787684,0.317863960073315,3.12058398723802
628.6,0.183471876864918,1.54160457931874,0.317863953402613,3.12058396003843
628.7,0.183471884189334,1.54160472047797,0.317863946747555,3.12058393290263
628.8,0.183471891496573,1.54160486135507,0.317863940108104,3.12058390583047
628.9,0.183471898786674,1.54160500195062,0.317863933484225,3.1205838788218
629,0.183471906059679,1.54160514226518,0.317863926875879,3.12058385187647
629.1,0.183471913315628,1.5416052822993,0.317863920283031,3.12058382499433
629.2,0.18347192055456,1.54160542205354,0.317863913705644,3.12058379817523
629.3,0.183471927776516,1.54160556152846,0.317863907143683,3.12058377141903
629.4,0.183471934981534,1.54160570072461,0.317863900597111,3.12058374472557
629.5,0.183471942169656,1.54160583964256,0.317863894065891,3.12058371809472
629.6,0.18347194934092,1.54160597828286,0.317863887549989,3.12058369152633
629.7,0.183471956495366,1.54160611664605,0.317863881049368,3.12058366502024
629.8,0.183471963633033,1.5416062547327,0.317863874563992,3.12058363857631
629.9,0.183471970753961,1.54160639254334,0.317863868093825,3.1205836121944
630,0.18347197785819,1.54160653007854,0.317863861638832,3.12058358587436
630.1,0.183471984945757,1.54160666733883,0.317863855198977,3.12058355961604
630.2,0.183471992016703,1.54160680432477,0.317863848774225,3.12058353341931
630.3,0.183471999071066,1.54160694103691,0.317863842364541,3.12058350728401
630.4,0.183472006108885,1.54160707747578,0.317863835969888,3.12058348121001
630.5,0.1834720131302,1.54160721364194,0.317863829590232,3.12058345519715
630.6,0.183472020135047,1.54160734953592,0.317863823225538,3.1205834292453
630.7,0.183472027123468,1.54160748515828,0.317863816875769,3.12058340335431
630.8,0.183472034095499,1.54160762050953,0.317863810540892,3.12058337752404
630.9,0.183472041051179,1.54160775559025,0.317863804220873,3.12058335175435
631,0.183472047990547,1.54160789040094,0.317863797915674,3.12058332604509
631.1,0.183472054913641,1.54160802494217,0.317863791625262,3.12058330039613
631.2,0.183472061820498,1.54160815921446,0.317863785349603,3.12058327480732
631.3,0.183472068711158,1.54160829321834,0.317863779088661,3.12058324927851
631.4,0.183472075585658,1.54160842695436,0.317863772842402,3.12058322380958
631.5,0.183472082444036,1.54160856042305,0.317863766610792,3.12058319840038
631.6,0.18347208928633,1.54160869362493,0.317863760393797,3.12058317305077
631.7,0.183472096112577,1.54160882656055,0.317863754191381,3.1205831477606
631.8,0.183472102922816,1.54160895923043,0.317863748003511,3.12058312252975
631.9,0.183472109717083,1.5416090916351,0.317863741830153,3.12058309735807
632,0.183472116495416,1.54160922377508,0.317863735671272,3.12058307224542
632.1,0.183472123257853,1.54160935565091,0.317863729526836,3.12058304719166
632.2,0.18347213000443,1.54160948726312,0.317863723396809,3.12058302219666
632.3,0.183472136735186,1.54160961861222,0.317863717281158,3.12058299726028
632.4,0.183472143450156,1.54160974969875,0.31786371117985,3.12058297238237
632.5,0.183472150149379,1.54160988052321,0.31786370509285,3.12058294756282
632.6,0.183472156832891,1.54161001108615,0.317863699020126,3.12058292280147
632.7,0.183472163500729,1.54161014138807,0.317863692961642,3.12058289809819
632.8,0.183472170152929,1.5416102714295,0.317863686917368,3.12058287345284
632.9,0.183472176789528,1.54161040121096,0.317863680887269,3.1205828488653
633,0.183472183410564,1.54161053073296,0.317863674871311,3.12058282433541
633.1,0.183472190016072,1.54161065999602,0.317863668869462,3.12058279986305
633.2,0.183472196606089,1.54161078900066,0.317863662881688,3.12058277544808
633.3,0.18347220318065,1.54161091774739,0.317863656907957,3.12058275109038
633.4,0.183472209739793,1.54161104623673,0.317863650948236,3.12058272678979
633.5,0.183472216283554,1.54161117446918,0.317863645002491,3.1205827025462
633.6,0.183472222811968,1.54161130244527,0.31786363907069,3.12058267835946
633.7,0.183472229325072,1.5416114301655,0.3178636331528,3.12058265422944
633.8,0.183472235822902,1.54161155763037,0.317863627248789,3.12058263015601
633.9,0.183472242305492,1.54161168484041,0.317863621358624,3.12058260613904
634,0.18347224877288,1.54161181179612,0.317863615482272,3.12058258217839
634.1,0.183472255225101,1.541611938498,0.317863609619702,3.12058255827394
634.2,0.18347226166219,1.54161206494656,0.31786360377088,3.12058253442555
634.3,0.183472268084182,1.5416121911423,0.317863597935775,3.12058251063308
634.4,0.183472274491114,1.54161231708573,0.317863592114355,3.12058248689642
634.5,0.18347228088302,1.54161244277735,0.317863586306587,3.12058246321542
634.6,0.183472287259936,1.54161256821767,0.317863580512439,3.12058243958996
634.7,0.183472293621897,1.54161269340718,0.317863574731879,3.1205824160199
634.8,0.183472299968938,1.54161281834638,0.317863568964877,3.12058239250513
634.9,0.183472306301094,1.54161294303578,0.317863563211398,3.12058236904549
635,0.1834723126184,1.54161306747586,0.317863557471413,3.12058234564088
635.1,0.18347231892089,1.54161319166713,0.317863551744889,3.12058232229115
635.2,0.1834723252086,1.54161331561009,0.317863546031795,3.12058229899618
635.3,0.183472331481564,1.54161343930521,0.317863540332099,3.12058227575585
635.4,0.183472337739816,1.54161356275302,0.317863534645771,3.12058225257001
635.5,0.183472343983392,1.54161368595398,0.317863528972777,3.12058222943856
635.6,0.183472350212326,1.5416138089086,0.317863523313088,3.12058220636134
635.7,0.183472356426651,1.54161393161737,0.317863517666672,3.12058218333825
635.8,0.183472362626402,1.54161405408077,0.317863512033498,3.12058216036916
635.9,0.183472368811614,1.54161417629929,0.317863506413535,3.12058213745393
636,0.18347237498232,1.54161429827343,0.317863500806752,3.12058211459244
636.1,0.183472381138555,1.54161442000367,0.317863495213118,3.12058209178457
636.2,0.183472387280353,1.5416145414905,0.317863489632601,3.12058206903018
636.3,0.183472393407746,1.5416146627344,0.317863484065173,3.12058204632916
636.4,0.18347239952077,1.54161478373585,0.317863478510801,3.12058202368138
636.5,0.183472405619457,1.54161490449534,0.317863472969455,3.12058200108671
636.6,0.183472411703842,1.54161502501335,0.317863467441104,3.12058197854503
636.7,0.183472417773958,1.54161514529037,0.317863461925718,3.12058195605621
636.8,0.183472423829838,1.54161526532686,0.317863456423268,3.12058193362014
636.9,0.183472429871515,1.54161538512332,0.317863450933721,3.12058191123668
637,0.183472435899024,1.54161550468021,0.317863445457049,3.12058188890571
637.1,0.183472441912397,1.54161562399802,0.31786343999322,3.12058186662712
637.2,0.183472447911668,1.54161574307723,0.317863434542205,3.12058184440077
637.3,0.183472453896869,1.54161586191831,0.317863429103974,3.12058182222655
637.4,0.183472459868034,1.54161598052173,0.317863423678497,3.12058180010433
637.5,0.183472465825195,1.54161609888797,0.317863418265743,3.120581778034
637.6,0.183472471768385,1.54161621701749,0.317863412865683,3.12058175601542
637.7,0.183472477697638,1.54161633491078,0.317863407478288,3.12058173404847
637.8,0.183472483612985,1.5416164525683,0.317863402103527,3.12058171213305
637.9,0.183472489514459,1.54161656999052,0.317863396741371,3.12058169026902
638,0.183472495402094,1.54161668717792,0.31786339139179,3.12058166845627
638.1,0.183472501275921,1.54161680413095,0.317863386054755,3.12058164669467
638.2,0.183472507135972,1.54161692085009,0.317863380730236,3.12058162498411
638.3,0.183472512982281,1.54161703733581,0.317863375418205,3.12058160332447
638.4,0.183472518814878,1.54161715358856,0.317863370118631,3.12058158171562
638.5,0.183472524633798,1.54161726960881,0.317863364831485,3.12058156015744
638.6,0.18347253043907,1.54161738539703,0.317863359556739,3.12058153864983
638.7,0.183472536230728,1.54161750095368,0.317863354294363,3.12058151719265
638.8,0.183472542008804,1.54161761627921,0.317863349044329,3.1205814957858
638.9,0.183472547773328,1.5416177313741,0.317863343806607,3.12058147442914
639,0.183472553524334,1.5416178462388,0.317863338581168,3.12058145312258
639.1,0.183472559261853,1.54161796087376,0.317863333367984,3.12058143186598
639.2,0.183472564985916,1.54161807527946,0.317863328167026,3.12058141065923
639.3,0.183472570696555,1.54161818945633,0.317863322978265,3.12058138950222
639.4,0.183472576393801,1.54161830340485,0.317863317801673,3.12058136839482
639.5,0.183472582077686,1.54161841712546,0.317863312637221,3.12058134733693
639.6,0.183472587748241,1.54161853061862,0.317863307484881,3.12058132632842
639.7,0.183472593405498,1.54161864388479,0.317863302344624,3.12058130536918
639.8,0.183472599049487,1.5416187569244,0.317863297216422,3.12058128445909
639.9,0.18347260468024,1.54161886973793,0.317863292100246,3.12058126359804
640,0.183472610297788,1.54161898232581,0.317863286996069,3.12058124278592
640.1,0.183472615902161,1.5416190946885,0.317863281903862,3.1205812220226
640.2,0.183472621493391,1.54161920682644,0.317863276823597,3.12058120130798
640.3,0.183472627071509,1.54161931874009,0.317863271755247,3.12058118064193
640.4,0.183472632636545,1.54161943042989,0.317863266698782,3.12058116002435
640.5,0.183472638188529,1.54161954189629,0.317863261654176,3.12058113945513
640.6,0.183472643727493,1.54161965313973,0.317863256621401,3.12058111893415
640.7,0.183472649253468,1.54161976416066,0.317863251600429,3.12058109846128
640.8,0.183472654766482,1.54161987495951,0.317863246591231,3.12058107803643
640.9,0.183472660266568,1.54161998553675,0.317863241593782,3.12058105765949
641,0.183472665753754,1.54162009589279,0.317863236608052,3.12058103733033
641.1,0.183472671228072,1.5416202060281,0.317863231634015,3.12058101704885
641.2,0.183472676689552,1.54162031594309,0.317863226671643,3.12058099681493
641.3,0.183472682138224,1.54162042563823,0.317863221720909,3.12058097662846
641.4,0.183472687574117,1.54162053511394,0.317863216781785,3.12058095648933
641.5,0.183472692997262,1.54162064437066,0.317863211854243,3.12058093639744
641.6,0.183472698407689,1.54162075340882,0.317863206938259,3.12058091635266
641.7,0.183472703805427,1.54162086222888,0.317863202033803,3.12058089635489
641.8,0.183472709190506,1.54162097083124,0.317863197140849,3.12058087640403
641.9,0.183472714562957,1.54162107921637,0.31786319225937,3.12058085649994
642,0.183472719922808,1.54162118738467,0.317863187389339,3.12058083664254
642.1,0.183472725270088,1.5416212953366,0.317863182530729,3.12058081683171
642.2,0.183472730604829,1.54162140307257,0.317863177683514,3.12058079706734
642.3,0.183472735927058,1.54162151059302,0.317863172847666,3.12058077734932
642.4,0.183472741236806,1.54162161789839,0.317863168023159,3.12058075767754
642.5,0.183472746534101,1.54162172498908,0.317863163209966,3.1205807380519
642.6,0.183472751818973,1.54162183186555,0.317863158408062,3.12058071847228
642.7,0.183472757091451,1.54162193852821,0.317863153617419,3.12058069893858
642.8,0.183472762351564,1.54162204497749,0.317863148838011,3.12058067945069
642.9,0.18347276759934,1.54162215121381,0.317863144069812,3.12058066000851
643,0.18347277283481,1.5416222572376,0.317863139312795,3.12058064061192
643.1,0.183472778058002,1.54162236304929,0.317863134566934,3.12058062126082
643.2,0.183472783268944,1.54162246864929,0.317863129832203,3.1205806019551
643.3,0.183472788467665,1.54162257403803,0.317863125108576,3.12058058269465
643.4,0.183472793654194,1.54162267921593,0.317863120396027,3.12058056347938
643.5,0.18347279882856,1.54162278418341,0.317863115694529,3.12058054430917
643.6,0.183472803990791,1.54162288894089,0.317863111004057,3.12058052518391
643.7,0.183472809140916,1.54162299348879,0.317863106324586,3.12058050610352
643.8,0.183472814278962,1.54162309782753,0.317863101656089,3.12058048706786
643.9,0.183472819404959,1.54162320195751,0.31786309699854,3.12058046807685
644,0.183472824518934,1.54162330587917,0.317863092351914,3.12058044913038
644.1,0.183472829620915,1.54162340959291,0.317863087716186,3.12058043022834
644.2,0.183472834710932,1.54162351309915,0.317863083091329,3.12058041137063
644.3,0.183472839789011,1.54162361639831,0.317863078477318,3.12058039255714
644.4,0.183472844855182,1.54162371949079,0.317863073874129,3.12058037378778
644.5,0.183472849909471,1.541623822377,0.317863069281734,3.12058035506243
644.6,0.183472854951907,1.54162392505737,0.31786306470011,3.120580336381
644.7,0.183472859982517,1.5416240275323,0.31786306012923,3.12058031774338
644.8,0.18347286500133,1.5416241298022,0.31786305556907,3.12058029914947
644.9,0.183472870008372,1.54162423186747,0.317863051019604,3.12058028059917
645,0.183472875003672,1.54162433372853,0.317863046480808,3.12058026209236
645.1,0.183472879987257,1.54162443538579,0.317863041952656,3.12058024362897
645.2,0.183472884959154,1.54162453683965,0.317863037435124,3.12058022520887
645.3,0.183472889919391,1.54162463809051,0.317863032928186,3.12058020683197
645.4,0.183472894867996,1.54162473913878,0.317863028431817,3.12058018849816
645.5,0.183472899804994,1.54162483998487,0.317863023945994,3.12058017020736
645.6,0.183472904730415,1.54162494062918,0.31786301947069,3.12058015195945
645.7,0.183472909644285,1.54162504107211,0.317863015005882,3.12058013375433
645.8,0.18347291454663,1.54162514131405,0.317863010551545,3.12058011559191
645.9,0.183472919437479,1.54162524135542,0.317863006107654,3.12058009747209
646,0.183472924316857,1.54162534119662,0.317863001674185,3.12058007939475
646.1,0.183472929184793,1.54162544083803,0.317862997251114,3.12058006135982
646.2,0.183472934041312,1.54162554028007,0.317862992838415,3.12058004336717
646.3,0.183472938886441,1.54162563952312,0.317862988436065,3.12058002541673
646.4,0.183472943720208,1.54162573856759,0.31786298404404,3.12058000750838
646.5,0.183472948542639,1.54162583741387,0.317862979662314,3.12057998964203
646.6,0.183472953353759,1.54162593606235,0.317862975290865,3.12057997181758
646.7,0.183472958153598,1.54162603451344,0.317862970929667,3.12057995403494
646.8,0.183472962942179,1.54162613276752,0.317862966578697,3.12057993629399
646.9,0.18347296771953,1.54162623082499,0.317862962237931,3.12057991859465
647,0.183472972485677,1.54162632868623,0.317862957907345,3.12057990093682
647.1,0.183472977240646,1.54162642635165,0.317862953586916,3.12057988332041
647.2,0.183472981984465,1.54162652382163,0.317862949276618,3.1205798657453
647.3,0.183472986717158,1.54162662109656,0.317862944976429,3.12057984821142
647.4,0.183472991438752,1.54162671817683,0.317862940686325,3.12057983071865
647.5,0.183472996149272,1.54162681506283,0.317862936406282,3.12057981326691
647.6,0.183473000848746,1.54162691175494,0.317862932136276,3.1205797958561
647.7,0.183473005537198,1.54162700825356,0.317862927876285,3.12057977848611
647.8,0.183473010214655,1.54162710455906,0.317862923626284,3.12057976115686
647.9,0.183473014881143,1.54162720067184,0.31786291938625,3.12057974386825
648,0.183473019536686,1.54162729659228,0.31786291515616,3.12057972662019
648.1,0.183473024181311,1.54162739232076,0.31786291093599,3.12057970941258
648.2,0.183473028815044,1.54162748785766,0.317862906725717,3.12057969224533
648.3,0.18347303343791,1.54162758320337,0.317862902525318,3.12057967511833
648.4,0.183473038049934,1.54162767835827,0.31786289833477,3.12057965803151
648.5,0.183473042651142,1.54162777332274,0.31786289415405,3.12057964098475
648.6,0.183473047241559,1.54162786809716,0.317862889983134,3.12057962397797
648.7,0.183473051821211,1.5416279626819,0.317862885822,3.12057960701107
648.8,0.183473056390122,1.54162805707735,0.317862881670624,3.12057959008397
648.9,0.183473060948318,1.54162815128388,0.317862877528984,3.12057957319656
649,0.183473065495825,1.54162824530188,0.317862873397057,3.12057955634876
649.1,0.183473070032666,1.54162833913171,0.317862869274821,3.12057953954047
649.2,0.183473074558868,1.54162843277375,0.317862865162252,3.1205795227716
649.3,0.183473079074455,1.54162852622838,0.317862861059327,3.12057950604205
649.4,0.183473083579452,1.54162861949597,0.317862856966025,3.12057948935174
649.5,0.183473088073884,1.5416287125769,0.317862852882322,3.12057947270057
649.6,0.183473092557775,1.54162880547152,0.317862848808197,3.12057945608845
649.7,0.183473097031151,1.54162889818023,0.317862844743626,3.12057943951529
649.8,0.183473101494036,1.54162899070339,0.317862840688588,3.120579422981
649.9,0.183473105946454,1.54162908304136,0.317862836643059,3.12057940648548
650,0.183473110388431,1.54162917519452,0.317862832607017,3.12057939002865
650.1,0.18347311481999,1.54162926716324,0.317862828580442,3.12057937361041
650.2,0.183473119241157,1.54162935894789,0.317862824563309,3.12057935723067
650.3,0.183473123651954,1.54162945054882,0.317862820555597,3.12057934088936
650.4,0.183473128052408,1.54162954196642,0.317862816557284,3.12057932458636
650.5,0.183473132442541,1.54162963320103,0.317862812568348,3.1205793083216
650.6,0.183473136822379,1.54162972425304,0.317862808588767,3.12057929209498
650.7,0.183473141191945,1.5416298151228,0.317862804618518,3.12057927590642
650.8,0.183473145551263,1.54162990581068,0.317862800657581,3.12057925975582
650.9,0.183473149900359,1.54162999631704,0.317862796705933,3.1205792436431
651,0.183473154239254,1.54163008664224,0.317862792763552,3.12057922756816
651.1,0.183473158567974,1.54163017678665,0.317862788830417,3.12057921153093
651.2,0.183473162886542,1.54163026675061,0.317862784906505,3.1205791955313
651.3,0.183473167194982,1.54163035653451,0.317862780991796,3.1205791795692
651.4,0.183473171493318,1.54163044613868,0.317862777086268,3.12057916364453
651.5,0.183473175781574,1.5416305355635,0.317862773189899,3.12057914775721
651.6,0.183473180059772,1.54163062480932,0.317862769302668,3.12057913190715
651.7,0.183473184327938,1.5416307138765,0.317862765424553,3.12057911609425
651.8,0.183473188586093,1.54163080276538,0.317862761555534,3.12057910031845
651.9,0.183473192834263,1.54163089147634,0.317862757695588,3.12057908457964
652,0.18347319707247,1.54163098000973,0.317862753844694,3.12057906887774
652.1,0.183473201300736,1.54163106836589,0.317862750002831,3.12057905321266
652.2,0.183473205519088,1.54163115654518,0.317862746169978,3.12057903758433
652.3,0.183473209727545,1.54163124454796,0.317862742346114,3.12057902199264
652.4,0.183473213926134,1.54163133237457,0.317862738531218,3.12057900643752
652.5,0.183473218114875,1.54163142002538,0.317862734725268,3.12057899091888
652.6,0.183473222293794,1.54163150750072,0.317862730928244,3.12057897543664
652.7,0.183473226462911,1.54163159480096,0.317862727140125,3.1205789599907
652.8,0.183473230622252,1.54163168192643,0.31786272336089,3.12057894458098
652.9,0.183473234771838,1.54163176887749,0.317862719590517,3.12057892920741
653,0.183473238911692,1.54163185565449,0.317862715828987,3.12057891386989
653.1,0.183473243041837,1.54163194225777,0.317862712076278,3.12057889856834
653.2,0.183473247162297,1.54163202868768,0.317862708332371,3.12057888330267
653.3,0.183473251273093,1.54163211494457,0.317862704597243,3.12057886807281
653.4,0.183473255374248,1.54163220102877,0.317862700870875,3.12057885287866
653.5,0.183473259465785,1.54163228694064,0.317862697153246,3.12057883772014
653.6,0.183473263547727,1.54163237268053,0.317862693444336,3.12057882259718
653.7,0.183473267620096,1.54163245824876,0.317862689744124,3.12057880750968
653.8,0.183473271682914,1.54163254364569,0.31786268605259,3.12057879245757
653.9,0.183473275736204,1.54163262887166,0.317862682369713,3.12057877744075
654,0.183473279779988,1.541632713927,0.317862678695473,3.12057876245915
654.1,0.183473283814289,1.54163279881207,0.31786267502985,3.12057874751269
654.2,0.183473287839128,1.54163288352719,0.317862671372824,3.12057873260128
654.3,0.183473291854529,1.54163296807271,0.317862667724373,3.12057871772484
654.4,0.183473295860512,1.54163305244897,0.31786266408448,3.12057870288329
654.5,0.1834732998571,1.5416331366563,0.317862660453123,3.12057868807654
654.6,0.183473303844316,1.54163322069504,0.317862656830281,3.12057867330452
654.7,0.183473307822181,1.54163330456553,0.317862653215936,3.12057865856715
654.8,0.183473311790716,1.54163338826811,0.317862649610068,3.12057864386433
654.9,0.183473315749945,1.5416334718031,0.317862646012656,3.12057862919599
655,0.183473319699889,1.54163355517084,0.31786264242368,3.12057861456206
655.1,0.183473323640569,1.54163363837167,0.317862638843122,3.12057859996245
655.2,0.183473327572007,1.54163372140592,0.31786263527096,3.12057858539707
655.3,0.183473331494226,1.54163380427393,0.317862631707176,3.12057857086585
655.4,0.183473335407245,1.54163388697601,0.31786262815175,3.12057855636871
655.5,0.183473339311089,1.54163396951252,0.317862624604662,3.12057854190557
655.6,0.183473343205776,1.54163405188376,0.317862621065892,3.12057852747635
655.7,0.18347334709133,1.54163413409009,0.317862617535422,3.12057851308097
655.8,0.183473350967772,1.54163421613182,0.317862614013231,3.12057849871935
655.9,0.183473354835122,1.54163429800928,0.3178626104993,3.12057848439141
656,0.183473358693403,1.5416343797228,0.317862606993611,3.12057847009707
656.1,0.183473362542635,1.54163446127271,0.317862603496142,3.12057845583625
656.2,0.18347336638284,1.54163454265934,0.317862600006877,3.12057844160888
656.3,0.183473370214038,1.541634623883,0.317862596525794,3.12057842741488
656.4,0.183473374036252,1.54163470494403,0.317862593052875,3.12057841325416
656.5,0.183473377849502,1.54163478584276,0.317862589588101,3.12057839912665
656.6,0.183473381653809,1.54163486657949,0.317862586131452,3.12057838503227
656.7,0.183473385449194,1.54163494715457,0.317862582682909,3.12057837097095
656.8,0.183473389235678,1.5416350275683,0.317862579242454,3.1205783569426
656.9,0.183473393013282,1.54163510782102,0.317862575810069,3.12057834294716
657,0.183473396782027,1.54163518791304,0.317862572385732,3.12057832898454
657.1,0.183473400541934,1.54163526784468,0.317862568969426,3.12057831505466
657.2,0.183473404293022,1.54163534761628,0.317862565561132,3.12057830115745
657.3,0.183473408035313,1.54163542722813,0.317862562160831,3.12057828729283
657.4,0.183473411768828,1.54163550668057,0.317862558768505,3.12057827346072
657.5,0.183473415493587,1.54163558597391,0.317862555384134,3.12057825966106
657.6,0.183473419209611,1.54163566510847,0.317862552007701,3.12057824589376
657.7,0.18347342291692,1.54163574408456,0.317862548639185,3.12057823215874
657.8,0.183473426615534,1.5416358229025,0.31786254527857,3.12057821845594
657.9,0.183473430305475,1.54163590156262,0.317862541925836,3.12057820478527
658,0.183473433986761,1.54163598006522,0.317862538580964,3.12057819114667
658.1,0.183473437659414,1.54163605841061,0.317862535243938,3.12057817754004
658.2,0.183473441323455,1.54163613659912,0.317862531914737,3.12057816396533
658.3,0.183473444978902,1.54163621463104,0.317862528593343,3.12057815042246
658.4,0.183473448625776,1.54163629250671,0.317862525279739,3.12057813691134
658.5,0.183473452264098,1.54163637022642,0.317862521973906,3.12057812343191
658.6,0.183473455893887,1.5416364477905,0.317862518675827,3.1205781099841
658.7,0.183473459515163,1.54163652519924,0.317862515385481,3.12057809656782
658.8,0.183473463127947,1.54163660245297,0.317862512102852,3.120578083183
658.9,0.183473466732258,1.54163667955199,0.317862508827922,3.12057806982958
659,0.183473470328116,1.5416367564966,0.317862505560671,3.12057805650747
659.1,0.183473473915541,1.54163683328712,0.317862502301084,3.1205780432166
659.2,0.183473477494553,1.54163690992386,0.31786249904914,3.1205780299569
659.3,0.183473481065171,1.54163698640712,0.317862495804824,3.12057801672831
659.4,0.183473484627415,1.54163706273721,0.317862492568115,3.12057800353073
659.5,0.183473488181306,1.54163713891443,0.317862489338997,3.1205779903641
659.6,0.183473491726861,1.54163721493909,0.317862486117453,3.12057797722836
659.7,0.183473495264102,1.5416372908115,0.317862482903463,3.12057796412342
659.8,0.183473498793046,1.54163736653196,0.317862479697011,3.12057795104921
659.9,0.183473502313715,1.54163744210076,0.317862476498078,3.12057793800567
660,0.183473505826127,1.54163751751822,0.317862473306648,3.12057792499271
660.1,0.183473509330302,1.54163759278464,0.317862470122703,3.12057791201027
660.2,0.183473512826258,1.54163766790031,0.317862466946224,3.12057789905828
660.3,0.183473516314016,1.54163774286554,0.317862463777195,3.12057788613666
660.4,0.183473519793594,1.54163781768064,0.317862460615597,3.12057787324535
660.5,0.183473523265012,1.54163789234589,0.317862457461415,3.12057786038427
660.6,0.183473526728289,1.5416379668616,0.317862454314629,3.12057784755335
660.7,0.183473530183444,1.54163804122806,0.317862451175223,3.12057783475253
660.8,0.183473533630495,1.54163811544558,0.31786244804318,3.12057782198172
660.9,0.183473537069463,1.54163818951446,0.317862444918483,3.12057780924086
661,0.183473540500365,1.54163826343498,0.317862441801112,3.12057779652989
661.1,0.183473543923221,1.54163833720744,0.317862438691053,3.12057778384872
661.2,0.18347354733805,1.54163841083215,0.317862435588288,3.12057777119729
661.3,0.18347355074487,1.54163848430939,0.3178624324928,3.12057775857554
661.4,0.183473554143701,1.54163855763947,0.317862429404571,3.12057774598338
661.5,0.183473557534561,1.54163863082266,0.317862426323584,3.12057773342075
661.6,0.183473560917468,1.54163870385927,0.317862423249823,3.12057772088759
661.7,0.183473564292441,1.5416387767496,0.317862420183271,3.12057770838382
661.8,0.1834735676595,1.54163884949392,0.31786241712391,3.12057769590938
661.9,0.183473571018662,1.54163892209254,0.317862414071724,3.12057768346418
662,0.183473574369946,1.54163899454575,0.317862411026696,3.12057767104818
662.1,0.183473577713371,1.54163906685382,0.31786240798881,3.12057765866129
662.2,0.183473581048955,1.54163913901707,0.317862404958047,3.12057764630346
662.3,0.183473584376716,1.54163921103576,0.317862401934393,3.1205776339746
662.4,0.183473587696672,1.5416392829102,0.317862398917829,3.12057762167466
662.5,0.183473591008843,1.54163935464067,0.31786239590834,3.12057760940356
662.6,0.183473594313246,1.54163942622746,0.317862392905909,3.12057759716125
662.7,0.183473597609899,1.54163949767085,0.317862389910519,3.12057758494764
662.8,0.183473600898821,1.54163956897114,0.317862386922154,3.12057757276268
662.9,0.18347360418003,1.5416396401286,0.317862383940797,3.12057756060629
663,0.183473607453544,1.54163971114352,0.317862380966432,3.12057754847841
663.1,0.18347361071938,1.54163978201619,0.317862377999042,3.12057753637897
663.2,0.183473613977558,1.54163985274689,0.317862375038612,3.12057752430791
663.3,0.183473617228094,1.54163992333591,0.317862372085125,3.12057751226516
663.4,0.183473620471007,1.54163999378352,0.317862369138563,3.12057750025065
663.5,0.183473623706315,1.54164006409001,0.317862366198912,3.12057748826432
663.6,0.183473626934036,1.54164013425567,0.317862363266156,3.12057747630609
663.7,0.183473630154186,1.54164020428077,0.317862360340277,3.12057746437592
663.8,0.183473633366785,1.54164027416559,0.31786235742126,3.12057745247372
663.9,0.18347363657185,1.54164034391041,0.317862354509088,3.12057744059943
664,0.183473639769397,1.54164041351552,0.317862351603746,3.12057742875299
664.1,0.183473642959446,1.54164048298119,0.317862348705218,3.12057741693434
664.2,0.183473646142014,1.5416405523077,0.317862345813487,3.1205774051434
664.3,0.183473649317118,1.54164062149533,0.317862342928539,3.12057739338011
664.4,0.183473652484775,1.54164069054436,0.317862340050355,3.12057738164441
664.5,0.183473655645004,1.54164075945506,0.317862337178922,3.12057736993623
664.6,0.183473658797821,1.5416408282277,0.317862334314223,3.12057735825551
664.7,0.183473661943245,1.54164089686258,0.317862331456243,3.12057734660219
664.8,0.183473665081291,1.54164096535995,0.317862328604964,3.12057733497619
664.9,0.183473668211978,1.5416410337201,0.317862325760373,3.12057732337746
665,0.183473671335323,1.54164110194329,0.317862322922452,3.12057731180593
665.1,0.183473674451343,1.54164117002981,0.317862320091188,3.12057730026154
665.2,0.183473677560055,1.54164123797992,0.317862317266563,3.12057728874422
665.3,0.183473680661477,1.5416413057939,0.317862314448562,3.12057727725391
665.4,0.183473683755625,1.54164137347202,0.31786231163717,3.12057726579055
665.5,0.183473686842517,1.54164144101456,0.317862308832371,3.12057725435407
665.6,0.183473689922169,1.54164150842177,0.317862306034151,3.12057724294441
665.7,0.183473692994599,1.54164157569393,0.317862303242492,3.12057723156152
665.8,0.183473696059824,1.54164164283132,0.317862300457381,3.12057722020532
665.9,0.183473699117859,1.5416417098342,0.317862297678801,3.12057720887575
666,0.183473702168723,1.54164177670283,0.317862294906738,3.12057719757275
666.1,0.183473705212432,1.5416418434375,0.317862292141176,3.12057718629626
666.2,0.183473708249003,1.54164191003846,0.317862289382099,3.12057717504621
666.3,0.183473711278453,1.54164197650598,0.317862286629493,3.12057716382255
666.4,0.183473714300798,1.54164204284033,0.317862283883343,3.1205771526252
666.5,0.183473717316054,1.54164210904178,0.317862281143632,3.12057714145412
666.6,0.183473720324239,1.54164217511058,0.317862278410347,3.12057713030924
666.7,0.18347372332537,1.54164224104702,0.317862275683472,3.12057711919049
666.8,0.183473726319462,1.54164230685134,0.317862272962992,3.12057710809782
666.9,0.183473729306532,1.54164237252381,0.317862270248892,3.12057709703117
667,0.183473732286597,1.5416424380647,0.317862267541157,3.12057708599046
667.1,0.183473735259673,1.54164250347428,0.317862264839772,3.12057707497565
667.2,0.183473738225777,1.54164256875279,0.317862262144723,3.12057706398668
667.3,0.183473741184925,1.54164263390051,0.317862259455995,3.12057705302347
667.4,0.183473744137132,1.54164269891769,0.317862256773571,3.12057704208598
667.5,0.183473747082416,1.5416427638046,0.317862254097439,3.12057703117413
667.6,0.183473750020793,1.54164282856149,0.317862251427582,3.12057702028788
667.7,0.183473752952278,1.54164289318864,0.317862248763987,3.12057700942715
667.8,0.183473755876889,1.54164295768628,0.317862246106639,3.1205769985919
667.9,0.183473758794641,1.54164302205469,0.317862243455522,3.12057698778206
668,0.18347376170555,1.54164308629412,0.317862240810623,3.12057697699757
668.1,0.183473764609632,1.54164315040484,0.317862238171927,3.12057696623837
668.2,0.183473767506904,1.54164321438709,0.317862235539419,3.1205769555044
668.3,0.183473770397381,1.54164327824113,0.317862232913085,3.1205769447956
668.4,0.183473773281079,1.54164334196722,0.317862230292909,3.12057693411192
668.5,0.183473776158014,1.54164340556562,0.317862227678879,3.1205769234533
668.6,0.183473779028202,1.54164346903657,0.317862225070979,3.12057691281967
668.7,0.183473781891659,1.54164353238035,0.317862222469196,3.12057690221098
668.8,0.183473784748401,1.54164359559719,0.317862219873514,3.12057689162717
668.9,0.183473787598442,1.54164365868735,0.317862217283919,3.12057688106818
669,0.1834737904418,1.54164372165109,0.317862214700398,3.12057687053396
669.1,0.18347379327849,1.54164378448865,0.317862212122936,3.12057686002444
669.2,0.183473796108527,1.5416438472003,0.317862209551518,3.12057684953956
669.3,0.183473798931926,1.54164390978628,0.31786220698613,3.12057683907928
669.4,0.183473801748705,1.54164397224684,0.317862204426759,3.12057682864353
669.5,0.183473804558877,1.54164403458224,0.31786220187339,3.12057681823224
669.6,0.183473807362459,1.54164409679271,0.31786219932601,3.12057680784538
669.7,0.183473810159466,1.54164415887852,0.317862196784604,3.12057679748288
669.8,0.183473812949913,1.54164422083992,0.317862194249157,3.12057678714468
669.9,0.183473815733816,1.54164428267714,0.317862191719657,3.12057677683072
670,0.18347381851119,1.54164434439044,0.317862189196089,3.12057676654095
670.1,0.183473821282051,1.54164440598007,0.317862186678439,3.12057675627531
670.2,0.183473824046414,1.54164446744628,0.317862184166693,3.12057674603375
670.3,0.183473826804293,1.5416445287893,0.317862181660839,3.12057673581621
670.4,0.183473829555705,1.54164459000939,0.31786217916086,3.12057672562263
670.5,0.183473832300664,1.54164465110679,0.317862176666745,3.12057671545295
670.6,0.183473835039185,1.54164471208174,0.317862174178479,3.12057670530713
670.7,0.183473837771284,1.5416447729345,0.317862171696049,3.1205766951851
670.8,0.183473840496976,1.54164483366531,0.31786216921944,3.1205766850868
670.9,0.183473843216275,1.5416448942744,0.31786216674864,3.1205766750122
671,0.183473845929196,1.54164495476203,0.317862164283634,3.12057666496121
671.1,0.183473848635756,1.54164501512843,0.317862161824409,3.1205766549338
671.2,0.183473851335968,1.54164507537385,0.317862159370951,3.12057664492991
671.3,0.183473854029847,1.54164513549853,0.317862156923247,3.12057663494947
671.4,0.183473856717409,1.54164519550271,0.317862154481284,3.12057662499245
671.5,0.183473859398667,1.54164525538663,0.317862152045047,3.12057661505877
671.6,0.183473862073638,1.54164531515053,0.317862149614524,3.12057660514839
671.7,0.183473864742335,1.54164537479465,0.317862147189701,3.12057659526125
671.8,0.183473867404774,1.54164543431924,0.317862144770565,3.1205765853973
671.9,0.183473870060968,1.54164549372452,0.317862142357101,3.12057657555648
672,0.183473872710934,1.54164555301074,0.317862139949298,3.12057656573874
672.1,0.183473875354684,1.54164561217814,0.317862137547142,3.12057655594402
672.2,0.183473877992234,1.54164567122695,0.31786213515062,3.12057654617228
672.3,0.183473880623599,1.54164573015741,0.317862132759717,3.12057653642345
672.4,0.183473883248792,1.54164578896976,0.317862130374422,3.12057652669749
672.5,0.183473885867829,1.54164584766424,0.317862127994721,3.12057651699433
672.6,0.183473888480724,1.54164590624106,0.3178621256206,3.12057650731393
672.7,0.18347389108749,1.54164596470049,0.317862123252047,3.12057649765624
672.8,0.183473893688144,1.54164602304274,0.31786212088905,3.12057648802119
672.9,0.183473896282698,1.54164608126805,0.317862118531594,3.12057647840874
673,0.183473898871168,1.54164613937666,0.317862116179667,3.12057646881883
673.1,0.183473901453566,1.5416461973688,0.317862113833255,3.12057645925141
673.2,0.183473904029909,1.5416462552447,0.317862111492346,3.12057644970643
673.3,0.18347390660021,1.5416463130046,0.317862109156927,3.12057644018383
673.4,0.183473909164482,1.54164637064872,0.317862106826985,3.12057643068357
673.5,0.183473911722741,1.5416464281773,0.317862104502507,3.12057642120558
673.6,0.183473914275001,1.54164648559056,0.31786210218348,3.12057641174983
673.7,0.183473916821274,1.54164654288875,0.317862099869893,3.12057640231625
673.8,0.183473919361576,1.54164660007208,0.317862097561731,3.12057639290479
673.9,0.18347392189592,1.5416466571408,0.317862095258982,3.12057638351541
674,0.183473924424321,1.54164671409512,0.317862092961634,3.12057637414804
674.1,0.183473926946793,1.54164677093527,0.317862090669673,3.12057636480265
674.2,0.183473929463348,1.54164682766149,0.317862088383087,3.12057635547917
674.3,0.183473931974001,1.541646884274,0.317862086101864,3.12057634617756
674.4,0.183473934478767,1.54164694077304,0.317862083825991,3.12057633689775
674.5,0.183473936977658,1.54164699715881,0.317862081555455,3.12057632763972
674.6,0.183473939470689,1.54164705343156,0.317862079290245,3.12057631840339
674.7,0.183473941957873,1.54164710959151,0.317862077030346,3.12057630918873
674.8,0.183473944439224,1.54164716563888,0.317862074775747,3.12057629999568
674.9,0.183473946914756,1.5416472215739,0.317862072526436,3.12057629082418
675,0.183473949384482,1.5416472773968,0.3178620702824,3.12057628167419
675.1,0.183473951848416,1.54164733310779,0.317862068043627,3.12057627254567
675.2,0.183473954306572,1.5416473887071,0.317862065810104,3.12057626343855
675.3,0.183473956758963,1.54164744419496,0.317862063581819,3.12057625435279
675.4,0.183473959205602,1.54164749957158,0.31786206135876,3.12057624528834
675.5,0.183473961646503,1.54164755483719,0.317862059140914,3.12057623624514
675.6,0.18347396408168,1.54164760999201,0.31786205692827,3.12057622722316
675.7,0.183473966511146,1.54164766503627,0.317862054720814,3.12057621822233
675.8,0.183473968934915,1.54164771997018,0.317862052518536,3.12057620924261
675.9,0.183473971352999,1.54164777479396,0.317862050321422,3.12057620028395
676,0.183473973765412,1.54164782950784,0.317862048129461,3.1205761913463
676.1,0.183473976172167,1.54164788411203,0.317862045942641,3.12057618242961
676.2,0.183473978573278,1.54164793860675,0.31786204376095,3.12057617353383
676.3,0.183473980968758,1.54164799299223,0.317862041584374,3.12057616465892
676.4,0.18347398335862,1.54164804726868,0.317862039412904,3.12057615580481
676.5,0.183473985742877,1.54164810143631,0.317862037246525,3.12057614697148
676.6,0.183473988121543,1.54164815549535,0.317862035085228,3.12057613815885
676.7,0.18347399049463,1.54164820944602,0.317862032928998,3.1205761293669
676.8,0.183473992862152,1.54164826328852,0.317862030777827,3.12057612059556
676.9,0.183473995224121,1.54164831702308,0.317862028631699,3.1205761118448
677,0.183473997580551,1.54164837064991,0.317862026490605,3.12057610311456
677.1,0.183473999931455,1.54164842416923,0.317862024354532,3.12057609440479
677.2,0.183474002276845,1.54164847758125,0.317862022223469,3.12057608571545
677.3,0.183474004616735,1.54164853088618,0.317862020097404,3.12057607704648
677.4,0.183474006951137,1.54164858408425,0.317862017976324,3.12057606839785
677.5,0.183474009280065,1.54164863717566,0.317862015860219,3.1205760597695
677.6,0.183474011603531,1.54164869016063,0.317862013749077,3.12057605116138
677.7,0.183474013921548,1.54164874303937,0.317862011642885,3.12057604257346
677.8,0.183474016234128,1.54164879581208,0.317862009541633,3.12057603400567
677.9,0.183474018541285,1.541648848479,0.317862007445309,3.12057602545798
678,0.183474020843031,1.54164890104032,0.317862005353901,3.12057601693033
678.1,0.183474023139379,1.54164895349625,0.317862003267398,3.12057600842268
678.2,0.183474025430342,1.54164900584702,0.317862001185788,3.12057599993498
678.3,0.183474027715932,1.54164905809282,0.31786199910906,3.12057599146719
678.4,0.183474029996161,1.54164911023387,0.317861997037202,3.12057598301926
678.5,0.183474032271043,1.54164916227037,0.317861994970204,3.12057597459114
678.6,0.18347403454059,1.54164921420254,0.317861992908053,3.12057596618278
678.7,0.183474036804814,1.54164926603059,0.317861990850738,3.12057595779415
678.8,0.183474039063728,1.54164931775472,0.317861988798248,3.12057594942518
678.9,0.183474041317345,1.54164936937514,0.317861986750571,3.12057594107585
679,0.183474043565676,1.54164942089206,0.317861984707696,3.12057593274609
679.1,0.183474045808735,1.54164947230568,0.317861982669613,3.12057592443587
679.2,0.183474048046533,1.54164952361621,0.317861980636309,3.12057591614514
679.3,0.183474050279082,1.54164957482386,0.317861978607774,3.12057590787385
679.4,0.183474052506396,1.54164962592884,0.317861976583996,3.12057589962196
679.5,0.183474054728487,1.54164967693134,0.317861974564964,3.12057589138943
679.6,0.183474056945366,1.54164972783157,0.317861972550667,3.12057588317619
679.7,0.183474059157046,1.54164977862975,0.317861970541094,3.12057587498223
679.8,0.183474061363539,1.54164982932606,0.317861968536234,3.12057586680747
679.9,0.183474063564858,1.54164987992072,0.317861966536076,3.12057585865189
680,0.183474065761014,1.54164993041393,0.317861964540608,3.12057585051544
680.1,0.183474067952019,1.54164998080589,0.317861962549821,3.12057584239806
680.2,0.183474070137886,1.54165003109681,0.317861960563702,3.12057583429973
680.3,0.183474072318627,1.54165008128688,0.317861958582241,3.12057582622039
680.4,0.183474074494253,1.5416501313763,0.317861956605427,3.12057581815999
680.5,0.183474076664777,1.54165018136529,0.317861954633249,3.1205758101185
680.6,0.183474078830211,1.54165023125404,0.317861952665696,3.12057580209586
680.7,0.183474080990566,1.54165028104274,0.317861950702757,3.12057579409205
680.8,0.183474083145855,1.54165033073161,0.317861948744422,3.120575786107
680.9,0.183474085296089,1.54165038032083,0.31786194679068,3.12057577814068
681,0.18347408744128,1.54165042981062,0.317861944841519,3.12057577019304
681.1,0.18347408958144,1.54165047920116,0.31786194289693,3.12057576226404
681.2,0.183474091716581,1.54165052849266,0.317861940956902,3.12057575435363
681.3,0.183474093846715,1.54165057768531,0.317861939021422,3.12057574646178
681.4,0.183474095971853,1.54165062677932,0.317861937090483,3.12057573858844
681.5,0.183474098092008,1.54165067577487,0.317861935164071,3.12057573073355
681.6,0.18347410020719,1.54165072467217,0.317861933242178,3.12057572289709
681.7,0.183474102317411,1.54165077347141,0.317861931324791,3.12057571507901
681.8,0.183474104422684,1.54165082217279,0.317861929411901,3.12057570727926
681.9,0.183474106523019,1.54165087077651,0.317861927503497,3.12057569949781
682,0.183474108618428,1.54165091928276,0.317861925599569,3.1205756917346
682.1,0.183474110708924,1.54165096769172,0.317861923700106,3.12057568398961
682.2,0.183474112794516,1.54165101600361,0.317861921805098,3.12057567626277
682.3,0.183474114875218,1.54165106421861,0.317861919914533,3.12057566855406
682.4,0.183474116951039,1.54165111233692,0.317861918028403,3.12057566086342
682.5,0.183474119021993,1.54165116035873,0.317861916146696,3.12057565319082
682.6,0.183474121088089,1.54165120828423,0.317861914269402,3.12057564553621
682.7,0.18347412314934,1.54165125611362,0.31786191239651,3.12057563789956
682.8,0.183474125205757,1.54165130384708,0.317861910528011,3.12057563028081
682.9,0.183474127257351,1.54165135148482,0.317861908663894,3.12057562267993
683,0.183474129304134,1.54165139902702,0.317861906804148,3.12057561509688
683.1,0.183474131346117,1.54165144647387,0.317861904948764,3.12057560753161
683.2,0.183474133383311,1.54165149382556,0.317861903097732,3.12057559998409
683.3,0.183474135415726,1.54165154108228,0.31786190125104,3.12057559245426
683.4,0.183474137443376,1.54165158824423,0.317861899408679,3.12057558494209
683.5,0.18347413946627,1.54165163531159,0.317861897570639,3.12057557744754
683.6,0.183474141484421,1.54165168228455,0.317861895736909,3.12057556997057
683.7,0.183474143497838,1.54165172916331,0.31786189390748,3.12057556251113
683.8,0.183474145506533,1.54165177594804,0.317861892082341,3.12057555506919
683.9,0.183474147510517,1.54165182263894,0.317861890261483,3.1205755476447
684,0.183474149509802,1.54165186923619,0.317861888444895,3.12057554023762
684.1,0.183474151504398,1.54165191573999,0.317861886632567,3.12057553284791
684.2,0.183474153494316,1.54165196215052,0.31786188482449,3.12057552547553
684.3,0.183474155479567,1.54165200846796,0.317861883020653,3.12057551812045
684.4,0.183474157460162,1.5416520546925,0.317861881221046,3.12057551078261
684.5,0.183474159436113,1.54165210082433,0.31786187942566,3.12057550346198
684.6,0.183474161407429,1.54165214686363,0.317861877634484,3.12057549615851
684.7,0.183474163374123,1.54165219281059,0.317861875847509,3.12057548887218
684.8,0.183474165336203,1.54165223866539,0.317861874064724,3.12057548160293
684.9,0.183474167293683,1.54165228442822,0.317861872286121,3.12057547435074
685,0.183474169246572,1.54165233009927,0.317861870511689,3.12057546711555
685.1,0.18347417119488,1.5416523756787,0.317861868741418,3.12057545989733
685.2,0.18347417313862,1.54165242116671,0.317861866975299,3.12057545269603
685.3,0.183474175077801,1.54165246656349,0.317861865213321,3.12057544551162
685.4,0.183474177012434,1.5416525118692,0.317861863455476,3.12057543834407
685.5,0.18347417894253,1.54165255708405,0.317861861701754,3.12057543119332
685.6,0.183474180868099,1.54165260220819,0.317861859952144,3.12057542405934
685.7,0.183474182789153,1.54165264724183,0.317861858206637,3.1205754169421
685.8,0.183474184705701,1.54165269218514,0.317861856465224,3.12057540984154
685.9,0.183474186617755,1.5416527370383,0.317861854727895,3.12057540275764
686,0.183474188525324,1.54165278180149,0.31786185299464,3.12057539569035
686.1,0.18347419042842,1.54165282647488,0.31786185126545,3.12057538863963
686.2,0.183474192327052,1.54165287105867,0.317861849540316,3.12057538160545
686.3,0.183474194221232,1.54165291555303,0.317861847819227,3.12057537458777
686.4,0.18347419611097,1.54165295995813,0.317861846102175,3.12057536758654
686.5,0.183474197996275,1.54165300427416,0.317861844389149,3.12057536060173
686.6,0.183474199877159,1.5416530485013,0.317861842680141,3.12057535363331
686.7,0.183474201753633,1.54165309263972,0.31786184097514,3.12057534668122
686.8,0.183474203625705,1.54165313668959,0.317861839274139,3.12057533974545
686.9,0.183474205493387,1.54165318065111,0.317861837577126,3.12057533282593
687,0.183474207356689,1.54165322452444,0.317861835884094,3.12057532592264
687.1,0.183474209215621,1.54165326830976,0.317861834195032,3.12057531903555
687.2,0.183474211070193,1.54165331200725,0.31786183250993,3.1205753121646
687.3,0.183474212920416,1.54165335561708,0.317861830828781,3.12057530530977
687.4,0.183474214766299,1.54165339913942,0.317861829151575,3.12057529847102
687.5,0.183474216607854,1.54165344257446,0.317861827478302,3.1205752916483
687.6,0.18347421844509,1.54165348592236,0.317861825808953,3.12057528484158
687.7,0.183474220278017,1.54165352918331,0.317861824143519,3.12057527805083
687.8,0.183474222106646,1.54165357235747,0.317861822481991,3.120575271276
687.9,0.183474223930986,1.54165361544502,0.317861820824359,3.12057526451707
688,0.183474225751047,1.54165365844613,0.317861819170615,3.12057525777397
688.1,0.18347422756684,1.54165370136098,0.31786181752075,3.1205752510467
688.2,0.183474229378375,1.54165374418974,0.317861815874753,3.1205752443352
688.3,0.183474231185661,1.54165378693257,0.317861814232617,3.12057523763944
688.4,0.183474232988709,1.54165382958966,0.317861812594332,3.12057523095939
688.5,0.183474234787528,1.54165387216117,0.317861810959889,3.120575224295
688.6,0.183474236582128,1.54165391464727,0.317861809329279,3.12057521764624
688.7,0.18347423837252,1.54165395704814,0.317861807702493,3.12057521101308
688.8,0.183474240158713,1.54165399936395,0.317861806079522,3.12057520439547
688.9,0.183474241940717,1.54165404159486,0.317861804460358,3.12057519779338
689,0.183474243718542,1.54165408374105,0.317861802844991,3.12057519120677
689.1,0.183474245492197,1.54165412580268,0.317861801233412,3.12057518463561
689.2,0.183474247261692,1.54165416777993,0.317861799625613,3.12057517807986
689.3,0.183474249027038,1.54165420967296,0.317861798021584,3.12057517153948
689.4,0.183474250788244,1.54165425148194,0.317861796421317,3.12057516501445
689.5,0.183474252545319,1.54165429320704,0.317861794824803,3.12057515850471
689.6,0.183474254298273,1.54165433484844,0.317861793232034,3.12057515201025
689.7,0.183474256047117,1.54165437640628,0.317861791642999,3.12057514553101
689.8,0.183474257791859,1.54165441788075,0.317861790057691,3.12057513906696
689.9,0.183474259532509,1.54165445927201,0.317861788476101,3.12057513261809
690,0.183474261269077,1.54165450058022,0.31786178689822,3.12057512618432
690.1,0.183474263001572,1.54165454180556,0.31786178532404,3.12057511976566
690.2,0.183474264730004,1.54165458294818,0.317861783753551,3.12057511336204
690.3,0.183474266454383,1.54165462400826,0.317861782186745,3.12057510697344
690.4,0.183474268174717,1.54165466498595,0.317861780623614,3.12057510059982
690.5,0.183474269891017,1.54165470588143,0.317861779064149,3.12057509424115
690.6,0.183474271603292,1.54165474669485,0.317861777508341,3.12057508789739
690.7,0.183474273311552,1.54165478742639,0.317861775956182,3.12057508156852
690.8,0.183474275015805,1.54165482807621,0.317861774407663,3.12057507525448
690.9,0.183474276716061,1.54165486864446,0.317861772862775,3.12057506895525
691,0.183474278412329,1.54165490913131,0.31786177132151,3.1205750626708
691.1,0.18347428010462,1.54165494953693,0.317861769783861,3.12057505640108
691.2,0.183474281792941,1.54165498986148,0.317861768249817,3.12057505014607
691.3,0.183474283477304,1.54165503010512,0.317861766719371,3.12057504390572
691.4,0.183474285157716,1.54165507026801,0.317861765192514,3.12057503768001
691.5,0.183474286834187,1.54165511035031,0.317861763669238,3.1205750314689
691.6,0.183474288506726,1.54165515035219,0.317861762149534,3.12057502527236
691.7,0.183474290175343,1.54165519027381,0.317861760633394,3.12057501909035
691.8,0.183474291840046,1.54165523011531,0.31786175912081,3.12057501292284
691.9,0.183474293500846,1.54165526987688,0.317861757611774,3.12057500676979
692,0.18347429515775,1.54165530955866,0.317861756106276,3.12057500063117
692.1,0.183474296810769,1.54165534916082,0.317861754604309,3.12057499450695
692.2,0.183474298459911,1.54165538868352,0.317861753105864,3.12057498839709
692.3,0.183474300105185,1.54165542812691,0.317861751610934,3.12057498230156
692.4,0.183474301746601,1.54165546749115,0.317861750119509,3.12057497622032
692.5,0.183474303384167,1.5416555067764,0.317861748631582,3.12057497015335
692.6,0.183474305017893,1.54165554598283,0.317861747147145,3.1205749641006
692.7,0.183474306647788,1.54165558511058,0.317861745666189,3.12057495806205
692.8,0.18347430827386,1.54165562415982,0.317861744188706,3.12057495203766
692.9,0.183474309896118,1.54165566313069,0.317861742714688,3.1205749460274
693,0.183474311514572,1.54165570202337,0.317861741244127,3.12057494003124
693.1,0.18347431312923,1.541655740838,0.317861739777014,3.12057493404914
693.2,0.183474314740102,1.54165577957475,0.317861738313343,3.12057492808106
693.3,0.183474316347195,1.54165581823376,0.317861736853104,3.12057492212699
693.4,0.18347431795052,1.54165585681519,0.31786173539629,3.12057491618687
693.5,0.183474319550084,1.5416558953192,0.317861733942892,3.12057491026069
693.6,0.183474321145897,1.54165593374595,0.317861732492902,3.1205749043484
693.7,0.183474322737968,1.54165597209558,0.317861731046313,3.12057489844998
693.8,0.183474324326305,1.54165601036826,0.317861729603117,3.12057489256539
693.9,0.183474325910917,1.54165604856413,0.317861728163305,3.12057488669461
694,0.183474327491812,1.54165608668335,0.31786172672687,3.12057488083759
694.1,0.183474329069,1.54165612472607,0.317861725293804,3.12057487499431
694.2,0.183474330642489,1.54165616269245,0.317861723864098,3.12057486916473
694.3,0.183474332212288,1.54165620058264,0.317861722437745,3.12057486334882
694.4,0.183474333778406,1.54165623839679,0.317861721014738,3.12057485754656
694.5,0.18347433534085,1.54165627613505,0.317861719595068,3.1205748517579
694.6,0.18347433689963,1.54165631379758,0.317861718178726,3.12057484598281
694.7,0.183474338454755,1.54165635138453,0.317861716765708,3.12057484022127
694.8,0.183474340006233,1.54165638889604,0.317861715356002,3.12057483447325
694.9,0.183474341554071,1.54165642633227,0.317861713949603,3.12057482873869
695,0.18347434309828,1.54165646369338,0.317861712546501,3.12057482301759
695.1,0.183474344638867,1.5416565009795,0.317861711146691,3.12057481730991
695.2,0.183474346175842,1.5416565381908,0.317861709750163,3.12057481161562
695.3,0.183474347709212,1.54165657532741,0.317861708356911,3.12057480593468
695.4,0.183474349238985,1.5416566123895,0.317861706966925,3.12057480026706
695.5,0.183474350765171,1.5416566493772,0.3178617055802,3.12057479461273
695.6,0.183474352287778,1.54165668629067,0.317861704196727,3.12057478897166
695.7,0.183474353806813,1.54165672313006,0.317861702816499,3.12057478334383
695.8,0.183474355322287,1.54165675989551,0.317861701439507,3.12057477772918
695.9,0.183474356834206,1.54165679658717,0.317861700065745,3.12057477212771
696,0.183474358342579,1.5416568332052,0.317861698695204,3.12057476653938
696.1,0.183474359847415,1.54165686974973,0.317861697327878,3.12057476096415
696.2,0.183474361348722,1.54165690622091,0.317861695963758,3.12057475540199
696.3,0.183474362846508,1.5416569426189,0.317861694602837,3.12057474985288
696.4,0.183474364340781,1.54165697894384,0.317861693245108,3.12057474431679
696.5,0.18347436583155,1.54165701519587,0.317861691890563,3.12057473879368
696.6,0.183474367318823,1.54165705137514,0.317861690539195,3.12057473328351
696.7,0.183474368802607,1.5416570874818,0.317861689190996,3.12057472778628
696.8,0.183474370282912,1.54165712351598,0.317861687845958,3.12057472230193
696.9,0.183474371759745,1.54165715947785,0.317861686504076,3.12057471683045
697,0.183474373233115,1.54165719536753,0.31786168516534,3.1205747113718
697.1,0.183474374703029,1.54165723118518,0.317861683829744,3.12057470592594
697.2,0.183474376169496,1.54165726693094,0.31786168249728,3.12057470049287
697.3,0.183474377632524,1.54165730260495,0.317861681167941,3.12057469507253
697.4,0.183474379092121,1.54165733820736,0.317861679841719,3.12057468966491
697.5,0.183474380548294,1.54165737373831,0.317861678518608,3.12057468426996
697.6,0.183474382001053,1.54165740919795,0.3178616771986,3.12057467888767
697.7,0.183474383450404,1.54165744458641,0.317861675881688,3.120574673518
697.8,0.183474384896357,1.54165747990384,0.317861674567863,3.12057466816093
697.9,0.183474386338918,1.54165751515038,0.317861673257121,3.12057466281642
698,0.183474387778096,1.54165755032617,0.317861671949451,3.12057465748444
698.1,0.183474389213899,1.54165758543136,0.317861670644849,3.12057465216496
698.2,0.183474390646335,1.54165762046608,0.317861669343307,3.12057464685797
698.3,0.183474392075411,1.54165765543048,0.317861668044816,3.12057464156341
698.4,0.183474393501136,1.5416576903247,0.317861666749371,3.12057463628128
698.5,0.183474394923517,1.54165772514888,0.317861665456964,3.12057463101153
698.6,0.183474396342563,1.54165775990315,0.317861664167588,3.12057462575414
698.7,0.18347439775828,1.54165779458766,0.317861662881236,3.12057462050909
698.8,0.183474399170677,1.54165782920255,0.317861661597901,3.12057461527632
698.9,0.183474400579762,1.54165786374796,0.317861660317575,3.12057461005584
699,0.183474401985542,1.54165789822403,0.317861659040252,3.12057460484759
699.1,0.183474403388025,1.54165793263089,0.317861657765924,3.12057459965156
699.2,0.183474404787219,1.54165796696868,0.317861656494585,3.12057459446772
699.3,0.183474406183132,1.54165800123755,0.317861655226228,3.12057458929603
699.4,0.183474407575771,1.54165803543762,0.317861653960845,3.12057458413648
699.5,0.183474408965144,1.54165806956904,0.31786165269843,3.12057457898902
699.6,0.183474410351258,1.54165810363195,0.317861651438975,3.12057457385363
699.7,0.183474411734122,1.54165813762648,0.317861650182474,3.12057456873029
699.8,0.183474413113743,1.54165817155277,0.31786164892892,3.12057456361897
699.9,0.183474414490128,1.54165820541096,0.317861647678306,3.12057455851962
700,0.183474415863285,1.54165823920118,0.317861646430624,3.12057455343225
700.1,0.183474417233222,1.54165827292357,0.317861645185869,3.12057454835679
700.2,0.183474418599946,1.54165830657826,0.317861643944032,3.12057454329325
700.3,0.183474419963465,1.54165834016539,0.317861642705108,3.12057453824158
700.4,0.183474421323786,1.54165837368509,0.31786164146909,3.12057453320175
700.5,0.183474422680917,1.54165840713751,0.31786164023597,3.12057452817374
700.6,0.183474424034865,1.54165844052277,0.317861639005743,3.12057452315753
700.7,0.183474425385637,1.54165847384101,0.3178616377784,3.12057451815308
700.8,0.183474426733242,1.54165850709236,0.317861636553936,3.12057451316037
700.9,0.183474428077686,1.54165854027696,0.317861635332344,3.12057450817936
701,0.183474429418977,1.54165857339494,0.317861634113616,3.12057450321004
701.1,0.183474430757123,1.54165860644643,0.317861632897746,3.12057449825237
701.2,0.18347443209213,1.54165863943157,0.317861631684728,3.12057449330633
701.3,0.183474433424007,1.54165867235049,0.317861630474555,3.12057448837189
701.4,0.18347443475276,1.54165870520333,0.31786162926722,3.12057448344902
701.5,0.183474436078396,1.54165873799021,0.317861628062716,3.12057447853769
701.6,0.183474437400924,1.54165877071126,0.317861626861037,3.12057447363789
701.7,0.18347443872035,1.54165880336663,0.317861625662176,3.12057446874957
701.8,0.183474440036682,1.54165883595644,0.317861624466127,3.12057446387272
701.9,0.183474441349927,1.54165886848081,0.317861623272883,3.1205744590073
702,0.183474442660092,1.54165890093989,0.317861622082437,3.1205744541533
702.1,0.183474443967184,1.5416589333338,0.317861620894783,3.12057444931068
702.2,0.18347444527121,1.54165896566268,0.317861619709915,3.12057444447942
702.3,0.183474446572179,1.54165899792665,0.317861618527825,3.12057443965948
702.4,0.183474447870097,1.54165903012585,0.317861617348507,3.12057443485086
702.5,0.18347444916497,1.5416590622604,0.317861616171955,3.1205744300535
702.6,0.183474450456807,1.54165909433043,0.317861614998163,3.1205744252674
702.7,0.183474451745614,1.54165912633608,0.317861613827123,3.12057442049252
702.8,0.183474453031399,1.54165915827747,0.317861612658829,3.12057441572884
702.9,0.183474454314168,1.54165919015472,0.317861611493275,3.12057441097633
703,0.183474455593928,1.54165922196798,0.317861610330455,3.12057440623497
703.1,0.183474456870688,1.54165925371736,0.317861609170362,3.12057440150473
703.2,0.183474458144453,1.541659285403,0.31786160801299,3.12057439678558
703.3,0.183474459415231,1.54165931702502,0.317861606858331,3.1205743920775
703.4,0.183474460683028,1.54165934858355,0.317861605706381,3.12057438738046
703.5,0.183474461947853,1.54165938007871,0.317861604557132,3.12057438269444
703.6,0.183474463209711,1.54165941151064,0.317861603410579,3.1205743780194
703.7,0.183474464468609,1.54165944287946,0.317861602266715,3.12057437335533
703.8,0.183474465724556,1.5416594741853,0.317861601125532,3.1205743687022
703.9,0.183474466977556,1.54165950542827,0.317861599987026,3.12057436405997
704,0.183474468227618,1.54165953660852,0.31786159885119,3.12057435942864
704.1,0.183474469474749,1.54165956772616,0.317861597718019,3.12057435480817
704.2,0.183474470718954,1.54165959878132,0.317861596587504,3.12057435019853
704.3,0.183474471960242,1.54165962977413,0.317861595459641,3.12057434559971
704.4,0.183474473198619,1.5416596607047,0.317861594334423,3.12057434101167
704.5,0.183474474434091,1.54165969157317,0.317861593211844,3.12057433643439
704.6,0.183474475666666,1.54165972237966,0.317861592091897,3.12057433186784
704.7,0.18347447689635,1.54165975312429,0.317861590974578,3.12057432731201
704.8,0.183474478123151,1.54165978380719,0.317861589859878,3.12057432276685
704.9,0.183474479347074,1.54165981442848,0.317861588747792,3.12057431823236
705,0.183474480568127,1.54165984498828,0.317861587638315,3.1205743137085
705.1,0.183474481786316,1.54165987548672,0.317861586531439,3.12057430919525
705.2,0.183474483001648,1.54165990592392,0.317861585427159,3.12057430469259
705.3,0.18347448421413,1.5416599363,0.317861584325469,3.12057430020048
705.4,0.183474485423769,1.54165996661509,0.317861583226363,3.12057429571891
705.5,0.183474486630571,1.5416599968693,0.317861582129834,3.12057429124785
705.6,0.183474487834542,1.54166002706276,0.317861581035878,3.12057428678728
705.7,0.18347448903569,1.54166005719559,0.317861579944486,3.12057428233717
705.8,0.18347449023402,1.54166008726791,0.317861578855654,3.12057427789749
705.9,0.183474491429541,1.54166011727985,0.317861577769376,3.12057427346823
706,0.183474492622257,1.54166014723152,0.317861576685645,3.12057426904935
706.1,0.183474493812177,1.54166017712305,0.317861575604456,3.12057426464083
706.2,0.183474494999306,1.54166020695455,0.317861574525802,3.12057426024266
706.3,0.183474496183651,1.54166023672614,0.317861573449678,3.1205742558548
706.4,0.183474497365218,1.54166026643796,0.317861572376078,3.12057425147723
706.5,0.183474498544014,1.5416602960901,0.317861571304996,3.12057424710992
706.6,0.183474499720046,1.5416603256827,0.317861570236425,3.12057424275286
706.7,0.183474500893319,1.54166035521588,0.317861569170361,3.12057423840602
706.8,0.183474502063841,1.54166038468974,0.317861568106796,3.12057423406937
706.9,0.183474503231618,1.54166041410442,0.317861567045726,3.12057422974289
707,0.183474504396656,1.54166044346003,0.317861565987145,3.12057422542656
707.1,0.183474505558962,1.54166047275669,0.317861564931046,3.12057422112035
707.2,0.183474506718542,1.54166050199451,0.317861563877423,3.12057421682424
707.3,0.183474507875402,1.54166053117362,0.317861562826272,3.1205742125382
707.4,0.18347450902955,1.54166056029414,0.317861561777586,3.12057420826222
707.5,0.18347451018099,1.54166058935617,0.317861560731359,3.12057420399626
707.6,0.183474511329731,1.54166061835984,0.317861559687586,3.12057419974031
707.7,0.183474512475777,1.54166064730526,0.31786155864626,3.12057419549434
707.8,0.183474513619135,1.54166067619255,0.317861557607377,3.12057419125833
707.9,0.183474514759812,1.54166070502183,0.31786155657093,3.12057418703225
708,0.183474515897814,1.54166073379321,0.317861555536914,3.12057418281608
708.1,0.183474517033147,1.54166076250681,0.317861554505322,3.1205741786098
708.2,0.183474518165818,1.54166079116274,0.317861553476151,3.12057417441339
708.3,0.183474519295831,1.54166081976112,0.317861552449393,3.12057417022681
708.4,0.183474520423195,1.54166084830207,0.317861551425042,3.12057416605006
708.5,0.183474521547915,1.5416608767857,0.317861550403095,3.1205741618831
708.6,0.183474522669997,1.54166090521213,0.317861549383543,3.12057415772591
708.7,0.183474523789448,1.54166093358146,0.317861548366383,3.12057415357847
708.8,0.183474524906274,1.54166096189382,0.317861547351608,3.12057414944076
708.9,0.18347452602048,1.54166099014932,0.317861546339213,3.12057414531275
709,0.183474527132073,1.54166101834807,0.317861545329192,3.12057414119442
709.1,0.183474528241059,1.54166104649018,0.31786154432154,3.12057413708576
709.2,0.183474529347444,1.54166107457578,0.317861543316251,3.12057413298672
709.3,0.183474530451235,1.54166110260496,0.31786154231332,3.12057412889731
709.4,0.183474531552436,1.54166113057785,0.317861541312741,3.12057412481747
709.5,0.183474532651056,1.54166115849456,0.317861540314508,3.12057412074721
709.6,0.183474533747098,1.5416611863552,0.317861539318617,3.1205741166865
709.7,0.183474534840571,1.54166121415989,0.317861538325061,3.12057411263531
709.8,0.183474535931479,1.54166124190873,0.317861537333835,3.12057410859361
709.9,0.183474537019828,1.54166126960183,0.317861536344934,3.1205741045614
710,0.183474538105625,1.54166129723932,0.317861535358352,3.12057410053864
710.1,0.183474539188876,1.5416613248213,0.317861534374083,3.12057409652532
710.2,0.183474540269586,1.54166135234787,0.317861533392123,3.12057409252141
710.3,0.183474541347761,1.54166137981916,0.317861532412466,3.12057408852689
710.4,0.183474542423408,1.54166140723527,0.317861531435106,3.12057408454174
710.5,0.183474543496533,1.54166143459632,0.317861530460039,3.12057408056593
710.6,0.18347454456714,1.54166146190241,0.317861529487258,3.12057407659945
710.7,0.183474545635237,1.54166148915366,0.317861528516758,3.12057407264227
710.8,0.183474546700829,1.54166151635016,0.317861527548535,3.12057406869437
710.9,0.183474547763922,1.54166154349205,0.317861526582583,3.12057406475573
711,0.183474548824522,1.54166157057941,0.317861525618895,3.12057406082633
711.1,0.183474549882634,1.54166159761237,0.317861524657468,3.12057405690614
711.2,0.183474550938265,1.54166162459103,0.317861523698295,3.12057405299514
711.3,0.18347455199142,1.54166165151549,0.317861522741372,3.12057404909332
711.4,0.183474553042105,1.54166167838588,0.317861521786693,3.12057404520065
711.5,0.183474554090326,1.5416617052023,0.317861520834253,3.1205740413171
711.6,0.183474555136089,1.54166173196485,0.317861519884047,3.12057403744267
711.7,0.183474556179399,1.54166175867364,0.317861518936069,3.12057403357732
711.8,0.183474557220262,1.54166178532878,0.317861517990314,3.12057402972103
711.9,0.183474558258685,1.54166181193038,0.317861517046778,3.12057402587379
712,0.183474559294671,1.54166183847855,0.317861516105453,3.12057402203557
712.1,0.183474560328229,1.54166186497339,0.317861515166337,3.12057401820636
712.2,0.183474561359362,1.54166189141501,0.317861514229423,3.12057401438612
712.3,0.183474562388077,1.54166191780351,0.317861513294706,3.12057401057485
712.4,0.18347456341438,1.54166194413901,0.317861512362182,3.1205740067725
712.5,0.183474564438276,1.54166197042161,0.317861511431844,3.12057400297908
712.6,0.18347456545977,1.54166199665141,0.317861510503688,3.12057399919456
712.7,0.183474566478869,1.54166202282852,0.317861509577709,3.12057399541891
712.8,0.183474567495578,1.54166204895305,0.317861508653902,3.12057399165211
712.9,0.183474568509902,1.54166207502509,0.317861507732261,3.12057398789415
713,0.183474569521848,1.54166210104477,0.317861506812781,3.120573984145
713.1,0.18347457053142,1.54166212701218,0.317861505895458,3.12057398040465
713.2,0.183474571538625,1.54166215292742,0.317861504980286,3.12057397667306
713.3,0.183474572543467,1.5416621787906,0.31786150406726,3.12057397295023
713.4,0.183474573545953,1.54166220460183,0.317861503156376,3.12057396923613
713.5,0.183474574546088,1.5416622303612,0.317861502247628,3.12057396553074
713.6,0.183474575543877,1.54166225606883,0.317861501341011,3.12057396183404
713.7,0.183474576539326,1.54166228172482,0.31786150043652,3.12057395814601
713.8,0.183474577532441,1.54166230732927,0.317861499534151,3.12057395446662
713.9,0.183474578523226,1.54166233288228,0.317861498633898,3.12057395079587
714,0.183474579511689,1.54166235838396,0.317861497735755,3.12057394713372
714.1,0.183474580497832,1.5416623838344,0.317861496839719,3.12057394348017
714.2,0.183474581481664,1.54166240923372,0.317861495945785,3.12057393983518
714.3,0.183474582463187,1.54166243458201,0.317861495053947,3.12057393619874
714.4,0.183474583442409,1.54166245987938,0.317861494164201,3.12057393257083
714.5,0.183474584419334,1.54166248512593,0.317861493276542,3.12057392895143
714.6,0.183474585393968,1.54166251032176,0.317861492390964,3.12057392534051
714.7,0.183474586366317,1.54166253546697,0.317861491507463,3.12057392173807
714.8,0.183474587336385,1.54166256056167,0.317861490626034,3.12057391814407
714.9,0.183474588304178,1.54166258560595,0.317861489746672,3.1205739145585
715,0.183474589269702,1.54166261059991,0.317861488869372,3.12057391098133
715.1,0.183474590232961,1.54166263554367,0.31786148799413,3.12057390741256
715.2,0.183474591193961,1.54166266043731,0.31786148712094,3.12057390385216
715.3,0.183474592152707,1.54166268528093,0.317861486249799,3.12057390030011
715.4,0.183474593109204,1.54166271007465,0.3178614853807,3.12057389675639
715.5,0.183474594063459,1.54166273481855,0.317861484513639,3.12057389322098
715.6,0.183474595015475,1.54166275951275,0.317861483648612,3.12057388969385
715.7,0.183474595965259,1.54166278415733,0.317861482785614,3.12057388617501
715.8,0.183474596912816,1.54166280875239,0.317861481924639,3.12057388266441
715.9,0.18347459785815,1.54166283329805,0.317861481065684,3.12057387916205
716,0.183474598801267,1.54166285779438,0.317861480208743,3.1205738756679
716.1,0.183474599742172,1.54166288224151,0.317861479353812,3.12057387218194
716.2,0.183474600680871,1.54166290663951,0.317861478500885,3.12057386870416
716.3,0.183474601617368,1.5416629309885,0.31786147764996,3.12057386523454
716.4,0.183474602551669,1.54166295528856,0.317861476801029,3.12057386177305
716.5,0.183474603483779,1.5416629795398,0.31786147595409,3.12057385831969
716.6,0.183474604413702,1.54166300374232,0.317861475109136,3.12057385487442
716.7,0.183474605341445,1.54166302789621,0.317861474266165,3.12057385143723
716.8,0.183474606267012,1.54166305200158,0.317861473425171,3.1205738480081
716.9,0.183474607190409,1.54166307605851,0.317861472586148,3.12057384458701
717,0.18347460811164,1.5416631000671,0.317861471749093,3.12057384117395
717.1,0.18347460903071,1.54166312402745,0.317861470914001,3.12057383776889
717.2,0.183474609947625,1.54166314793967,0.317861470080868,3.12057383437182
717.3,0.183474610862389,1.54166317180384,0.317861469249688,3.12057383098271
717.4,0.183474611775009,1.54166319562005,0.317861468420458,3.12057382760155
717.5,0.183474612685487,1.54166321938842,0.317861467593173,3.12057382422832
717.6,0.183474613593831,1.54166324310903,0.317861466767828,3.120573820863
717.7,0.183474614500044,1.54166326678197,0.317861465944418,3.12057381750558
717.8,0.183474615404132,1.54166329040736,0.31786146512294,3.12057381415603
717.9,0.1834746163061,1.54166331398527,0.317861464303388,3.12057381081433
718,0.183474617205953,1.5416633375158,0.317861463485758,3.12057380748047
718.1,0.183474618103695,1.54166336099906,0.317861462670046,3.12057380415443
718.2,0.183474618999331,1.54166338443513,0.317861461856246,3.12057380083619
718.3,0.183474619892868,1.54166340782411,0.317861461044356,3.12057379752573
718.4,0.183474620784308,1.54166343116609,0.317861460234369,3.12057379422303
718.5,0.183474621673658,1.54166345446117,0.317861459426282,3.12057379092808
718.6,0.183474622560922,1.54166347770944,0.317861458620089,3.12057378764086
718.7,0.183474623446106,1.541663500911,0.317861457815788,3.12057378436135
718.8,0.183474624329213,1.54166352406594,0.317861457013373,3.12057378108952
718.9,0.183474625210249,1.54166354717434,0.317861456212839,3.12057377782538
719,0.18347462608922,1.54166357023632,0.317861455414183,3.12057377456888
719.1,0.183474626966128,1.54166359325195,0.3178614546174,3.12057377132002
719.2,0.18347462784098,1.54166361622134,0.317861453822486,3.12057376807879
719.3,0.183474628713781,1.54166363914457,0.317861453029436,3.12057376484515
719.4,0.183474629584534,1.54166366202173,0.317861452238246,3.1205737616191
719.5,0.183474630453246,1.54166368485293,0.317861451448911,3.12057375840061
719.6,0.18347463131992,1.54166370763824,0.317861450661428,3.12057375518967
719.7,0.183474632184561,1.54166373037777,0.317861449875791,3.12057375198627
719.8,0.183474633047175,1.54166375307161,0.317861449091997,3.12057374879037
719.9,0.183474633907766,1.54166377571984,0.317861448310041,3.12057374560197
720,0.183474634766338,1.54166379832256,0.317861447529918,3.12057374242105
720.1,0.183474635622897,1.54166382087986,0.317861446751625,3.12057373924758
720.2,0.183474636477447,1.54166384339183,0.317861445975158,3.12057373608156
720.3,0.183474637329993,1.54166386585856,0.317861445200512,3.12057373292296
720.4,0.183474638180539,1.54166388828015,0.317861444427682,3.12057372977178
720.5,0.183474639029091,1.54166391065667,0.317861443656665,3.12057372662798
720.6,0.183474639875653,1.54166393298823,0.317861442887455,3.12057372349155
720.7,0.18347464072023,1.54166395527491,0.31786144212005,3.12057372036248
720.8,0.183474641562825,1.54166397751681,0.317861441354444,3.12057371724075
720.9,0.183474642403445,1.54166399971401,0.317861440590634,3.12057371412634
721,0.183474643242093,1.5416640218666,0.317861439828615,3.12057371101923
721.1,0.183474644078774,1.54166404397467,0.317861439068384,3.12057370791942
721.2,0.183474644913493,1.54166406603831,0.317861438309936,3.12057370482687
721.3,0.183474645746255,1.54166408805761,0.317861437553265,3.12057370174157
721.4,0.183474646577063,1.54166411003266,0.31786143679837,3.1205736986635
721.5,0.183474647405923,1.54166413196355,0.317861436045245,3.12057369559266
721.6,0.183474648232839,1.54166415385037,0.317861435293886,3.12057369252902
721.7,0.183474649057816,1.5416641756932,0.317861434544289,3.12057368947256
721.8,0.183474649880858,1.54166419749213,0.31786143379645,3.12057368642327
721.9,0.18347465070197,1.54166421924725,0.317861433050365,3.12057368338114
722,0.183474651521156,1.54166424095865,0.31786143230603,3.12057368034613
722.1,0.183474652338421,1.54166426262642,0.317861431563441,3.12057367731825
722.2,0.183474653153769,1.54166428425064,0.317861430822592,3.12057367429746
722.3,0.183474653967206,1.5416643058314,0.317861430083482,3.12057367128376
722.4,0.183474654778734,1.54166432736879,0.317861429346104,3.12057366827713
722.5,0.183474655588359,1.5416643488629,0.317861428610456,3.12057366527755
722.6,0.183474656396086,1.54166437031381,0.317861427876534,3.12057366228501
722.7,0.183474657201918,1.5416643917216,0.317861427144332,3.12057365929948
722.8,0.18347465800586,1.54166441308637,0.317861426413847,3.12057365632095
722.9,0.183474658807917,1.54166443440821,0.317861425685076,3.12057365334941
723,0.183474659608093,1.54166445568718,0.317861424958014,3.12057365038484
723.1,0.183474660406392,1.5416644769234,0.317861424232657,3.12057364742722
723.2,0.183474661202819,1.54166449811693,0.317861423509001,3.12057364447653
723.3,0.183474661997379,1.54166451926786,0.317861422787042,3.12057364153277
723.4,0.183474662790074,1.54166454037629,0.317861422066777,3.12057363859591
723.5,0.183474663580911,1.54166456144229,0.3178614213482,3.12057363566594
723.6,0.183474664369893,1.54166458246595,0.317861420631309,3.12057363274283
723.7,0.183474665157025,1.54166460344735,0.317861419916098,3.12057362982659
723.8,0.183474665942311,1.54166462438659,0.317861419202566,3.12057362691718
723.9,0.183474666725755,1.54166464528374,0.317861418490707,3.1205736240146
724,0.183474667507361,1.54166466613888,0.317861417780517,3.12057362111882
724.1,0.183474668287135,1.54166468695211,0.317861417071992,3.12057361822984
724.2,0.18347466906508,1.54166470772351,0.31786141636513,3.12057361534763
724.3,0.1834746698412,1.54166472845316,0.317861415659925,3.12057361247218
724.4,0.1834746706155,1.54166474914114,0.317861414956374,3.12057360960347
724.5,0.183474671387984,1.54166476978754,0.317861414254473,3.12057360674149
724.6,0.183474672158657,1.54166479039244,0.317861413554218,3.12057360388622
724.7,0.183474672927522,1.54166481095593,0.317861412855605,3.12057360103765
724.8,0.183474673694584,1.54166483147808,0.317861412158631,3.12057359819576
724.9,0.183474674459847,1.54166485195898,0.317861411463291,3.12057359536054
725,0.183474675223316,1.54166487239872,0.317861410769582,3.12057359253196
725.1,0.183474675984994,1.54166489279737,0.3178614100775,3.12057358971002
725.2,0.183474676744885,1.54166491315503,0.31786140938704,3.12057358689469
725.3,0.183474677502995,1.54166493347176,0.317861408698201,3.12057358408597
725.4,0.183474678259326,1.54166495374765,0.317861408010977,3.12057358128384
725.5,0.183474679013884,1.54166497398279,0.317861407325364,3.12057357848827
725.6,0.183474679766672,1.54166499417725,0.317861406641359,3.12057357569926
725.7,0.183474680517695,1.54166501433113,0.317861405958958,3.1205735729168
725.8,0.183474681266956,1.54166503444449,0.317861405278158,3.12057357014086
725.9,0.18347468201446,1.54166505451742,0.317861404598954,3.12057356737142
726,0.183474682760211,1.54166507455,0.317861403921343,3.12057356460849
726.1,0.183474683504213,1.54166509454232,0.317861403245321,3.12057356185203
726.2,0.183474684246471,1.54166511449445,0.317861402570885,3.12057355910204
726.3,0.183474684986987,1.54166513440647,0.31786140189803,3.1205735563585
726.4,0.183474685725767,1.54166515427846,0.317861401226754,3.12057355362139
726.5,0.183474686462814,1.54166517411051,0.317861400557051,3.1205735508907
726.6,0.183474687198133,1.5416651939027,0.31786139988892,3.12057354816641
726.7,0.183474687931727,1.5416652136551,0.317861399222355,3.12057354544852
726.8,0.1834746886636,1.54166523336779,0.317861398557354,3.12057354273699
726.9,0.183474689393758,1.54166525304085,0.317861397893911,3.12057354003183
727,0.183474690122203,1.54166527267437,0.317861397232025,3.12057353733301
727.1,0.183474690848939,1.54166529226842,0.317861396571691,3.12057353464052
727.2,0.183474691573971,1.54166531182309,0.317861395912906,3.12057353195435
727.3,0.183474692297303,1.54166533133844,0.317861395255666,3.12057352927447
727.4,0.183474693018939,1.54166535081456,0.317861394599967,3.12057352660088
727.5,0.183474693738882,1.54166537025153,0.317861393945805,3.12057352393355
727.6,0.183474694457136,1.54166538964943,0.317861393293178,3.12057352127249
727.7,0.183474695173706,1.54166540900833,0.317861392642082,3.12057351861766
727.8,0.183474695888596,1.54166542832832,0.317861391992512,3.12057351596907
727.9,0.183474696601809,1.54166544760947,0.317861391344466,3.12057351332668
728,0.183474697313349,1.54166546685185,0.317861390697939,3.12057351069049
728.1,0.183474698023221,1.54166548605555,0.31786139005293,3.12057350806048
728.2,0.183474698731428,1.54166550522065,0.317861389409432,3.12057350543664
728.3,0.183474699437973,1.54166552434722,0.317861388767444,3.12057350281895
728.4,0.183474700142862,1.54166554343534,0.317861388126961,3.12057350020741
728.5,0.183474700846098,1.54166556248508,0.31786138748798,3.12057349760199
728.6,0.183474701547685,1.54166558149653,0.317861386850499,3.12057349500267
728.7,0.183474702247626,1.54166560046976,0.317861386214511,3.12057349240945
728.8,0.183474702945925,1.54166561940484,0.317861385580016,3.12057348982232
728.9,0.183474703642587,1.54166563830186,0.317861384947008,3.12057348724125
729,0.183474704337615,1.54166565716088,0.317861384315485,3.12057348466624
729.1,0.183474705031013,1.541665675982,0.317861383685443,3.12057348209726
729.2,0.183474705722785,1.54166569476527,0.317861383056879,3.12057347953431
729.3,0.183474706412935,1.54166571351078,0.317861382429789,3.12057347697737
729.4,0.183474707101466,1.54166573221861,0.317861381804169,3.12057347442643
729.5,0.183474707788382,1.54166575088882,0.317861381180017,3.12057347188146
729.6,0.183474708473687,1.5416657695215,0.317861380557328,3.12057346934247
729.7,0.183474709157385,1.54166578811672,0.3178613799361,3.12057346680943
729.8,0.18347470983948,1.54166580667455,0.317861379316328,3.12057346428234
729.9,0.183474710519975,1.54166582519507,0.317861378698011,3.12057346176116
730,0.183474711198874,1.54166584367836,0.317861378081143,3.12057345924591
730.1,0.183474711876181,1.54166586212449,0.317861377465722,3.12057345673654
730.2,0.183474712551899,1.54166588053353,0.317861376851744,3.12057345423307
730.3,0.183474713226033,1.54166589890556,0.317861376239206,3.12057345173547
730.4,0.183474713898585,1.54166591724065,0.317861375628104,3.12057344924372
730.5,0.183474714569561,1.54166593553888,0.317861375018436,3.12057344675782
730.6,0.183474715238963,1.54166595380031,0.317861374410198,3.12057344427774
730.7,0.183474715906795,1.54166597202503,0.317861373803385,3.12057344180349
730.8,0.18347471657306,1.54166599021311,0.317861373197997,3.12057343933503
730.9,0.183474717237764,1.54166600836463,0.317861372594027,3.12057343687237
731,0.183474717900908,1.54166602647964,0.317861371991474,3.12057343441548
731.1,0.183474718562497,1.54166604455824,0.317861371390335,3.12057343196435
731.2,0.183474719222534,1.54166606260048,0.317861370790605,3.12057342951897
731.3,0.183474719881024,1.54166608060645,0.317861370192281,3.12057342707933
731.4,0.183474720537969,1.54166609857621,0.317861369595361,3.12057342464541
731.5,0.183474721193374,1.54166611650985,0.317861368999841,3.12057342221719
731.6,0.183474721847241,1.54166613440742,0.317861368405717,3.12057341979467
731.7,0.183474722499575,1.54166615226901,0.317861367812987,3.12057341737783
731.8,0.183474723150379,1.54166617009469,0.317861367221647,3.12057341496666
731.9,0.183474723799657,1.54166618788452,0.317861366631693,3.12057341256114
732,0.183474724447412,1.54166620563859,0.317861366043123,3.12057341016127
732.1,0.183474725093648,1.54166622335696,0.317861365455934,3.12057340776702
732.2,0.183474725738368,1.5416662410397,0.317861364870121,3.12057340537839
732.3,0.183474726381577,1.54166625868688,0.317861364285683,3.12057340299536
732.4,0.183474727023276,1.54166627629858,0.317861363702615,3.12057340061792
732.5,0.183474727663472,1.54166629387487,0.317861363120915,3.12057339824606
732.6,0.183474728302165,1.54166631141582,0.317861362540578,3.12057339587975
732.7,0.183474728939361,1.5416663289215,0.317861361961602,3.120573393519
732.8,0.183474729575062,1.54166634639197,0.317861361383985,3.12057339116378
732.9,0.183474730209272,1.54166636382732,0.317861360807722,3.12057338881409
733,0.183474730841995,1.54166638122761,0.317861360232811,3.12057338646991
733.1,0.183474731473235,1.54166639859291,0.317861359659248,3.12057338413122
733.2,0.183474732102993,1.54166641592329,0.317861359087029,3.12057338179802
733.3,0.183474732731275,1.54166643321883,0.317861358516154,3.12057337947029
733.4,0.183474733358083,1.54166645047958,0.317861357946616,3.12057337714802
733.5,0.183474733983422,1.54166646770563,0.317861357378415,3.1205733748312
733.6,0.183474734607293,1.54166648489704,0.317861356811546,3.12057337251981
733.7,0.183474735229702,1.54166650205388,0.317861356246006,3.12057337021384
733.8,0.183474735850651,1.54166651917622,0.317861355681793,3.12057336791328
733.9,0.183474736470144,1.54166653626413,0.317861355118903,3.12057336561811
734,0.183474737088184,1.54166655331768,0.317861354557333,3.12057336332833
734.1,0.183474737704774,1.54166657033693,0.317861353997079,3.12057336104391
734.2,0.183474738319918,1.54166658732196,0.317861353438141,3.12057335876486
734.3,0.18347473893362,1.54166660427284,0.317861352880512,3.12057335649115
734.4,0.183474739545883,1.54166662118963,0.317861352324191,3.12057335422276
734.5,0.183474740156709,1.54166663807239,0.317861351769176,3.12057335195971
734.6,0.183474740766103,1.54166665492121,0.317861351215461,3.12057334970195
734.7,0.183474741374068,1.54166667173615,0.317861350663046,3.1205733474495
734.8,0.183474741980607,1.54166668851727,0.317861350111926,3.12057334520232
734.9,0.183474742585723,1.54166670526465,0.317861349562098,3.12057334296042
735,0.183474743189421,1.54166672197835,0.31786134901356,3.12057334072377
735.1,0.183474743791702,1.54166673865844,0.317861348466308,3.12057333849237
735.2,0.183474744392571,1.54166675530498,0.31786134792034,3.1205733362662
735.3,0.183474744992031,1.54166677191805,0.317861347375652,3.12057333404525
735.4,0.183474745590085,1.54166678849771,0.317861346832241,3.12057333182952
735.5,0.183474746186737,1.54166680504402,0.317861346290105,3.12057332961897
735.6,0.183474746781989,1.54166682155706,0.317861345749241,3.12057332741362
735.7,0.183474747375845,1.5416668380369,0.317861345209644,3.12057332521343
735.8,0.183474747968309,1.54166685448359,0.317861344671314,3.1205733230184
735.9,0.183474748559382,1.5416668708972,0.317861344134245,3.12057332082853
736,0.18347474914907,1.54166688727781,0.317861343598436,3.12057331864378
736.1,0.183474749737375,1.54166690362547,0.317861343063884,3.12057331646416
736.2,0.1834747503243,1.54166691994026,0.317861342530586,3.12057331428966
736.3,0.183474750909849,1.54166693622224,0.317861341998538,3.12057331212025
736.4,0.183474751494024,1.54166695247147,0.317861341467738,3.12057330995593
736.5,0.183474752076829,1.54166696868803,0.317861340938183,3.12057330779668
736.6,0.183474752658268,1.54166698487197,0.317861340409869,3.1205733056425
736.7,0.183474753238343,1.54166700102336,0.317861339882795,3.12057330349337
736.8,0.183474753817057,1.54166701714227,0.317861339356957,3.12057330134928
736.9,0.183474754394414,1.54166703322876,0.317861338832352,3.12057329921023
737,0.183474754970418,1.54166704928289,0.317861338308977,3.12057329707618
737.1,0.18347475554507,1.54166706530474,0.31786133778683,3.12057329494714
737.2,0.183474756118374,1.54166708129437,0.317861337265907,3.1205732928231
737.3,0.183474756690335,1.54166709725184,0.317861336746206,3.12057329070403
737.4,0.183474757260954,1.54166711317722,0.317861336227724,3.12057328858994
737.5,0.183474757830234,1.54166712907056,0.317861335710458,3.1205732864808
737.6,0.183474758398179,1.54166714493195,0.317861335194404,3.12057328437661
737.7,0.183474758964793,1.54166716076143,0.317861334679562,3.12057328227735
737.8,0.183474759530077,1.54166717655907,0.317861334165926,3.12057328018302
737.9,0.183474760094036,1.54166719232494,0.317861333653495,3.1205732780936
738,0.183474760656673,1.54166720805911,0.317861333142266,3.12057327600908
738.1,0.183474761217989,1.54166722376162,0.317861332632235,3.12057327392945
738.2,0.18347476177799,1.54166723943256,0.317861332123401,3.12057327185469
738.3,0.183474762336677,1.54166725507197,0.31786133161576,3.1205732697848
738.4,0.183474762894054,1.54166727067993,0.31786133110931,3.12057326771977
738.5,0.183474763450123,1.5416672862565,0.317861330604047,3.12057326565957
738.6,0.183474764004888,1.54166730180173,0.31786133009997,3.12057326360422
738.7,0.183474764558353,1.5416673173157,0.317861329597074,3.12057326155367
738.8,0.183474765110519,1.54166733279847,0.317861329095358,3.12057325950795
738.9,0.183474765661391,1.5416673482501,0.317861328594819,3.12057325746701
739,0.18347476621097,1.54166736367064,0.317861328095453,3.12057325543086
739.1,0.183474766759261,1.54166737906018,0.317861327597259,3.12057325339949
739.2,0.183474767306266,1.54166739441875,0.317861327100233,3.12057325137288
739.3,0.183474767851988,1.54166740974644,0.317861326604372,3.12057324935103
739.4,0.18347476839643,1.5416674250433,0.317861326109674,3.12057324733391
739.5,0.183474768939595,1.54166744030939,0.317861325616137,3.12057324532153
739.6,0.183474769481486,1.54166745554477,0.317861325123757,3.12057324331387
739.7,0.183474770022107,1.5416674707495,0.317861324632532,3.12057324131091
739.8,0.18347477056146,1.54166748592366,0.317861324142458,3.12057323931266
739.9,0.183474771099547,1.54166750106729,0.317861323653535,3.12057323731909
740,0.183474771636373,1.54166751618046,0.317861323165758,3.12057323533019
740.1,0.18347477217194,1.54166753126323,0.317861322679124,3.12057323334596
740.2,0.183474772706251,1.54166754631566,0.317861322193632,3.12057323136638
740.3,0.183474773239308,1.54166756133782,0.317861321709278,3.12057322939144
740.4,0.183474773771116,1.54166757632976,0.31786132122606,3.12057322742114
740.5,0.183474774301676,1.54166759129154,0.317861320743976,3.12057322545546
740.6,0.183474774830992,1.54166760622323,0.317861320263022,3.12057322349438
740.7,0.183474775359067,1.54166762112488,0.317861319783197,3.12057322153791
740.8,0.183474775885903,1.54166763599655,0.317861319304496,3.12057321958602
740.9,0.183474776411504,1.54166765083832,0.317861318826918,3.12057321763871
741,0.183474776935872,1.54166766565022,0.31786131835046,3.12057321569597
741.1,0.18347477745901,1.54166768043233,0.31786131787512,3.12057321375778
741.2,0.183474777980922,1.54166769518471,0.317861317400894,3.12057321182415
741.3,0.183474778501609,1.54166770990741,0.317861316927781,3.12057320989504
741.4,0.183474779021075,1.5416677246005,0.317861316455776,3.12057320797046
741.5,0.183474779539323,1.54166773926403,0.317861315984879,3.12057320605039
741.6,0.183474780056355,1.54166775389806,0.317861315515087,3.12057320413483
741.7,0.183474780572175,1.54166776850265,0.317861315046396,3.12057320222375
741.8,0.183474781086786,1.54166778307787,0.317861314578804,3.12057320031716
741.9,0.183474781600189,1.54166779762376,0.317861314112309,3.12057319841504
742,0.183474782112388,1.5416678121404,0.317861313646908,3.12057319651739
742.1,0.183474782623386,1.54166782662783,0.317861313182598,3.12057319462418
742.2,0.183474783133186,1.54166784108612,0.317861312719377,3.12057319273541
742.3,0.18347478364179,1.54166785551532,0.317861312257242,3.12057319085107
742.4,0.183474784149201,1.5416678699155,0.317861311796192,3.12057318897115
742.5,0.183474784655423,1.5416678842867,0.317861311336223,3.12057318709564
742.6,0.183474785160457,1.541667898629,0.317861310877332,3.12057318522453
742.7,0.183474785664306,1.54166791294245,0.317861310419517,3.1205731833578
742.8,0.183474786166974,1.5416679272271,0.317861309962777,3.12057318149546
742.9,0.183474786668464,1.54166794148301,0.317861309507107,3.12057317963748
743,0.183474787168777,1.54166795571025,0.317861309052505,3.12057317778386
743.1,0.183474787667916,1.54166796990886,0.317861308598971,3.12057317593459
743.2,0.183474788165885,1.54166798407891,0.3178613081465,3.12057317408965
743.3,0.183474788662687,1.54166799822046,0.317861307695089,3.12057317224904
743.4,0.183474789158323,1.54166801233355,0.317861307244738,3.12057317041274
743.5,0.183474789652796,1.54166802641825,0.317861306795443,3.12057316858076
743.6,0.18347479014611,1.54166804047462,0.317861306347201,3.12057316675307
743.7,0.183474790638268,1.54166805450271,0.317861305900011,3.12057316492966
743.8,0.18347479112927,1.54166806850257,0.317861305453869,3.12057316311053
743.9,0.183474791619122,1.54166808247427,0.317861305008774,3.12057316129567
744,0.183474792107824,1.54166809641786,0.317861304564722,3.12057315948507
744.1,0.183474792595381,1.5416681103334,0.317861304121712,3.12057315767871
744.2,0.183474793081794,1.54166812422095,0.317861303679741,3.12057315587658
744.3,0.183474793567066,1.54166813808056,0.317861303238807,3.12057315407869
744.4,0.183474794051201,1.54166815191228,0.317861302798906,3.12057315228501
744.5,0.1834747945342,1.54166816571617,0.317861302360037,3.12057315049553
744.6,0.183474795016066,1.5416681794923,0.317861301922197,3.12057314871025
744.7,0.183474795496801,1.5416681932407,0.317861301485384,3.12057314692917
744.8,0.18347479597641,1.54166820696145,0.317861301049596,3.12057314515225
744.9,0.183474796454894,1.54166822065459,0.317861300614829,3.1205731433795
745,0.183474796932255,1.54166823432018,0.317861300181083,3.12057314161092
745.1,0.183474797408497,1.54166824795828,0.317861299748353,3.12057313984647
745.2,0.183474797883622,1.54166826156894,0.317861299316638,3.12057313808617
745.3,0.183474798357633,1.54166827515221,0.317861298885936,3.12057313633
745.4,0.183474798830532,1.54166828870816,0.317861298456243,3.12057313457794
745.5,0.183474799302322,1.54166830223683,0.317861298027559,3.12057313282999
745.6,0.183474799773006,1.54166831573829,0.31786129759988,3.12057313108614
745.7,0.183474800242586,1.54166832921258,0.317861297173204,3.12057312934639
745.8,0.183474800711064,1.54166834265976,0.317861296747528,3.12057312761071
745.9,0.183474801178444,1.54166835607988,0.317861296322851,3.1205731258791
746,0.183474801644728,1.541668369473,0.31786129589917,3.12057312415156
746.1,0.183474802109918,1.54166838283918,0.317861295476483,3.12057312242806
746.2,0.183474802574017,1.54166839617846,0.317861295054786,3.1205731207086
746.3,0.183474803037028,1.5416684094909,0.317861294634079,3.12057311899319
746.4,0.183474803498953,1.54166842277656,0.317861294214358,3.12057311728179
746.5,0.183474803959794,1.54166843603548,0.317861293795622,3.1205731155744
746.6,0.183474804419555,1.54166844926773,0.317861293377867,3.12057311387102
746.7,0.183474804878238,1.54166846247336,0.317861292961093,3.12057311217164
746.8,0.183474805335845,1.54166847565241,0.317861292545296,3.12057311047624
746.9,0.183474805792378,1.54166848880495,0.317861292130473,3.12057310878482
747,0.183474806247841,1.54166850193102,0.317861291716624,3.12057310709736
747.1,0.183474806702236,1.54166851503068,0.317861291303746,3.12057310541386
747.2,0.183474807155565,1.54166852810399,0.317861290891835,3.12057310373431
747.3,0.183474807607831,1.54166854115099,0.31786129048089,3.1205731020587
747.4,0.183474808059037,1.54166855417173,0.31786129007091,3.12057310038701
747.5,0.183474808509184,1.54166856716628,0.317861289661891,3.12057309871925
747.6,0.183474808958275,1.54166858013468,0.317861289253831,3.1205730970554
747.7,0.183474809406313,1.54166859307699,0.317861288846728,3.12057309539545
747.8,0.183474809853301,1.54166860599325,0.31786128844058,3.12057309373939
747.9,0.18347481029924,1.54166861888352,0.317861288035384,3.12057309208722
748,0.183474810744133,1.54166863174786,0.317861287631138,3.12057309043892
748.1,0.183474811187983,1.54166864458631,0.317861287227841,3.12057308879449
748.2,0.183474811630792,1.54166865739893,0.31786128682549,3.12057308715392
748.3,0.183474812072563,1.54166867018576,0.317861286424082,3.12057308551719
748.4,0.183474812513297,1.54166868294687,0.317861286023615,3.1205730838843
748.5,0.183474812952998,1.5416686956823,0.317861285624088,3.12057308225524
748.6,0.183474813391668,1.5416687083921,0.317861285225497,3.12057308063
748.7,0.183474813829308,1.54166872107632,0.317861284827841,3.12057307900857
748.8,0.183474814265923,1.54166873373502,0.317861284431119,3.12057307739094
748.9,0.183474814701513,1.54166874636825,0.317861284035326,3.12057307577711
749,0.183474815136082,1.54166875897606,0.317861283640462,3.12057307416706
749.1,0.183474815569632,1.5416687715585,0.317861283246523,3.12057307256079
749.2,0.183474816002165,1.54166878411561,0.317861282853508,3.12057307095829
749.3,0.183474816433684,1.54166879664746,0.317861282461415,3.12057306935954
749.4,0.18347481686419,1.54166880915409,0.317861282070242,3.12057306776454
749.5,0.183474817293687,1.54166882163556,0.317861281679986,3.12057306617329
749.6,0.183474817722177,1.5416688340919,0.317861281290645,3.12057306458576
749.7,0.183474818149662,1.54166884652318,0.317861280902218,3.12057306300196
749.8,0.183474818576144,1.54166885892945,0.317861280514701,3.12057306142187
749.9,0.183474819001626,1.54166887131075,0.317861280128093,3.12057305984549
750,0.18347481942611,1.54166888366713,0.317861279742392,3.12057305827281
750.1,0.183474819849599,1.54166889599865,0.317861279357596,3.12057305670381
750.2,0.183474820272095,1.54166890830535,0.317861278973701,3.1205730551385
750.3,0.183474820693599,1.54166892058728,0.317861278590707,3.12057305357685
750.4,0.183474821114115,1.5416689328445,0.317861278208612,3.12057305201887
750.5,0.183474821533645,1.54166894507706,0.317861277827412,3.12057305046454
750.6,0.183474821952191,1.54166895728499,0.317861277447106,3.12057304891386
750.7,0.183474822369755,1.54166896946836,0.317861277067692,3.12057304736681
750.8,0.183474822786341,1.54166898162721,0.317861276689169,3.12057304582339
750.9,0.183474823201949,1.54166899376159,0.317861276311532,3.12057304428359
751,0.183474823616582,1.54166900587155,0.317861275934782,3.1205730427474
751.1,0.183474824030243,1.54166901795714,0.317861275558915,3.12057304121482
751.2,0.183474824442934,1.54166903001841,0.317861275183929,3.12057303968582
751.3,0.183474824854657,1.54166904205541,0.317861274809823,3.12057303816042
751.4,0.183474825265414,1.54166905406818,0.317861274436594,3.12057303663859
751.5,0.183474825675209,1.54166906605677,0.317861274064241,3.12057303512033
751.6,0.183474826084042,1.54166907802124,0.31786127369276,3.12057303360563
751.7,0.183474826491916,1.54166908996163,0.317861273322152,3.12057303209449
751.8,0.183474826898834,1.54166910187799,0.317861272952411,3.12057303058688
751.9,0.183474827304797,1.54166911377037,0.317861272583539,3.12057302908282
752,0.183474827709808,1.54166912563881,0.317861272215531,3.12057302758228
752.1,0.18347482811387,1.54166913748337,0.317861271848386,3.12057302608526
752.2,0.183474828516983,1.54166914930409,0.317861271482103,3.12057302459174
752.3,0.183474828919152,1.54166916110102,0.317861271116678,3.12057302310174
752.4,0.183474829320377,1.5416691728742,0.317861270752111,3.12057302161523
752.5,0.183474829720661,1.5416691846237,0.317861270388398,3.1205730201322
752.6,0.183474830120007,1.54166919634954,0.317861270025538,3.12057301865265
752.7,0.183474830518416,1.54166920805179,0.31786126966353,3.12057301717657
752.8,0.18347483091589,1.54166921973048,0.31786126930237,3.12057301570396
752.9,0.183474831312433,1.54166923138567,0.317861268942058,3.12057301423479
753,0.183474831708045,1.5416692430174,0.31786126858259,3.12057301276907
753.1,0.18347483210273,1.54166925462572,0.317861268223966,3.12057301130679
753.2,0.183474832496489,1.54166926621068,0.317861267866182,3.12057300984794
753.3,0.183474832889324,1.54166927777232,0.317861267509237,3.12057300839251
753.4,0.183474833281239,1.5416692893107,0.31786126715313,3.1205730069405
753.5,0.183474833672234,1.54166930082584,0.317861266797857,3.12057300549189
753.6,0.183474834062312,1.54166931231782,0.317861266443419,3.12057300404667
753.7,0.183474834451475,1.54166932378666,0.31786126608981,3.12057300260485
753.8,0.183474834839726,1.54166933523242,0.317861265737032,3.1205730011664
753.9,0.183474835227066,1.54166934665514,0.317861265385081,3.12057299973134
754,0.183474835613498,1.54166935805487,0.317861265033955,3.12057299829963
754.1,0.183474835999023,1.54166936943166,0.317861264683653,3.12057299687128
754.2,0.183474836383644,1.54166938078555,0.317861264334173,3.12057299544629
754.3,0.183474836767364,1.54166939211658,0.317861263985512,3.12057299402463
754.4,0.183474837150183,1.54166940342481,0.317861263637668,3.12057299260631
754.5,0.183474837532104,1.54166941471028,0.31786126329064,3.12057299119132
754.6,0.18347483791313,1.54166942597303,0.317861262944426,3.12057298977964
754.7,0.183474838293263,1.54166943721311,0.317861262599024,3.12057298837127
754.8,0.183474838672503,1.54166944843057,0.317861262254432,3.12057298696621
754.9,0.183474839050855,1.54166945962545,0.317861261910648,3.12057298556445
755,0.183474839428319,1.5416694707978,0.317861261567671,3.12057298416597
755.1,0.183474839804897,1.54166948194766,0.317861261225498,3.12057298277077
755.2,0.183474840180593,1.54166949307508,0.317861260884127,3.12057298137884
755.3,0.183474840555407,1.5416695041801,0.317861260543557,3.12057297999017
755.4,0.183474840929343,1.54166951526277,0.317861260203786,3.12057297860477
755.5,0.183474841302402,1.54166952632313,0.317861259864811,3.12057297722261
755.6,0.183474841674585,1.54166953736123,0.317861259526632,3.12057297584369
755.7,0.183474842045896,1.5416695483771,0.317861259189245,3.12057297446801
755.8,0.183474842416336,1.54166955937081,0.31786125885265,3.12057297309556
755.9,0.183474842785907,1.54166957034238,0.317861258516844,3.12057297172631
756,0.183474843154611,1.54166958129187,0.317861258181825,3.12057297036029
756.1,0.183474843522451,1.54166959221932,0.317861257847593,3.12057296899747
756.2,0.183474843889428,1.54166960312478,0.317861257514144,3.12057296763784
756.3,0.183474844255545,1.54166961400828,0.317861257181478,3.1205729662814
756.4,0.183474844620802,1.54166962486988,0.317861256849591,3.12057296492814
756.5,0.183474844985204,1.54166963570961,0.317861256518482,3.12057296357806
756.6,0.18347484534875,1.54166964652752,0.31786125618815,3.12057296223114
756.7,0.183474845711444,1.54166965732366,0.317861255858593,3.12057296088738
756.8,0.183474846073288,1.54166966809806,0.317861255529809,3.12057295954677
756.9,0.183474846434283,1.54166967885078,0.317861255201795,3.12057295820931
757,0.183474846794431,1.54166968958185,0.317861254874551,3.12057295687498
757.1,0.183474847153734,1.54166970029131,0.317861254548075,3.12057295554379
757.2,0.183474847512195,1.54166971097922,0.317861254222364,3.12057295421571
757.3,0.183474847869815,1.54166972164562,0.317861253897417,3.12057295289075
757.4,0.183474848226597,1.54166973229054,0.317861253573232,3.1205729515689
757.5,0.183474848582541,1.54166974291403,0.317861253249808,3.12057295025014
757.6,0.183474848937651,1.54166975351614,0.317861252927142,3.12057294893449
757.7,0.183474849291929,1.54166976409691,0.317861252605232,3.12057294762191
757.8,0.183474849645375,1.54166977465638,0.317861252284078,3.12057294631241
757.9,0.183474849997992,1.54166978519459,0.317861251963677,3.12057294500599
758,0.183474850349783,1.54166979571158,0.317861251644027,3.12057294370262
758.1,0.183474850700748,1.54166980620741,0.317861251325127,3.12057294240232
758.2,0.183474851050891,1.5416698166821,0.317861251006975,3.12057294110506
758.3,0.183474851400212,1.54166982713571,0.317861250689568,3.12057293981085
758.4,0.183474851748713,1.54166983756828,0.317861250372906,3.12057293851967
758.5,0.183474852096398,1.54166984797984,0.317861250056988,3.12057293723152
758.6,0.183474852443267,1.54166985837045,0.317861249741809,3.12057293594639
758.7,0.183474852789323,1.54166986874013,0.31786124942737,3.12057293466427
758.8,0.183474853134567,1.54166987908894,0.317861249113668,3.12057293338517
758.9,0.183474853479001,1.54166988941691,0.317861248800702,3.12057293210906
759,0.183474853822628,1.5416698997241,0.31786124848847,3.12057293083594
759.1,0.183474854165448,1.54166991001053,0.317861248176971,3.12057292956581
759.2,0.183474854507465,1.54166992027626,0.317861247866201,3.12057292829866
759.3,0.18347485484868,1.54166993052132,0.317861247556161,3.12057292703448
759.4,0.183474855189094,1.54166994074575,0.317861247246847,3.12057292577327
759.5,0.18347485552871,1.5416699509496,0.31786124693826,3.12057292451501
759.6,0.18347485586753,1.54166996113291,0.317861246630396,3.1205729232597
759.7,0.183474856205555,1.54166997129571,0.317861246323253,3.12057292200734
759.8,0.183474856542787,1.54166998143806,0.317861246016831,3.12057292075791
759.9,0.183474856879228,1.54166999155998,0.317861245711128,3.12057291951142
760,0.18347485721488,1.54167000166153,0.317861245406141,3.12057291826785
760.1,0.183474857549746,1.54167001174275,0.317861245101871,3.12057291702719
760.2,0.183474857883825,1.54167002180366,0.317861244798313,3.12057291578945
760.3,0.183474858217122,1.54167003184432,0.317861244495468,3.1205729145546
760.4,0.183474858549636,1.54167004186477,0.317861244193332,3.12057291332265
760.5,0.183474858881371,1.54167005186504,0.317861243891905,3.12057291209359
760.6,0.183474859212328,1.54167006184518,0.317861243591185,3.12057291086742
760.7,0.183474859542509,1.54167007180522,0.317861243291171,3.12057290964412
760.8,0.183474859871915,1.54167008174521,0.317861242991859,3.12057290842369
760.9,0.183474860200549,1.5416700916652,0.31786124269325,3.12057290720612
761,0.183474860528412,1.5416701015652,0.317861242395341,3.12057290599141
761.1,0.183474860855506,1.54167011144528,0.317861242098131,3.12057290477954
761.2,0.183474861181833,1.54167012130546,0.317861241801618,3.12057290357052
761.3,0.183474861507394,1.54167013114579,0.3178612415058,3.12057290236433
761.4,0.183474861832193,1.54167014096631,0.317861241210677,3.12057290116097
761.5,0.183474862156229,1.54167015076706,0.317861240916244,3.12057289996043
761.6,0.183474862479506,1.54167016054807,0.317861240622503,3.12057289876271
761.7,0.183474862802024,1.54167017030939,0.317861240329451,3.1205728975678
761.8,0.183474863123786,1.54167018005106,0.317861240037085,3.12057289637569
761.9,0.183474863444793,1.54167018977312,0.317861239745406,3.12057289518638
762,0.183474863765048,1.5416701994756,0.31786123945441,3.12057289399985
762.1,0.183474864084551,1.54167020915854,0.317861239164097,3.12057289281611
762.2,0.183474864403305,1.54167021882199,0.317861238874465,3.12057289163514
762.3,0.183474864721312,1.54167022846598,0.317861238585512,3.12057289045694
762.4,0.183474865038573,1.54167023809055,0.317861238297237,3.12057288928151
762.5,0.183474865355089,1.54167024769574,0.317861238009637,3.12057288810883
762.6,0.183474865670864,1.5416702572816,0.317861237722712,3.12057288693891
762.7,0.183474865985898,1.54167026684815,0.317861237436461,3.12057288577173
762.8,0.183474866300193,1.54167027639544,0.31786123715088,3.12057288460728
762.9,0.18347486661375,1.54167028592351,0.317861236865969,3.12057288344557
763,0.183474866926573,1.54167029543239,0.317861236581727,3.12057288228658
763.1,0.183474867238662,1.54167030492213,0.317861236298151,3.1205728811303
763.2,0.183474867550019,1.54167031439276,0.31786123601524,3.12057287997675
763.3,0.183474867860645,1.54167032384432,0.317861235732993,3.12057287882589
763.4,0.183474868170544,1.54167033327685,0.317861235451407,3.12057287767773
763.5,0.183474868479715,1.54167034269038,0.317861235170482,3.12057287653227
763.6,0.183474868788162,1.54167035208496,0.317861234890216,3.12057287538949
763.7,0.183474869095885,1.54167036146063,0.317861234610606,3.1205728742494
763.8,0.183474869402886,1.54167037081741,0.317861234331653,3.12057287311197
763.9,0.183474869709167,1.54167038015536,0.317861234053354,3.12057287197722
764,0.18347487001473,1.5416703894745,0.317861233775707,3.12057287084512
764.1,0.183474870319577,1.54167039877488,0.317861233498712,3.12057286971568
764.2,0.183474870623708,1.54167040805653,0.317861233222366,3.12057286858889
764.3,0.183474870927127,1.54167041731949,0.317861232946669,3.12057286746475
764.4,0.183474871229833,1.5416704265638,0.317861232671618,3.12057286634323
764.5,0.18347487153183,1.54167043578949,0.317861232397212,3.12057286522435
764.6,0.183474871833118,1.54167044499661,0.317861232123449,3.12057286410809
764.7,0.1834748721337,1.54167045418519,0.317861231850329,3.12057286299445
764.8,0.183474872433577,1.54167046335526,0.317861231577849,3.12057286188342
764.9,0.183474872732751,1.54167047250687,0.317861231306008,3.120572860775
765,0.183474873031223,1.54167048164005,0.317861231034805,3.12057285966918
765.1,0.183474873328995,1.54167049075484,0.317861230764237,3.12057285856595
765.2,0.183474873626068,1.54167049985127,0.317861230494304,3.12057285746531
765.3,0.183474873922446,1.54167050892939,0.317861230225005,3.12057285636725
765.4,0.183474874218127,1.54167051798922,0.317861229956336,3.12057285527176
765.5,0.183474874513116,1.54167052703082,0.317861229688298,3.12057285417884
765.6,0.183474874807413,1.5416705360542,0.317861229420889,3.12057285308849
765.7,0.183474875101019,1.54167054505941,0.317861229154107,3.12057285200069
765.8,0.183474875393937,1.54167055404649,0.31786122888795,3.12057285091544
765.9,0.183474875686168,1.54167056301547,0.317861228622417,3.12057284983275
766,0.183474875977713,1.54167057196639,0.317861228357508,3.12057284875258
766.1,0.183474876268575,1.54167058089929,0.317861228093219,3.12057284767496
766.2,0.183474876558755,1.5416705898142,0.31786122782955,3.12057284659986
766.3,0.183474876848254,1.54167059871115,0.3178612275665,3.12057284552727
766.4,0.183474877137074,1.54167060759019,0.317861227304066,3.12057284445721
766.5,0.183474877425217,1.54167061645134,0.317861227042249,3.12057284338966
766.6,0.183474877712684,1.54167062529466,0.317861226781045,3.12057284232461
766.7,0.183474877999477,1.54167063412016,0.317861226520453,3.12057284126205
766.8,0.183474878285597,1.54167064292789,0.317861226260473,3.12057284020199
766.9,0.183474878571046,1.54167065171788,0.317861226001103,3.12057283914442
767,0.183474878855826,1.54167066049017,0.31786122574234,3.12057283808932
767.1,0.183474879139938,1.5416706692448,0.317861225484185,3.1205728370367
767.2,0.183474879423384,1.54167067798179,0.317861225226635,3.12057283598655
767.3,0.183474879706165,1.54167068670119,0.317861224969689,3.12057283493886
767.4,0.183474879988282,1.54167069540303,0.317861224713346,3.12057283389363
767.5,0.183474880269739,1.54167070408734,0.317861224457603,3.12057283285085
767.6,0.183474880550535,1.54167071275417,0.317861224202462,3.12057283181051
767.7,0.183474880830672,1.54167072140354,0.317861223947917,3.12057283077262
767.8,0.183474881110153,1.54167073003549,0.31786122369397,3.12057282973716
767.9,0.183474881388978,1.54167073865006,0.317861223440618,3.12057282870413
768,0.183474881667149,1.54167074724728,0.317861223187861,3.12057282767352
768.1,0.183474881944668,1.54167075582718,0.317861222935696,3.12057282664532
768.2,0.183474882221536,1.54167076438981,0.317861222684123,3.12057282561954
768.3,0.183474882497754,1.54167077293519,0.31786122243314,3.12057282459616
768.4,0.183474882773325,1.54167078146336,0.317861222182745,3.12057282357519
768.5,0.18347488304825,1.54167078997436,0.317861221932938,3.1205728225566
768.6,0.183474883322529,1.54167079846821,0.317861221683716,3.12057282154041
768.7,0.183474883596166,1.54167080694496,0.317861221435079,3.1205728205266
768.8,0.183474883869161,1.54167081540463,0.317861221187025,3.12057281951517
768.9,0.183474884141515,1.54167082384727,0.317861220939552,3.12057281850611
769,0.183474884413231,1.54167083227291,0.31786122069266,3.12057281749941
769.1,0.18347488468431,1.54167084068157,0.317861220446348,3.12057281649508
769.2,0.183474884954752,1.5416708490733,0.317861220200613,3.12057281549311
769.3,0.183474885224561,1.54167085744813,0.317861219955453,3.12057281449347
769.4,0.183474885493737,1.54167086580609,0.317861219710869,3.12057281349619
769.5,0.183474885762281,1.54167087414721,0.317861219466859,3.12057281250124
769.6,0.183474886030196,1.54167088247154,0.317861219223421,3.12057281150863
769.7,0.183474886297482,1.5416708907791,0.317861218980553,3.12057281051835
769.8,0.183474886564142,1.54167089906993,0.317861218738256,3.12057280953039
769.9,0.183474886830176,1.54167090734406,0.317861218496526,3.12057280854475
770,0.183474887095586,1.54167091560153,0.317861218255364,3.12057280756142
770.1,0.183474887360374,1.54167092384236,0.317861218014767,3.12057280658039
770.2,0.183474887624541,1.5416709320666,0.317861217774734,3.12057280560166
770.3,0.183474887888088,1.54167094027427,0.317861217535265,3.12057280462523
770.4,0.183474888151017,1.54167094846541,0.317861217296356,3.12057280365109
770.5,0.18347488841333,1.54167095664006,0.317861217058009,3.12057280267924
770.6,0.183474888675027,1.54167096479824,0.317861216820219,3.12057280170966
770.7,0.183474888936111,1.54167097293998,0.317861216582988,3.12057280074235
770.8,0.183474889196582,1.54167098106533,0.317861216346313,3.12057279977732
770.9,0.183474889456443,1.54167098917431,0.317861216110193,3.12057279881455
771,0.183474889715694,1.54167099726696,0.317861215874627,3.12057279785403
771.1,0.183474889974337,1.54167100534331,0.317861215639613,3.12057279689577
771.2,0.183474890232373,1.54167101340339,0.317861215405151,3.12057279593976
771.3,0.183474890489805,1.54167102144724,0.317861215171238,3.12057279498599
771.4,0.183474890746632,1.54167102947488,0.317861214937874,3.12057279403446
771.5,0.183474891002857,1.54167103748635,0.317861214705058,3.12057279308515
771.6,0.183474891258482,1.54167104548169,0.317861214472787,3.12057279213807
771.7,0.183474891513506,1.54167105346093,0.317861214241061,3.12057279119322
771.8,0.183474891767933,1.54167106142408,0.317861214009878,3.12057279025058
771.9,0.183474892021763,1.54167106937121,0.317861213779238,3.12057278931015
772,0.183474892274998,1.54167107730232,0.317861213549139,3.12057278837193
772.1,0.183474892527639,1.54167108521746,0.317861213319579,3.12057278743591
772.2,0.183474892779687,1.54167109311665,0.317861213090557,3.12057278650208
772.3,0.183474893031144,1.54167110099994,0.317861212862073,3.12057278557044
772.4,0.183474893282012,1.54167110886734,0.317861212634124,3.12057278464099
772.5,0.183474893532291,1.5416711167189,0.31786121240671,3.12057278371371
772.6,0.183474893781983,1.54167112455464,0.317861212179829,3.12057278278862
772.7,0.18347489403109,1.54167113237459,0.317861211953481,3.12057278186568
772.8,0.183474894279612,1.5416711401788,0.317861211727663,3.12057278094492
772.9,0.183474894527552,1.54167114796729,0.317861211502375,3.12057278002631
773,0.18347489477491,1.54167115574008,0.317861211277615,3.12057277910987
773.1,0.183474895021688,1.54167116349722,0.317861211053382,3.12057277819556
773.2,0.183474895267887,1.54167117123873,0.317861210829676,3.1205727772834
773.3,0.183474895513509,1.54167117896465,0.317861210606494,3.12057277637339
773.4,0.183474895758555,1.54167118667501,0.317861210383835,3.1205727754655
773.5,0.183474896003026,1.54167119436983,0.317861210161698,3.12057277455975
773.6,0.183474896246924,1.54167120204916,0.317861209940082,3.12057277365612
773.7,0.183474896490249,1.54167120971301,0.317861209718986,3.12057277275461
773.8,0.183474896733004,1.54167121736143,0.317861209498409,3.12057277185521
773.9,0.18347489697519,1.54167122499444,0.317861209278349,3.12057277095792
774,0.183474897216808,1.54167123261207,0.317861209058805,3.12057277006273
774.1,0.183474897457859,1.54167124021436,0.317861208839775,3.12057276916965
774.2,0.183474897698345,1.54167124780134,0.31786120862126,3.12057276827866
774.3,0.183474897938267,1.54167125537303,0.317861208403257,3.12057276738976
774.4,0.183474898177626,1.54167126292946,0.317861208185766,3.12057276650295
774.5,0.183474898416424,1.54167127047068,0.317861207968784,3.12057276561821
774.6,0.183474898654661,1.5416712779967,0.317861207752311,3.12057276473555
774.7,0.18347489889234,1.54167128550757,0.317861207536346,3.12057276385496
774.8,0.183474899129462,1.5416712930033,0.317861207320887,3.12057276297643
774.9,0.183474899366027,1.54167130048393,0.317861207105934,3.12057276209997
775,0.183474899602038,1.54167130794949,0.317861206891485,3.12057276122556
775.1,0.183474899837495,1.54167131540001,0.317861206677538,3.1205727603532
775.2,0.1834749000724,1.54167132283552,0.317861206464093,3.12057275948288
775.3,0.183474900306754,1.54167133025606,0.31786120625115,3.12057275861461
775.4,0.183474900540559,1.54167133766164,0.317861206038705,3.12057275774838
775.5,0.183474900773815,1.54167134505231,0.317861205826759,3.12057275688417
775.6,0.183474901006524,1.54167135242808,0.31786120561531,3.12057275602199
775.7,0.183474901238687,1.541671359789,0.317861205404356,3.12057275516184
775.8,0.183474901470306,1.54167136713509,0.317861205193897,3.1205727543037
775.9,0.183474901701382,1.54167137446638,0.317861204983932,3.12057275344757
776,0.183474901931916,1.5416713817829,0.31786120477446,3.12057275259345
776.1,0.183474902161909,1.54167138908468,0.317861204565478,3.12057275174134
776.2,0.183474902391362,1.54167139637174,0.317861204356987,3.12057275089122
776.3,0.183474902620278,1.54167140364413,0.317861204148984,3.1205727500431
776.4,0.183474902848657,1.54167141090187,0.31786120394147,3.12057274919696
776.5,0.1834749030765,1.54167141814499,0.317861203734442,3.12057274835282
776.6,0.183474903303809,1.54167142537351,0.317861203527899,3.12057274751064
776.7,0.183474903530584,1.54167143258747,0.317861203321841,3.12057274667045
776.8,0.183474903756828,1.5416714397869,0.317861203116266,3.12057274583223
776.9,0.183474903982541,1.54167144697182,0.317861202911174,3.12057274499596
777,0.183474904207725,1.54167145414227,0.317861202706562,3.12057274416167
777.1,0.183474904432381,1.54167146129827,0.31786120250243,3.12057274332933
777.2,0.18347490465651,1.54167146843985,0.317861202298777,3.12057274249894
777.3,0.183474904880113,1.54167147556705,0.317861202095602,3.1205727416705
777.4,0.183474905103192,1.54167148267989,0.317861201892902,3.120572740844
777.5,0.183474905325748,1.54167148977839,0.317861201690679,3.12057274001944
777.6,0.183474905547781,1.5416714968626,0.31786120148893,3.12057273919681
777.7,0.183474905769294,1.54167150393253,0.317861201287653,3.12057273837611
777.8,0.183474905990288,1.54167151098822,0.317861201086849,3.12057273755734
777.9,0.183474906210763,1.54167151802969,0.317861200886515,3.12057273674049
778,0.183474906430722,1.54167152505697,0.317861200686652,3.12057273592555
778.1,0.183474906650164,1.5416715320701,0.317861200487257,3.12057273511252
778.2,0.183474906869091,1.5416715390691,0.31786120028833,3.1205727343014
778.3,0.183474907087506,1.54167154605399,0.31786120008987,3.12057273349219
778.4,0.183474907305408,1.54167155302482,0.317861199891875,3.12057273268487
778.5,0.183474907522799,1.54167155998159,0.317861199694344,3.12057273187944
778.6,0.18347490773968,1.54167156692435,0.317861199497276,3.12057273107591
778.7,0.183474907956052,1.54167157385313,0.317861199300671,3.12057273027426
778.8,0.183474908171917,1.54167158076794,0.317861199104527,3.12057272947448
778.9,0.183474908387276,1.54167158766882,0.317861198908842,3.12057272867659
779,0.18347490860213,1.5416715945558,0.317861198713617,3.12057272788056
779.1,0.18347490881648,1.5416716014289,0.31786119851885,3.12057272708641
779.2,0.183474909030327,1.54167160828815,0.317861198324539,3.12057272629411
779.3,0.183474909243673,1.54167161513358,0.317861198130683,3.12057272550367
779.4,0.183474909456518,1.54167162196522,0.317861197937283,3.12057272471508
779.5,0.183474909668864,1.54167162878309,0.317861197744336,3.12057272392835
779.6,0.183474909880712,1.54167163558723,0.317861197551842,3.12057272314346
779.7,0.183474910092063,1.54167164237765,0.317861197359799,3.12057272236041
779.8,0.183474910302919,1.5416716491544,0.317861197168206,3.1205727215792
779.9,0.18347491051328,1.54167165591749,0.317861196977063,3.12057272079982
780,0.183474910723148,1.54167166266695,0.317861196786368,3.12057272002227
780.1,0.183474910932523,1.54167166940281,0.317861196596121,3.12057271924654
780.2,0.183474911141408,1.54167167612511,0.317861196406319,3.12057271847263
780.3,0.183474911349803,1.54167168283385,0.317861196216962,3.12057271770053
780.4,0.183474911557709,1.54167168952908,0.31786119602805,3.12057271693025
780.5,0.183474911765127,1.54167169621081,0.317861195839581,3.12057271616177
780.6,0.183474911972059,1.54167170287909,0.317861195651553,3.1205727153951
780.7,0.183474912178505,1.54167170953393,0.317861195463967,3.12057271463022
780.8,0.183474912384468,1.54167171617535,0.317861195276821,3.12057271386713
780.9,0.183474912589947,1.5416717228034,0.317861195090113,3.12057271310584
781,0.183474912794945,1.54167172941809,0.317861194903843,3.12057271234633
781.1,0.183474912999462,1.54167173601945,0.317861194718011,3.1205727115886
781.2,0.183474913203498,1.54167174260751,0.317861194532614,3.12057271083265
781.3,0.183474913407057,1.5416717491823,0.317861194347652,3.12057271007848
781.4,0.183474913610138,1.54167175574383,0.317861194163123,3.12057270932606
781.5,0.183474913812743,1.54167176229215,0.317861193979028,3.12057270857542
781.6,0.183474914014873,1.54167176882727,0.317861193795363,3.12057270782654
781.7,0.183474914216529,1.54167177534922,0.31786119361213,3.12057270707941
781.8,0.183474914417712,1.54167178185803,0.317861193429326,3.12057270633403
781.9,0.183474914618423,1.54167178835372,0.317861193246952,3.12057270559041
782,0.183474914818663,1.54167179483632,0.317861193065005,3.12057270484852
782.1,0.183474915018433,1.54167180130586,0.317861192883485,3.12057270410838
782.2,0.183474915217735,1.54167180776236,0.31786119270239,3.12057270336997
782.3,0.18347491541657,1.54167181420586,0.31786119252172,3.1205727026333
782.4,0.183474915614938,1.54167182063636,0.317861192341474,3.12057270189835
782.5,0.183474915812841,1.54167182705391,0.31786119216165,3.12057270116512
782.6,0.18347491601028,1.54167183345853,0.317861191982249,3.12057270043362
782.7,0.183474916207256,1.54167183985024,0.317861191803267,3.12057269970383
782.8,0.18347491640377,1.54167184622907,0.317861191624706,3.12057269897575
782.9,0.183474916599824,1.54167185259505,0.317861191446563,3.12057269824938
783,0.183474916795417,1.5416718589482,0.317861191268839,3.12057269752471
783.1,0.183474916990552,1.54167186528855,0.317861191091531,3.12057269680175
783.2,0.183474917185229,1.54167187161611,0.317861190914638,3.12057269608047
783.3,0.183474917379449,1.54167187793093,0.317861190738161,3.12057269536089
783.4,0.183474917573214,1.54167188423303,0.317861190562098,3.120572694643
783.5,0.183474917766525,1.54167189052242,0.317861190386447,3.12057269392679
783.6,0.183474917959382,1.54167189679914,0.317861190211208,3.12057269321226
783.7,0.183474918151787,1.5416719030632,0.31786119003638,3.1205726924994
783.8,0.18347491834374,1.54167190931465,0.317861189861963,3.12057269178822
783.9,0.183474918535244,1.5416719155535,0.317861189687955,3.12057269107871
784,0.183474918726298,1.54167192177977,0.317861189514354,3.12057269037086
784.1,0.183474918916905,1.5416719279935,0.31786118934116,3.12057268966467
784.2,0.183474919107064,1.5416719341947,0.317861189168373,3.12057268896013
784.3,0.183474919296777,1.54167194038341,0.317861188995991,3.12057268825725
784.4,0.183474919486045,1.54167194655965,0.317861188824014,3.12057268755601
784.5,0.18347491967487,1.54167195272344,0.317861188652439,3.12057268685643
784.6,0.183474919863252,1.5416719588748,0.317861188481267,3.12057268615848
784.7,0.183474920051192,1.54167196501377,0.317861188310497,3.12057268546217
784.8,0.183474920238691,1.54167197114037,0.317861188140127,3.12057268476749
784.9,0.18347492042575,1.54167197725462,0.317861187970156,3.12057268407444
785,0.183474920612371,1.54167198335655,0.317861187800585,3.12057268338302
785.1,0.183474920798554,1.54167198944618,0.31786118763141,3.12057268269322
785.2,0.1834749209843,1.54167199552354,0.317861187462633,3.12057268200503
785.3,0.183474921169611,1.54167200158865,0.317861187294251,3.12057268131846
785.4,0.183474921354487,1.54167200764154,0.317861187126265,3.1205726806335
785.5,0.183474921538929,1.54167201368223,0.317861186958672,3.12057267995014
785.6,0.183474921722939,1.54167201971074,0.317861186791472,3.12057267926839
785.7,0.183474921906518,1.54167202572711,0.317861186624664,3.12057267858824
785.8,0.183474922089666,1.54167203173135,0.317861186458248,3.12057267790968
785.9,0.183474922272384,1.54167203772349,0.317861186292221,3.12057267723271
786,0.183474922454674,1.54167204370355,0.317861186126585,3.12057267655733
786.1,0.183474922636536,1.54167204967156,0.317861185961336,3.12057267588354
786.2,0.183474922817972,1.54167205562754,0.317861185796476,3.12057267521133
786.3,0.183474922998982,1.54167206157152,0.317861185632001,3.12057267454069
786.4,0.183474923179568,1.54167206750352,0.317861185467913,3.12057267387162
786.5,0.18347492335973,1.54167207342356,0.317861185304209,3.12057267320413
786.6,0.18347492353947,1.54167207933167,0.317861185140889,3.12057267253819
786.7,0.183474923718788,1.54167208522787,0.317861184977953,3.12057267187383
786.8,0.183474923897686,1.54167209111219,0.317861184815399,3.12057267121101
786.9,0.183474924076164,1.54167209698465,0.317861184653225,3.12057267054976
787,0.183474924254224,1.54167210284528,0.317861184491432,3.12057266989005
787.1,0.183474924431866,1.54167210869409,0.317861184330018,3.12057266923189
787.2,0.183474924609091,1.54167211453111,0.317861184168983,3.12057266857528
787.3,0.183474924785901,1.54167212035637,0.317861184008326,3.1205726679202
787.4,0.183474924962296,1.54167212616989,0.317861183848045,3.12057266726666
787.5,0.183474925138277,1.54167213197169,0.31786118368814,3.12057266661466
787.6,0.183474925313846,1.5416721377618,0.317861183528611,3.12057266596418
787.7,0.183474925489003,1.54167214354024,0.317861183369455,3.12057266531522
787.8,0.183474925663749,1.54167214930703,0.317861183210673,3.1205726646678
787.9,0.183474925838085,1.5416721550622,0.317861183052263,3.12057266402188
788,0.183474926012013,1.54167216080577,0.317861182894224,3.12057266337749
788.1,0.183474926185532,1.54167216653776,0.317861182736557,3.12057266273461
788.2,0.183474926358645,1.5416721722582,0.317861182579259,3.12057266209322
788.3,0.183474926531352,1.5416721779671,0.317861182422329,3.12057266145335
788.4,0.183474926703653,1.5416721836645,0.317861182265768,3.12057266081498
788.5,0.183474926875551,1.54167218935042,0.317861182109575,3.1205726601781
788.6,0.183474927047045,1.54167219502488,0.317861181953747,3.12057265954272
788.7,0.183474927218137,1.5416722006879,0.317861181798285,3.12057265890883
788.8,0.183474927388828,1.5416722063395,0.317861181643187,3.12057265827642
788.9,0.183474927559119,1.54167221197972,0.317861181488453,3.1205726576455
789,0.18347492772901,1.54167221760856,0.317861181334082,3.12057265701606
789.1,0.183474927898503,1.54167222322606,0.317861181180073,3.12057265638809
789.2,0.183474928067598,1.54167222883224,0.317861181026425,3.12057265576159
789.3,0.183474928236297,1.54167223442711,0.317861180873137,3.12057265513657
789.4,0.1834749284046,1.54167224001071,0.317861180720209,3.12057265451301
789.5,0.183474928572508,1.54167224558306,0.31786118056764,3.12057265389091
789.6,0.183474928740023,1.54167225114417,0.317861180415429,3.12057265327028
789.7,0.183474928907145,1.54167225669407,0.317861180263574,3.12057265265109
789.8,0.183474929073874,1.54167226223279,0.317861180112076,3.12057265203336
789.9,0.183474929240213,1.54167226776034,0.317861179960932,3.12057265141709
790,0.183474929406162,1.54167227327675,0.317861179810144,3.12057265080225
790.1,0.183474929571721,1.54167227878203,0.317861179659709,3.12057265018885
790.2,0.183474929736892,1.54167228427623,0.317861179509627,3.1205726495769
790.3,0.183474929901676,1.54167228975934,0.317861179359897,3.12057264896638
790.4,0.183474930066074,1.54167229523141,0.317861179210518,3.12057264835729
790.5,0.183474930230085,1.54167230069244,0.317861179061489,3.12057264774963
790.6,0.183474930393713,1.54167230614247,0.317861178912809,3.12057264714339
790.7,0.183474930556956,1.54167231158151,0.317861178764479,3.12057264653858
790.8,0.183474930719817,1.54167231700959,0.317861178616496,3.12057264593518
790.9,0.183474930882295,1.54167232242672,0.31786117846886,3.1205726453332
791,0.183474931044393,1.54167232783294,0.31786117832157,3.12057264473263
791.1,0.18347493120611,1.54167233322825,0.317861178174627,3.12057264413348
791.2,0.183474931367448,1.54167233861269,0.317861178028028,3.12057264353572
791.3,0.183474931528408,1.54167234398628,0.317861177881772,3.12057264293937
791.4,0.18347493168899,1.54167234934903,0.317861177735859,3.12057264234442
791.5,0.183474931849196,1.54167235470098,0.317861177590289,3.12057264175086
791.6,0.183474932009026,1.54167236004213,0.317861177445061,3.12057264115869
791.7,0.183474932168481,1.54167236537252,0.317861177300172,3.12057264056791
791.8,0.183474932327562,1.54167237069216,0.317861177155624,3.12057263997853
791.9,0.18347493248627,1.54167237600108,0.317861177011414,3.12057263939051
792,0.183474932644606,1.5416723812993,0.317861176867542,3.12057263880388
792.1,0.18347493280257,1.54167238658684,0.317861176724009,3.12057263821863
792.2,0.183474932960165,1.54167239186371,0.317861176580811,3.12057263763474
792.3,0.183474933117389,1.54167239712995,0.317861176437949,3.12057263705223
792.4,0.183474933274245,1.54167240238558,0.317861176295422,3.12057263647108
792.5,0.183474933430733,1.54167240763061,0.31786117615323,3.1205726358913
792.6,0.183474933586854,1.54167241286506,0.317861176011371,3.12057263531287
792.7,0.183474933742609,1.54167241808897,0.317861175869845,3.1205726347358
792.8,0.183474933897998,1.54167242330234,0.317861175728651,3.12057263416009
792.9,0.183474934053023,1.5416724285052,0.317861175587788,3.12057263358572
793,0.183474934207685,1.54167243369758,0.317861175447255,3.12057263301271
793.1,0.183474934361983,1.54167243887948,0.317861175307052,3.12057263244103
793.2,0.18347493451592,1.54167244405095,0.317861175167178,3.1205726318707
793.3,0.183474934669496,1.54167244921198,0.317861175027631,3.1205726313017
793.4,0.183474934822712,1.54167245436261,0.317861174888412,3.12057263073404
793.5,0.183474934975568,1.54167245950286,0.31786117474952,3.12057263016771
793.6,0.183474935128066,1.54167246463274,0.317861174610953,3.12057262960271
793.7,0.183474935280206,1.54167246975228,0.317861174472711,3.12057262903903
793.8,0.18347493543199,1.5416724748615,0.317861174334793,3.12057262847668
793.9,0.183474935583417,1.54167247996042,0.317861174197199,3.12057262791564
794,0.18347493573449,1.54167248504906,0.317861174059927,3.12057262735592
794.1,0.183474935885208,1.54167249012744,0.317861173922978,3.12057262679751
794.2,0.183474936035572,1.54167249519559,0.31786117378635,3.12057262624041
794.3,0.183474936185584,1.54167250025351,0.317861173650042,3.12057262568462
794.4,0.183474936335244,1.54167250530124,0.317861173514054,3.12057262513014
794.5,0.183474936484553,1.5416725103388,0.317861173378384,3.12057262457695
794.6,0.183474936633512,1.54167251536619,0.317861173243033,3.12057262402506
794.7,0.183474936782122,1.54167252038345,0.317861173107999,3.12057262347446
794.8,0.183474936930383,1.5416725253906,0.317861172973282,3.12057262292516
794.9,0.183474937078296,1.54167253038765,0.317861172838881,3.12057262237714
795,0.183474937225863,1.54167253537462,0.317861172704795,3.12057262183041
795.1,0.183474937373083,1.54167254035154,0.317861172571023,3.12057262128496
795.2,0.183474937519958,1.54167254531843,0.317861172437566,3.12057262074079
795.3,0.183474937666489,1.5416725502753,0.317861172304421,3.1205726201979
795.4,0.183474937812676,1.54167255522218,0.317861172171589,3.12057261965628
795.5,0.18347493795852,1.54167256015909,0.317861172039068,3.12057261911593
795.6,0.183474938104022,1.54167256508604,0.317861171906858,3.12057261857684
795.7,0.183474938249183,1.54167257000306,0.317861171774957,3.12057261803903
795.8,0.183474938394004,1.54167257491017,0.317861171643366,3.12057261750247
795.9,0.183474938538484,1.54167257980738,0.317861171512084,3.12057261696717
796,0.183474938682626,1.54167258469472,0.31786117138111,3.12057261643313
796.1,0.18347493882643,1.5416725895722,0.317861171250443,3.12057261590034
796.2,0.183474938969897,1.54167259443986,0.317861171120082,3.12057261536879
796.3,0.183474939113027,1.54167259929769,0.317861170990027,3.1205726148385
796.4,0.183474939255822,1.54167260414573,0.317861170860277,3.12057261430945
796.5,0.183474939398282,1.541672608984,0.317861170730831,3.12057261378163
796.6,0.183474939540407,1.54167261381251,0.317861170601689,3.12057261325506
796.7,0.183474939682199,1.54167261863129,0.31786117047285,3.12057261272972
796.8,0.183474939823659,1.54167262344035,0.317861170344312,3.12057261220562
796.9,0.183474939964787,1.54167262823972,0.317861170216077,3.12057261168274
797,0.183474940105584,1.54167263302941,0.317861170088142,3.12057261116109
797.1,0.183474940246051,1.54167263780944,0.317861169960507,3.12057261064066
797.2,0.183474940386188,1.54167264257983,0.317861169833172,3.12057261012146
797.3,0.183474940525997,1.5416726473406,0.317861169706135,3.12057260960347
797.4,0.183474940665478,1.54167265209178,0.317861169579396,3.12057260908669
797.5,0.183474940804631,1.54167265683337,0.317861169452954,3.12057260857113
797.6,0.183474940943459,1.54167266156541,0.317861169326809,3.12057260805678
797.7,0.18347494108196,1.5416726662879,0.31786116920096,3.12057260754363
797.8,0.183474941220137,1.54167267100087,0.317861169075405,3.12057260703169
797.9,0.18347494135799,1.54167267570434,0.317861168950145,3.12057260652094
798,0.18347494149552,1.54167268039833,0.317861168825179,3.1205726060114
798.1,0.183474941632727,1.54167268508285,0.317861168700506,3.12057260550305
798.2,0.183474941769612,1.54167268975793,0.317861168576126,3.12057260499589
798.3,0.183474941906176,1.54167269442358,0.317861168452037,3.12057260448992
798.4,0.18347494204242,1.54167269907982,0.317861168328239,3.12057260398514
798.5,0.183474942178345,1.54167270372667,0.317861168204731,3.12057260348154
798.6,0.18347494231395,1.54167270836415,0.317861168081513,3.12057260297912
798.7,0.183474942449238,1.54167271299228,0.317861167958584,3.12057260247788
798.8,0.183474942584208,1.54167271761108,0.317861167835944,3.12057260197782
798.9,0.183474942718862,1.54167272222057,0.317861167713591,3.12057260147893
799,0.1834749428532,1.54167272682076,0.317861167591525,3.12057260098121
799.1,0.183474942987223,1.54167273141167,0.317861167469745,3.12057260048465
799.2,0.183474943120932,1.54167273599333,0.317861167348251,3.12057259998927
799.3,0.183474943254327,1.54167274056575,0.317861167227041,3.12057259949504
799.4,0.183474943387409,1.54167274512895,0.317861167106116,3.12057259900197
799.5,0.183474943520179,1.54167274968295,0.317861166985475,3.12057259851006
799.6,0.183474943652638,1.54167275422776,0.317861166865116,3.1205725980193
799.7,0.183474943784786,1.54167275876341,0.31786116674504,3.1205725975297
799.8,0.183474943916624,1.54167276328992,0.317861166625246,3.12057259704124
799.9,0.183474944048153,1.5416727678073,0.317861166505732,3.12057259655392
800,0.183474944179373,1.54167277231556,0.317861166386499,3.12057259606775
800.1,0.183474944310286,1.54167277681474,0.317861166267545,3.12057259558272
800.2,0.183474944440892,1.54167278130485,0.31786116614887,3.12057259509883
800.3,0.183474944571191,1.5416727857859,0.317861166030473,3.12057259461607
800.4,0.183474944701185,1.54167279025791,0.317861165912354,3.12057259413445
800.5,0.183474944830874,1.54167279472091,0.317861165794513,3.12057259365395
800.6,0.183474944960259,1.5416727991749,0.317861165676947,3.12057259317458
800.7,0.18347494508934,1.54167280361992,0.317861165559657,3.12057259269633
800.8,0.183474945218119,1.54167280805597,0.317861165442643,3.12057259221921
800.9,0.183474945346596,1.54167281248308,0.317861165325902,3.1205725917432
801,0.183474945474771,1.54167281690125,0.317861165209436,3.12057259126832
801.1,0.183474945602646,1.54167282131052,0.317861165093243,3.12057259079454
801.2,0.183474945730221,1.5416728257109,0.317861164977322,3.12057259032188
801.3,0.183474945857496,1.54167283010241,0.317861164861673,3.12057258985033
801.4,0.183474945984474,1.54167283448505,0.317861164746294,3.12057258937987
801.5,0.183474946111153,1.54167283885886,0.317861164631188,3.12057258891053
801.6,0.183474946237535,1.54167284322385,0.317861164516351,3.12057258844228
801.7,0.183474946363621,1.54167284758004,0.317861164401782,3.12057258797513
801.8,0.183474946489411,1.54167285192744,0.317861164287483,3.12057258750908
801.9,0.183474946614907,1.54167285626608,0.317861164173452,3.12057258704412
802,0.183474946740107,1.54167286059596,0.317861164059688,3.12057258658026
802.1,0.183474946865015,1.54167286491712,0.317861163946192,3.12057258611748
802.2,0.183474946989629,1.54167286922956,0.317861163832961,3.12057258565578
802.3,0.183474947113951,1.5416728735333,0.317861163719996,3.12057258519517
802.4,0.183474947237982,1.54167287782836,0.317861163607295,3.12057258473564
802.5,0.183474947361721,1.54167288211477,0.317861163494859,3.12057258427718
802.6,0.18347494748517,1.54167288639252,0.317861163382687,3.12057258381981
802.7,0.18347494760833,1.54167289066166,0.317861163270778,3.1205725833635
802.8,0.183474947731201,1.54167289492218,0.317861163159131,3.12057258290826
802.9,0.183474947853784,1.54167289917411,0.317861163047746,3.1205725824541
803,0.183474947976079,1.54167290341746,0.317861162936623,3.12057258200099
803.1,0.183474948098088,1.54167290765226,0.31786116282576,3.12057258154895
803.2,0.18347494821981,1.54167291187851,0.317861162715156,3.12057258109797
803.3,0.183474948341248,1.54167291609625,0.317861162604813,3.12057258064804
803.4,0.1834749484624,1.54167292030547,0.317861162494728,3.12057258019918
803.5,0.183474948583268,1.54167292450621,0.317861162384901,3.12057257975136
803.6,0.183474948703852,1.54167292869848,0.317861162275332,3.1205725793046
803.7,0.183474948824154,1.54167293288229,0.317861162166019,3.12057257885888
803.8,0.183474948944174,1.54167293705766,0.317861162056963,3.12057257841421
803.9,0.183474949063912,1.54167294122462,0.317861161948163,3.12057257797058
804,0.183474949183369,1.54167294538316,0.317861161839618,3.12057257752799
804.1,0.183474949302547,1.54167294953332,0.317861161731328,3.12057257708644
804.2,0.183474949421444,1.54167295367512,0.317861161623291,3.12057257664592
804.3,0.183474949540063,1.54167295780856,0.317861161515508,3.12057257620644
804.4,0.183474949658404,1.54167296193366,0.317861161407978,3.12057257576799
804.5,0.183474949776467,1.54167296605044,0.3178611613007,3.12057257533057
804.6,0.183474949894253,1.54167297015892,0.317861161193673,3.12057257489417
804.7,0.183474950011763,1.54167297425911,0.317861161086898,3.1205725744588
804.8,0.183474950128997,1.54167297835104,0.317861160980373,3.12057257402445
804.9,0.183474950245957,1.54167298243471,0.317861160874098,3.12057257359111
805,0.183474950362642,1.54167298651015,0.317861160768072,3.12057257315879
805.1,0.183474950479053,1.54167299057736,0.317861160662294,3.12057257272749
805.2,0.183474950595192,1.54167299463638,0.317861160556765,3.1205725722972
805.3,0.183474950711058,1.5416729986872,0.317861160451483,3.12057257186791
805.4,0.183474950826653,1.54167300272986,0.317861160346448,3.12057257143964
805.5,0.183474950941976,1.54167300676436,0.317861160241659,3.12057257101236
805.6,0.183474951057029,1.54167301079073,0.317861160137117,3.12057257058609
805.7,0.183474951171812,1.54167301480897,0.317861160032819,3.12057257016082
805.8,0.183474951286326,1.54167301881911,0.317861159928766,3.12057256973655
805.9,0.183474951400571,1.54167302282117,0.317861159824956,3.12057256931327
806,0.183474951514548,1.54167302681515,0.317861159721391,3.12057256889099
806.1,0.183474951628258,1.54167303080107,0.317861159618068,3.12057256846969
806.2,0.183474951741701,1.54167303477895,0.317861159514988,3.12057256804938
806.3,0.183474951854879,1.54167303874882,0.317861159412149,3.12057256763006
806.4,0.183474951967791,1.54167304271067,0.317861159309552,3.12057256721173
806.5,0.183474952080438,1.54167304666454,0.317861159207195,3.12057256679437
806.6,0.183474952192821,1.54167305061043,0.317861159105078,3.12057256637799
806.7,0.18347495230494,1.54167305454836,0.3178611590032,3.12057256596258
806.8,0.183474952416796,1.54167305847835,0.317861158901562,3.12057256554816
806.9,0.18347495252839,1.54167306240041,0.317861158800162,3.1205725651347
807,0.183474952639723,1.54167306631456,0.317861158699,3.12057256472222
807.1,0.183474952750794,1.54167307022081,0.317861158598075,3.1205725643107
807.2,0.183474952861605,1.54167307411919,0.317861158497386,3.12057256390014
807.3,0.183474952972156,1.5416730780097,0.317861158396934,3.12057256349056
807.4,0.183474953082447,1.54167308189237,0.317861158296717,3.12057256308192
807.5,0.18347495319248,1.5416730857672,0.317861158196736,3.12057256267425
807.6,0.183474953302255,1.54167308963422,0.317861158096989,3.12057256226753
807.7,0.183474953411773,1.54167309349344,0.317861157997475,3.12057256186177
807.8,0.183474953521033,1.54167309734487,0.317861157898196,3.12057256145696
807.9,0.183474953630037,1.54167310118854,0.317861157799149,3.1205725610531
808,0.183474953738786,1.54167310502445,0.317861157700334,3.12057256065019
808.1,0.18347495384728,1.54167310885263,0.317861157601751,3.12057256024822
808.2,0.183474953955519,1.54167311267308,0.3178611575034,3.12057255984719
808.3,0.183474954063504,1.54167311648583,0.317861157405279,3.12057255944711
808.4,0.183474954171236,1.54167312029089,0.317861157307388,3.12057255904796
808.5,0.183474954278716,1.54167312408827,0.317861157209726,3.12057255864975
808.6,0.183474954385943,1.54167312787799,0.317861157112294,3.12057255825247
808.7,0.183474954492919,1.54167313166007,0.31786115701509,3.12057255785613
808.8,0.183474954599644,1.54167313543452,0.317861156918114,3.12057255746071
808.9,0.183474954706119,1.54167313920135,0.317861156821366,3.12057255706622
809,0.183474954812344,1.54167314296059,0.317861156724844,3.12057255667266
809.1,0.18347495491832,1.54167314671224,0.317861156628549,3.12057255628002
809.2,0.183474955024047,1.54167315045633,0.31786115653248,3.1205725558883
809.3,0.183474955129526,1.54167315419286,0.317861156436635,3.1205725554975
809.4,0.183474955234759,1.54167315792186,0.317861156341016,3.12057255510761
809.5,0.183474955339744,1.54167316164333,0.317861156245621,3.12057255471864
809.6,0.183474955444483,1.5416731653573,0.31786115615045,3.12057255433058
809.7,0.183474955548976,1.54167316906378,0.317861156055501,3.12057255394343
809.8,0.183474955653225,1.54167317276278,0.317861155960776,3.12057255355719
809.9,0.183474955757228,1.54167317645431,0.317861155866273,3.12057255317186
810,0.183474955860988,1.5416731801384,0.317861155771991,3.12057255278743
810.1,0.183474955964505,1.54167318381506,0.317861155677931,3.1205725524039
810.2,0.183474956067779,1.5416731874843,0.317861155584091,3.12057255202127
810.3,0.18347495617081,1.54167319114615,0.31786115549047,3.12057255163954
810.4,0.1834749562736,1.5416731948006,0.31786115539707,3.1205725512587
810.5,0.183474956376149,1.54167319844768,0.317861155303889,3.12057255087876
810.6,0.183474956478458,1.54167320208741,0.317861155210926,3.12057255049971
810.7,0.183474956580526,1.54167320571979,0.317861155118181,3.12057255012154
810.8,0.183474956682355,1.54167320934484,0.317861155025654,3.12057254974426
810.9,0.183474956783946,1.54167321296258,0.317861154933344,3.12057254936787
811,0.183474956885298,1.54167321657303,0.31786115484125,3.12057254899236
811.1,0.183474956986412,1.54167322017619,0.317861154749372,3.12057254861773
811.2,0.183474957087289,1.54167322377208,0.31786115465771,3.12057254824398
811.3,0.18347495718793,1.54167322736072,0.317861154566263,3.12057254787111
811.4,0.183474957288334,1.54167323094212,0.31786115447503,3.12057254749911
811.5,0.183474957388503,1.54167323451629,0.317861154384011,3.12057254712798
811.6,0.183474957488438,1.54167323808325,0.317861154293205,3.12057254675773
811.7,0.183474957588137,1.54167324164302,0.317861154202613,3.12057254638834
811.8,0.183474957687604,1.54167324519561,0.317861154112233,3.12057254601982
811.9,0.183474957786836,1.54167324874103,0.317861154022065,3.12057254565216
812,0.183474957885836,1.5416732522788,0.317861153932109,3.12057254528537
812.1,0.183474957984604,1.54167325580491,0.317861153842363,3.12057254491943
812.2,0.18347495808314,1.54167325932391,0.317861153752827,3.12057254455435
812.3,0.183474958181445,1.54167326283583,0.317861153663502,3.12057254419013
812.4,0.18347495827952,1.54167326634068,0.317861153574386,3.12057254382676
812.5,0.183474958377365,1.54167326983847,0.31786115348548,3.12057254346425
812.6,0.18347495847498,1.54167327332921,0.317861153396781,3.12057254310259
812.7,0.183474958572366,1.54167327681292,0.317861153308291,3.12057254274177
812.8,0.183474958669524,1.54167328028961,0.317861153220008,3.1205725423818
812.9,0.183474958766454,1.54167328375931,0.317861153131933,3.12057254202267
813,0.183474958863156,1.54167328722201,0.317861153044063,3.12057254166439
813.1,0.183474958959632,1.54167329067774,0.3178611529564,3.12057254130695
813.2,0.183474959055882,1.54167329412651,0.317861152868943,3.12057254095034
813.3,0.183474959151906,1.54167329756833,0.31786115278169,3.12057254059457
813.4,0.183474959247704,1.54167330100323,0.317861152694642,3.12057254023963
813.5,0.183474959343278,1.5416733044312,0.317861152607799,3.12057253988553
813.6,0.183474959438628,1.54167330785227,0.317861152521159,3.12057253953226
813.7,0.183474959533754,1.54167331126645,0.317861152434722,3.12057253917982
813.8,0.183474959628657,1.54167331467375,0.317861152348488,3.1205725388282
813.9,0.183474959723337,1.54167331807419,0.317861152262457,3.12057253847741
814,0.183474959817796,1.54167332146777,0.317861152176627,3.12057253812744
814.1,0.183474959912033,1.54167332485453,0.317861152090998,3.12057253777829
814.2,0.183474960006049,1.54167332823446,0.31786115200557,3.12057253742997
814.3,0.183474960099844,1.54167333160759,0.317861151920342,3.12057253708245
814.4,0.18347496019342,1.54167333497392,0.317861151835314,3.12057253673575
814.5,0.183474960286776,1.54167333833347,0.317861151750486,3.12057253638987
814.6,0.183474960379913,1.54167334168625,0.317861151665857,3.1205725360448
814.7,0.183474960472832,1.54167334503228,0.317861151581426,3.12057253570053
814.8,0.183474960565532,1.54167334837157,0.317861151497193,3.12057253535707
814.9,0.183474960658016,1.54167335170414,0.317861151413158,3.12057253501442
815,0.183474960750282,1.54167335502999,0.31786115132932,3.12057253467257
815.1,0.183474960842332,1.54167335834914,0.317861151245678,3.12057253433153
815.2,0.183474960934166,1.54167336166161,0.317861151162233,3.12057253399129
815.3,0.183474961025785,1.5416733649674,0.317861151078983,3.12057253365183
815.4,0.183474961117189,1.54167336826654,0.317861150995928,3.12057253331318
815.5,0.183474961208379,1.54167337155903,0.317861150913069,3.12057253297532
815.6,0.183474961299354,1.54167337484489,0.317861150830403,3.12057253263826
815.7,0.183474961390117,1.54167337812413,0.317861150747932,3.12057253230198
815.8,0.183474961480666,1.54167338139677,0.317861150665653,3.1205725319665
815.9,0.183474961571003,1.54167338466281,0.317861150583568,3.1205725316318
816,0.183474961661129,1.54167338792227,0.317861150501675,3.12057253129788
816.1,0.183474961751042,1.54167339117517,0.317861150419975,3.12057253096475
816.2,0.183474961840745,1.54167339442152,0.317861150338466,3.1205725306324
816.3,0.183474961930238,1.54167339766132,0.317861150257148,3.12057253030083
816.4,0.183474962019521,1.5416734008946,0.317861150176021,3.12057252997003
816.5,0.183474962108594,1.54167340412137,0.317861150095084,3.12057252964002
816.6,0.183474962197459,1.54167340734164,0.317861150014337,3.12057252931077
816.7,0.183474962286115,1.54167341055542,0.317861149933779,3.1205725289823
816.8,0.183474962374563,1.54167341376273,0.31786114985341,3.1205725286546
816.9,0.183474962462804,1.54167341696357,0.31786114977323,3.12057252832767
817,0.183474962550837,1.54167342015797,0.317861149693238,3.1205725280015
817.1,0.183474962638665,1.54167342334593,0.317861149613433,3.1205725276761
817.2,0.183474962726286,1.54167342652747,0.317861149533816,3.12057252735147
817.3,0.183474962813702,1.5416734297026,0.317861149454385,3.12057252702759
817.4,0.183474962900913,1.54167343287134,0.31786114937514,3.12057252670447
817.5,0.183474962987919,1.54167343603369,0.317861149296082,3.12057252638211
817.6,0.183474963074721,1.54167343918968,0.317861149217208,3.12057252606051
817.7,0.18347496316132,1.5416734423393,0.31786114913852,3.12057252573966
817.8,0.183474963247716,1.54167344548258,0.317861149060016,3.12057252541956
817.9,0.183474963333908,1.54167344861953,0.317861148981697,3.12057252510022
818,0.183474963419899,1.54167345175016,0.317861148903561,3.12057252478162
818.1,0.183474963505688,1.54167345487448,0.317861148825608,3.12057252446377
818.2,0.183474963591277,1.54167345799251,0.317861148747838,3.12057252414667
818.3,0.183474963676664,1.54167346110426,0.31786114867025,3.1205725238303
818.4,0.183474963761851,1.54167346420973,0.317861148592845,3.12057252351469
818.5,0.183474963846838,1.54167346730895,0.317861148515621,3.12057252319981
818.6,0.183474963931626,1.54167347040193,0.317861148438578,3.12057252288567
818.7,0.183474964016215,1.54167347348868,0.317861148361716,3.12057252257226
818.8,0.183474964100605,1.54167347656921,0.317861148285034,3.12057252225959
818.9,0.183474964184798,1.54167347964353,0.317861148208532,3.12057252194766
819,0.183474964268793,1.54167348271166,0.317861148132209,3.12057252163646
819.1,0.183474964352591,1.54167348577361,0.317861148056066,3.12057252132598
819.2,0.183474964436193,1.54167348882939,0.3178611479801,3.12057252101624
819.3,0.183474964519599,1.54167349187901,0.317861147904313,3.12057252070722
819.4,0.183474964602809,1.54167349492249,0.317861147828704,3.12057252039892
819.5,0.183474964685824,1.54167349795984,0.317861147753272,3.12057252009135
819.6,0.183474964768645,1.54167350099107,0.317861147678017,3.1205725197845
819.7,0.183474964851271,1.5416735040162,0.317861147602938,3.12057251947837
819.8,0.183474964933703,1.54167350703522,0.317861147528036,3.12057251917296
819.9,0.183474965015942,1.54167351004817,0.317861147453309,3.12057251886826
820,0.183474965097988,1.54167351305505,0.317861147378757,3.12057251856428
820.1,0.183474965179841,1.54167351605586,0.317861147304381,3.12057251826101
820.2,0.183474965261503,1.54167351905063,0.317861147230178,3.12057251795845
820.3,0.183474965342973,1.54167352203937,0.31786114715615,3.12057251765661
820.4,0.183474965424252,1.54167352502209,0.317861147082295,3.12057251735547
820.5,0.183474965505341,1.5416735279988,0.317861147008614,3.12057251705503
820.6,0.183474965586239,1.54167353096951,0.317861146935105,3.1205725167553
820.7,0.183474965666948,1.54167353393424,0.317861146861769,3.12057251645628
820.8,0.183474965747467,1.54167353689299,0.317861146788604,3.12057251615795
820.9,0.183474965827797,1.54167353984578,0.317861146715612,3.12057251586032
821,0.18347496590794,1.54167354279262,0.31786114664279,3.1205725155634
821.1,0.183474965987894,1.54167354573353,0.317861146570139,3.12057251526717
821.2,0.18347496606766,1.54167354866851,0.317861146497659,3.12057251497163
821.3,0.18347496614724,1.54167355159758,0.317861146425349,3.12057251467679
821.4,0.183474966226632,1.54167355452074,0.317861146353208,3.12057251438263
821.5,0.183474966305839,1.54167355743802,0.317861146281236,3.12057251408917
821.6,0.18347496638486,1.54167356034942,0.317861146209434,3.1205725137964
821.7,0.183474966463696,1.54167356325495,0.3178611461378,3.12057251350431
821.8,0.183474966542346,1.54167356615463,0.317861146066333,3.12057251321291
821.9,0.183474966620813,1.54167356904847,0.317861145995034,3.12057251292219
822,0.183474966699095,1.54167357193647,0.317861145923903,3.12057251263215
822.1,0.183474966777194,1.54167357481866,0.317861145852938,3.1205725123428
822.2,0.183474966855109,1.54167357769504,0.317861145782139,3.12057251205412
822.3,0.183474966932842,1.54167358056562,0.317861145711507,3.12057251176612
822.4,0.183474967010392,1.54167358343042,0.31786114564104,3.12057251147879
822.5,0.183474967087761,1.54167358628945,0.317861145570739,3.12057251119214
822.6,0.183474967164948,1.54167358914272,0.317861145500602,3.12057251090616
822.7,0.183474967241954,1.54167359199024,0.31786114543063,3.12057251062085
822.8,0.18347496731878,1.54167359483202,0.317861145360822,3.12057251033621
822.9,0.183474967395425,1.54167359766807,0.317861145291178,3.12057251005224
823,0.183474967471891,1.54167360049842,0.317861145221697,3.12057250976893
823.1,0.183474967548177,1.54167360332305,0.317861145152379,3.12057250948629
823.2,0.183474967624284,1.541673606142,0.317861145083224,3.12057250920431
823.3,0.183474967700213,1.54167360895527,0.31786114501423,3.12057250892299
823.4,0.183474967775964,1.54167361176287,0.317861144945399,3.12057250864234
823.5,0.183474967851537,1.54167361456481,0.317861144876729,3.12057250836234
823.6,0.183474967926933,1.5416736173611,0.31786114480822,3.12057250808299
823.7,0.183474968002152,1.54167362015176,0.317861144739872,3.12057250780431
823.8,0.183474968077194,1.5416736229368,0.317861144671684,3.12057250752627
823.9,0.183474968152061,1.54167362571623,0.317861144603655,3.12057250724889
824,0.183474968226752,1.54167362849005,0.317861144535787,3.12057250697216
824.1,0.183474968301268,1.54167363125829,0.317861144468078,3.12057250669607
824.2,0.183474968375609,1.54167363402094,0.317861144400527,3.12057250642064
824.3,0.183474968449776,1.54167363677804,0.317861144333135,3.12057250614585
824.4,0.183474968523769,1.54167363952957,0.317861144265901,3.12057250587171
824.5,0.183474968597588,1.54167364227556,0.317861144198825,3.1205725055982
824.6,0.183474968671234,1.54167364501602,0.317861144131906,3.12057250532534
824.7,0.183474968744708,1.54167364775096,0.317861144065144,3.12057250505312
824.8,0.183474968818009,1.54167365048038,0.317861143998538,3.12057250478154
824.9,0.183474968891138,1.54167365320431,0.317861143932089,3.1205725045106
825,0.183474968964097,1.54167365592276,0.317861143865794,3.12057250424028
825.1,0.183474969036884,1.54167365863573,0.317861143799656,3.12057250397061
825.2,0.1834749691095,1.54167366134322,0.317861143733673,3.12057250370156
825.3,0.183474969181946,1.54167366404527,0.317861143667844,3.12057250343315
825.4,0.183474969254222,1.54167366674187,0.31786114360217,3.12057250316536
825.5,0.183474969326329,1.54167366943304,0.31786114353665,3.1205725028982
825.6,0.183474969398267,1.54167367211879,0.317861143471283,3.12057250263168
825.7,0.183474969470035,1.54167367479911,0.31786114340607,3.12057250236577
825.8,0.183474969541636,1.54167367747406,0.31786114334101,3.12057250210049
825.9,0.183474969613068,1.5416736801436,0.317861143276102,3.12057250183583
826,0.183474969684333,1.54167368280776,0.317861143211346,3.12057250157179
826.1,0.183474969755432,1.54167368546655,0.317861143146743,3.12057250130837
826.2,0.183474969826363,1.54167368811998,0.317861143082291,3.12057250104557
826.3,0.183474969897127,1.54167369076807,0.31786114301799,3.12057250078339
826.4,0.183474969967726,1.54167369341081,0.31786114295384,3.12057250052182
826.5,0.183474970038159,1.54167369604823,0.31786114288984,3.12057250026086
826.6,0.183474970108427,1.54167369868033,0.317861142825991,3.12057250000052
826.7,0.18347497017853,1.54167370130713,0.317861142762291,3.12057249974078
826.8,0.183474970248468,1.54167370392863,0.317861142698741,3.12057249948166
826.9,0.183474970318243,1.54167370654485,0.31786114263534,3.12057249922314
827,0.183474970387853,1.5416737091558,0.317861142572088,3.12057249896523
827.1,0.183474970457301,1.54167371176148,0.317861142508984,3.12057249870793
827.2,0.183474970526586,1.54167371436191,0.317861142446028,3.12057249845123
827.3,0.183474970595708,1.54167371695711,0.317861142383219,3.12057249819513
827.4,0.183474970664668,1.54167371954707,0.317861142320558,3.12057249793963
827.5,0.183474970733466,1.54167372213182,0.317861142258044,3.12057249768473
827.6,0.183474970802103,1.54167372471135,0.317861142195676,3.12057249743043
827.7,0.18347497087058,1.54167372728569,0.317861142133455,3.12057249717672
827.8,0.183474970938895,1.54167372985484,0.31786114207138,3.12057249692361
827.9,0.18347497100705,1.54167373241881,0.317861142009449,3.12057249667109
828,0.183474971075046,1.54167373497762,0.317861141947665,3.12057249641917
828.1,0.183474971142882,1.54167373753127,0.317861141886025,3.12057249616783
828.2,0.183474971210559,1.54167374007977,0.31786114182453,3.12057249591709
828.3,0.183474971278077,1.54167374262313,0.317861141763179,3.12057249566693
828.4,0.183474971345437,1.54167374516137,0.317861141701972,3.12057249541736
828.5,0.183474971412639,1.5416737476945,0.317861141640908,3.12057249516838
828.6,0.183474971479683,1.54167375022252,0.317861141579988,3.12057249491998
828.7,0.18347497154657,1.54167375274544,0.317861141519211,3.12057249467216
828.8,0.1834749716133,1.54167375526328,0.317861141458576,3.12057249442492
828.9,0.183474971679874,1.54167375777605,0.317861141398083,3.12057249417827
829,0.183474971746291,1.54167376028375,0.317861141337733,3.12057249393219
829.1,0.183474971812553,1.54167376278639,0.317861141277523,3.12057249368669
829.2,0.183474971878659,1.541673765284,0.317861141217455,3.12057249344176
829.3,0.183474971944611,1.54167376777657,0.317861141157528,3.12057249319741
829.4,0.183474972010407,1.54167377026411,0.317861141097741,3.12057249295363
829.5,0.18347497207605,1.54167377274665,0.317861141038095,3.12057249271043
829.6,0.183474972141538,1.54167377522418,0.317861140978588,3.12057249246779
829.7,0.183474972206873,1.54167377769671,0.317861140919222,3.12057249222572
829.8,0.183474972272054,1.54167378016426,0.317861140859993,3.12057249198422
829.9,0.183474972337083,1.54167378262684,0.317861140800905,3.12057249174329
830,0.18347497240196,1.54167378508447,0.317861140741954,3.12057249150292
830.1,0.183474972466684,1.54167378753714,0.317861140683141,3.12057249126311
830.2,0.183474972531256,1.54167378998486,0.317861140624467,3.12057249102387
830.3,0.183474972595678,1.54167379242766,0.31786114056593,3.12057249078519
830.4,0.183474972659948,1.54167379486553,0.317861140507531,3.12057249054707
830.5,0.183474972724067,1.54167379729849,0.317861140449268,3.1205724903095
830.6,0.183474972788036,1.54167379972655,0.317861140391142,3.12057249007249
830.7,0.183474972851855,1.54167380214971,0.317861140333153,3.12057248983604
830.8,0.183474972915524,1.54167380456799,0.317861140275299,3.12057248960015
830.9,0.183474972979044,1.54167380698139,0.317861140217581,3.1205724893648
831,0.183474973042416,1.54167380938993,0.317861140159998,3.12057248913001
831.1,0.183474973105638,1.54167381179362,0.31786114010255,3.12057248889577
831.2,0.183474973168712,1.54167381419246,0.317861140045238,3.12057248866208
831.3,0.183474973231638,1.54167381658647,0.317861139988059,3.12057248842894
831.4,0.183474973294417,1.54167381897565,0.317861139931015,3.12057248819634
831.5,0.183474973357048,1.54167382136,0.317861139874105,3.12057248796429
831.6,0.183474973419532,1.54167382373956,0.317861139817328,3.12057248773278
831.7,0.18347497348187,1.54167382611431,0.317861139760684,3.12057248750182
831.8,0.183474973544061,1.54167382848428,0.317861139704173,3.1205724872714
831.9,0.183474973606107,1.54167383084947,0.317861139647795,3.12057248704152
832,0.183474973668007,1.54167383320989,0.317861139591549,3.12057248681218
832.1,0.183474973729762,1.54167383556555,0.317861139535435,3.12057248658337
832.2,0.183474973791372,1.54167383791647,0.317861139479453,3.12057248635511
832.3,0.183474973852837,1.54167384026265,0.317861139423602,3.12057248612738
832.4,0.183474973914159,1.54167384260409,0.317861139367881,3.12057248590018
832.5,0.183474973975336,1.54167384494082,0.317861139312292,3.12057248567351
832.6,0.18347497403637,1.54167384727284,0.317861139256832,3.12057248544738
832.7,0.183474974097261,1.54167384960016,0.317861139201503,3.12057248522178
832.8,0.18347497415801,1.54167385192279,0.317861139146304,3.1205724849967
832.9,0.183474974218615,1.54167385424073,0.317861139091234,3.12057248477216
833,0.183474974279079,1.541673856554,0.317861139036293,3.12057248454814
833.1,0.1834749743394,1.54167385886261,0.317861138981481,3.12057248432465
833.2,0.183474974399581,1.54167386116657,0.317861138926798,3.12057248410168
833.3,0.18347497445962,1.54167386346588,0.317861138872243,3.12057248387923
833.4,0.183474974519518,1.54167386576056,0.317861138817815,3.1205724836573
833.5,0.183474974579276,1.54167386805061,0.317861138763516,3.1205724834359
833.6,0.183474974638894,1.54167387033605,0.317861138709343,3.12057248321501
833.7,0.183474974698372,1.54167387261688,0.317861138655298,3.12057248299465
833.8,0.18347497475771,1.54167387489311,0.31786113860138,3.12057248277479
833.9,0.18347497481691,1.54167387716475,0.317861138547588,3.12057248255546
834,0.18347497487597,1.54167387943181,0.317861138493922,3.12057248233664
834.1,0.183474974934892,1.54167388169431,0.317861138440382,3.12057248211833
834.2,0.183474974993676,1.54167388395224,0.317861138386968,3.12057248190054
834.3,0.183474975052321,1.54167388620562,0.317861138333679,3.12057248168325
834.4,0.18347497511083,1.54167388845446,0.317861138280515,3.12057248146648
834.5,0.183474975169201,1.54167389069877,0.317861138227476,3.12057248125021
834.6,0.183474975227435,1.54167389293855,0.317861138174561,3.12057248103445
834.7,0.183474975285533,1.54167389517382,0.31786113812177,3.1205724808192
834.8,0.183474975343494,1.54167389740458,0.317861138069102,3.12057248060445
834.9,0.18347497540132,1.54167389963085,0.317861138016559,3.1205724803902
835,0.183474975459009,1.54167390185262,0.317861137964138,3.12057248017646
835.1,0.183474975516564,1.54167390406992,0.317861137911841,3.12057247996322
835.2,0.183474975573984,1.54167390628275,0.317861137859666,3.12057247975048
835.3,0.183474975631269,1.54167390849112,0.317861137807613,3.12057247953824
835.4,0.183474975688419,1.54167391069503,0.317861137755683,3.12057247932649
835.5,0.183474975745436,1.54167391289451,0.317861137703874,3.12057247911524
835.6,0.183474975802319,1.54167391508955,0.317861137652187,3.12057247890449
835.7,0.183474975859068,1.54167391728016,0.317861137600621,3.12057247869423
835.8,0.183474975915684,1.54167391946636,0.317861137549176,3.12057247848447
835.9,0.183474975972168,1.54167392164815,0.317861137497852,3.12057247827519
836,0.183474976028519,1.54167392382554,0.317861137446648,3.12057247806641
836.1,0.183474976084738,1.54167392599854,0.317861137395564,3.12057247785812
836.2,0.183474976140825,1.54167392816717,0.3178611373446,3.12057247765031
836.3,0.18347497619678,1.54167393033142,0.317861137293755,3.12057247744299
836.4,0.183474976252605,1.5416739324913,0.31786113724303,3.12057247723616
836.5,0.183474976308298,1.54167393464684,0.317861137192423,3.12057247702982
836.6,0.183474976363861,1.54167393679802,0.317861137141936,3.12057247682396
836.7,0.183474976419293,1.54167393894488,0.317861137091566,3.12057247661858
836.8,0.183474976474595,1.5416739410874,0.317861137041315,3.12057247641368
836.9,0.183474976529768,1.5416739432256,0.317861136991182,3.12057247620926
837,0.183474976584811,1.54167394535949,0.317861136941166,3.12057247600533
837.1,0.183474976639726,1.54167394748908,0.317861136891268,3.12057247580187
837.2,0.183474976694511,1.54167394961438,0.317861136841486,3.12057247559888
837.3,0.183474976749168,1.5416739517354,0.317861136791822,3.12057247539638
837.4,0.183474976803697,1.54167395385213,0.317861136742274,3.12057247519435
837.5,0.183474976858098,1.5416739559646,0.317861136692842,3.12057247499279
837.6,0.183474976912371,1.54167395807281,0.317861136643526,3.1205724747917
837.7,0.183474976966517,1.54167396017677,0.317861136594325,3.12057247459109
837.8,0.183474977020536,1.54167396227649,0.31786113654524,3.12057247439095
837.9,0.183474977074429,1.54167396437198,0.31786113649627,3.12057247419127
838,0.183474977128195,1.54167396646324,0.317861136447415,3.12057247399207
838.1,0.183474977181835,1.54167396855028,0.317861136398675,3.12057247379333
838.2,0.183474977235349,1.54167397063312,0.317861136350049,3.12057247359506
838.3,0.183474977288737,1.54167397271176,0.317861136301537,3.12057247339725
838.4,0.183474977342001,1.5416739747862,0.317861136253138,3.12057247319991
838.5,0.183474977395139,1.54167397685647,0.317861136204853,3.12057247300303
838.6,0.183474977448153,1.54167397892256,0.317861136156682,3.12057247280661
838.7,0.183474977501042,1.54167398098448,0.317861136108623,3.12057247261066
838.8,0.183474977553808,1.54167398304225,0.317861136060677,3.12057247241516
838.9,0.183474977606449,1.54167398509587,0.317861136012844,3.12057247222012
839,0.183474977658968,1.54167398714535,0.317861135965122,3.12057247202553
839.1,0.183474977711363,1.5416739891907,0.317861135917513,3.12057247183141
839.2,0.183474977763635,1.54167399123192,0.317861135870015,3.12057247163774
839.3,0.183474977815785,1.54167399326903,0.317861135822629,3.12057247144452
839.4,0.183474977867812,1.54167399530203,0.317861135775354,3.12057247125176
839.5,0.183474977919718,1.54167399733093,0.317861135728189,3.12057247105945
839.6,0.183474977971501,1.54167399935574,0.317861135681136,3.12057247086759
839.7,0.183474978023163,1.54167400137647,0.317861135634192,3.12057247067618
839.8,0.183474978074704,1.54167400339312,0.317861135587359,3.12057247048521
839.9,0.183474978126125,1.54167400540571,0.317861135540635,3.1205724702947
840,0.183474978177424,1.54167400741424,0.317861135494021,3.12057247010464
840.1,0.183474978228603,1.54167400941872,0.317861135447517,3.12057246991501
840.2,0.183474978279663,1.54167401141916,0.317861135401121,3.12057246972584
840.3,0.183474978330602,1.54167401341557,0.317861135354835,3.12057246953711
840.4,0.183474978381422,1.54167401540795,0.317861135308656,3.12057246934881
840.5,0.183474978432123,1.54167401739632,0.317861135262586,3.12057246916097
840.6,0.183474978482705,1.54167401938068,0.317861135216624,3.12057246897356
840.7,0.183474978533168,1.54167402136103,0.31786113517077,3.12057246878659
840.8,0.183474978583514,1.54167402333741,0.317861135125024,3.12057246860006
840.9,0.183474978633741,1.54167402530979,0.317861135079384,3.12057246841397
841,0.18347497868385,1.54167402727819,0.317861135033852,3.12057246822831
841.1,0.183474978733842,1.54167402924263,0.317861134988426,3.12057246804309
841.2,0.183474978783716,1.5416740312031,0.317861134943107,3.1205724678583
841.3,0.183474978833474,1.54167403315963,0.317861134897894,3.12057246767394
841.4,0.183474978883115,1.54167403511221,0.317861134852787,3.12057246749002
841.5,0.183474978932639,1.54167403706085,0.317861134807786,3.12057246730653
841.6,0.183474978982048,1.54167403900556,0.317861134762891,3.12057246712347
841.7,0.18347497903134,1.54167404094635,0.317861134718101,3.12057246694084
841.8,0.183474979080517,1.54167404288323,0.317861134673416,3.12057246675864
841.9,0.183474979129578,1.5416740448162,0.317861134628836,3.12057246657687
842,0.183474979178525,1.54167404674528,0.317861134584359,3.12057246639552
842.1,0.183474979227357,1.54167404867046,0.317861134539988,3.12057246621459
842.2,0.183474979276074,1.54167405059176,0.317861134495721,3.12057246603409
842.3,0.183474979324677,1.5416740525092,0.317861134451557,3.12057246585402
842.4,0.183474979373166,1.54167405442276,0.317861134407497,3.12057246567436
842.5,0.183474979421541,1.54167405633246,0.31786113436354,3.12057246549513
842.6,0.183474979469803,1.54167405823831,0.317861134319686,3.12057246531632
842.7,0.183474979517951,1.54167406014032,0.317861134275936,3.12057246513793
842.8,0.183474979565987,1.5416740620385,0.317861134232288,3.12057246495996
842.9,0.183474979613909,1.54167406393284,0.317861134188742,3.1205724647824
843,0.18347497966172,1.54167406582337,0.317861134145298,3.12057246460526
843.1,0.183474979709419,1.54167406771009,0.317861134101957,3.12057246442853
843.2,0.183474979757005,1.54167406959299,0.317861134058717,3.12057246425222
843.3,0.18347497980448,1.54167407147211,0.317861134015578,3.12057246407633
843.4,0.183474979851844,1.54167407334743,0.31786113397254,3.12057246390084
843.5,0.183474979899096,1.54167407521898,0.317861133929603,3.12057246372577
843.6,0.183474979946238,1.54167407708675,0.317861133886767,3.12057246355111
843.7,0.183474979993269,1.54167407895074,0.317861133844032,3.12057246337685
843.8,0.18347498004019,1.54167408081099,0.317861133801397,3.12057246320301
843.9,0.183474980087001,1.54167408266748,0.317861133758861,3.12057246302957
844,0.183474980133702,1.54167408452023,0.317861133716426,3.12057246285654
844.1,0.183474980180294,1.54167408636925,0.31786113367409,3.12057246268392
844.2,0.183474980226776,1.54167408821452,0.317861133631853,3.1205724625117
844.3,0.183474980273149,1.54167409005609,0.317861133589715,3.12057246233988
844.4,0.183474980319414,1.54167409189394,0.317861133547676,3.12057246216847
844.5,0.18347498036557,1.54167409372808,0.317861133505736,3.12057246199746
844.6,0.183474980411618,1.54167409555853,0.317861133463894,3.12057246182685
844.7,0.183474980457557,1.54167409738527,0.317861133422151,3.12057246165665
844.8,0.183474980503389,1.54167409920835,0.317861133380505,3.12057246148684
844.9,0.183474980549114,1.54167410102774,0.317861133338957,3.12057246131743
845,0.183474980594731,1.54167410284346,0.317861133297506,3.12057246114841
845.1,0.183474980640241,1.54167410465553,0.317861133256152,3.12057246097979
845.2,0.183474980685645,1.54167410646393,0.317861133214896,3.12057246081157
845.3,0.183474980730942,1.54167410826869,0.317861133173736,3.12057246064374
845.4,0.183474980776133,1.54167411006981,0.317861133132673,3.12057246047631
845.5,0.183474980821218,1.5416741118673,0.317861133091706,3.12057246030927
845.6,0.183474980866197,1.54167411366117,0.317861133050835,3.12057246014262
845.7,0.18347498091107,1.54167411545141,0.31786113301006,3.12057245997636
845.8,0.183474980955839,1.54167411723805,0.317861132969381,3.12057245981049
845.9,0.183474981000502,1.54167411902108,0.317861132928797,3.12057245964501
846,0.183474981045061,1.54167412080052,0.317861132888308,3.12057245947992
846.1,0.183474981089515,1.54167412257637,0.317861132847914,3.12057245931521
846.2,0.183474981133865,1.54167412434863,0.317861132807615,3.1205724591509
846.3,0.183474981178111,1.54167412611733,0.317861132767411,3.12057245898696
846.4,0.183474981222253,1.54167412788245,0.3178611327273,3.12057245882342
846.5,0.183474981266292,1.54167412964401,0.317861132687284,3.12057245866025
846.6,0.183474981310227,1.54167413140203,0.317861132647362,3.12057245849747
846.7,0.183474981354059,1.54167413315649,0.317861132607533,3.12057245833507
846.8,0.183474981397789,1.54167413490743,0.317861132567798,3.12057245817305
846.9,0.183474981441415,1.54167413665482,0.317861132528156,3.12057245801141
847,0.18347498148494,1.5416741383987,0.317861132488606,3.12057245785015
847.1,0.183474981528363,1.54167414013906,0.31786113244915,3.12057245768927
847.2,0.183474981571683,1.5416741418759,0.317861132409786,3.12057245752876
847.3,0.183474981614902,1.54167414360925,0.317861132370514,3.12057245736863
847.4,0.18347498165802,1.5416741453391,0.317861132331335,3.12057245720888
847.5,0.183474981701037,1.54167414706546,0.317861132292247,3.1205724570495
847.6,0.183474981743953,1.54167414878834,0.317861132253251,3.12057245689049
847.7,0.183474981786767,1.54167415050774,0.317861132214347,3.12057245673186
847.8,0.183474981829482,1.54167415222368,0.317861132175533,3.1205724565736
847.9,0.183474981872097,1.54167415393615,0.317861132136811,3.12057245641571
848,0.183474981914611,1.54167415564517,0.31786113209818,3.12057245625819
848.1,0.183474981957026,1.54167415735075,0.317861132059639,3.12057245610104
848.2,0.183474981999341,1.54167415905288,0.317861132021188,3.12057245594426
848.3,0.183474982041558,1.54167416075158,0.317861131982828,3.12057245578785
848.4,0.183474982083675,1.54167416244686,0.317861131944558,3.1205724556318
848.5,0.183474982125693,1.54167416413872,0.317861131906377,3.12057245547612
848.6,0.183474982167613,1.54167416582716,0.317861131868285,3.12057245532081
848.7,0.183474982209434,1.5416741675122,0.317861131830284,3.12057245516586
848.8,0.183474982251158,1.54167416919384,0.317861131792371,3.12057245501127
848.9,0.183474982292783,1.54167417087209,0.317861131754548,3.12057245485705
849,0.183474982334311,1.54167417254695,0.317861131716813,3.12057245470318
849.1,0.183474982375742,1.54167417421844,0.317861131679166,3.12057245454968
849.2,0.183474982417075,1.54167417588655,0.317861131641608,3.12057245439654
849.3,0.183474982458312,1.5416741775513,0.317861131604138,3.12057245424375
849.4,0.183474982499451,1.54167417921269,0.317861131566756,3.12057245409133
849.5,0.183474982540495,1.54167418087073,0.317861131529461,3.12057245393926
849.6,0.183474982581442,1.54167418252543,0.317861131492254,3.12057245378755
849.7,0.183474982622293,1.54167418417679,0.317861131455134,3.1205724536362
849.8,0.183474982663048,1.54167418582482,0.317861131418102,3.1205724534852
849.9,0.183474982703707,1.54167418746952,0.317861131381156,3.12057245333455
850,0.183474982744271,1.54167418911091,0.317861131344296,3.12057245318426
850.1,0.183474982784741,1.54167419074899,0.317861131307523,3.12057245303432
850.2,0.183474982825115,1.54167419238376,0.317861131270837,3.12057245288473
850.3,0.183474982865394,1.54167419401524,0.317861131234236,3.12057245273549
850.4,0.183474982905579,1.54167419564342,0.317861131197721,3.1205724525866
850.5,0.18347498294567,1.54167419726831,0.317861131161293,3.12057245243807
850.6,0.183474982985666,1.54167419888993,0.317861131124949,3.12057245228988
850.7,0.183474983025569,1.54167420050828,0.317861131088691,3.12057245214204
850.8,0.183474983065378,1.54167420212336,0.317861131052518,3.12057245199454
850.9,0.183474983105094,1.54167420373519,0.31786113101643,3.12057245184739
851,0.183474983144717,1.54167420534376,0.317861130980426,3.12057245170059
851.1,0.183474983184246,1.54167420694908,0.317861130944507,3.12057245155413
851.2,0.183474983223683,1.54167420855117,0.317861130908672,3.12057245140801
851.3,0.183474983263028,1.54167421015003,0.317861130872921,3.12057245126224
851.4,0.18347498330228,1.54167421174566,0.317861130837254,3.12057245111681
851.5,0.18347498334144,1.54167421333808,0.317861130801671,3.12057245097172
851.6,0.183474983380508,1.54167421492728,0.317861130766171,3.12057245082697
851.7,0.183474983419485,1.54167421651327,0.317861130730754,3.12057245068256
851.8,0.18347498345837,1.54167421809607,0.31786113069542,3.12057245053848
851.9,0.183474983497165,1.54167421967568,0.31786113066017,3.12057245039475
852,0.183474983535868,1.5416742212521,0.317861130625001,3.12057245025135
852.1,0.18347498357448,1.54167422282533,0.317861130589915,3.12057245010829
852.2,0.183474983613002,1.5416742243954,0.317861130554912,3.12057244996557
852.3,0.183474983651433,1.5416742259623,0.31786113051999,3.12057244982318
852.4,0.183474983689775,1.54167422752604,0.317861130485151,3.12057244968112
852.5,0.183474983728026,1.54167422908662,0.317861130450393,3.12057244953939
852.6,0.183474983766188,1.54167423064407,0.317861130415717,3.120572449398
852.7,0.18347498380426,1.54167423219836,0.317861130381122,3.12057244925694
852.8,0.183474983842244,1.54167423374953,0.317861130346608,3.12057244911621
852.9,0.183474983880138,1.54167423529756,0.317861130312175,3.12057244897581
853,0.183474983917943,1.54167423684248,0.317861130277823,3.12057244883575
853.1,0.183474983955659,1.54167423838427,0.317861130243551,3.120572448696
853.2,0.183474983993287,1.54167423992296,0.31786113020936,3.12057244855659
853.3,0.183474984030827,1.54167424145854,0.317861130175248,3.1205724484175
853.4,0.183474984068279,1.54167424299103,0.317861130141217,3.12057244827874
853.5,0.183474984105643,1.54167424452042,0.317861130107266,3.1205724481403
853.6,0.18347498414292,1.54167424604673,0.317861130073395,3.12057244800219
853.7,0.183474984180108,1.54167424756996,0.317861130039602,3.12057244786441
853.8,0.18347498421721,1.54167424909012,0.317861130005889,3.12057244772694
853.9,0.183474984254225,1.54167425060721,0.317861129972255,3.1205724475898
854,0.183474984291153,1.54167425212124,0.317861129938699,3.12057244745298
854.1,0.183474984327994,1.54167425363222,0.317861129905223,3.12057244731648
854.2,0.183474984364749,1.54167425514014,0.317861129871826,3.1205724471803
854.3,0.183474984401418,1.54167425664503,0.317861129838506,3.12057244704444
854.4,0.183474984438,1.54167425814688,0.317861129805265,3.1205724469089
854.5,0.183474984474497,1.5416742596457,0.317861129772101,3.12057244677368
854.6,0.183474984510908,1.5416742611415,0.317861129739015,3.12057244663877
854.7,0.183474984547234,1.54167426263427,0.317861129706007,3.12057244650418
854.8,0.183474984583475,1.54167426412404,0.317861129673077,3.12057244636991
854.9,0.183474984619631,1.5416742656108,0.317861129640223,3.12057244623595
855,0.183474984655702,1.54167426709457,0.317861129607446,3.1205724461023
855.1,0.183474984691688,1.54167426857534,0.317861129574747,3.12057244596897
855.2,0.18347498472759,1.54167427005311,0.317861129542124,3.12057244583596
855.3,0.183474984763408,1.54167427152792,0.317861129509578,3.12057244570325
855.4,0.183474984799141,1.54167427299974,0.317861129477108,3.12057244557085
855.5,0.183474984834791,1.5416742744686,0.317861129444714,3.12057244543877
855.6,0.183474984870357,1.5416742759345,0.317861129412396,3.12057244530699
855.7,0.18347498490584,1.54167427739743,0.317861129380154,3.12057244517553
855.8,0.18347498494124,1.54167427885742,0.317861129347988,3.12057244504437
855.9,0.183474984976557,1.54167428031445,0.317861129315896,3.12057244491352
856,0.183474985011791,1.54167428176855,0.317861129283881,3.12057244478297
856.1,0.183474985046942,1.54167428321972,0.31786112925194,3.12057244465274
856.2,0.18347498508201,1.54167428466795,0.317861129220074,3.12057244452281
856.3,0.183474985116997,1.54167428611328,0.317861129188283,3.12057244439318
856.4,0.183474985151901,1.54167428755567,0.317861129156566,3.12057244426386
856.5,0.183474985186724,1.54167428899517,0.317861129124925,3.12057244413484
856.6,0.183474985221465,1.54167429043175,0.317861129093357,3.12057244400612
856.7,0.183474985256124,1.54167429186544,0.317861129061863,3.1205724438777
856.8,0.183474985290702,1.54167429329624,0.317861129030443,3.12057244374959
856.9,0.183474985325199,1.54167429472414,0.317861128999097,3.12057244362177
857,0.183474985359615,1.54167429614917,0.317861128967824,3.12057244349426
857.1,0.183474985393951,1.54167429757133,0.317861128936624,3.12057244336705
857.2,0.183474985428206,1.54167429899061,0.317861128905498,3.12057244324013
857.3,0.18347498546238,1.54167430040703,0.317861128874444,3.12057244311351
857.4,0.183474985496475,1.54167430182059,0.317861128843464,3.12057244298719
857.5,0.183474985530489,1.54167430323131,0.317861128812556,3.12057244286116
857.6,0.183474985564424,1.54167430463917,0.317861128781721,3.12057244273544
857.7,0.183474985598279,1.54167430604419,0.317861128750958,3.12057244261
857.8,0.183474985632055,1.54167430744639,0.317861128720267,3.12057244248486
857.9,0.183474985665751,1.54167430884575,0.317861128689648,3.12057244236001
858,0.183474985699369,1.54167431024228,0.3178611286591,3.12057244223546
858.1,0.183474985732907,1.54167431163601,0.317861128628625,3.12057244211119
858.2,0.183474985766367,1.54167431302691,0.317861128598221,3.12057244198722
858.3,0.183474985799749,1.54167431441502,0.317861128567889,3.12057244186354
858.4,0.183474985833052,1.54167431580032,0.317861128537627,3.12057244174015
858.5,0.183474985866277,1.54167431718282,0.317861128507436,3.12057244161705
858.6,0.183474985899424,1.54167431856254,0.317861128477316,3.12057244149424
858.7,0.183474985932494,1.54167431993947,0.317861128447267,3.12057244137171
858.8,0.183474985965486,1.54167432131363,0.317861128417289,3.12057244124948
858.9,0.1834749859984,1.54167432268501,0.31786112838738,3.12057244112752
859,0.183474986031237,1.54167432405363,0.317861128357542,3.12057244100586
859.1,0.183474986063998,1.54167432541948,0.317861128327774,3.12057244088448
859.2,0.183474986096681,1.54167432678258,0.317861128298076,3.12057244076339
859.3,0.183474986129288,1.54167432814293,0.317861128268447,3.12057244064257
859.4,0.183474986161819,1.54167432950053,0.317861128238888,3.12057244052205
859.5,0.183474986194272,1.5416743308554,0.317861128209398,3.1205724404018
859.6,0.183474986226651,1.54167433220753,0.317861128179977,3.12057244028184
859.7,0.183474986258952,1.54167433355693,0.317861128150625,3.12057244016216
859.8,0.183474986291179,1.54167433490361,0.317861128121342,3.12057244004276
859.9,0.183474986323329,1.54167433624757,0.317861128092128,3.12057243992364
860,0.183474986355405,1.54167433758882,0.317861128062982,3.1205724398048
860.1,0.183474986387405,1.54167433892737,0.317861128033904,3.12057243968624
860.2,0.18347498641933,1.54167434026321,0.317861128004895,3.12057243956795
860.3,0.18347498645118,1.54167434159636,0.317861127975954,3.12057243944995
860.4,0.183474986482955,1.54167434292682,0.317861127947081,3.12057243933222
860.5,0.183474986514656,1.54167434425459,0.317861127918275,3.12057243921476
860.6,0.183474986546283,1.54167434557969,0.317861127889537,3.12057243909758
860.7,0.183474986577835,1.54167434690211,0.317861127860866,3.12057243898068
860.8,0.183474986609314,1.54167434822186,0.317861127832263,3.12057243886405
860.9,0.183474986640718,1.54167434953895,0.317861127803726,3.12057243874769
861,0.18347498667205,1.54167435085339,0.317861127775257,3.12057243863161
861.1,0.183474986703307,1.54167435216517,0.317861127746855,3.1205724385158
861.2,0.183474986734491,1.5416743534743,0.317861127718518,3.12057243840026
861.3,0.183474986765602,1.54167435478079,0.317861127690249,3.12057243828499
861.4,0.18347498679664,1.54167435608464,0.317861127662045,3.12057243816999
861.5,0.183474986827605,1.54167435738587,0.317861127633908,3.12057243805526
861.6,0.183474986858498,1.54167435868447,0.317861127605837,3.1205724379408
861.7,0.183474986889318,1.54167435998044,0.317861127577832,3.12057243782661
861.8,0.183474986920066,1.54167436127381,0.317861127549892,3.12057243771269
861.9,0.183474986950742,1.54167436256456,0.317861127522018,3.12057243759904
862,0.183474986981346,1.54167436385271,0.317861127494209,3.12057243748564
862.1,0.183474987011878,1.54167436513826,0.317861127466466,3.12057243737252
862.2,0.183474987042338,1.54167436642121,0.317861127438788,3.12057243725966
862.3,0.183474987072727,1.54167436770158,0.317861127411174,3.12057243714707
862.4,0.183474987103045,1.54167436897936,0.317861127383625,3.12057243703474
862.5,0.183474987133292,1.54167437025457,0.317861127356141,3.12057243692268
862.6,0.183474987163467,1.5416743715272,0.317861127328722,3.12057243681087
862.7,0.183474987193572,1.54167437279726,0.317861127301366,3.12057243669933
862.8,0.183474987223607,1.54167437406476,0.317861127274075,3.12057243658805
862.9,0.18347498725357,1.54167437532971,0.317861127246847,3.12057243647704
863,0.183474987283464,1.54167437659209,0.317861127219684,3.12057243636628
863.1,0.183474987313288,1.54167437785194,0.317861127192584,3.12057243625578
863.2,0.183474987343041,1.54167437910923,0.317861127165549,3.12057243614554
863.3,0.183474987372725,1.541674380364,0.317861127138576,3.12057243603556
863.4,0.183474987402339,1.54167438161623,0.317861127111666,3.12057243592584
863.5,0.183474987431884,1.54167438286594,0.31786112708482,3.12057243581637
863.6,0.18347498746136,1.54167438411312,0.317861127058037,3.12057243570716
863.7,0.183474987490766,1.54167438535778,0.317861127031316,3.12057243559821
863.8,0.183474987520103,1.54167438659994,0.317861127004658,3.12057243548951
863.9,0.183474987549372,1.54167438783958,0.317861126978063,3.12057243538107
864,0.183474987578572,1.54167438907673,0.31786112695153,3.12057243527288
864.1,0.183474987607703,1.54167439031138,0.317861126925058,3.12057243516495
864.2,0.183474987636766,1.54167439154353,0.31786112689865,3.12057243505727
864.3,0.183474987665761,1.54167439277321,0.317861126872303,3.12057243494984
864.4,0.183474987694688,1.5416743940004,0.317861126846018,3.12057243484266
864.5,0.183474987723547,1.54167439522511,0.317861126819795,3.12057243473574
864.6,0.183474987752339,1.54167439644735,0.317861126793633,3.12057243462907
864.7,0.183474987781062,1.54167439766712,0.317861126767532,3.12057243452264
864.8,0.183474987809719,1.54167439888444,0.317861126741493,3.12057243441647
864.9,0.183474987838308,1.5416744000993,0.317861126715515,3.12057243431054
865,0.183474987866831,1.5416744013117,0.317861126689597,3.12057243420487
865.1,0.183474987895286,1.54167440252166,0.317861126663741,3.12057243409943
865.2,0.183474987923675,1.54167440372917,0.317861126637945,3.12057243399425
865.3,0.183474987951997,1.54167440493426,0.317861126612209,3.12057243388932
865.4,0.183474987980253,1.5416744061369,0.317861126586534,3.12057243378463
865.5,0.183474988008442,1.54167440733712,0.317861126560919,3.12057243368018
865.6,0.183474988036565,1.54167440853493,0.317861126535364,3.12057243357598
865.7,0.183474988064622,1.5416744097303,0.31786112650987,3.12057243347203
865.8,0.183474988092614,1.54167441092327,0.317861126484434,3.12057243336832
865.9,0.18347498812054,1.54167441211383,0.317861126459059,3.12057243326485
866,0.1834749881484,1.54167441330199,0.317861126433743,3.12057243316163
866.1,0.183474988176195,1.54167441448776,0.317861126408486,3.12057243305864
866.2,0.183474988203925,1.54167441567112,0.317861126383289,3.1205724329559
866.3,0.18347498823159,1.5416744168521,0.317861126358151,3.1205724328534
866.4,0.18347498825919,1.5416744180307,0.317861126333072,3.12057243275114
866.5,0.183474988286725,1.54167441920691,0.317861126308051,3.12057243264912
866.6,0.183474988314196,1.54167442038076,0.317861126283089,3.12057243254734
866.7,0.183474988341602,1.54167442155223,0.317861126258186,3.1205724324458
866.8,0.183474988368944,1.54167442272134,0.317861126233342,3.12057243234449
866.9,0.183474988396222,1.54167442388809,0.317861126208555,3.12057243224343
867,0.183474988423436,1.54167442505249,0.317861126183827,3.1205724321426
867.1,0.183474988450586,1.54167442621454,0.317861126159156,3.120572432042
867.2,0.183474988477672,1.54167442737423,0.317861126134543,3.12057243194165
867.3,0.183474988504695,1.5416744285316,0.317861126109988,3.12057243184153
867.4,0.183474988531654,1.54167442968662,0.317861126085491,3.12057243174164
867.5,0.18347498855855,1.54167443083931,0.317861126061052,3.12057243164199
867.6,0.183474988585384,1.54167443198968,0.317861126036669,3.12057243154257
867.7,0.183474988612154,1.54167443313772,0.317861126012344,3.12057243144339
867.8,0.183474988638861,1.54167443428346,0.317861125988076,3.12057243134443
867.9,0.183474988665506,1.54167443542687,0.317861125963865,3.12057243124571
868,0.183474988692088,1.54167443656798,0.31786112593971,3.12057243114722
868.1,0.183474988718608,1.54167443770678,0.317861125915612,3.12057243104896
868.2,0.183474988745066,1.54167443884329,0.31786112589157,3.12057243095094
868.3,0.183474988771462,1.5416744399775,0.317861125867586,3.12057243085314
868.4,0.183474988797795,1.54167444110942,0.317861125843657,3.12057243075557
868.5,0.183474988824067,1.54167444223906,0.317861125819784,3.12057243065823
868.6,0.183474988850278,1.54167444336642,0.317861125795968,3.12057243056111
868.7,0.183474988876427,1.5416744444915,0.317861125772207,3.12057243046423
868.8,0.183474988902514,1.54167444561432,0.317861125748502,3.12057243036757
868.9,0.183474988928541,1.54167444673486,0.317861125724852,3.12057243027115
869,0.183474988954506,1.54167444785315,0.317861125701259,3.12057243017494
869.1,0.183474988980411,1.54167444896918,0.31786112567772,3.12057243007896
869.2,0.183474989006254,1.54167445008295,0.317861125654236,3.12057242998321
869.3,0.183474989032038,1.54167445119448,0.317861125630808,3.12057242988768
869.4,0.18347498905776,1.54167445230376,0.317861125607435,3.12057242979238
869.5,0.183474989083423,1.54167445341081,0.317861125584116,3.1205724296973
869.6,0.183474989109025,1.54167445451562,0.317861125560852,3.12057242960244
869.7,0.183474989134567,1.5416744556182,0.317861125537643,3.1205724295078
869.8,0.183474989160049,1.54167445671855,0.317861125514488,3.12057242941339
869.9,0.183474989185472,1.54167445781669,0.317861125491387,3.1205724293192
870,0.183474989210834,1.54167445891261,0.31786112546834,3.12057242922523
870.1,0.183474989236138,1.54167446000631,0.317861125445348,3.12057242913147
870.2,0.183474989261382,1.54167446109781,0.31786112542241,3.12057242903795
870.3,0.183474989286567,1.54167446218711,0.317861125399525,3.12057242894463
870.4,0.183474989311692,1.5416744632742,0.317861125376694,3.12057242885154
870.5,0.183474989336759,1.5416744643591,0.317861125353916,3.12057242875866
870.6,0.183474989361767,1.54167446544182,0.317861125331192,3.12057242866601
870.7,0.183474989386717,1.54167446652234,0.317861125308522,3.12057242857357
870.8,0.183474989411608,1.54167446760069,0.317861125285904,3.12057242848135
870.9,0.18347498943644,1.54167446867686,0.31786112526334,3.12057242838934
871,0.183474989461214,1.54167446975086,0.317861125240827,3.12057242829755
871.1,0.183474989485931,1.54167447082269,0.317861125218369,3.12057242820597
871.2,0.183474989510589,1.54167447189235,0.317861125195963,3.12057242811461
871.3,0.183474989535189,1.54167447295986,0.317861125173609,3.12057242802347
871.4,0.183474989559732,1.54167447402521,0.317861125151308,3.12057242793253
871.5,0.183474989584217,1.54167447508841,0.317861125129059,3.12057242784181
871.6,0.183474989608645,1.54167447614947,0.317861125106862,3.12057242775131
871.7,0.183474989633015,1.54167447720838,0.317861125084717,3.12057242766101
871.8,0.183474989657328,1.54167447826516,0.317861125062624,3.12057242757093
871.9,0.183474989681584,1.5416744793198,0.317861125040584,3.12057242748106
872,0.183474989705784,1.54167448037231,0.317861125018594,3.1205724273914
872.1,0.183474989729926,1.5416744814227,0.317861124996657,3.12057242730195
872.2,0.183474989754012,1.54167448247097,0.31786112497477,3.12057242721271
872.3,0.183474989778042,1.54167448351713,0.317861124952936,3.12057242712368
872.4,0.183474989802015,1.54167448456117,0.317861124931152,3.12057242703486
872.5,0.183474989825932,1.5416744856031,0.317861124909419,3.12057242694624
872.6,0.183474989849792,1.54167448664293,0.317861124887737,3.12057242685784
872.7,0.183474989873597,1.54167448768066,0.317861124866107,3.12057242676964
872.8,0.183474989897346,1.5416744887163,0.317861124844526,3.12057242668164
872.9,0.18347498992104,1.54167448974985,0.317861124822998,3.12057242659386
873,0.183474989944678,1.54167449078131,0.317861124801518,3.12057242650628
873.1,0.18347498996826,1.54167449181069,0.317861124780089,3.1205724264189
873.2,0.183474989991787,1.54167449283798,0.317861124758711,3.12057242633174
873.3,0.183474990015259,1.54167449386321,0.317861124737383,3.12057242624477
873.4,0.183474990038675,1.54167449488637,0.317861124716105,3.12057242615801
873.5,0.183474990062037,1.54167449590746,0.317861124694877,3.12057242607145
873.6,0.183474990085344,1.54167449692649,0.317861124673698,3.1205724259851
873.7,0.183474990108596,1.54167449794346,0.31786112465257,3.12057242589895
873.8,0.183474990131795,1.54167449895838,0.31786112463149,3.12057242581299
873.9,0.183474990154938,1.54167449997126,0.31786112461046,3.12057242572724
874,0.183474990178027,1.54167450098208,0.31786112458948,3.1205724256417
874.1,0.183474990201062,1.54167450199087,0.317861124568548,3.12057242555635
874.2,0.183474990224043,1.54167450299762,0.317861124547666,3.1205724254712
874.3,0.183474990246971,1.54167450400234,0.317861124526833,3.12057242538626
874.4,0.183474990269844,1.54167450500502,0.317861124506049,3.12057242530151
874.5,0.183474990292664,1.54167450600569,0.317861124485313,3.12057242521696
874.6,0.18347499031543,1.54167450700434,0.317861124464626,3.12057242513261
874.7,0.183474990338143,1.54167450800096,0.317861124443987,3.12057242504846
874.8,0.183474990360802,1.54167450899558,0.317861124423397,3.1205724249645
874.9,0.183474990383409,1.54167450998819,0.317861124402855,3.12057242488074
875,0.183474990405962,1.5416745109788,0.317861124382362,3.12057242479718
875.1,0.183474990428462,1.5416745119674,0.317861124361916,3.12057242471381
875.2,0.18347499045091,1.54167451295401,0.317861124341519,3.12057242463064
875.3,0.183474990473305,1.54167451393863,0.317861124321168,3.12057242454767
875.4,0.183474990495648,1.54167451492126,0.317861124300867,3.12057242446488
875.5,0.183474990517938,1.54167451590191,0.317861124280612,3.1205724243823
875.6,0.183474990540176,1.54167451688058,0.317861124260405,3.1205724242999
875.7,0.183474990562362,1.54167451785727,0.317861124240246,3.12057242421771
875.8,0.183474990584495,1.54167451883199,0.317861124220133,3.1205724241357
875.9,0.183474990606577,1.54167451980474,0.317861124200068,3.12057242405388
876,0.183474990628607,1.54167452077553,0.31786112418005,3.12057242397226
876.1,0.183474990650585,1.54167452174435,0.317861124160079,3.12057242389083
876.2,0.183474990672512,1.54167452271122,0.317861124140155,3.12057242380959
876.3,0.183474990694387,1.54167452367615,0.317861124120277,3.12057242372854
876.4,0.183474990716211,1.54167452463912,0.317861124100446,3.12057242364768
876.5,0.183474990737984,1.54167452560014,0.317861124080662,3.12057242356701
876.6,0.183474990759706,1.54167452655923,0.317861124060924,3.12057242348653
876.7,0.183474990781377,1.54167452751638,0.317861124041232,3.12057242340623
876.8,0.183474990802997,1.5416745284716,0.317861124021587,3.12057242332613
876.9,0.183474990824566,1.54167452942489,0.317861124001987,3.12057242324622
877,0.183474990846085,1.54167453037626,0.317861123982434,3.12057242316649
877.1,0.183474990867553,1.54167453132571,0.317861123962926,3.12057242308694
877.2,0.183474990888971,1.54167453227323,0.317861123943464,3.12057242300759
877.3,0.183474990910339,1.54167453321885,0.317861123924048,3.12057242292842
877.4,0.183474990931657,1.54167453416256,0.317861123904677,3.12057242284943
877.5,0.183474990952924,1.54167453510436,0.317861123885352,3.12057242277064
877.6,0.183474990974142,1.54167453604426,0.317861123866071,3.12057242269202
877.7,0.18347499099531,1.54167453698226,0.317861123846837,3.12057242261359
877.8,0.183474991016428,1.54167453791837,0.317861123827647,3.12057242253535
877.9,0.183474991037497,1.54167453885259,0.317861123808502,3.12057242245729
878,0.183474991058516,1.54167453978492,0.317861123789403,3.12057242237941
878.1,0.183474991079487,1.54167454071537,0.317861123770348,3.12057242230171
878.2,0.183474991100407,1.54167454164394,0.317861123751338,3.1205724222242
878.3,0.183474991121279,1.54167454257064,0.317861123732372,3.12057242214687
878.4,0.183474991142102,1.54167454349546,0.317861123713451,3.12057242206972
878.5,0.183474991162876,1.54167454441842,0.317861123694574,3.12057242199275
878.6,0.183474991183602,1.54167454533952,0.317861123675742,3.12057242191596
878.7,0.183474991204278,1.54167454625875,0.317861123656953,3.12057242183935
878.8,0.183474991224907,1.54167454717613,0.317861123638209,3.12057242176292
878.9,0.183474991245486,1.54167454809166,0.317861123619509,3.12057242168667
879,0.183474991266018,1.54167454900534,0.317861123600852,3.1205724216106
879.1,0.183474991286501,1.54167454991717,0.317861123582239,3.12057242153471
879.2,0.183474991306937,1.54167455082716,0.31786112356367,3.12057242145899
879.3,0.183474991327324,1.54167455173532,0.317861123545145,3.12057242138346
879.4,0.183474991347664,1.54167455264164,0.317861123526663,3.12057242130809
879.5,0.183474991367956,1.54167455354613,0.317861123508224,3.12057242123291
879.6,0.1834749913882,1.5416745544488,0.317861123489828,3.1205724211579
879.7,0.183474991408397,1.54167455534964,0.317861123471476,3.12057242108307
879.8,0.183474991428546,1.54167455624866,0.317861123453167,3.12057242100842
879.9,0.183474991448648,1.54167455714587,0.317861123434901,3.12057242093393
880,0.183474991468704,1.54167455804127,0.317861123416677,3.12057242085963
880.1,0.183474991488712,1.54167455893486,0.317861123398497,3.1205724207855
880.2,0.183474991508673,1.54167455982664,0.317861123380358,3.12057242071154
880.3,0.183474991528587,1.54167456071663,0.317861123362263,3.12057242063776
880.4,0.183474991548455,1.54167456160482,0.317861123344209,3.12057242056415
880.5,0.183474991568276,1.54167456249122,0.317861123326198,3.12057242049071
880.6,0.183474991588051,1.54167456337582,0.317861123308229,3.12057242041744
880.7,0.183474991607779,1.54167456425864,0.317861123290303,3.12057242034435
880.8,0.183474991627461,1.54167456513968,0.317861123272419,3.12057242027142
880.9,0.183474991647096,1.54167456601893,0.317861123254576,3.12057242019867
881,0.183474991666686,1.54167456689642,0.317861123236776,3.12057242012609
881.1,0.18347499168623,1.54167456777213,0.317861123219017,3.12057242005368
881.2,0.183474991705728,1.54167456864607,0.3178611232013,3.12057241998143
881.3,0.18347499172518,1.54167456951825,0.317861123183624,3.12057241990936
881.4,0.183474991744587,1.54167457038866,0.317861123165989,3.12057241983746
881.5,0.183474991763948,1.54167457125732,0.317861123148397,3.12057241976572
881.6,0.183474991783263,1.54167457212423,0.317861123130845,3.12057241969416
881.7,0.183474991802534,1.54167457298938,0.317861123113334,3.12057241962276
881.8,0.183474991821759,1.54167457385279,0.317861123095865,3.12057241955153
881.9,0.183474991840939,1.54167457471445,0.317861123078436,3.12057241948046
882,0.183474991860074,1.54167457557438,0.317861123061048,3.12057241940957
882.1,0.183474991879165,1.54167457643257,0.317861123043701,3.12057241933883
882.2,0.18347499189821,1.54167457728902,0.317861123026396,3.12057241926827
882.3,0.183474991917211,1.54167457814375,0.31786112300913,3.12057241919787
882.4,0.183474991936167,1.54167457899675,0.317861122991905,3.12057241912764
882.5,0.183474991955079,1.54167457984803,0.317861122974721,3.12057241905757
882.6,0.183474991973946,1.54167458069759,0.317861122957576,3.12057241898766
882.7,0.183474991992769,1.54167458154543,0.317861122940472,3.12057241891792
882.8,0.183474992011548,1.54167458239156,0.317861122923408,3.12057241884834
882.9,0.183474992030283,1.54167458323598,0.317861122906384,3.12057241877893
883,0.183474992048974,1.5416745840787,0.3178611228894,3.12057241870967
883.1,0.183474992067621,1.54167458491971,0.317861122872456,3.12057241864058
883.2,0.183474992086225,1.54167458575903,0.317861122855551,3.12057241857166
883.3,0.183474992104785,1.54167458659665,0.317861122838686,3.12057241850289
883.4,0.183474992123301,1.54167458743258,0.317861122821861,3.12057241843429
883.5,0.183474992141774,1.54167458826682,0.317861122805075,3.12057241836584
883.6,0.183474992160203,1.54167458909938,0.317861122788329,3.12057241829756
883.7,0.18347499217859,1.54167458993026,0.317861122771622,3.12057241822944
883.8,0.183474992196933,1.54167459075946,0.317861122754954,3.12057241816147
883.9,0.183474992215233,1.54167459158698,0.317861122738325,3.12057241809367
884,0.18347499223349,1.54167459241284,0.317861122721735,3.12057241802603
884.1,0.183474992251704,1.54167459323702,0.317861122705184,3.12057241795854
884.2,0.183474992269876,1.54167459405954,0.317861122688672,3.12057241789121
884.3,0.183474992288005,1.5416745948804,0.317861122672199,3.12057241782404
884.4,0.183474992306092,1.54167459569961,0.317861122655764,3.12057241775703
884.5,0.183474992324136,1.54167459651716,0.317861122639368,3.12057241769017
884.6,0.183474992342138,1.54167459733306,0.31786112262301,3.12057241762347
884.7,0.183474992360098,1.5416745981473,0.31786112260669,3.12057241755693
884.8,0.183474992378015,1.54167459895991,0.317861122590409,3.12057241749055
884.9,0.183474992395891,1.54167459977088,0.317861122574166,3.12057241742431
885,0.183474992413724,1.5416746005802,0.317861122557961,3.12057241735824
885.1,0.183474992431516,1.5416746013879,0.317861122541794,3.12057241729232
885.2,0.183474992449266,1.54167460219396,0.317861122525665,3.12057241722655
885.3,0.183474992466974,1.54167460299839,0.317861122509574,3.12057241716094
885.4,0.183474992484641,1.5416746038012,0.31786112249352,3.12057241709549
885.5,0.183474992502267,1.54167460460239,0.317861122477505,3.12057241703019
885.6,0.183474992519851,1.54167460540196,0.317861122461526,3.12057241696503
885.7,0.183474992537394,1.54167460619992,0.317861122445585,3.12057241690003
885.8,0.183474992554896,1.54167460699626,0.317861122429682,3.12057241683519
885.9,0.183474992572356,1.541674607791,0.317861122413816,3.12057241677049
886,0.183474992589776,1.54167460858413,0.317861122397987,3.12057241670595
886.1,0.183474992607155,1.54167460937566,0.317861122382195,3.12057241664156
886.2,0.183474992624493,1.54167461016559,0.317861122366441,3.12057241657732
886.3,0.183474992641791,1.54167461095393,0.317861122350722,3.12057241651323
886.4,0.183474992659048,1.54167461174067,0.317861122335042,3.12057241644929
886.5,0.183474992676264,1.54167461252583,0.317861122319397,3.12057241638551
886.6,0.18347499269344,1.5416746133094,0.31786112230379,3.12057241632187
886.7,0.183474992710576,1.54167461409138,0.317861122288219,3.12057241625838
886.8,0.183474992727671,1.54167461487179,0.317861122272685,3.12057241619504
886.9,0.183474992744727,1.54167461565062,0.317861122257187,3.12057241613184
887,0.183474992761742,1.54167461642788,0.317861122241726,3.1205724160688
887.1,0.183474992778718,1.54167461720357,0.3178611222263,3.1205724160059
887.2,0.183474992795654,1.54167461797769,0.317861122210911,3.12057241594316
887.3,0.18347499281255,1.54167461875025,0.317861122195558,3.12057241588055
887.4,0.183474992829406,1.54167461952125,0.317861122180241,3.1205724158181
887.5,0.183474992846223,1.54167462029069,0.31786112216496,3.12057241575579
887.6,0.183474992863001,1.54167462105858,0.317861122149714,3.12057241569363
887.7,0.183474992879739,1.54167462182491,0.317861122134505,3.12057241563161
887.8,0.183474992896437,1.54167462258971,0.317861122119331,3.12057241556974
887.9,0.183474992913097,1.54167462335295,0.317861122104193,3.12057241550802
888,0.183474992929718,1.54167462411465,0.31786112208909,3.12057241544643
888.1,0.183474992946299,1.54167462487482,0.317861122074023,3.120572415385
888.2,0.183474992962842,1.54167462563345,0.317861122058991,3.12057241532371
888.3,0.183474992979346,1.54167462639054,0.317861122043994,3.12057241526256
888.4,0.183474992995811,1.54167462714611,0.317861122029033,3.12057241520155
888.5,0.183474993012238,1.54167462790015,0.317861122014106,3.12057241514069
888.6,0.183474993028626,1.54167462865267,0.317861121999215,3.12057241507997
888.7,0.183474993044975,1.54167462940367,0.317861121984358,3.12057241501939
888.8,0.183474993061287,1.54167463015316,0.317861121969537,3.12057241495896
888.9,0.18347499307756,1.54167463090112,0.31786112195475,3.12057241489866
889,0.183474993093795,1.54167463164758,0.317861121939997,3.12057241483851
889.1,0.183474993109992,1.54167463239254,0.31786112192528,3.1205724147785
889.2,0.18347499312615,1.54167463313598,0.317861121910596,3.12057241471863
889.3,0.183474993142271,1.54167463387793,0.317861121895947,3.1205724146589
889.4,0.183474993158355,1.54167463461837,0.317861121881333,3.12057241459931
889.5,0.1834749931744,1.54167463535732,0.317861121866753,3.12057241453986
889.6,0.183474993190408,1.54167463609478,0.317861121852207,3.12057241448055
889.7,0.183474993206378,1.54167463683075,0.317861121837695,3.12057241442138
889.8,0.183474993222311,1.54167463756523,0.317861121823217,3.12057241436235
889.9,0.183474993238206,1.54167463829823,0.317861121808774,3.12057241430345
890,0.183474993254064,1.54167463902975,0.317861121794364,3.1205724142447
890.1,0.183474993269885,1.54167463975979,0.317861121779988,3.12057241418608
890.2,0.183474993285669,1.54167464048836,0.317861121765645,3.1205724141276
890.3,0.183474993301416,1.54167464121545,0.317861121751336,3.12057241406925
890.4,0.183474993317126,1.54167464194108,0.317861121737061,3.12057241401105
890.5,0.183474993332799,1.54167464266524,0.317861121722819,3.12057241395298
890.6,0.183474993348435,1.54167464338794,0.317861121708611,3.12057241389504
890.7,0.183474993364035,1.54167464410918,0.317861121694436,3.12057241383725
890.8,0.183474993379598,1.54167464482896,0.317861121680294,3.12057241377958
890.9,0.183474993395124,1.54167464554729,0.317861121666186,3.12057241372205
891,0.183474993410614,1.54167464626416,0.31786112165211,3.12057241366466
891.1,0.183474993426068,1.54167464697959,0.317861121638068,3.1205724136074
891.2,0.183474993441486,1.54167464769358,0.317861121624058,3.12057241355028
891.3,0.183474993456867,1.54167464840612,0.317861121610082,3.12057241349329
891.4,0.183474993472213,1.54167464911722,0.317861121596138,3.12057241343644
891.5,0.183474993487522,1.54167464982689,0.317861121582226,3.12057241337971
891.6,0.183474993502795,1.54167465053512,0.317861121568348,3.12057241332313
891.7,0.183474993518033,1.54167465124192,0.317861121554502,3.12057241326667
891.8,0.183474993533235,1.5416746519473,0.317861121540688,3.12057241321034
891.9,0.183474993548401,1.54167465265125,0.317861121526907,3.12057241315415
892,0.183474993563532,1.54167465335377,0.317861121513159,3.12057241309809
892.1,0.183474993578627,1.54167465405488,0.317861121499442,3.12057241304216
892.2,0.183474993593687,1.54167465475458,0.317861121485757,3.12057241298636
892.3,0.183474993608711,1.54167465545286,0.317861121472105,3.12057241293069
892.4,0.1834749936237,1.54167465614973,0.317861121458485,3.12057241287516
892.5,0.183474993638654,1.54167465684519,0.317861121444896,3.12057241281975
892.6,0.183474993653573,1.54167465753925,0.317861121431339,3.12057241276448
892.7,0.183474993668458,1.5416746582319,0.317861121417815,3.12057241270933
892.8,0.183474993683307,1.54167465892316,0.317861121404322,3.12057241265431
892.9,0.183474993698121,1.54167465961302,0.31786112139086,3.12057241259942
893,0.183474993712901,1.54167466030149,0.31786112137743,3.12057241254466
893.1,0.183474993727646,1.54167466098856,0.317861121364032,3.12057241249003
893.2,0.183474993742356,1.54167466167425,0.317861121350665,3.12057241243552
893.3,0.183474993757032,1.54167466235856,0.317861121337329,3.12057241238115
893.4,0.183474993771673,1.54167466304147,0.317861121324025,3.1205724123269
893.5,0.18347499378628,1.54167466372302,0.317861121310752,3.12057241227278
893.6,0.183474993800853,1.54167466440318,0.31786112129751,3.12057241221879
893.7,0.183474993815391,1.54167466508197,0.317861121284299,3.12057241216492
893.8,0.183474993829896,1.54167466575939,0.317861121271119,3.12057241211118
893.9,0.183474993844366,1.54167466643544,0.31786112125797,3.12057241205757
894,0.183474993858803,1.54167466711013,0.317861121244852,3.12057241200408
894.1,0.183474993873205,1.54167466778345,0.317861121231765,3.12057241195071
894.2,0.183474993887574,1.54167466845541,0.317861121218708,3.12057241189748
894.3,0.18347499390191,1.54167466912602,0.317861121205682,3.12057241184436
894.4,0.183474993916211,1.54167466979527,0.317861121192686,3.12057241179137
894.5,0.183474993930479,1.54167467046316,0.317861121179721,3.12057241173851
894.6,0.183474993944714,1.54167467112972,0.317861121166786,3.12057241168577
894.7,0.183474993958915,1.54167467179492,0.317861121153882,3.12057241163315
894.8,0.183474993973083,1.54167467245878,0.317861121141008,3.12057241158066
894.9,0.183474993987218,1.5416746731213,0.317861121128164,3.12057241152828
895,0.183474994001319,1.54167467378248,0.31786112111535,3.12057241147604
895.1,0.183474994015388,1.54167467444232,0.317861121102566,3.12057241142391
895.2,0.183474994029423,1.54167467510083,0.317861121089813,3.12057241137191
895.3,0.183474994043426,1.54167467575801,0.317861121077089,3.12057241132003
895.4,0.183474994057396,1.54167467641386,0.317861121064395,3.12057241126827
895.5,0.183474994071332,1.54167467706839,0.317861121051731,3.12057241121663
895.6,0.183474994085237,1.5416746777216,0.317861121039097,3.12057241116512
895.7,0.183474994099108,1.54167467837348,0.317861121026492,3.12057241111372
895.8,0.183474994112947,1.54167467902405,0.317861121013917,3.12057241106245
895.9,0.183474994126754,1.54167467967331,0.317861121001371,3.12057241101129
896,0.183474994140528,1.54167468032125,0.317861120988854,3.12057241096026
896.1,0.18347499415427,1.54167468096789,0.317861120976367,3.12057241090934
896.2,0.18347499416798,1.54167468161322,0.31786112096391,3.12057241085854
896.3,0.183474994181658,1.54167468225724,0.317861120951481,3.12057241080787
896.4,0.183474994195303,1.54167468289997,0.317861120939081,3.12057241075731
896.5,0.183474994208917,1.5416746835414,0.317861120926711,3.12057241070687
896.6,0.183474994222499,1.54167468418153,0.31786112091437,3.12057241065655
896.7,0.183474994236048,1.54167468482036,0.317861120902058,3.12057241060634
896.8,0.183474994249566,1.54167468545791,0.317861120889774,3.12057241055626
896.9,0.183474994263052,1.54167468609417,0.317861120877519,3.12057241050629
897,0.183474994276507,1.54167468672914,0.317861120865293,3.12057241045644
897.1,0.18347499428993,1.54167468736283,0.317861120853096,3.12057241040671
897.2,0.183474994303322,1.54167468799524,0.317861120840927,3.12057241035709
897.3,0.183474994316682,1.54167468862637,0.317861120828788,3.12057241030759
897.4,0.183474994330011,1.54167468925623,0.317861120816676,3.1205724102582
897.5,0.183474994343308,1.54167468988482,0.317861120804593,3.12057241020894
897.6,0.183474994356575,1.54167469051213,0.317861120792538,3.12057241015978
897.7,0.18347499436981,1.54167469113818,0.317861120780511,3.12057241011074
897.8,0.183474994383014,1.54167469176296,0.317861120768513,3.12057241006182
897.9,0.183474994396187,1.54167469238648,0.317861120756543,3.12057241001301
898,0.18347499440933,1.54167469300874,0.317861120744601,3.12057240996432
898.1,0.183474994422441,1.54167469362975,0.317861120732687,3.12057240991574
898.2,0.183474994435522,1.54167469424949,0.3178611207208,3.12057240986727
898.3,0.183474994448572,1.54167469486799,0.317861120708942,3.12057240981892
898.4,0.183474994461592,1.54167469548524,0.317861120697111,3.12057240977068
898.5,0.183474994474581,1.54167469610124,0.317861120685308,3.12057240972256
898.6,0.183474994487539,1.541674696716,0.317861120673533,3.12057240967454
898.7,0.183474994500468,1.54167469732951,0.317861120661786,3.12057240962664
898.8,0.183474994513365,1.54167469794179,0.317861120650066,3.12057240957885
898.9,0.183474994526233,1.54167469855283,0.317861120638373,3.12057240953118
899,0.18347499453907,1.54167469916263,0.317861120626708,3.12057240948361
899.1,0.183474994551878,1.5416746997712,0.31786112061507,3.12057240943616
899.2,0.183474994564655,1.54167470037854,0.31786112060346,3.12057240938882
899.3,0.183474994577402,1.54167470098466,0.317861120591877,3.12057240934159
899.4,0.18347499459012,1.54167470158955,0.317861120580321,3.12057240929447
899.5,0.183474994602807,1.54167470219322,0.317861120568792,3.12057240924746
899.6,0.183474994615465,1.54167470279567,0.31786112055729,3.12057240920056
899.7,0.183474994628093,1.5416747033969,0.317861120545815,3.12057240915377
899.8,0.183474994640692,1.54167470399692,0.317861120534367,3.1205724091071
899.9,0.18347499465326,1.54167470459572,0.317861120522946,3.12057240906053
900,0.1834749946658,1.54167470519331,0.317861120511552,3.12057240901407
900.1,0.18347499467831,1.5416747057897,0.317861120500184,3.12057240896772
900.2,0.183474994690791,1.54167470638488,0.317861120488843,3.12057240892147
900.3,0.183474994703242,1.54167470697887,0.317861120477529,3.12057240887534
900.4,0.183474994715665,1.54167470757165,0.317861120466241,3.12057240882931
900.5,0.183474994728058,1.54167470816323,0.317861120454979,3.12057240878339
900.6,0.183474994740422,1.54167470875362,0.317861120443744,3.12057240873758
900.7,0.183474994752757,1.54167470934281,0.317861120432535,3.12057240869189
900.8,0.183474994765063,1.54167470993082,0.317861120421353,3.12057240864629
900.9,0.18347499477734,1.54167471051763,0.317861120410197,3.1205724086008
901,0.183474994789589,1.54167471110326,0.317861120399067,3.12057240855541
901.1,0.183474994801809,1.54167471168771,0.317861120387963,3.12057240851014
901.2,0.183474994814,1.54167471227097,0.317861120376886,3.12057240846497
901.3,0.183474994826162,1.54167471285306,0.317861120365834,3.12057240841991
901.4,0.183474994838296,1.54167471343398,0.317861120354808,3.12057240837495
901.5,0.183474994850402,1.54167471401371,0.317861120343808,3.1205724083301
901.6,0.183474994862479,1.54167471459228,0.317861120332834,3.12057240828535
901.7,0.183474994874528,1.54167471516968,0.317861120321885,3.12057240824071
901.8,0.183474994886548,1.54167471574591,0.317861120310962,3.12057240819617
901.9,0.183474994898541,1.54167471632097,0.317861120300065,3.12057240815174
902,0.183474994910505,1.54167471689488,0.317861120289194,3.12057240810741
902.1,0.183474994922441,1.54167471746763,0.317861120278347,3.12057240806319
902.2,0.183474994934349,1.54167471803921,0.317861120267527,3.12057240801906
902.3,0.183474994946229,1.54167471860965,0.317861120256731,3.12057240797504
902.4,0.183474994958082,1.54167471917893,0.317861120245961,3.12057240793113
902.5,0.183474994969906,1.54167471974706,0.317861120235216,3.12057240788732
902.6,0.183474994981703,1.54167472031404,0.317861120224497,3.12057240784361
902.7,0.183474994993472,1.54167472087987,0.317861120213802,3.1205724078
902.8,0.183474995005214,1.54167472144457,0.317861120203133,3.1205724077565
902.9,0.183474995016928,1.54167472200812,0.317861120192489,3.1205724077131
903,0.183474995028614,1.54167472257053,0.317861120181869,3.1205724076698
903.1,0.183474995040274,1.54167472313181,0.317861120171275,3.1205724076266
903.2,0.183474995051905,1.54167472369195,0.317861120160706,3.1205724075835
903.3,0.18347499506351,1.54167472425097,0.317861120150161,3.12057240754051
903.4,0.183474995075087,1.54167472480885,0.31786112013964,3.12057240749761
903.5,0.183474995086637,1.54167472536561,0.317861120129145,3.12057240745482
903.6,0.183474995098161,1.54167472592124,0.317861120118674,3.12057240741212
903.7,0.183474995109657,1.54167472647574,0.317861120108228,3.12057240736953
903.8,0.183474995121126,1.54167472702913,0.317861120097806,3.12057240732703
903.9,0.183474995132568,1.5416747275814,0.317861120087409,3.12057240728464
904,0.183474995143983,1.54167472813255,0.317861120077035,3.12057240724234
904.1,0.183474995155372,1.54167472868259,0.317861120066687,3.12057240720015
904.2,0.183474995166734,1.54167472923152,0.317861120056363,3.12057240715805
904.3,0.183474995178069,1.54167472977934,0.317861120046062,3.12057240711605
904.4,0.183474995189378,1.54167473032605,0.317861120035786,3.12057240707415
904.5,0.18347499520066,1.54167473087166,0.317861120025534,3.12057240703235
904.6,0.183474995211916,1.54167473141616,0.317861120015306,3.12057240699064
904.7,0.183474995223145,1.54167473195956,0.317861120005103,3.12057240694904
904.8,0.183474995234348,1.54167473250187,0.317861119994923,3.12057240690753
904.9,0.183474995245524,1.54167473304308,0.317861119984767,3.12057240686612
905,0.183474995256675,1.5416747335832,0.317861119974635,3.1205724068248
905.1,0.183474995267799,1.54167473412222,0.317861119964526,3.12057240678359
905.2,0.183474995278897,1.54167473466016,0.317861119954442,3.12057240674247
905.3,0.183474995289969,1.54167473519701,0.317861119944381,3.12057240670145
905.4,0.183474995301016,1.54167473573277,0.317861119934343,3.12057240666052
905.5,0.183474995312036,1.54167473626745,0.317861119924329,3.12057240661969
905.6,0.183474995323031,1.54167473680105,0.317861119914338,3.12057240657895
905.7,0.183474995333999,1.54167473733357,0.317861119904371,3.12057240653831
905.8,0.183474995344942,1.54167473786502,0.317861119894428,3.12057240649776
905.9,0.18347499535586,1.54167473839539,0.317861119884507,3.12057240645731
906,0.183474995366751,1.5416747389247,0.31786111987461,3.12057240641696
906.1,0.183474995377617,1.54167473945293,0.317861119864737,3.1205724063767
906.2,0.183474995388458,1.54167473998009,0.317861119854886,3.12057240633653
906.3,0.183474995399273,1.54167474050619,0.317861119845058,3.12057240629646
906.4,0.183474995410063,1.54167474103123,0.317861119835254,3.12057240625648
906.5,0.183474995420828,1.5416747415552,0.317861119825472,3.1205724062166
906.6,0.183474995431567,1.54167474207812,0.317861119815713,3.12057240617681
906.7,0.183474995442281,1.54167474259997,0.317861119805978,3.12057240613711
906.8,0.18347499545297,1.54167474312078,0.317861119796265,3.12057240609751
906.9,0.183474995463634,1.54167474364053,0.317861119786575,3.120572406058
907,0.183474995474273,1.54167474415924,0.317861119776907,3.12057240601857
907.1,0.183474995484887,1.54167474467689,0.317861119767262,3.12057240597925
907.2,0.183474995495476,1.5416747451935,0.31786111975764,3.12057240594001
907.3,0.18347499550604,1.54167474570906,0.31786111974804,3.12057240590087
907.4,0.18347499551658,1.54167474622359,0.317861119738463,3.12057240586182
907.5,0.183474995527094,1.54167474673707,0.317861119728909,3.12057240582286
907.6,0.183474995537585,1.54167474724951,0.317861119719376,3.120572405784
907.7,0.18347499554805,1.54167474776092,0.317861119709866,3.12057240574522
907.8,0.183474995558491,1.5416747482713,0.317861119700379,3.12057240570654
907.9,0.183474995568907,1.54167474878064,0.317861119690914,3.12057240566794
908,0.183474995579299,1.54167474928895,0.317861119681471,3.12057240562944
908.1,0.183474995589667,1.54167474979624,0.31786111967205,3.12057240559103
908.2,0.18347499560001,1.5416747503025,0.317861119662651,3.1205724055527
908.3,0.18347499561033,1.54167475080774,0.317861119653274,3.12057240551447
908.4,0.183474995620625,1.54167475131196,0.317861119643919,3.12057240547632
908.5,0.183474995630895,1.54167475181516,0.317861119634586,3.12057240543827
908.6,0.183474995641142,1.54167475231734,0.317861119625275,3.1205724054003
908.7,0.183474995651365,1.54167475281851,0.317861119615986,3.12057240536242
908.8,0.183474995661563,1.54167475331867,0.317861119606719,3.12057240532464
908.9,0.183474995671738,1.54167475381781,0.317861119597473,3.12057240528694
909,0.183474995681889,1.54167475431594,0.31786111958825,3.12057240524933
909.1,0.183474995692016,1.54167475481307,0.317861119579047,3.12057240521181
909.2,0.183474995702119,1.5416747553092,0.317861119569867,3.12057240517437
909.3,0.183474995712199,1.54167475580432,0.317861119560707,3.12057240513703
909.4,0.183474995722255,1.54167475629844,0.317861119551569,3.12057240509977
909.5,0.183474995732287,1.54167475679156,0.317861119542453,3.1205724050626
909.6,0.183474995742296,1.54167475728369,0.317861119533358,3.12057240502551
909.7,0.183474995752282,1.54167475777482,0.317861119524285,3.12057240498852
909.8,0.183474995762244,1.54167475826496,0.317861119515232,3.1205724049516
909.9,0.183474995772182,1.5416747587541,0.317861119506201,3.12057240491478
910,0.183474995782098,1.54167475924226,0.317861119497191,3.12057240487804
910.1,0.18347499579199,1.54167475972944,0.317861119488203,3.12057240484139
910.2,0.183474995801858,1.54167476021562,0.317861119479235,3.12057240480483
910.3,0.183474995811704,1.54167476070083,0.317861119470289,3.12057240476834
910.4,0.183474995821527,1.54167476118505,0.317861119461363,3.12057240473195
910.5,0.183474995831326,1.5416747616683,0.317861119452458,3.12057240469565
910.6,0.183474995841103,1.54167476215057,0.317861119443574,3.12057240465942
910.7,0.183474995850857,1.54167476263186,0.317861119434711,3.12057240462328
910.8,0.183474995860588,1.54167476311219,0.317861119425869,3.12057240458723
910.9,0.183474995870296,1.54167476359154,0.317861119417048,3.12057240455126
911,0.183474995879981,1.54167476406992,0.317861119408247,3.12057240451537
911.1,0.183474995889643,1.54167476454734,0.317861119399467,3.12057240447957
911.2,0.183474995899283,1.54167476502379,0.317861119390707,3.12057240444386
911.3,0.1834749959089,1.54167476549928,0.317861119381968,3.12057240440822
911.4,0.183474995918495,1.54167476597381,0.317861119373249,3.12057240437267
911.5,0.183474995928067,1.54167476644737,0.317861119364551,3.12057240433721
911.6,0.183474995937617,1.54167476691999,0.317861119355873,3.12057240430182
911.7,0.183474995947144,1.54167476739164,0.317861119347216,3.12057240426652
911.8,0.183474995956649,1.54167476786234,0.317861119338579,3.12057240423131
911.9,0.183474995966132,1.54167476833209,0.317861119329962,3.12057240419617
912,0.183474995975592,1.5416747688009,0.317861119321366,3.12057240416112
912.1,0.183474995985031,1.54167476926875,0.31786111931279,3.12057240412615
912.2,0.183474995994447,1.54167476973566,0.317861119304233,3.12057240409126
912.3,0.183474996003841,1.54167477020163,0.317861119295697,3.12057240405646
912.4,0.183474996013213,1.54167477066665,0.317861119287181,3.12057240402173
912.5,0.183474996022563,1.54167477113073,0.317861119278684,3.12057240398709
912.6,0.183474996031891,1.54167477159388,0.317861119270208,3.12057240395252
912.7,0.183474996041197,1.54167477205609,0.317861119261752,3.12057240391805
912.8,0.183474996050482,1.54167477251737,0.317861119253315,3.12057240388365
912.9,0.183474996059744,1.54167477297771,0.317861119244898,3.12057240384933
913,0.183474996068985,1.54167477343712,0.317861119236501,3.12057240381509
913.1,0.183474996078205,1.54167477389561,0.317861119228124,3.12057240378093
913.2,0.183474996087402,1.54167477435316,0.317861119219766,3.12057240374685
913.3,0.183474996096578,1.5416747748098,0.317861119211428,3.12057240371285
913.4,0.183474996105733,1.54167477526551,0.317861119203109,3.12057240367893
913.5,0.183474996114866,1.5416747757203,0.31786111919481,3.12057240364509
913.6,0.183474996123978,1.54167477617417,0.31786111918653,3.12057240361133
913.7,0.183474996133068,1.54167477662712,0.31786111917827,3.12057240357765
913.8,0.183474996142137,1.54167477707915,0.317861119170029,3.12057240354405
913.9,0.183474996151185,1.54167477753028,0.317861119161808,3.12057240351052
914,0.183474996160211,1.54167477798049,0.317861119153606,3.12057240347708
914.1,0.183474996169216,1.54167477842979,0.317861119145423,3.12057240344372
914.2,0.1834749961782,1.54167477887818,0.317861119137259,3.12057240341043
914.3,0.183474996187164,1.54167477932567,0.317861119129114,3.12057240337722
914.4,0.183474996196106,1.54167477977225,0.317861119120989,3.12057240334409
914.5,0.183474996205027,1.54167478021793,0.317861119112883,3.12057240331103
914.6,0.183474996213927,1.54167478066271,0.317861119104795,3.12057240327806
914.7,0.183474996222806,1.54167478110659,0.317861119096726,3.12057240324516
914.8,0.183474996231665,1.54167478154957,0.317861119088677,3.12057240321234
914.9,0.183474996240503,1.54167478199166,0.317861119080646,3.12057240317959
915,0.18347499624932,1.54167478243285,0.317861119072634,3.12057240314692
915.1,0.183474996258116,1.54167478287315,0.317861119064641,3.12057240311433
915.2,0.183474996266891,1.54167478331256,0.317861119056667,3.12057240308182
915.3,0.183474996275647,1.54167478375109,0.317861119048711,3.12057240304938
915.4,0.183474996284381,1.54167478418873,0.317861119040774,3.12057240301702
915.5,0.183474996293095,1.54167478462548,0.317861119032856,3.12057240298473
915.6,0.183474996301789,1.54167478506135,0.317861119024956,3.12057240295252
915.7,0.183474996310462,1.54167478549634,0.317861119017075,3.12057240292038
915.8,0.183474996319115,1.54167478593045,0.317861119009212,3.12057240288832
915.9,0.183474996327748,1.54167478636368,0.317861119001368,3.12057240285634
916,0.18347499633636,1.54167478679603,0.317861118993542,3.12057240282443
916.1,0.183474996344952,1.54167478722752,0.317861118985734,3.12057240279259
916.2,0.183474996353524,1.54167478765813,0.317861118977945,3.12057240276083
916.3,0.183474996362076,1.54167478808787,0.317861118970174,3.12057240272915
916.4,0.183474996370608,1.54167478851674,0.317861118962421,3.12057240269753
916.5,0.18347499637912,1.54167478894474,0.317861118954687,3.120572402666
916.6,0.183474996387612,1.54167478937188,0.317861118946971,3.12057240263453
916.7,0.183474996396084,1.54167478979815,0.317861118939272,3.12057240260314
916.8,0.183474996404536,1.54167479022357,0.317861118931592,3.12057240257183
916.9,0.183474996412968,1.54167479064812,0.31786111892393,3.12057240254059
917,0.183474996421381,1.54167479107182,0.317861118916285,3.12057240250942
917.1,0.183474996429773,1.54167479149466,0.317861118908659,3.12057240247832
917.2,0.183474996438146,1.54167479191664,0.31786111890105,3.1205724024473
917.3,0.1834749964465,1.54167479233777,0.31786111889346,3.12057240241634
917.4,0.183474996454834,1.54167479275805,0.317861118885887,3.12057240238547
917.5,0.183474996463148,1.54167479317749,0.317861118878332,3.12057240235466
917.6,0.183474996471443,1.54167479359607,0.317861118870794,3.12057240232393
917.7,0.183474996479718,1.54167479401381,0.317861118863274,3.12057240229326
917.8,0.183474996487974,1.5416747944307,0.317861118855772,3.12057240226268
917.9,0.183474996496211,1.54167479484675,0.317861118848288,3.12057240223216
918,0.183474996504428,1.54167479526196,0.317861118840821,3.12057240220171
918.1,0.183474996512626,1.54167479567633,0.317861118833372,3.12057240217134
918.2,0.183474996520805,1.54167479608986,0.31786111882594,3.12057240214103
918.3,0.183474996528964,1.54167479650256,0.317861118818525,3.1205724021108
918.4,0.183474996537105,1.54167479691442,0.317861118811128,3.12057240208064
918.5,0.183474996545226,1.54167479732545,0.317861118803748,3.12057240205055
918.6,0.183474996553329,1.54167479773565,0.317861118796386,3.12057240202053
918.7,0.183474996561412,1.54167479814501,0.31786111878904,3.12057240199058
918.8,0.183474996569476,1.54167479855355,0.317861118781713,3.1205724019607
918.9,0.183474996577522,1.54167479896127,0.317861118774402,3.12057240193089
919,0.183474996585548,1.54167479936816,0.317861118767108,3.12057240190115
919.1,0.183474996593556,1.54167479977423,0.317861118759832,3.12057240187148
919.2,0.183474996601545,1.54167480017948,0.317861118752572,3.12057240184188
919.3,0.183474996609515,1.54167480058391,0.31786111874533,3.12057240181235
919.4,0.183474996617467,1.54167480098752,0.317861118738104,3.12057240178289
919.5,0.1834749966254,1.54167480139031,0.317861118730896,3.12057240175349
919.6,0.183474996633314,1.54167480179229,0.317861118723704,3.12057240172417
919.7,0.18347499664121,1.54167480219346,0.317861118716529,3.12057240169491
919.8,0.183474996649087,1.54167480259382,0.317861118709371,3.12057240166573
919.9,0.183474996656946,1.54167480299337,0.31786111870223,3.12057240163661
920,0.183474996664786,1.54167480339211,0.317861118695106,3.12057240160756
920.1,0.183474996672608,1.54167480379004,0.317861118687998,3.12057240157858
920.2,0.183474996680412,1.54167480418717,0.317861118680907,3.12057240154967
920.3,0.183474996688197,1.5416748045835,0.317861118673832,3.12057240152082
920.4,0.183474996695964,1.54167480497903,0.317861118666775,3.12057240149204
920.5,0.183474996703713,1.54167480537375,0.317861118659733,3.12057240146333
920.6,0.183474996711444,1.54167480576768,0.317861118652708,3.12057240143469
920.7,0.183474996719156,1.54167480616081,0.3178611186457,3.12057240140611
920.8,0.183474996726851,1.54167480655315,0.317861118638709,3.12057240137761
920.9,0.183474996734527,1.54167480694469,0.317861118631733,3.12057240134916
921,0.183474996742185,1.54167480733545,0.317861118624774,3.12057240132079
921.1,0.183474996749826,1.54167480772541,0.317861118617832,3.12057240129248
921.2,0.183474996757448,1.54167480811458,0.317861118610906,3.12057240126424
921.3,0.183474996765053,1.54167480850297,0.317861118603995,3.12057240123606
921.4,0.183474996772639,1.54167480889057,0.317861118597101,3.12057240120795
921.5,0.183474996780208,1.54167480927739,0.317861118590223,3.12057240117991
921.6,0.183474996787759,1.54167480966343,0.317861118583362,3.12057240115193
921.7,0.183474996795293,1.54167481004868,0.317861118576516,3.12057240112402
921.8,0.183474996802809,1.54167481043316,0.317861118569686,3.12057240109617
921.9,0.183474996810307,1.54167481081686,0.317861118562873,3.12057240106839
922,0.183474996817788,1.54167481119978,0.317861118556075,3.12057240104067
922.1,0.183474996825251,1.54167481158193,0.317861118549293,3.12057240101302
922.2,0.183474996832696,1.54167481196331,0.317861118542528,3.12057240098543
922.3,0.183474996840125,1.54167481234392,0.317861118535778,3.12057240095791
922.4,0.183474996847535,1.54167481272375,0.317861118529044,3.12057240093045
922.5,0.183474996854929,1.54167481310282,0.317861118522326,3.12057240090305
922.6,0.183474996862305,1.54167481348113,0.317861118515623,3.12057240087573
922.7,0.183474996869663,1.54167481385866,0.317861118508936,3.12057240084846
922.8,0.183474996877005,1.54167481423544,0.317861118502265,3.12057240082126
922.9,0.183474996884329,1.54167481461145,0.31786111849561,3.12057240079412
923,0.183474996891636,1.5416748149867,0.31786111848897,3.12057240076705
923.1,0.183474996898926,1.5416748153612,0.317861118482346,3.12057240074004
923.2,0.183474996906199,1.54167481573494,0.317861118475737,3.12057240071309
923.3,0.183474996913455,1.54167481610792,0.317861118469144,3.12057240068621
923.4,0.183474996920694,1.54167481648015,0.317861118462566,3.12057240065939
923.5,0.183474996927915,1.54167481685162,0.317861118456003,3.12057240063263
923.6,0.18347499693512,1.54167481722235,0.317861118449456,3.12057240060594
923.7,0.183474996942308,1.54167481759232,0.317861118442925,3.1205724005793
923.8,0.183474996949479,1.54167481796155,0.317861118436408,3.12057240055273
923.9,0.183474996956634,1.54167481833003,0.317861118429908,3.12057240052622
924,0.183474996963771,1.54167481869776,0.317861118423422,3.12057240049978
924.1,0.183474996970892,1.54167481906475,0.317861118416951,3.12057240047339
924.2,0.183474996977996,1.541674819431,0.317861118410496,3.12057240044707
924.3,0.183474996985083,1.54167481979651,0.317861118404055,3.12057240042081
924.4,0.183474996992154,1.54167482016128,0.31786111839763,3.12057240039461
924.5,0.183474996999208,1.54167482052531,0.31786111839122,3.12057240036848
924.6,0.183474997006246,1.54167482088861,0.317861118384825,3.1205724003424
924.7,0.183474997013267,1.54167482125117,0.317861118378445,3.12057240031639
924.8,0.183474997020272,1.541674821613,0.317861118372079,3.12057240029043
924.9,0.18347499702726,1.5416748219741,0.317861118365729,3.12057240026454
925,0.183474997034232,1.54167482233447,0.317861118359394,3.12057240023871
925.1,0.183474997041187,1.54167482269411,0.317861118353074,3.12057240021294
925.2,0.183474997048126,1.54167482305302,0.317861118346768,3.12057240018723
925.3,0.183474997055049,1.5416748234112,0.317861118340478,3.12057240016158
925.4,0.183474997061956,1.54167482376866,0.317861118334202,3.12057240013598
925.5,0.183474997068847,1.5416748241254,0.31786111832794,3.12057240011046
925.6,0.183474997075721,1.54167482448142,0.317861118321694,3.12057240008499
925.7,0.183474997082579,1.54167482483672,0.317861118315462,3.12057240005958
925.8,0.183474997089421,1.5416748251913,0.317861118309245,3.12057240003422
925.9,0.183474997096247,1.54167482554516,0.317861118303042,3.12057240000893
926,0.183474997103057,1.5416748258983,0.317861118296854,3.1205723999837
926.1,0.183474997109851,1.54167482625074,0.31786111829068,3.12057239995853
926.2,0.183474997116629,1.54167482660246,0.317861118284521,3.12057239993341
926.3,0.183474997123392,1.54167482695347,0.317861118278376,3.12057239990836
926.4,0.183474997130138,1.54167482730377,0.317861118272246,3.12057239988336
926.5,0.183474997136869,1.54167482765336,0.31786111826613,3.12057239985842
926.6,0.183474997143583,1.54167482800224,0.317861118260028,3.12057239983355
926.7,0.183474997150282,1.54167482835042,0.317861118253942,3.12057239980873
926.8,0.183474997156966,1.54167482869789,0.317861118247868,3.12057239978396
926.9,0.183474997163633,1.54167482904467,0.317861118241809,3.12057239975926
927,0.183474997170285,1.54167482939074,0.317861118235764,3.12057239973461
927.1,0.183474997176922,1.54167482973611,0.317861118229734,3.12057239971002
927.2,0.183474997183543,1.54167483008078,0.317861118223718,3.12057239968549
927.3,0.183474997190148,1.54167483042476,0.317861118217715,3.12057239966102
927.4,0.183474997196738,1.54167483076804,0.317861118211727,3.1205723996366
927.5,0.183474997203312,1.54167483111063,0.317861118205753,3.12057239961224
927.6,0.183474997209871,1.54167483145252,0.317861118199793,3.12057239958794
927.7,0.183474997216415,1.54167483179372,0.317861118193847,3.12057239956369
927.8,0.183474997222943,1.54167483213424,0.317861118187914,3.12057239953951
927.9,0.183474997229456,1.54167483247406,0.317861118181996,3.12057239951537
928,0.183474997235954,1.5416748328132,0.317861118176092,3.1205723994913
928.1,0.183474997242436,1.54167483315165,0.317861118170202,3.12057239946728
928.2,0.183474997248903,1.54167483348942,0.317861118164324,3.12057239944332
928.3,0.183474997255355,1.5416748338265,0.317861118158461,3.12057239941941
928.4,0.183474997261792,1.5416748341629,0.317861118152612,3.12057239939556
928.5,0.183474997268214,1.54167483449863,0.317861118146777,3.12057239937177
928.6,0.183474997274621,1.54167483483367,0.317861118140955,3.12057239934803
928.7,0.183474997281013,1.54167483516803,0.317861118135147,3.12057239932435
928.8,0.183474997287389,1.54167483550172,0.317861118129353,3.12057239930072
928.9,0.183474997293751,1.54167483583474,0.317861118123572,3.12057239927715
929,0.183474997300098,1.54167483616708,0.317861118117804,3.12057239925364
929.1,0.18347499730643,1.54167483649875,0.317861118112051,3.12057239923017
929.2,0.183474997312747,1.54167483682975,0.31786111810631,3.12057239920677
929.3,0.183474997319049,1.54167483716008,0.317861118100583,3.12057239918342
929.4,0.183474997325337,1.54167483748974,0.31786111809487,3.12057239916012
929.5,0.18347499733161,1.54167483781874,0.31786111808917,3.12057239913688
929.6,0.183474997337868,1.54167483814707,0.317861118083483,3.12057239911369
929.7,0.183474997344111,1.54167483847473,0.31786111807781,3.12057239909056
929.8,0.18347499735034,1.54167483880174,0.31786111807215,3.12057239906748
929.9,0.183474997356554,1.54167483912808,0.317861118066503,3.12057239904445
930,0.183474997362754,1.54167483945376,0.31786111806087,3.12057239902148
930.1,0.183474997368939,1.54167483977878,0.31786111805525,3.12057239899857
930.2,0.183474997375109,1.54167484010315,0.317861118049643,3.12057239897571
930.3,0.183474997381265,1.54167484042686,0.317861118044049,3.1205723989529
930.4,0.183474997387406,1.54167484074991,0.317861118038468,3.12057239893014
930.5,0.183474997393534,1.54167484107232,0.3178611180329,3.12057239890744
930.6,0.183474997399646,1.54167484139407,0.317861118027346,3.12057239888479
930.7,0.183474997405745,1.54167484171517,0.317861118021804,3.12057239886219
930.8,0.183474997411829,1.54167484203562,0.317861118016275,3.12057239883965
930.9,0.183474997417899,1.54167484235542,0.317861118010759,3.12057239881716
931,0.183474997423955,1.54167484267457,0.317861118005257,3.12057239879472
931.1,0.183474997429996,1.54167484299309,0.317861117999767,3.12057239877234
931.2,0.183474997436024,1.54167484331095,0.31786111799429,3.12057239875001
931.3,0.183474997442037,1.54167484362818,0.317861117988826,3.12057239872773
931.4,0.183474997448036,1.54167484394476,0.317861117983375,3.1205723987055
931.5,0.183474997454021,1.5416748442607,0.317861117977936,3.12057239868332
931.6,0.183474997459992,1.541674844576,0.31786111797251,3.1205723986612
931.7,0.183474997465949,1.54167484489067,0.317861117967097,3.12057239863913
931.8,0.183474997471892,1.5416748452047,0.317861117961697,3.12057239861711
931.9,0.183474997477821,1.54167484551809,0.317861117956309,3.12057239859514
932,0.183474997483736,1.54167484583085,0.317861117950934,3.12057239857322
932.1,0.183474997489637,1.54167484614298,0.317861117945572,3.12057239855136
932.2,0.183474997495525,1.54167484645447,0.317861117940222,3.12057239852955
932.3,0.183474997501399,1.54167484676534,0.317861117934885,3.12057239850778
932.4,0.183474997507258,1.54167484707558,0.31786111792956,3.12057239848607
932.5,0.183474997513105,1.54167484738519,0.317861117924247,3.12057239846441
932.6,0.183474997518937,1.54167484769417,0.317861117918948,3.1205723984428
932.7,0.183474997524756,1.54167484800253,0.31786111791366,3.12057239842124
932.8,0.183474997530561,1.54167484831027,0.317861117908385,3.12057239839974
932.9,0.183474997536352,1.54167484861738,0.317861117903122,3.12057239837827
933,0.18347499754213,1.54167484892388,0.317861117897872,3.12057239835687
933.1,0.183474997547895,1.54167484922975,0.317861117892634,3.12057239833551
933.2,0.183474997553646,1.541674849535,0.317861117887408,3.1205723983142
933.3,0.183474997559383,1.54167484983964,0.317861117882195,3.12057239829294
933.4,0.183474997565107,1.54167485014366,0.317861117876994,3.12057239827174
933.5,0.183474997570817,1.54167485044707,0.317861117871804,3.12057239825057
933.6,0.183474997576514,1.54167485074986,0.317861117866627,3.12057239822946
933.7,0.183474997582198,1.54167485105204,0.317861117861463,3.12057239820841
933.8,0.183474997587868,1.54167485135361,0.31786111785631,3.1205723981874
933.9,0.183474997593526,1.54167485165457,0.317861117851169,3.12057239816644
934,0.183474997599169,1.54167485195492,0.317861117846041,3.12057239814553
934.1,0.1834749976048,1.54167485225466,0.317861117840925,3.12057239812466
934.2,0.183474997610417,1.5416748525538,0.31786111783582,3.12057239810385
934.3,0.183474997616021,1.54167485285233,0.317861117830728,3.12057239808309
934.4,0.183474997621613,1.54167485315026,0.317861117825647,3.12057239806237
934.5,0.18347499762719,1.54167485344759,0.317861117820578,3.1205723980417
934.6,0.183474997632755,1.54167485374431,0.317861117815521,3.12057239802108
934.7,0.183474997638307,1.54167485404044,0.317861117810477,3.12057239800051
934.8,0.183474997643846,1.54167485433596,0.317861117805444,3.12057239797999
934.9,0.183474997649372,1.54167485463089,0.317861117800422,3.12057239795952
935,0.183474997654884,1.54167485492522,0.317861117795413,3.12057239793909
935.1,0.183474997660384,1.54167485521896,0.317861117790415,3.12057239791871
935.2,0.183474997665871,1.5416748555121,0.317861117785429,3.12057239789838
935.3,0.183474997671345,1.54167485580465,0.317861117780455,3.1205723978781
935.4,0.183474997676807,1.54167485609661,0.317861117775492,3.12057239785786
935.5,0.183474997682255,1.54167485638797,0.317861117770541,3.12057239783768
935.6,0.183474997687691,1.54167485667875,0.317861117765602,3.12057239781754
935.7,0.183474997693114,1.54167485696894,0.317861117760673,3.12057239779744
935.8,0.183474997698524,1.54167485725854,0.317861117755757,3.1205723977774
935.9,0.183474997703922,1.54167485754756,0.317861117750852,3.1205723977574
936,0.183474997709307,1.54167485783599,0.317861117745959,3.12057239773744
936.1,0.183474997714679,1.54167485812384,0.317861117741078,3.12057239771754
936.2,0.183474997720039,1.54167485841111,0.317861117736207,3.12057239769768
936.3,0.183474997725386,1.5416748586978,0.317861117731348,3.12057239767787
936.4,0.18347499773072,1.5416748589839,0.317861117726501,3.1205723976581
936.5,0.183474997736042,1.54167485926943,0.317861117721665,3.12057239763839
936.6,0.183474997741352,1.54167485955438,0.31786111771684,3.12057239761871
936.7,0.183474997746649,1.54167485983875,0.317861117712027,3.12057239759909
936.8,0.183474997751933,1.54167486012255,0.317861117707225,3.12057239757951
936.9,0.183474997757206,1.54167486040577,0.317861117702434,3.12057239755997
937,0.183474997762466,1.54167486068842,0.317861117697655,3.12057239754049
937.1,0.183474997767713,1.54167486097051,0.317861117692886,3.12057239752104
937.2,0.183474997772949,1.54167486125201,0.317861117688128,3.12057239750164
937.3,0.183474997778172,1.54167486153296,0.317861117683383,3.12057239748229
937.4,0.183474997783382,1.54167486181333,0.317861117678647,3.12057239746298
937.5,0.183474997788581,1.54167486209313,0.317861117673924,3.12057239744372
937.6,0.183474997793767,1.54167486237237,0.317861117669211,3.12057239742451
937.7,0.183474997798941,1.54167486265105,0.317861117664509,3.12057239740534
937.8,0.183474997804104,1.54167486292916,0.317861117659819,3.12057239738621
937.9,0.183474997809254,1.5416748632067,0.317861117655139,3.12057239736713
938,0.183474997814391,1.54167486348369,0.31786111765047,3.12057239734809
938.1,0.183474997819517,1.54167486376012,0.317861117645812,3.1205723973291
938.2,0.183474997824631,1.54167486403598,0.317861117641166,3.12057239731015
938.3,0.183474997829733,1.54167486431129,0.31786111763653,3.12057239729125
938.4,0.183474997834822,1.54167486458604,0.317861117631904,3.12057239727239
938.5,0.1834749978399,1.54167486486024,0.31786111762729,3.12057239725358
938.6,0.183474997844966,1.54167486513389,0.317861117622687,3.12057239723481
938.7,0.18347499785002,1.54167486540697,0.317861117618094,3.12057239721608
938.8,0.183474997855063,1.54167486567951,0.317861117613513,3.1205723971974
938.9,0.183474997860093,1.54167486595149,0.317861117608941,3.12057239717876
939,0.183474997865112,1.54167486622293,0.317861117604381,3.12057239716016
939.1,0.183474997870119,1.54167486649382,0.317861117599831,3.12057239714161
939.2,0.183474997875114,1.54167486676416,0.317861117595292,3.12057239712311
939.3,0.183474997880097,1.54167486703395,0.317861117590764,3.12057239710464
939.4,0.183474997885069,1.54167486730319,0.317861117586246,3.12057239708622
939.5,0.183474997890029,1.54167486757189,0.317861117581738,3.12057239706784
939.6,0.183474997894978,1.54167486784005,0.317861117577242,3.1205723970495
939.7,0.183474997899915,1.54167486810767,0.317861117572756,3.12057239703121
939.8,0.18347499790484,1.54167486837474,0.31786111756828,3.12057239701297
939.9,0.183474997909753,1.54167486864128,0.317861117563815,3.12057239699476
940,0.183474997914656,1.54167486890727,0.31786111755936,3.1205723969766
940.1,0.183474997919546,1.54167486917273,0.317861117554916,3.12057239695848
940.2,0.183474997924425,1.54167486943765,0.317861117550483,3.1205723969404
940.3,0.183474997929293,1.54167486970203,0.31786111754606,3.12057239692236
940.4,0.183474997934149,1.54167486996588,0.317861117541647,3.12057239690437
940.5,0.183474997938994,1.54167487022919,0.317861117537244,3.12057239688642
940.6,0.183474997943828,1.54167487049197,0.317861117532852,3.12057239686851
940.7,0.18347499794865,1.54167487075423,0.317861117528471,3.12057239685064
940.8,0.183474997953461,1.54167487101595,0.317861117524099,3.12057239683282
940.9,0.18347499795826,1.54167487127714,0.317861117519738,3.12057239681504
941,0.183474997963049,1.5416748715378,0.317861117515386,3.12057239679729
941.1,0.183474997967826,1.54167487179794,0.317861117511045,3.12057239677959
941.2,0.183474997972592,1.54167487205755,0.317861117506714,3.12057239676193
941.3,0.183474997977347,1.54167487231663,0.317861117502394,3.12057239674431
941.4,0.18347499798209,1.54167487257519,0.317861117498083,3.12057239672674
941.5,0.183474997986823,1.54167487283323,0.317861117493783,3.1205723967092
941.6,0.183474997991544,1.54167487309075,0.317861117489492,3.12057239669171
941.7,0.183474997996255,1.54167487334774,0.317861117485212,3.12057239667426
941.8,0.183474998000954,1.54167487360422,0.317861117480942,3.12057239665684
941.9,0.183474998005642,1.54167487386017,0.317861117476681,3.12057239663947
942,0.18347499801032,1.54167487411561,0.317861117472431,3.12057239662214
942.1,0.183474998014986,1.54167487437054,0.317861117468191,3.12057239660485
942.2,0.183474998019641,1.54167487462494,0.317861117463961,3.1205723965876
942.3,0.183474998024286,1.54167487487883,0.31786111745974,3.12057239657039
942.4,0.183474998028919,1.54167487513221,0.317861117455529,3.12057239655323
942.5,0.183474998033542,1.54167487538508,0.317861117451329,3.1205723965361
942.6,0.183474998038154,1.54167487563743,0.317861117447138,3.12057239651901
942.7,0.183474998042755,1.54167487588927,0.317861117442957,3.12057239650196
942.8,0.183474998047346,1.54167487614061,0.317861117438786,3.12057239648495
942.9,0.183474998051925,1.54167487639143,0.317861117434625,3.12057239646799
943,0.183474998056494,1.54167487664175,0.317861117430473,3.12057239645106
943.1,0.183474998061052,1.54167487689156,0.317861117426331,3.12057239643417
943.2,0.183474998065599,1.54167487714087,0.317861117422199,3.12057239641732
943.3,0.183474998070136,1.54167487738967,0.317861117418076,3.12057239640051
943.4,0.183474998074662,1.54167487763797,0.317861117413963,3.12057239638374
943.5,0.183474998079178,1.54167487788577,0.31786111740986,3.12057239636701
943.6,0.183474998083682,1.54167487813307,0.317861117405767,3.12057239635032
943.7,0.183474998088177,1.54167487837986,0.317861117401683,3.12057239633367
943.8,0.18347499809266,1.54167487862616,0.317861117397608,3.12057239631705
943.9,0.183474998097134,1.54167487887195,0.317861117393544,3.12057239630048
944,0.183474998101596,1.54167487911725,0.317861117389488,3.12057239628394
944.1,0.183474998106048,1.54167487936206,0.317861117385443,3.12057239626745
944.2,0.18347499811049,1.54167487960637,0.317861117381406,3.12057239625099
944.3,0.183474998114922,1.54167487985018,0.31786111737738,3.12057239623457
944.4,0.183474998119343,1.5416748800935,0.317861117373362,3.12057239621819
944.5,0.183474998123753,1.54167488033633,0.317861117369354,3.12057239620185
944.6,0.183474998128154,1.54167488057867,0.317861117365356,3.12057239618555
944.7,0.183474998132544,1.54167488082052,0.317861117361367,3.12057239616928
944.8,0.183474998136923,1.54167488106188,0.317861117357387,3.12057239615305
944.9,0.183474998141293,1.54167488130275,0.317861117353416,3.12057239613686
945,0.183474998145652,1.54167488154313,0.317861117349455,3.12057239612071
945.1,0.183474998150001,1.54167488178303,0.317861117345503,3.1205723961046
945.2,0.183474998154339,1.54167488202244,0.317861117341561,3.12057239608852
945.3,0.183474998158668,1.54167488226137,0.317861117337628,3.12057239607249
945.4,0.183474998162986,1.54167488249981,0.317861117333703,3.12057239605649
945.5,0.183474998167295,1.54167488273777,0.317861117329788,3.12057239604052
945.6,0.183474998171593,1.54167488297525,0.317861117325882,3.1205723960246
945.7,0.183474998175881,1.54167488321225,0.317861117321986,3.12057239600871
945.8,0.183474998180159,1.54167488344877,0.317861117318098,3.12057239599286
945.9,0.183474998184427,1.54167488368481,0.31786111731422,3.12057239597704
946,0.183474998188685,1.54167488392038,0.317861117310351,3.12057239596127
946.1,0.183474998192933,1.54167488415547,0.317861117306491,3.12057239594553
946.2,0.183474998197171,1.54167488439008,0.31786111730264,3.12057239592982
946.3,0.183474998201399,1.54167488462422,0.317861117298798,3.12057239591416
946.4,0.183474998205617,1.54167488485788,0.317861117294965,3.12057239589853
946.5,0.183474998209825,1.54167488509107,0.317861117291141,3.12057239588294
946.6,0.183474998214024,1.54167488532379,0.317861117287326,3.12057239586738
946.7,0.183474998218212,1.54167488555604,0.31786111728352,3.12057239585186
946.8,0.183474998222391,1.54167488578782,0.317861117279722,3.12057239583638
946.9,0.18347499822656,1.54167488601913,0.317861117275934,3.12057239582093
947,0.183474998230719,1.54167488624997,0.317861117272155,3.12057239580552
947.1,0.183474998234869,1.54167488648035,0.317861117268384,3.12057239579015
947.2,0.183474998239008,1.54167488671026,0.317861117264622,3.12057239577481
947.3,0.183474998243139,1.5416748869397,0.317861117260869,3.12057239575951
947.4,0.183474998247259,1.54167488716868,0.317861117257126,3.12057239574424
947.5,0.183474998251369,1.54167488739719,0.31786111725339,3.12057239572901
947.6,0.18347499825547,1.54167488762525,0.317861117249663,3.12057239571381
947.7,0.183474998259562,1.54167488785284,0.317861117245946,3.12057239569866
947.8,0.183474998263644,1.54167488807997,0.317861117242237,3.12057239568353
947.9,0.183474998267716,1.54167488830665,0.317861117238536,3.12057239566844
948,0.183474998271778,1.54167488853286,0.317861117234844,3.12057239565339
948.1,0.183474998275831,1.54167488875862,0.317861117231161,3.12057239563837
948.2,0.183474998279875,1.54167488898392,0.317861117227487,3.12057239562339
948.3,0.183474998283909,1.54167488920876,0.317861117223821,3.12057239560844
948.4,0.183474998287934,1.54167488943315,0.317861117220164,3.12057239559353
948.5,0.183474998291949,1.54167488965708,0.317861117216515,3.12057239557865
948.6,0.183474998295955,1.54167488988057,0.317861117212875,3.12057239556381
948.7,0.183474998299952,1.5416748901036,0.317861117209243,3.12057239554901
948.8,0.183474998303939,1.54167489032618,0.31786111720562,3.12057239553423
948.9,0.183474998307916,1.5416748905483,0.317861117202006,3.12057239551949
949,0.183474998311884,1.54167489076998,0.3178611171984,3.12057239550479
949.1,0.183474998315844,1.54167489099121,0.317861117194803,3.12057239549012
949.2,0.183474998319793,1.54167489121199,0.317861117191214,3.12057239547549
949.3,0.183474998323734,1.54167489143233,0.317861117187633,3.12057239546088
949.4,0.183474998327665,1.54167489165222,0.317861117184061,3.12057239544632
949.5,0.183474998331587,1.54167489187166,0.317861117180497,3.12057239543179
949.6,0.1834749983355,1.54167489209066,0.317861117176941,3.12057239541729
949.7,0.183474998339404,1.54167489230922,0.317861117173394,3.12057239540283
949.8,0.183474998343298,1.54167489252734,0.317861117169855,3.1205723953884
949.9,0.183474998347184,1.54167489274501,0.317861117166324,3.120572395374
950,0.18347499835106,1.54167489296225,0.317861117162801,3.12057239535964
950.1,0.183474998354927,1.54167489317904,0.317861117159288,3.12057239534531
950.2,0.183474998358785,1.5416748933954,0.317861117155782,3.12057239533101
950.3,0.183474998362634,1.54167489361132,0.317861117152284,3.12057239531675
950.4,0.183474998366474,1.5416748938268,0.317861117148794,3.12057239530252
950.5,0.183474998370305,1.54167489404185,0.317861117145313,3.12057239528833
950.6,0.183474998374127,1.54167489425646,0.31786111714184,3.12057239527417
950.7,0.18347499837794,1.54167489447063,0.317861117138375,3.12057239526004
950.8,0.183474998381745,1.54167489468438,0.317861117134918,3.12057239524594
950.9,0.18347499838554,1.54167489489769,0.31786111713147,3.12057239523188
951,0.183474998389326,1.54167489511057,0.317861117128029,3.12057239521785
951.1,0.183474998393104,1.54167489532302,0.317861117124596,3.12057239520386
951.2,0.183474998396872,1.54167489553504,0.317861117121172,3.12057239518989
951.3,0.183474998400632,1.54167489574663,0.317861117117755,3.12057239517596
951.4,0.183474998404383,1.54167489595779,0.317861117114347,3.12057239516206
951.5,0.183474998408125,1.54167489616852,0.317861117110946,3.1205723951482
951.6,0.183474998411858,1.54167489637883,0.317861117107554,3.12057239513436
951.7,0.183474998415583,1.54167489658871,0.317861117104169,3.12057239512057
951.8,0.183474998419299,1.54167489679817,0.317861117100793,3.1205723951068
951.9,0.183474998423006,1.5416748970072,0.317861117097424,3.12057239509306
952,0.183474998426704,1.54167489721581,0.317861117094064,3.12057239507936
952.1,0.183474998430394,1.541674897424,0.317861117090711,3.12057239506569
952.2,0.183474998434075,1.54167489763177,0.317861117087366,3.12057239505205
952.3,0.183474998437748,1.54167489783912,0.317861117084029,3.12057239503844
952.4,0.183474998441412,1.54167489804605,0.317861117080699,3.12057239502487
952.5,0.183474998445067,1.54167489825256,0.317861117077378,3.12057239501132
952.6,0.183474998448714,1.54167489845865,0.317861117074064,3.12057239499781
952.7,0.183474998452352,1.54167489866432,0.317861117070758,3.12057239498433
952.8,0.183474998455982,1.54167489886958,0.31786111706746,3.12057239497088
952.9,0.183474998459603,1.54167489907442,0.317861117064169,3.12057239495747
953,0.183474998463215,1.54167489927885,0.317861117060887,3.12057239494408
953.1,0.18347499846682,1.54167489948287,0.317861117057611,3.12057239493073
953.2,0.183474998470415,1.54167489968647,0.317861117054344,3.12057239491741
953.3,0.183474998474003,1.54167489988966,0.317861117051084,3.12057239490411
953.4,0.183474998477582,1.54167490009244,0.317861117047832,3.12057239489085
953.5,0.183474998481152,1.54167490029481,0.317861117044587,3.12057239487762
953.6,0.183474998484714,1.54167490049677,0.317861117041351,3.12057239486442
953.7,0.183474998488268,1.54167490069831,0.317861117038121,3.12057239485126
953.8,0.183474998491813,1.54167490089946,0.3178611170349,3.12057239483812
953.9,0.18347499849535,1.54167490110019,0.317861117031686,3.12057239482502
954,0.183474998498879,1.54167490130052,0.317861117028479,3.12057239481194
954.1,0.1834749985024,1.54167490150045,0.317861117025279,3.1205723947989
954.2,0.183474998505912,1.54167490169997,0.317861117022088,3.12057239478588
954.3,0.183474998509416,1.54167490189908,0.317861117018904,3.1205723947729
954.4,0.183474998512912,1.5416749020978,0.317861117015727,3.12057239475995
954.5,0.183474998516399,1.54167490229611,0.317861117012558,3.12057239474702
954.6,0.183474998519879,1.54167490249402,0.317861117009396,3.12057239473413
954.7,0.18347499852335,1.54167490269153,0.317861117006242,3.12057239472127
954.8,0.183474998526813,1.54167490288864,0.317861117003095,3.12057239470844
954.9,0.183474998530268,1.54167490308535,0.317861116999956,3.12057239469564
955,0.183474998533715,1.54167490328166,0.317861116996823,3.12057239468287
955.1,0.183474998537154,1.54167490347758,0.317861116993698,3.12057239467012
955.2,0.183474998540585,1.5416749036731,0.317861116990581,3.12057239465741
955.3,0.183474998544007,1.54167490386822,0.31786111698747,3.12057239464473
955.4,0.183474998547422,1.54167490406295,0.317861116984368,3.12057239463208
955.5,0.183474998550829,1.54167490425729,0.317861116981272,3.12057239461946
955.6,0.183474998554227,1.54167490445123,0.317861116978184,3.12057239460686
955.7,0.183474998557618,1.54167490464478,0.317861116975103,3.1205723945943
955.8,0.183474998561001,1.54167490483793,0.317861116972029,3.12057239458176
955.9,0.183474998564376,1.5416749050307,0.317861116968962,3.12057239456926
956,0.183474998567743,1.54167490522308,0.317861116965902,3.12057239455678
956.1,0.183474998571102,1.54167490541506,0.31786111696285,3.12057239454434
956.2,0.183474998574453,1.54167490560666,0.317861116959804,3.12057239453192
956.3,0.183474998577796,1.54167490579787,0.317861116956766,3.12057239451953
956.4,0.183474998581132,1.5416749059887,0.317861116953736,3.12057239450718
956.5,0.183474998584459,1.54167490617913,0.317861116950712,3.12057239449485
956.6,0.183474998587779,1.54167490636919,0.317861116947695,3.12057239448255
956.7,0.183474998591091,1.54167490655885,0.317861116944685,3.12057239447028
956.8,0.183474998594395,1.54167490674814,0.317861116941683,3.12057239445803
956.9,0.183474998597692,1.54167490693704,0.317861116938687,3.12057239444582
957,0.183474998600981,1.54167490712556,0.317861116935699,3.12057239443363
957.1,0.183474998604262,1.54167490731369,0.317861116932717,3.12057239442148
957.2,0.183474998607535,1.54167490750145,0.317861116929743,3.12057239440935
957.3,0.183474998610801,1.54167490768883,0.317861116926776,3.12057239439725
957.4,0.183474998614059,1.54167490787582,0.317861116923815,3.12057239438518
957.5,0.183474998617309,1.54167490806244,0.317861116920861,3.12057239437313
957.6,0.183474998620552,1.54167490824868,0.317861116917915,3.12057239436112
957.7,0.183474998623787,1.54167490843455,0.317861116914975,3.12057239434913
957.8,0.183474998627014,1.54167490862003,0.317861116912042,3.12057239433717
957.9,0.183474998630234,1.54167490880515,0.317861116909116,3.12057239432524
958,0.183474998633447,1.54167490898989,0.317861116906197,3.12057239431334
958.1,0.183474998636652,1.54167490917425,0.317861116903285,3.12057239430146
958.2,0.183474998639849,1.54167490935824,0.31786111690038,3.12057239428962
958.3,0.183474998643039,1.54167490954186,0.31786111689748,3.1205723942778
958.4,0.183474998646221,1.54167490972511,0.317861116894589,3.12057239426601
958.5,0.183474998649396,1.54167490990798,0.317861116891704,3.12057239425424
958.6,0.183474998652564,1.54167491009049,0.317861116888825,3.12057239424251
958.7,0.183474998655724,1.54167491027263,0.317861116885954,3.1205723942308
958.8,0.183474998658877,1.5416749104544,0.317861116883088,3.12057239421911
958.9,0.183474998662022,1.5416749106358,0.317861116880231,3.12057239420746
959,0.18347499866516,1.54167491081683,0.317861116877379,3.12057239419583
959.1,0.18347499866829,1.5416749109975,0.317861116874534,3.12057239418424
959.2,0.183474998671413,1.5416749111778,0.317861116871696,3.12057239417267
959.3,0.183474998674529,1.54167491135774,0.317861116868865,3.12057239416112
959.4,0.183474998677638,1.54167491153731,0.31786111686604,3.1205723941496
959.5,0.183474998680739,1.54167491171652,0.317861116863222,3.12057239413811
959.6,0.183474998683833,1.54167491189537,0.31786111686041,3.12057239412665
959.7,0.18347499868692,1.54167491207386,0.317861116857605,3.12057239411521
959.8,0.18347499869,1.54167491225198,0.317861116854807,3.1205723941038
959.9,0.183474998693072,1.54167491242974,0.317861116852015,3.12057239409241
960,0.183474998696137,1.54167491260715,0.31786111684923,3.12057239408106
960.1,0.183474998699195,1.54167491278419,0.317861116846451,3.12057239406973
960.2,0.183474998702246,1.54167491296088,0.317861116843679,3.12057239405843
960.3,0.183474998705289,1.54167491313721,0.317861116840914,3.12057239404715
960.4,0.183474998708326,1.54167491331318,0.317861116838154,3.1205723940359
960.5,0.183474998711355,1.5416749134888,0.317861116835401,3.12057239402467
960.6,0.183474998714377,1.54167491366406,0.317861116832655,3.12057239401348
960.7,0.183474998717392,1.54167491383896,0.317861116829916,3.1205723940023
960.8,0.1834749987204,1.54167491401351,0.317861116827182,3.12057239399116
960.9,0.183474998723401,1.54167491418771,0.317861116824456,3.12057239398004
961,0.183474998726395,1.54167491436155,0.317861116821734,3.12057239396895
961.1,0.183474998729382,1.54167491453505,0.31786111681902,3.12057239395788
961.2,0.183474998732362,1.54167491470819,0.317861116816312,3.12057239394684
961.3,0.183474998735335,1.54167491488098,0.317861116813611,3.12057239393582
961.4,0.183474998738301,1.54167491505343,0.317861116810916,3.12057239392483
961.5,0.18347499874126,1.54167491522552,0.317861116808227,3.12057239391387
961.6,0.183474998744212,1.54167491539727,0.317861116805544,3.12057239390293
961.7,0.183474998747157,1.54167491556866,0.317861116802868,3.12057239389202
961.8,0.183474998750096,1.54167491573972,0.317861116800198,3.12057239388113
961.9,0.183474998753027,1.54167491591042,0.317861116797534,3.12057239387027
962,0.183474998755951,1.54167491608078,0.317861116794877,3.12057239385943
962.1,0.183474998758869,1.5416749162508,0.317861116792226,3.12057239384863
962.2,0.18347499876178,1.54167491642047,0.317861116789581,3.12057239383784
962.3,0.183474998764684,1.54167491658979,0.317861116786942,3.12057239382708
962.4,0.183474998767581,1.54167491675878,0.317861116784309,3.12057239381635
962.5,0.183474998770471,1.54167491692742,0.317861116781683,3.12057239380564
962.6,0.183474998773355,1.54167491709572,0.317861116779063,3.12057239379495
962.7,0.183474998776232,1.54167491726368,0.317861116776448,3.12057239378429
962.8,0.183474998779102,1.5416749174313,0.31786111677384,3.12057239377366
962.9,0.183474998781965,1.54167491759858,0.317861116771239,3.12057239376305
963,0.183474998784822,1.54167491776553,0.317861116768643,3.12057239375246
963.1,0.183474998787672,1.54167491793213,0.317861116766053,3.1205723937419
963.2,0.183474998790515,1.5416749180984,0.317861116763469,3.12057239373137
963.3,0.183474998793352,1.54167491826433,0.317861116760892,3.12057239372086
963.4,0.183474998796182,1.54167491842993,0.31786111675832,3.12057239371037
963.5,0.183474998799005,1.54167491859519,0.317861116755755,3.12057239369992
963.6,0.183474998801821,1.54167491876011,0.317861116753195,3.12057239368948
963.7,0.183474998804631,1.5416749189247,0.317861116750642,3.12057239367907
963.8,0.183474998807435,1.54167491908896,0.317861116748094,3.12057239366868
963.9,0.183474998810232,1.54167491925289,0.317861116745552,3.12057239365831
964,0.183474998813022,1.54167491941648,0.317861116743017,3.12057239364798
964.1,0.183474998815806,1.54167491957975,0.317861116740488,3.12057239363766
964.2,0.183474998818583,1.54167491974268,0.317861116737964,3.12057239362737
964.3,0.183474998821354,1.54167491990528,0.317861116735446,3.12057239361711
964.4,0.183474998824118,1.54167492006756,0.317861116732934,3.12057239360687
964.5,0.183474998826876,1.54167492022951,0.317861116730428,3.12057239359665
964.6,0.183474998829627,1.54167492039112,0.317861116727928,3.12057239358645
964.7,0.183474998832372,1.54167492055241,0.317861116725434,3.12057239357628
964.8,0.18347499883511,1.54167492071338,0.317861116722946,3.12057239356614
964.9,0.183474998837842,1.54167492087402,0.317861116720463,3.12057239355601
965,0.183474998840568,1.54167492103433,0.317861116717987,3.12057239354592
965.1,0.183474998843287,1.54167492119432,0.317861116715515,3.12057239353584
965.2,0.183474998846,1.54167492135398,0.31786111671305,3.12057239352579
965.3,0.183474998848706,1.54167492151333,0.317861116710591,3.12057239351576
965.4,0.183474998851406,1.54167492167235,0.317861116708137,3.12057239350576
965.5,0.1834749988541,1.54167492183104,0.317861116705689,3.12057239349577
965.6,0.183474998856787,1.54167492198942,0.317861116703247,3.12057239348582
965.7,0.183474998859468,1.54167492214748,0.317861116700811,3.12057239347589
965.8,0.183474998862143,1.54167492230521,0.317861116698381,3.12057239346598
965.9,0.183474998864812,1.54167492246263,0.317861116695955,3.12057239345608
966,0.183474998867474,1.54167492261973,0.317861116693536,3.12057239344622
966.1,0.18347499887013,1.54167492277651,0.317861116691123,3.12057239343638
966.2,0.18347499887278,1.54167492293297,0.317861116688715,3.12057239342656
966.3,0.183474998875424,1.54167492308912,0.317861116686313,3.12057239341677
966.4,0.183474998878061,1.54167492324495,0.317861116683916,3.12057239340699
966.5,0.183474998880692,1.54167492340046,0.317861116681525,3.12057239339724
966.6,0.183474998883317,1.54167492355566,0.31786111667914,3.12057239338752
966.7,0.183474998885936,1.54167492371055,0.31786111667676,3.12057239337782
966.8,0.183474998888549,1.54167492386512,0.317861116674386,3.12057239336814
966.9,0.183474998891155,1.54167492401938,0.317861116672017,3.12057239335848
967,0.183474998893756,1.54167492417333,0.317861116669654,3.12057239334884
967.1,0.18347499889635,1.54167492432696,0.317861116667296,3.12057239333923
967.2,0.183474998898939,1.54167492448029,0.317861116664944,3.12057239332963
967.3,0.183474998901521,1.5416749246333,0.317861116662598,3.12057239332007
967.4,0.183474998904097,1.54167492478601,0.317861116660257,3.12057239331052
967.5,0.183474998906668,1.5416749249384,0.317861116657921,3.120572393301
967.6,0.183474998909232,1.54167492509049,0.317861116655591,3.1205723932915
967.7,0.18347499891179,1.54167492524227,0.317861116653267,3.12057239328202
967.8,0.183474998914342,1.54167492539374,0.317861116650947,3.12057239327256
967.9,0.183474998916888,1.54167492554491,0.317861116648634,3.12057239326313
968,0.183474998919428,1.54167492569577,0.317861116646325,3.12057239325372
968.1,0.183474998921963,1.54167492584632,0.317861116644023,3.12057239324433
968.2,0.183474998924491,1.54167492599657,0.317861116641725,3.12057239323496
968.3,0.183474998927013,1.54167492614652,0.317861116639433,3.12057239322562
968.4,0.18347499892953,1.54167492629616,0.317861116637146,3.12057239321629
968.5,0.18347499893204,1.5416749264455,0.317861116634864,3.12057239320699
968.6,0.183474998934545,1.54167492659454,0.317861116632589,3.12057239319771
968.7,0.183474998937044,1.54167492674327,0.317861116630318,3.12057239318845
968.8,0.183474998939537,1.54167492689171,0.317861116628053,3.12057239317921
968.9,0.183474998942024,1.54167492703984,0.317861116625793,3.12057239317
969,0.183474998944505,1.54167492718768,0.317861116623538,3.1205723931608
969.1,0.183474998946981,1.54167492733521,0.317861116621288,3.12057239315163
969.2,0.18347499894945,1.54167492748245,0.317861116619044,3.12057239314248
969.3,0.183474998951914,1.54167492762938,0.317861116616805,3.12057239313336
969.4,0.183474998954372,1.54167492777602,0.317861116614572,3.12057239312425
969.5,0.183474998956824,1.54167492792237,0.317861116612343,3.12057239311516
969.6,0.183474998959271,1.54167492806842,0.31786111661012,3.12057239310609
969.7,0.183474998961711,1.54167492821417,0.317861116607902,3.12057239309705
969.8,0.183474998964146,1.54167492835962,0.31786111660569,3.12057239308803
969.9,0.183474998966576,1.54167492850479,0.317861116603482,3.12057239307903
970,0.183474998969,1.54167492864965,0.31786111660128,3.12057239307005
970.1,0.183474998971418,1.54167492879423,0.317861116599082,3.12057239306109
970.2,0.18347499897383,1.54167492893851,0.31786111659689,3.12057239305215
970.3,0.183474998976237,1.5416749290825,0.317861116594703,3.12057239304323
970.4,0.183474998978638,1.5416749292262,0.317861116592522,3.12057239303434
970.5,0.183474998981033,1.54167492936961,0.317861116590345,3.12057239302546
970.6,0.183474998983423,1.54167492951273,0.317861116588173,3.12057239301661
970.7,0.183474998985807,1.54167492965556,0.317861116586007,3.12057239300777
970.8,0.183474998988185,1.5416749297981,0.317861116583845,3.12057239299896
970.9,0.183474998990558,1.54167492994034,0.317861116581689,3.12057239299017
971,0.183474998992926,1.54167493008231,0.317861116579537,3.12057239298139
971.1,0.183474998995287,1.54167493022398,0.317861116577391,3.12057239297264
971.2,0.183474998997644,1.54167493036537,0.31786111657525,3.12057239296391
971.3,0.183474998999995,1.54167493050647,0.317861116573114,3.1205723929552
971.4,0.18347499900234,1.54167493064729,0.317861116570983,3.12057239294651
971.5,0.18347499900468,1.54167493078782,0.317861116568856,3.12057239293784
971.6,0.183474999007014,1.54167493092807,0.317861116566735,3.12057239292919
971.7,0.183474999009343,1.54167493106803,0.31786111656462,3.12057239292057
971.8,0.183474999011666,1.54167493120771,0.317861116562508,3.12057239291196
971.9,0.183474999013984,1.54167493134711,0.317861116560402,3.12057239290337
972,0.183474999016296,1.54167493148622,0.317861116558301,3.1205723928948
972.1,0.183474999018604,1.54167493162506,0.317861116556203,3.12057239288625
972.2,0.183474999020905,1.54167493176361,0.317861116554112,3.12057239287772
972.3,0.183474999023201,1.54167493190188,0.317861116552026,3.12057239286922
972.4,0.183474999025492,1.54167493203987,0.317861116549944,3.12057239286073
972.5,0.183474999027778,1.54167493217759,0.317861116547867,3.12057239285226
972.6,0.183474999030058,1.54167493231502,0.317861116545795,3.12057239284381
972.7,0.183474999032333,1.54167493245217,0.317861116543728,3.12057239283538
972.8,0.183474999034602,1.54167493258905,0.317861116541666,3.12057239282697
972.9,0.183474999036866,1.54167493272565,0.317861116539608,3.12057239281858
973,0.183474999039125,1.54167493286198,0.317861116537556,3.12057239281022
973.1,0.183474999041379,1.54167493299803,0.317861116535508,3.12057239280187
973.2,0.183474999043627,1.5416749331338,0.317861116533466,3.12057239279354
973.3,0.18347499904587,1.5416749332693,0.317861116531427,3.12057239278522
973.4,0.183474999048107,1.54167493340452,0.317861116529394,3.12057239277693
973.5,0.18347499905034,1.54167493353947,0.317861116527365,3.12057239276866
973.6,0.183474999052567,1.54167493367415,0.317861116525341,3.12057239276041
973.7,0.183474999054789,1.54167493380855,0.317861116523322,3.12057239275218
973.8,0.183474999057006,1.54167493394268,0.317861116521308,3.12057239274396
973.9,0.183474999059217,1.54167493407654,0.317861116519298,3.12057239273577
974,0.183474999061424,1.54167493421013,0.317861116517293,3.12057239272759
974.1,0.183474999063625,1.54167493434345,0.317861116515293,3.12057239271944
974.2,0.183474999065821,1.5416749344765,0.317861116513297,3.1205723927113
974.3,0.183474999068012,1.54167493460928,0.317861116511306,3.12057239270318
974.4,0.183474999070197,1.54167493474179,0.31786111650932,3.12057239269509
974.5,0.183474999072378,1.54167493487403,0.317861116507339,3.12057239268701
974.6,0.183474999074554,1.54167493500601,0.317861116505362,3.12057239267894
974.7,0.183474999076724,1.54167493513772,0.31786111650339,3.1205723926709
974.8,0.183474999078889,1.54167493526916,0.317861116501422,3.12057239266288
974.9,0.18347499908105,1.54167493540033,0.317861116499459,3.12057239265488
975,0.183474999083205,1.54167493553124,0.317861116497501,3.12057239264689
975.1,0.183474999085355,1.54167493566189,0.317861116495547,3.12057239263893
975.2,0.1834749990875,1.54167493579227,0.317861116493598,3.12057239263098
975.3,0.18347499908964,1.54167493592238,0.317861116491653,3.12057239262304
975.4,0.183474999091775,1.54167493605223,0.317861116489713,3.12057239261514
975.5,0.183474999093905,1.54167493618182,0.317861116487777,3.12057239260724
975.6,0.18347499909603,1.54167493631115,0.317861116485846,3.12057239259937
975.7,0.18347499909815,1.54167493644021,0.31786111648392,3.12057239259152
975.8,0.183474999100265,1.54167493656902,0.317861116481998,3.12057239258368
975.9,0.183474999102375,1.54167493669756,0.317861116480081,3.12057239257586
976,0.18347499910448,1.54167493682585,0.317861116478168,3.12057239256806
976.1,0.18347499910658,1.54167493695387,0.317861116476259,3.12057239256028
976.2,0.183474999108676,1.54167493708164,0.317861116474355,3.12057239255252
976.3,0.183474999110766,1.54167493720914,0.317861116472455,3.12057239254477
976.4,0.183474999112852,1.54167493733639,0.317861116470561,3.12057239253704
976.5,0.183474999114932,1.54167493746338,0.31786111646867,3.12057239252933
976.6,0.183474999117008,1.54167493759011,0.317861116466783,3.12057239252164
976.7,0.183474999119079,1.54167493771659,0.317861116464902,3.12057239251397
976.8,0.183474999121145,1.54167493784281,0.317861116463025,3.12057239250631
976.9,0.183474999123206,1.54167493796877,0.317861116461152,3.12057239249868
977,0.183474999125262,1.54167493809448,0.317861116459283,3.12057239249106
977.1,0.183474999127314,1.54167493821994,0.317861116457419,3.12057239248346
977.2,0.18347499912936,1.54167493834514,0.317861116455559,3.12057239247587
977.3,0.183474999131402,1.54167493847009,0.317861116453703,3.12057239246831
977.4,0.183474999133439,1.54167493859478,0.317861116451852,3.12057239246076
977.5,0.183474999135472,1.54167493871922,0.317861116450006,3.12057239245323
977.6,0.183474999137499,1.54167493884341,0.317861116448163,3.12057239244572
977.7,0.183474999139522,1.54167493896735,0.317861116446325,3.12057239243822
977.8,0.18347499914154,1.54167493909104,0.317861116444491,3.12057239243074
977.9,0.183474999143553,1.54167493921448,0.317861116442661,3.12057239242328
978,0.183474999145562,1.54167493933766,0.317861116440836,3.12057239241584
978.1,0.183474999147566,1.5416749394606,0.317861116439015,3.12057239240842
978.2,0.183474999149565,1.54167493958329,0.317861116437198,3.12057239240101
978.3,0.183474999151559,1.54167493970573,0.317861116435386,3.12057239239362
978.4,0.183474999153549,1.54167493982793,0.317861116433577,3.12057239238624
978.5,0.183474999155534,1.54167493994987,0.317861116431774,3.12057239237889
978.6,0.183474999157515,1.54167494007157,0.317861116429974,3.12057239237155
978.7,0.183474999159491,1.54167494019302,0.317861116428178,3.12057239236423
978.8,0.183474999161462,1.54167494031423,0.317861116426387,3.12057239235693
978.9,0.183474999163429,1.54167494043519,0.3178611164246,3.12057239234964
979,0.183474999165391,1.54167494055591,0.317861116422818,3.12057239234237
979.1,0.183474999167348,1.54167494067638,0.317861116421039,3.12057239233512
979.2,0.183474999169301,1.54167494079661,0.317861116419264,3.12057239232788
979.3,0.183474999171249,1.54167494091659,0.317861116417494,3.12057239232066
979.4,0.183474999173193,1.54167494103633,0.317861116415727,3.12057239231346
979.5,0.183474999175132,1.54167494115584,0.317861116413965,3.12057239230628
979.6,0.183474999177066,1.54167494127509,0.317861116412208,3.12057239229911
979.7,0.183474999178996,1.54167494139411,0.317861116410454,3.12057239229196
979.8,0.183474999180922,1.54167494151288,0.317861116408704,3.12057239228483
979.9,0.183474999182843,1.54167494163142,0.317861116406958,3.12057239227771
980,0.183474999184759,1.54167494174971,0.317861116405217,3.12057239227061
980.1,0.183474999186671,1.54167494186777,0.317861116403479,3.12057239226352
980.2,0.183474999188579,1.54167494198558,0.317861116401746,3.12057239225645
980.3,0.183474999190482,1.54167494210316,0.317861116400017,3.12057239224941
980.4,0.18347499919238,1.5416749422205,0.317861116398292,3.12057239224237
980.5,0.183474999194274,1.5416749423376,0.31786111639657,3.12057239223535
980.6,0.183474999196164,1.54167494245447,0.317861116394853,3.12057239222835
980.7,0.183474999198049,1.54167494257109,0.31786111639314,3.12057239222136
980.8,0.18347499919993,1.54167494268749,0.317861116391431,3.1205723922144
980.9,0.183474999201806,1.54167494280364,0.317861116389726,3.12057239220744
981,0.183474999203678,1.54167494291956,0.317861116388024,3.12057239220051
981.1,0.183474999205546,1.54167494303525,0.317861116386327,3.12057239219358
981.2,0.183474999207409,1.5416749431507,0.317861116384634,3.12057239218668
981.3,0.183474999209268,1.54167494326592,0.317861116382945,3.12057239217979
981.4,0.183474999211123,1.54167494338091,0.31786111638126,3.12057239217292
981.5,0.183474999212973,1.54167494349566,0.317861116379578,3.12057239216607
981.6,0.183474999214819,1.54167494361018,0.317861116377901,3.12057239215923
981.7,0.18347499921666,1.54167494372447,0.317861116376228,3.1205723921524
981.8,0.183474999218497,1.54167494383852,0.317861116374558,3.1205723921456
981.9,0.18347499922033,1.54167494395235,0.317861116372893,3.12057239213881
982,0.183474999222158,1.54167494406594,0.317861116371231,3.12057239213203
982.1,0.183474999223983,1.54167494417931,0.317861116369573,3.12057239212527
982.2,0.183474999225803,1.54167494429244,0.31786111636792,3.12057239211853
982.3,0.183474999227618,1.54167494440535,0.31786111636627,3.1205723921118
982.4,0.18347499922943,1.54167494451803,0.317861116364624,3.12057239210509
982.5,0.183474999231237,1.54167494463048,0.317861116362981,3.12057239209839
982.6,0.18347499923304,1.5416749447427,0.317861116361343,3.12057239209171
982.7,0.183474999234839,1.5416749448547,0.317861116359709,3.12057239208505
982.8,0.183474999236633,1.54167494496646,0.317861116358077,3.1205723920784
982.9,0.183474999238424,1.54167494507801,0.317861116356451,3.12057239207177
983,0.18347499924021,1.54167494518932,0.317861116354828,3.12057239206515
983.1,0.183474999241992,1.54167494530041,0.317861116353209,3.12057239205854
983.2,0.183474999243769,1.54167494541128,0.317861116351593,3.12057239205196
983.3,0.183474999245543,1.54167494552192,0.317861116349982,3.12057239204539
983.4,0.183474999247312,1.54167494563234,0.317861116348374,3.12057239203883
983.5,0.183474999249078,1.54167494574253,0.317861116346769,3.12057239203229
983.6,0.183474999250839,1.5416749458525,0.31786111634517,3.12057239202576
983.7,0.183474999252596,1.54167494596225,0.317861116343573,3.12057239201925
983.8,0.183474999254348,1.54167494607177,0.31786111634198,3.12057239201276
983.9,0.183474999256097,1.54167494618107,0.317861116340391,3.12057239200628
984,0.183474999257842,1.54167494629016,0.317861116338805,3.12057239199981
984.1,0.183474999259582,1.54167494639902,0.317861116337224,3.12057239199337
984.2,0.183474999261319,1.54167494650766,0.317861116335646,3.12057239198693
984.3,0.183474999263051,1.54167494661608,0.317861116334071,3.12057239198051
984.4,0.18347499926478,1.54167494672428,0.317861116332501,3.12057239197411
984.5,0.183474999266504,1.54167494683226,0.317861116330934,3.12057239196772
984.6,0.183474999268224,1.54167494694003,0.317861116329371,3.12057239196135
984.7,0.18347499926994,1.54167494704757,0.317861116327811,3.12057239195499
984.8,0.183474999271653,1.5416749471549,0.317861116326256,3.12057239194865
984.9,0.183474999273361,1.54167494726201,0.317861116324703,3.12057239194231
985,0.183474999275065,1.5416749473689,0.317861116323155,3.120572391936
985.1,0.183474999276765,1.54167494747558,0.31786111632161,3.1205723919297
985.2,0.183474999278461,1.54167494758204,0.317861116320069,3.12057239192342
985.3,0.183474999280153,1.54167494768828,0.317861116318531,3.12057239191715
985.4,0.183474999281841,1.54167494779431,0.317861116316997,3.12057239191089
985.5,0.183474999283526,1.54167494790013,0.317861116315466,3.12057239190465
985.6,0.183474999285206,1.54167494800573,0.317861116313939,3.12057239189842
985.7,0.183474999286882,1.54167494811112,0.317861116312416,3.12057239189221
985.8,0.183474999288555,1.54167494821629,0.317861116310896,3.12057239188602
985.9,0.183474999290223,1.54167494832125,0.31786111630938,3.12057239187983
986,0.183474999291888,1.541674948426,0.317861116307867,3.12057239187367
986.1,0.183474999293549,1.54167494853054,0.317861116306358,3.12057239186752
986.2,0.183474999295205,1.54167494863486,0.317861116304853,3.12057239186138
986.3,0.183474999296858,1.54167494873898,0.317861116303351,3.12057239185525
986.4,0.183474999298507,1.54167494884288,0.317861116301852,3.12057239184914
986.5,0.183474999300153,1.54167494894657,0.317861116300357,3.12057239184304
986.6,0.183474999301794,1.54167494905005,0.317861116298866,3.12057239183697
986.7,0.183474999303431,1.54167494915333,0.317861116297378,3.12057239183089
986.8,0.183474999305065,1.54167494925639,0.317861116295893,3.12057239182485
986.9,0.183474999306695,1.54167494935924,0.317861116294413,3.12057239181881
987,0.183474999308321,1.54167494946189,0.317861116292935,3.12057239181278
987.1,0.183474999309943,1.54167494956433,0.317861116291461,3.12057239180677
987.2,0.183474999311561,1.54167494966656,0.31786111628999,3.12057239180077
987.3,0.183474999313176,1.54167494976859,0.317861116288523,3.12057239179479
987.4,0.183474999314787,1.5416749498704,0.317861116287059,3.12057239178882
987.5,0.183474999316394,1.54167494997202,0.317861116285599,3.12057239178287
987.6,0.183474999317997,1.54167495007342,0.317861116284142,3.12057239177693
987.7,0.183474999319596,1.54167495017462,0.317861116282689,3.120572391771
987.8,0.183474999321192,1.54167495027562,0.317861116281239,3.12057239176509
987.9,0.183474999322784,1.54167495037641,0.317861116279792,3.12057239175919
988,0.183474999324372,1.541674950477,0.317861116278349,3.12057239175331
988.1,0.183474999325957,1.54167495057738,0.317861116276909,3.12057239174744
988.2,0.183474999327538,1.54167495067756,0.317861116275473,3.12057239174158
988.3,0.183474999329115,1.54167495077754,0.317861116274039,3.12057239173574
988.4,0.183474999330688,1.54167495087731,0.317861116272609,3.12057239172991
988.5,0.183474999332258,1.54167495097689,0.317861116271183,3.12057239172409
988.6,0.183474999333824,1.54167495107626,0.31786111626976,3.12057239171828
988.7,0.183474999335387,1.54167495117543,0.31786111626834,3.1205723917125
988.8,0.183474999336945,1.5416749512744,0.317861116266924,3.12057239170672
988.9,0.1834749993385,1.54167495137316,0.317861116265511,3.12057239170096
989,0.183474999340052,1.54167495147173,0.317861116264101,3.12057239169521
989.1,0.183474999341599,1.5416749515701,0.317861116262694,3.12057239168948
989.2,0.183474999343144,1.54167495166827,0.317861116261291,3.12057239168375
989.3,0.183474999344684,1.54167495176624,0.317861116259891,3.12057239167804
989.4,0.183474999346221,1.54167495186401,0.317861116258495,3.12057239167235
989.5,0.183474999347754,1.54167495196159,0.317861116257101,3.12057239166667
989.6,0.183474999349284,1.54167495205896,0.317861116255711,3.120572391661
989.7,0.18347499935081,1.54167495215614,0.317861116254325,3.12057239165535
989.8,0.183474999352332,1.54167495225313,0.317861116252941,3.12057239164971
989.9,0.183474999353851,1.54167495234991,0.317861116251561,3.12057239164408
990,0.183474999355367,1.5416749524465,0.317861116250184,3.12057239163847
990.1,0.183474999356878,1.5416749525429,0.31786111624881,3.12057239163286
990.2,0.183474999358387,1.5416749526391,0.31786111624744,3.12057239162728
990.3,0.183474999359891,1.5416749527351,0.317861116246073,3.1205723916217
990.4,0.183474999361392,1.54167495283091,0.317861116244708,3.12057239161614
990.5,0.18347499936289,1.54167495292653,0.317861116243348,3.12057239161059
990.6,0.183474999364384,1.54167495302195,0.31786111624199,3.12057239160505
990.7,0.183474999365875,1.54167495311718,0.317861116240634,3.12057239159953
990.8,0.183474999367362,1.54167495321221,0.317861116239283,3.12057239159402
990.9,0.183474999368846,1.54167495330706,0.317861116237935,3.12057239158852
991,0.183474999370326,1.54167495340171,0.317861116236589,3.12057239158303
991.1,0.183474999371803,1.54167495349617,0.317861116235248,3.12057239157756
991.2,0.183474999373276,1.54167495359044,0.317861116233909,3.1205723915721
991.3,0.183474999374746,1.54167495368452,0.317861116232573,3.12057239156666
991.4,0.183474999376213,1.54167495377841,0.317861116231241,3.12057239156122
991.5,0.183474999377676,1.5416749538721,0.317861116229911,3.1205723915558
991.6,0.183474999379135,1.54167495396561,0.317861116228585,3.12057239155039
991.7,0.183474999380591,1.54167495405893,0.317861116227262,3.120572391545
991.8,0.183474999382044,1.54167495415206,0.317861116225942,3.12057239153962
991.9,0.183474999383493,1.541674954245,0.317861116224625,3.12057239153425
992,0.183474999384939,1.54167495433775,0.317861116223311,3.12057239152889
992.1,0.183474999386382,1.54167495443032,0.317861116222,3.12057239152355
992.2,0.183474999387821,1.54167495452269,0.317861116220692,3.12057239151821
992.3,0.183474999389256,1.54167495461488,0.317861116219388,3.1205723915129
992.4,0.183474999390689,1.54167495470689,0.317861116218086,3.12057239150759
992.5,0.183474999392118,1.5416749547987,0.317861116216788,3.12057239150229
992.6,0.183474999393544,1.54167495489034,0.317861116215492,3.12057239149701
992.7,0.183474999394966,1.54167495498178,0.317861116214199,3.12057239149174
992.8,0.183474999396385,1.54167495507304,0.31786111621291,3.12057239148648
992.9,0.183474999397801,1.54167495516412,0.317861116211624,3.12057239148123
993,0.183474999399213,1.54167495525501,0.31786111621034,3.120572391476
993.1,0.183474999400622,1.54167495534572,0.31786111620906,3.12057239147078
993.2,0.183474999402028,1.54167495543624,0.317861116207783,3.12057239146557
993.3,0.18347499940343,1.54167495552658,0.317861116206508,3.12057239146038
993.4,0.183474999404829,1.54167495561674,0.317861116205237,3.12057239145519
993.5,0.183474999406225,1.54167495570671,0.317861116203968,3.12057239145002
993.6,0.183474999407617,1.5416749557965,0.317861116202703,3.12057239144486
993.7,0.183474999409007,1.54167495588611,0.31786111620144,3.12057239143972
993.8,0.183474999410393,1.54167495597554,0.317861116200181,3.12057239143458
993.9,0.183474999411776,1.54167495606479,0.317861116198924,3.12057239142946
994,0.183474999413155,1.54167495615386,0.317861116197671,3.12057239142434
994.1,0.183474999414531,1.54167495624274,0.31786111619642,3.12057239141924
994.2,0.183474999415905,1.54167495633145,0.317861116195172,3.12057239141416
994.3,0.183474999417274,1.54167495641998,0.317861116193927,3.12057239140908
994.4,0.183474999418641,1.54167495650832,0.317861116192685,3.12057239140402
994.5,0.183474999420005,1.54167495659649,0.317861116191447,3.12057239139897
994.6,0.183474999421365,1.54167495668448,0.317861116190211,3.12057239139393
994.7,0.183474999422722,1.5416749567723,0.317861116188978,3.1205723913889
994.8,0.183474999424076,1.54167495685993,0.317861116187747,3.12057239138388
994.9,0.183474999425426,1.54167495694739,0.31786111618652,3.12057239137888
995,0.183474999426774,1.54167495703467,0.317861116185296,3.12057239137388
995.1,0.183474999428118,1.54167495712177,0.317861116184074,3.1205723913689
995.2,0.183474999429459,1.54167495720869,0.317861116182855,3.12057239136393
995.3,0.183474999430797,1.54167495729544,0.317861116181639,3.12057239135898
995.4,0.183474999432132,1.54167495738202,0.317861116180426,3.12057239135403
995.5,0.183474999433464,1.54167495746842,0.317861116179216,3.1205723913491
995.6,0.183474999434793,1.54167495755464,0.317861116178008,3.12057239134417
995.7,0.183474999436118,1.54167495764069,0.317861116176804,3.12057239133926
995.8,0.183474999437441,1.54167495772656,0.317861116175603,3.12057239133436
995.9,0.18347499943876,1.54167495781226,0.317861116174404,3.12057239132947
996,0.183474999440076,1.54167495789779,0.317861116173208,3.1205723913246
996.1,0.18347499944139,1.54167495798315,0.317861116172014,3.12057239131973
996.2,0.1834749994427,1.54167495806833,0.317861116170824,3.12057239131488
996.3,0.183474999444007,1.54167495815333,0.317861116169636,3.12057239131003
996.4,0.183474999445311,1.54167495823817,0.317861116168451,3.1205723913052
996.5,0.183474999446612,1.54167495832284,0.317861116167269,3.12057239130038
996.6,0.183474999447909,1.54167495840733,0.317861116166089,3.12057239129557
996.7,0.183474999449204,1.54167495849165,0.317861116164913,3.12057239129077
996.8,0.183474999450496,1.5416749585758,0.317861116163739,3.12057239128599
996.9,0.183474999451785,1.54167495865978,0.317861116162568,3.12057239128122
997,0.18347499945307,1.54167495874359,0.3178611161614,3.12057239127645
997.1,0.183474999454353,1.54167495882723,0.317861116160234,3.1205723912717
997.2,0.183474999455633,1.54167495891071,0.317861116159071,3.12057239126696
997.3,0.183474999456909,1.54167495899401,0.317861116157911,3.12057239126223
997.4,0.183474999458183,1.54167495907714,0.317861116156754,3.12057239125751
997.5,0.183474999459454,1.54167495916011,0.317861116155599,3.1205723912528
997.6,0.183474999460721,1.5416749592429,0.317861116154447,3.1205723912481
997.7,0.183474999461986,1.54167495932553,0.317861116153298,3.12057239124341
997.8,0.183474999463248,1.541674959408,0.317861116152151,3.12057239123874
997.9,0.183474999464507,1.54167495949029,0.317861116151007,3.12057239123408
998,0.183474999465763,1.54167495957242,0.317861116149867,3.12057239122942
998.1,0.183474999467016,1.54167495965438,0.317861116148728,3.12057239122478
998.2,0.183474999468266,1.54167495973618,0.317861116147592,3.12057239122015
998.3,0.183474999469513,1.54167495981781,0.317861116146459,3.12057239121553
998.4,0.183474999470757,1.54167495989927,0.317861116145328,3.12057239121092
998.5,0.183474999471998,1.54167495998057,0.3178611161442,3.12057239120632
998.6,0.183474999473236,1.54167496006171,0.317861116143075,3.12057239120173
998.7,0.183474999474472,1.54167496014268,0.317861116141952,3.12057239119715
998.8,0.183474999475704,1.54167496022349,0.317861116140832,3.12057239119259
998.9,0.183474999476934,1.54167496030413,0.317861116139715,3.12057239118803
999,0.183474999478161,1.54167496038461,0.3178611161386,3.12057239118349
999.1,0.183474999479385,1.54167496046493,0.317861116137488,3.12057239117895
999.2,0.183474999480606,1.54167496054508,0.317861116136378,3.12057239117443
999.3,0.183474999481824,1.54167496062508,0.317861116135271,3.12057239116991
999.4,0.183474999483039,1.54167496070491,0.317861116134167,3.12057239116541
999.5,0.183474999484251,1.54167496078457,0.317861116133065,3.12057239116092
999.6,0.183474999485461,1.54167496086408,0.317861116131966,3.12057239115643
999.7,0.183474999486668,1.54167496094343,0.317861116130869,3.12057239115196
999.8,0.183474999487871,1.54167496102261,0.317861116129775,3.1205723911475
999.9,0.183474999489072,1.54167496110164,0.317861116128684,3.12057239114305
1000,0.183474999490271,1.5416749611805,0.317861116127595,3.12057239113861
1000.1,0.183474999491466,1.54167496125921,0.317861116126509,3.12057239113418
1000.2,0.183474999492659,1.54167496133775,0.317861116125425,3.12057239112976
1000.3,0.183474999493848,1.54167496141614,0.317861116124344,3.12057239112535
1000.4,0.183474999495035,1.54167496149437,0.317861116123266,3.12057239112096
1000.5,0.18347499949622,1.54167496157244,0.317861116122189,3.12057239111657
1000.6,0.183474999497401,1.54167496165035,0.317861116121116,3.12057239111219
1000.7,0.18347499949858,1.5416749617281,0.317861116120045,3.12057239110782
1000.8,0.183474999499756,1.5416749618057,0.317861116118976,3.12057239110347
1000.9,0.183474999500929,1.54167496188314,0.31786111611791,3.12057239109912
1001,0.183474999502099,1.54167496196042,0.317861116116847,3.12057239109479
1001.1,0.183474999503267,1.54167496203754,0.317861116115786,3.12057239109046
1001.2,0.183474999504432,1.54167496211451,0.317861116114727,3.12057239108614
1001.3,0.183474999505594,1.54167496219132,0.317861116113671,3.12057239108184
1001.4,0.183474999506753,1.54167496226798,0.317861116112617,3.12057239107754
1001.5,0.18347499950791,1.54167496234448,0.317861116111566,3.12057239107325
1001.6,0.183474999509064,1.54167496242083,0.317861116110517,3.12057239106898
1001.7,0.183474999510216,1.54167496249702,0.317861116109471,3.12057239106471
1001.8,0.183474999511365,1.54167496257306,0.317861116108427,3.12057239106045
1001.9,0.18347499951251,1.54167496264895,0.317861116107386,3.12057239105621
1002,0.183474999513654,1.54167496272468,0.317861116106347,3.12057239105197
1002.1,0.183474999514794,1.54167496280026,0.31786111610531,3.12057239104775
1002.2,0.183474999515932,1.54167496287568,0.317861116104276,3.12057239104353
1002.3,0.183474999517068,1.54167496295095,0.317861116103245,3.12057239103932
1002.4,0.1834749995182,1.54167496302607,0.317861116102215,3.12057239103512
1002.5,0.18347499951933,1.54167496310104,0.317861116101188,3.12057239103094
1002.6,0.183474999520457,1.54167496317585,0.317861116100164,3.12057239102676
1002.7,0.183474999521582,1.54167496325051,0.317861116099142,3.1205723910226
1002.8,0.183474999522704,1.54167496332503,0.317861116098123,3.12057239101844
1002.9,0.183474999523823,1.54167496339939,0.317861116097105,3.12057239101429
1003,0.18347499952494,1.5416749634736,0.317861116096091,3.12057239101016
1003.1,0.183474999526054,1.54167496354766,0.317861116095078,3.12057239100602
1003.2,0.183474999527166,1.54167496362157,0.317861116094068,3.12057239100191
1003.3,0.183474999528275,1.54167496369533,0.317861116093061,3.1205723909978
1003.4,0.183474999529381,1.54167496376894,0.317861116092055,3.1205723909937
1003.5,0.183474999530485,1.5416749638424,0.317861116091052,3.12057239098961
1003.6,0.183474999531586,1.54167496391571,0.317861116090052,3.12057239098553
1003.7,0.183474999532684,1.54167496398888,0.317861116089053,3.12057239098146
1003.8,0.18347499953378,1.54167496406189,0.317861116088058,3.1205723909774
1003.9,0.183474999534874,1.54167496413476,0.317861116087064,3.12057239097335
1004,0.183474999535965,1.54167496420748,0.317861116086073,3.1205723909693
1004.1,0.183474999537053,1.54167496428005,0.317861116085084,3.12057239096527
1004.2,0.183474999538139,1.54167496435248,0.317861116084097,3.12057239096125
1004.3,0.183474999539222,1.54167496442476,0.317861116083113,3.12057239095723
1004.4,0.183474999540302,1.54167496449689,0.31786111608213,3.12057239095323
1004.5,0.18347499954138,1.54167496456888,0.317861116081151,3.12057239094923
1004.6,0.183474999542456,1.54167496464072,0.317861116080174,3.12057239094525
1004.7,0.183474999543529,1.54167496471242,0.317861116079198,3.12057239094128
1004.8,0.1834749995446,1.54167496478397,0.317861116078226,3.12057239093731
1004.9,0.183474999545668,1.54167496485537,0.317861116077256,3.12057239093335
1005,0.183474999546733,1.54167496492663,0.317861116076287,3.1205723909294
1005.1,0.183474999547796,1.54167496499775,0.317861116075321,3.12057239092546
1005.2,0.183474999548857,1.54167496506872,0.317861116074357,3.12057239092154
1005.3,0.183474999549914,1.54167496513955,0.317861116073396,3.12057239091762
1005.4,0.18347499955097,1.54167496521023,0.317861116072437,3.12057239091371
1005.5,0.183474999552023,1.54167496528078,0.31786111607148,3.1205723909098
1005.6,0.183474999553074,1.54167496535118,0.317861116070525,3.12057239090591
1005.7,0.183474999554122,1.54167496542143,0.317861116069573,3.12057239090203
1005.8,0.183474999555168,1.54167496549155,0.317861116068623,3.12057239089815
1005.9,0.183474999556211,1.54167496556152,0.317861116067675,3.12057239089429
1006,0.183474999557252,1.54167496563135,0.317861116066729,3.12057239089043
1006.1,0.18347499955829,1.54167496570104,0.317861116065785,3.12057239088658
1006.2,0.183474999559326,1.54167496577059,0.317861116064844,3.12057239088274
1006.3,0.18347499956036,1.54167496583999,0.317861116063905,3.12057239087891
1006.4,0.183474999561391,1.54167496590926,0.317861116062968,3.12057239087509
1006.5,0.183474999562419,1.54167496597838,0.317861116062033,3.12057239087128
1006.6,0.183474999563445,1.54167496604737,0.3178611160611,3.12057239086748
1006.7,0.183474999564469,1.54167496611622,0.31786111606017,3.12057239086369
1006.8,0.183474999565491,1.54167496618492,0.317861116059242,3.1205723908599
1006.9,0.18347499956651,1.54167496625349,0.317861116058316,3.12057239085613
1007,0.183474999567526,1.54167496632192,0.317861116057392,3.12057239085236
1007.1,0.183474999568541,1.54167496639021,0.31786111605647,3.1205723908486
1007.2,0.183474999569553,1.54167496645836,0.317861116055551,3.12057239084485
1007.3,0.183474999570562,1.54167496652637,0.317861116054634,3.12057239084111
1007.4,0.183474999571569,1.54167496659425,0.317861116053719,3.12057239083738
1007.5,0.183474999572574,1.54167496666198,0.317861116052805,3.12057239083366
1007.6,0.183474999573576,1.54167496672959,0.317861116051894,3.12057239082994
1007.7,0.183474999574576,1.54167496679705,0.317861116050986,3.12057239082624
1007.8,0.183474999575574,1.54167496686438,0.317861116050079,3.12057239082254
1007.9,0.18347499957657,1.54167496693157,0.317861116049174,3.12057239081886
1008,0.183474999577563,1.54167496699862,0.317861116048272,3.12057239081517
1008.1,0.183474999578553,1.54167496706554,0.317861116047372,3.1205723908115
1008.2,0.183474999579542,1.54167496713232,0.317861116046474,3.12057239080784
1008.3,0.183474999580528,1.54167496719897,0.317861116045578,3.12057239080419
1008.4,0.183474999581512,1.54167496726549,0.317861116044684,3.12057239080054
1008.5,0.183474999582493,1.54167496733186,0.317861116043792,3.1205723907969
1008.6,0.183474999583472,1.54167496739811,0.317861116042902,3.12057239079328
1008.7,0.183474999584449,1.54167496746422,0.317861116042014,3.12057239078966
1008.8,0.183474999585424,1.5416749675302,0.317861116041128,3.12057239078605
1008.9,0.183474999586396,1.54167496759604,0.317861116040245,3.12057239078244
1009,0.183474999587366,1.54167496766175,0.317861116039364,3.12057239077885
1009.1,0.183474999588334,1.54167496772732,0.317861116038484,3.12057239077526
1009.2,0.183474999589299,1.54167496779277,0.317861116037607,3.12057239077169
1009.3,0.183474999590263,1.54167496785808,0.317861116036732,3.12057239076812
1009.4,0.183474999591224,1.54167496792325,0.317861116035859,3.12057239076456
1009.5,0.183474999592182,1.5416749679883,0.317861116034988,3.12057239076101
1009.6,0.183474999593139,1.54167496805321,0.317861116034118,3.12057239075746
1009.7,0.183474999594093,1.541674968118,0.317861116033251,3.12057239075392
1009.8,0.183474999595044,1.54167496818264,0.317861116032386,3.1205723907504
1009.9,0.183474999595994,1.54167496824716,0.317861116031523,3.12057239074688
1010,0.183474999596942,1.54167496831155,0.317861116030662,3.12057239074337
1010.1,0.183474999597887,1.54167496837581,0.317861116029803,3.12057239073987
1010.2,0.18347499959883,1.54167496843994,0.317861116028946,3.12057239073637
1010.3,0.183474999599771,1.54167496850394,0.317861116028091,3.12057239073289
1010.4,0.183474999600709,1.54167496856781,0.317861116027238,3.12057239072941
1010.5,0.183474999601646,1.54167496863155,0.317861116026387,3.12057239072594
1010.6,0.18347499960258,1.54167496869516,0.317861116025538,3.12057239072248
1010.7,0.183474999603512,1.54167496875864,0.317861116024692,3.12057239071903
1010.8,0.183474999604442,1.54167496882199,0.317861116023847,3.12057239071558
1010.9,0.183474999605369,1.54167496888522,0.317861116023004,3.12057239071214
1011,0.183474999606295,1.54167496894831,0.317861116022163,3.12057239070871
1011.1,0.183474999607218,1.54167496901128,0.317861116021323,3.12057239070529
1011.2,0.183474999608139,1.54167496907413,0.317861116020486,3.12057239070188
1011.3,0.183474999609058,1.54167496913684,0.317861116019651,3.12057239069847
1011.4,0.183474999609975,1.54167496919943,0.317861116018818,3.12057239069508
1011.5,0.18347499961089,1.54167496926189,0.317861116017987,3.12057239069168
1011.6,0.183474999611803,1.54167496932422,0.317861116017158,3.1205723906883
1011.7,0.183474999612713,1.54167496938643,0.31786111601633,3.12057239068493
1011.8,0.183474999613621,1.54167496944851,0.317861116015505,3.12057239068156
1011.9,0.183474999614527,1.54167496951047,0.317861116014682,3.12057239067821
1012,0.183474999615431,1.54167496957229,0.31786111601386,3.12057239067486
1012.1,0.183474999616333,1.541674969634,0.31786111601304,3.12057239067152
1012.2,0.183474999617233,1.54167496969558,0.317861116012222,3.12057239066818
1012.3,0.183474999618131,1.54167496975703,0.317861116011407,3.12057239066485
1012.4,0.183474999619026,1.54167496981836,0.317861116010593,3.12057239066154
1012.5,0.18347499961992,1.54167496987957,0.317861116009781,3.12057239065823
1012.6,0.183474999620811,1.54167496994065,0.317861116008971,3.12057239065492
1012.7,0.1834749996217,1.54167497000161,0.317861116008163,3.12057239065163
1012.8,0.183474999622588,1.54167497006245,0.317861116007357,3.12057239064834
1012.9,0.183474999623473,1.54167497012316,0.317861116006553,3.12057239064506
1013,0.183474999624356,1.54167497018375,0.31786111600575,3.12057239064179
1013.1,0.183474999625237,1.54167497024421,0.31786111600495,3.12057239063853
1013.2,0.183474999626116,1.54167497030456,0.317861116004151,3.12057239063527
1013.3,0.183474999626993,1.54167497036478,0.317861116003354,3.12057239063202
1013.4,0.183474999627867,1.54167497042488,0.317861116002559,3.12057239062878
1013.5,0.18347499962874,1.54167497048485,0.317861116001766,3.12057239062554
1013.6,0.183474999629611,1.54167497054471,0.317861116000975,3.12057239062232
1013.7,0.18347499963048,1.54167497060444,0.317861116000185,3.1205723906191
1013.8,0.183474999631346,1.54167497066406,0.317861115999397,3.12057239061589
1013.9,0.183474999632211,1.54167497072355,0.317861115998612,3.12057239061268
1014,0.183474999633073,1.54167497078292,0.317861115997828,3.12057239060949
1014.1,0.183474999633934,1.54167497084217,0.317861115997046,3.1205723906063
1014.2,0.183474999634792,1.54167497090131,0.317861115996266,3.12057239060312
1014.3,0.183474999635649,1.54167497096032,0.317861115995488,3.12057239059995
1014.4,0.183474999636503,1.54167497101921,0.317861115994711,3.12057239059678
1014.5,0.183474999637356,1.54167497107798,0.317861115993937,3.12057239059362
1014.6,0.183474999638206,1.54167497113664,0.317861115993164,3.12057239059047
1014.7,0.183474999639055,1.54167497119517,0.317861115992393,3.12057239058733
1014.8,0.183474999639901,1.54167497125359,0.317861115991624,3.12057239058419
1014.9,0.183474999640746,1.54167497131189,0.317861115990856,3.12057239058106
1015,0.183474999641589,1.54167497137007,0.31786111599009,3.12057239057794
1015.1,0.183474999642429,1.54167497142813,0.317861115989327,3.12057239057483
1015.2,0.183474999643268,1.54167497148607,0.317861115988564,3.12057239057172
1015.3,0.183474999644104,1.5416749715439,0.317861115987804,3.12057239056862
1015.4,0.183474999644939,1.54167497160161,0.317861115987046,3.12057239056552
1015.5,0.183474999645772,1.5416749716592,0.317861115986289,3.12057239056244
1015.6,0.183474999646603,1.54167497171668,0.317861115985534,3.12057239055936
1015.7,0.183474999647431,1.54167497177404,0.317861115984781,3.12057239055629
1015.8,0.183474999648258,1.54167497183128,0.31786111598403,3.12057239055323
1015.9,0.183474999649083,1.54167497188841,0.31786111598328,3.12057239055017
1016,0.183474999649906,1.54167497194542,0.317861115982532,3.12057239054712
1016.1,0.183474999650727,1.54167497200232,0.317861115981786,3.12057239054408
1016.2,0.183474999651546,1.5416749720591,0.317861115981042,3.12057239054104
1016.3,0.183474999652363,1.54167497211576,0.317861115980299,3.12057239053802
1016.4,0.183474999653179,1.54167497217231,0.317861115979558,3.12057239053499
1016.5,0.183474999653992,1.54167497222875,0.31786111597882,3.12057239053198
1016.6,0.183474999654803,1.54167497228507,0.317861115978082,3.12057239052898
1016.7,0.183474999655613,1.54167497234128,0.317861115977346,3.12057239052597
1016.8,0.183474999656421,1.54167497239737,0.317861115976612,3.12057239052298
1016.9,0.183474999657227,1.54167497245335,0.31786111597588,3.12057239052
1017,0.18347499965803,1.54167497250922,0.31786111597515,3.12057239051702
1017.1,0.183474999658833,1.54167497256498,0.317861115974421,3.12057239051405
1017.2,0.183474999659633,1.54167497262061,0.317861115973694,3.12057239051108
1017.3,0.183474999660431,1.54167497267614,0.317861115972968,3.12057239050813
1017.4,0.183474999661227,1.54167497273156,0.317861115972245,3.12057239050517
1017.5,0.183474999662022,1.54167497278686,0.317861115971523,3.12057239050223
1017.6,0.183474999662814,1.54167497284205,0.317861115970803,3.12057239049929
1017.7,0.183474999663605,1.54167497289713,0.317861115970084,3.12057239049636
1017.8,0.183474999664394,1.5416749729521,0.317861115969367,3.12057239049344
1017.9,0.183474999665181,1.54167497300695,0.317861115968652,3.12057239049052
1018,0.183474999665967,1.5416749730617,0.317861115967938,3.12057239048761
1018.1,0.18347499966675,1.54167497311633,0.317861115967226,3.12057239048471
1018.2,0.183474999667532,1.54167497317086,0.317861115966516,3.12057239048182
1018.3,0.183474999668311,1.54167497322527,0.317861115965807,3.12057239047893
1018.4,0.183474999669089,1.54167497327958,0.3178611159651,3.12057239047604
1018.5,0.183474999669865,1.54167497333377,0.317861115964395,3.12057239047317
1018.6,0.183474999670639,1.54167497338785,0.317861115963692,3.1205723904703
1018.7,0.183474999671412,1.54167497344182,0.31786111596299,3.12057239046744
1018.8,0.183474999672183,1.54167497349569,0.31786111596229,3.12057239046458
1018.9,0.183474999672951,1.54167497354944,0.317861115961591,3.12057239046174
1019,0.183474999673718,1.54167497360309,0.317861115960894,3.12057239045889
1019.1,0.183474999674484,1.54167497365663,0.317861115960199,3.12057239045605
1019.2,0.183474999675247,1.54167497371006,0.317861115959505,3.12057239045323
1019.3,0.183474999676009,1.54167497376338,0.317861115958812,3.12057239045041
1019.4,0.183474999676769,1.54167497381659,0.317861115958122,3.12057239044759
1019.5,0.183474999677527,1.54167497386969,0.317861115957433,3.12057239044478
1019.6,0.183474999678283,1.54167497392269,0.317861115956746,3.12057239044198
1019.7,0.183474999679038,1.54167497397558,0.31786111595606,3.12057239043918
1019.8,0.18347499967979,1.54167497402836,0.317861115955376,3.12057239043639
1019.9,0.183474999680541,1.54167497408104,0.317861115954694,3.12057239043361
1020,0.18347499968129,1.5416749741336,0.317861115954013,3.12057239043083
1020.1,0.183474999682038,1.54167497418607,0.317861115953334,3.12057239042806
1020.2,0.183474999682784,1.54167497423842,0.317861115952656,3.1205723904253
1020.3,0.183474999683528,1.54167497429067,0.31786111595198,3.12057239042255
1020.4,0.18347499968427,1.54167497434281,0.317861115951306,3.1205723904198
1020.5,0.18347499968501,1.54167497439485,0.317861115950633,3.12057239041705
1020.6,0.183474999685749,1.54167497444678,0.317861115949962,3.12057239041432
1020.7,0.183474999686486,1.54167497449861,0.317861115949292,3.12057239041158
1020.8,0.183474999687221,1.54167497455033,0.317861115948624,3.12057239040886
1020.9,0.183474999687955,1.54167497460195,0.317861115947957,3.12057239040614
1021,0.183474999688686,1.54167497465346,0.317861115947292,3.12057239040343
1021.1,0.183474999689417,1.54167497470487,0.317861115946629,3.12057239040072
1021.2,0.183474999690145,1.54167497475617,0.317861115945967,3.12057239039803
1021.3,0.183474999690872,1.54167497480738,0.317861115945307,3.12057239039533
1021.4,0.183474999691597,1.54167497485847,0.317861115944647,3.12057239039265
1021.5,0.18347499969232,1.54167497490947,0.31786111594399,3.12057239038997
1021.6,0.183474999693041,1.54167497496036,0.317861115943334,3.12057239038729
1021.7,0.183474999693761,1.54167497501114,0.317861115942681,3.12057239038463
1021.8,0.18347499969448,1.54167497506182,0.317861115942028,3.12057239038196
1021.9,0.183474999695196,1.54167497511241,0.317861115941377,3.12057239037931
1022,0.183474999695911,1.54167497516288,0.317861115940727,3.12057239037666
1022.1,0.183474999696624,1.54167497521326,0.317861115940079,3.12057239037402
1022.2,0.183474999697335,1.54167497526353,0.317861115939433,3.12057239037138
1022.3,0.183474999698045,1.54167497531371,0.317861115938788,3.12057239036875
1022.4,0.183474999698753,1.54167497536378,0.317861115938144,3.12057239036613
1022.5,0.18347499969946,1.54167497541374,0.317861115937502,3.12057239036351
1022.6,0.183474999700165,1.54167497546361,0.317861115936862,3.1205723903609
1022.7,0.183474999700868,1.54167497551338,0.317861115936223,3.12057239035829
1022.8,0.183474999701569,1.54167497556304,0.317861115935586,3.1205723903557
1022.9,0.183474999702269,1.54167497561261,0.31786111593495,3.1205723903531
1023,0.183474999702967,1.54167497566207,0.317861115934315,3.12057239035052
1023.1,0.183474999703664,1.54167497571144,0.317861115933682,3.12057239034794
1023.2,0.183474999704359,1.5416749757607,0.317861115933051,3.12057239034536
1023.3,0.183474999705052,1.54167497580987,0.317861115932421,3.12057239034279
1023.4,0.183474999705744,1.54167497585893,0.317861115931792,3.12057239034023
1023.5,0.183474999706434,1.5416749759079,0.317861115931165,3.12057239033767
1023.6,0.183474999707122,1.54167497595676,0.31786111593054,3.12057239033512
1023.7,0.183474999707809,1.54167497600553,0.317861115929915,3.12057239033258
1023.8,0.183474999708494,1.5416749760542,0.317861115929293,3.12057239033004
1023.9,0.183474999709178,1.54167497610277,0.317861115928672,3.12057239032751
1024,0.18347499970986,1.54167497615124,0.317861115928052,3.12057239032497
1024.1,0.18347499971054,1.54167497619961,0.317861115927434,3.12057239032246
1024.2,0.183474999711219,1.54167497624789,0.317861115926817,3.12057239031994
1024.3,0.183474999711896,1.54167497629606,0.317861115926201,3.12057239031743
1024.4,0.183474999712572,1.54167497634414,0.317861115925587,3.12057239031493
1024.5,0.183474999713246,1.54167497639212,0.317861115924975,3.12057239031243
1024.6,0.183474999713919,1.54167497644001,0.317861115924364,3.12057239030994
1024.7,0.18347499971459,1.5416749764878,0.317861115923754,3.12057239030745
1024.8,0.183474999715259,1.54167497653549,0.317861115923146,3.12057239030497
1024.9,0.183474999715927,1.54167497658308,0.317861115922539,3.1205723903025
1025,0.183474999716593,1.54167497663058,0.317861115921934,3.12057239030003
1025.1,0.183474999717258,1.54167497667798,0.317861115921329,3.12057239029757
1025.2,0.183474999717921,1.54167497672529,0.317861115920727,3.12057239029511
1025.3,0.183474999718582,1.5416749767725,0.317861115920126,3.12057239029266
1025.4,0.183474999719242,1.54167497681961,0.317861115919526,3.12057239029021
1025.5,0.183474999719901,1.54167497686663,0.317861115918927,3.12057239028777
1025.6,0.183474999720558,1.54167497691355,0.31786111591833,3.12057239028534
1025.7,0.183474999721213,1.54167497696038,0.317861115917735,3.12057239028291
1025.8,0.183474999721867,1.54167497700712,0.31786111591714,3.12057239028049
1025.9,0.183474999722519,1.54167497705376,0.317861115916548,3.12057239027807
1026,0.18347499972317,1.5416749771003,0.317861115915957,3.12057239027566
1026.1,0.183474999723819,1.54167497714675,0.317861115915366,3.12057239027325
1026.2,0.183474999724467,1.54167497719311,0.317861115914778,3.12057239027085
1026.3,0.183474999725113,1.54167497723937,0.317861115914191,3.12057239026846
1026.4,0.183474999725758,1.54167497728554,0.317861115913605,3.12057239026607
1026.5,0.183474999726401,1.54167497733161,0.31786111591302,3.12057239026369
1026.6,0.183474999727043,1.54167497737759,0.317861115912437,3.12057239026131
1026.7,0.183474999727683,1.54167497742348,0.317861115911856,3.12057239025894
1026.8,0.183474999728322,1.54167497746928,0.317861115911275,3.12057239025657
1026.9,0.183474999728959,1.54167497751498,0.317861115910696,3.12057239025421
1027,0.183474999729594,1.54167497756059,0.317861115910119,3.12057239025185
1027.1,0.183474999730229,1.54167497760611,0.317861115909542,3.1205723902495
1027.2,0.183474999730861,1.54167497765153,0.317861115908968,3.12057239024716
1027.3,0.183474999731493,1.54167497769686,0.317861115908394,3.12057239024482
1027.4,0.183474999732122,1.5416749777421,0.317861115907821,3.12057239024249
1027.5,0.183474999732751,1.54167497778725,0.31786111590725,3.12057239024016
1027.6,0.183474999733377,1.54167497783231,0.317861115906681,3.12057239023784
1027.7,0.183474999734002,1.54167497787728,0.317861115906112,3.12057239023552
1027.8,0.183474999734626,1.54167497792215,0.317861115905545,3.12057239023321
1027.9,0.183474999735249,1.54167497796694,0.31786111590498,3.12057239023091
1028,0.18347499973587,1.54167497801163,0.317861115904416,3.1205723902286
1028.1,0.183474999736489,1.54167497805623,0.317861115903853,3.12057239022631
1028.2,0.183474999737107,1.54167497810075,0.317861115903291,3.12057239022402
1028.3,0.183474999737724,1.54167497814517,0.317861115902731,3.12057239022173
1028.4,0.183474999738339,1.5416749781895,0.317861115902172,3.12057239021946
1028.5,0.183474999738953,1.54167497823374,0.317861115901615,3.12057239021718
1028.6,0.183474999739565,1.5416749782779,0.317861115901058,3.12057239021491
1028.7,0.183474999740176,1.54167497832196,0.317861115900503,3.12057239021265
1028.8,0.183474999740785,1.54167497836593,0.317861115899949,3.12057239021039
1028.9,0.183474999741393,1.54167497840982,0.317861115899397,3.12057239020814
1029,0.183474999741999,1.54167497845361,0.317861115898846,3.12057239020589
1029.1,0.183474999742604,1.54167497849732,0.317861115898296,3.12057239020365
1029.2,0.183474999743208,1.54167497854094,0.317861115897747,3.12057239020141
1029.3,0.18347499974381,1.54167497858447,0.3178611158972,3.12057239019918
1029.4,0.183474999744411,1.54167497862791,0.317861115896654,3.12057239019695
1029.5,0.183474999745011,1.54167497867126,0.317861115896109,3.12057239019473
1029.6,0.183474999745609,1.54167497871453,0.317861115895566,3.12057239019251
1029.7,0.183474999746205,1.54167497875771,0.317861115895023,3.12057239019031
1029.8,0.183474999746801,1.5416749788008,0.317861115894483,3.1205723901881
1029.9,0.183474999747395,1.5416749788438,0.317861115893943,3.1205723901859
1030,0.183474999747987,1.54167497888672,0.317861115893405,3.12057239018371
1030.1,0.183474999748578,1.54167497892955,0.317861115892867,3.12057239018152
1030.2,0.183474999749167,1.54167497897229,0.317861115892332,3.12057239017933
1030.3,0.183474999749756,1.54167497901494,0.317861115891797,3.12057239017715
1030.4,0.183474999750343,1.54167497905751,0.317861115891264,3.12057239017498
1030.5,0.183474999750928,1.54167497909999,0.317861115890732,3.12057239017281
1030.6,0.183474999751512,1.54167497914239,0.317861115890201,3.12057239017064
1030.7,0.183474999752095,1.5416749791847,0.317861115889671,3.12057239016848
1030.8,0.183474999752677,1.54167497922693,0.317861115889143,3.12057239016633
1030.9,0.183474999753256,1.54167497926907,0.317861115888616,3.12057239016418
1031,0.183474999753835,1.54167497931112,0.31786111588809,3.12057239016204
1031.1,0.183474999754413,1.54167497935309,0.317861115887566,3.1205723901599
1031.2,0.183474999754988,1.54167497939498,0.317861115887042,3.12057239015776
1031.3,0.183474999755563,1.54167497943677,0.31786111588652,3.12057239015563
1031.4,0.183474999756136,1.54167497947849,0.317861115885999,3.12057239015351
1031.5,0.183474999756708,1.54167497952012,0.317861115885479,3.12057239015139
1031.6,0.183474999757279,1.54167497956166,0.31786111588496,3.12057239014928
1031.7,0.183474999757848,1.54167497960313,0.317861115884443,3.12057239014717
1031.8,0.183474999758416,1.5416749796445,0.317861115883927,3.12057239014506
1031.9,0.183474999758983,1.5416749796858,0.317861115883412,3.12057239014296
1032,0.183474999759548,1.54167497972701,0.317861115882899,3.12057239014087
1032.1,0.183474999760112,1.54167497976813,0.317861115882386,3.12057239013878
1032.2,0.183474999760675,1.54167497980918,0.317861115881874,3.12057239013669
1032.3,0.183474999761236,1.54167497985013,0.317861115881365,3.12057239013461
1032.4,0.183474999761796,1.54167497989101,0.317861115880856,3.12057239013254
1032.5,0.183474999762354,1.5416749799318,0.317861115880348,3.12057239013047
1032.6,0.183474999762912,1.54167497997252,0.317861115879841,3.1205723901284
1032.7,0.183474999763468,1.54167498001314,0.317861115879336,3.12057239012634
1032.8,0.183474999764023,1.54167498005369,0.317861115878832,3.12057239012429
1032.9,0.183474999764576,1.54167498009416,0.317861115878329,3.12057239012224
1033,0.183474999765128,1.54167498013454,0.317861115877827,3.12057239012019
1033.1,0.183474999765679,1.54167498017484,0.317861115877327,3.12057239011815
1033.2,0.183474999766229,1.54167498021506,0.317861115876827,3.12057239011611
1033.3,0.183474999766777,1.54167498025519,0.317861115876329,3.12057239011408
1033.4,0.183474999767324,1.54167498029525,0.317861115875832,3.12057239011205
1033.5,0.18347499976787,1.54167498033522,0.317861115875336,3.12057239011003
1033.6,0.183474999768414,1.54167498037512,0.317861115874842,3.12057239010801
1033.7,0.183474999768957,1.54167498041493,0.317861115874348,3.120572390106
1033.8,0.183474999769499,1.54167498045466,0.317861115873855,3.12057239010399
1033.9,0.18347499977004,1.54167498049431,0.317861115873364,3.12057239010199
1034,0.183474999770579,1.54167498053388,0.317861115872874,3.1205723901
1034.1,0.183474999771117,1.54167498057337,0.317861115872385,3.120572390098
1034.2,0.183474999771654,1.54167498061278,0.317861115871897,3.12057239009601
1034.3,0.18347499977219,1.54167498065211,0.317861115871411,3.12057239009403
1034.4,0.183474999772724,1.54167498069136,0.317861115870925,3.12057239009205
1034.5,0.183474999773257,1.54167498073053,0.317861115870441,3.12057239009007
1034.6,0.183474999773789,1.54167498076962,0.317861115869958,3.1205723900881
1034.7,0.183474999774319,1.54167498080864,0.317861115869475,3.12057239008614
1034.8,0.183474999774848,1.54167498084757,0.317861115868994,3.12057239008417
1034.9,0.183474999775376,1.54167498088642,0.317861115868515,3.12057239008222
1035,0.183474999775903,1.5416749809252,0.317861115868036,3.12057239008027
1035.1,0.183474999776429,1.5416749809639,0.317861115867558,3.12057239007832
1035.2,0.183474999776953,1.54167498100252,0.317861115867082,3.12057239007638
1035.3,0.183474999777476,1.54167498104106,0.317861115866606,3.12057239007444
1035.4,0.183474999777998,1.54167498107952,0.317861115866132,3.1205723900725
1035.5,0.183474999778519,1.54167498111791,0.317861115865658,3.12057239007057
1035.6,0.183474999779038,1.54167498115621,0.317861115865187,3.12057239006865
1035.7,0.183474999779556,1.54167498119444,0.317861115864716,3.12057239006673
1035.8,0.183474999780073,1.5416749812326,0.317861115864246,3.12057239006481
1035.9,0.183474999780589,1.54167498127067,0.317861115863777,3.1205723900629
1036,0.183474999781104,1.54167498130867,0.31786111586331,3.12057239006099
1036.1,0.183474999781617,1.54167498134659,0.317861115862843,3.12057239005909
1036.2,0.183474999782129,1.54167498138443,0.317861115862378,3.12057239005719
1036.3,0.18347499978264,1.5416749814222,0.317861115861913,3.1205723900553
1036.4,0.18347499978315,1.54167498145989,0.31786111586145,3.12057239005341
1036.5,0.183474999783658,1.5416749814975,0.317861115860988,3.12057239005153
1036.6,0.183474999784166,1.54167498153504,0.317861115860527,3.12057239004965
1036.7,0.183474999784672,1.5416749815725,0.317861115860067,3.12057239004777
1036.8,0.183474999785177,1.54167498160988,0.317861115859608,3.1205723900459
1036.9,0.183474999785681,1.54167498164719,0.317861115859151,3.12057239004404
1037,0.183474999786183,1.54167498168442,0.317861115858694,3.12057239004217
1037.1,0.183474999786685,1.54167498172158,0.317861115858238,3.12057239004031
1037.2,0.183474999787185,1.54167498175866,0.317861115857783,3.12057239003846
1037.3,0.183474999787684,1.54167498179567,0.31786111585733,3.12057239003661
1037.4,0.183474999788182,1.54167498183261,0.317861115856877,3.12057239003477
1037.5,0.183474999788679,1.54167498186946,0.317861115856426,3.12057239003293
1037.6,0.183474999789175,1.54167498190625,0.317861115855975,3.12057239003109
1037.7,0.183474999789669,1.54167498194295,0.317861115855527,3.12057239002926
1037.8,0.183474999790163,1.54167498197959,0.317861115855078,3.12057239002743
1037.9,0.183474999790655,1.54167498201615,0.317861115854631,3.12057239002561
1038,0.183474999791146,1.54167498205263,0.317861115854185,3.12057239002379
1038.1,0.183474999791635,1.54167498208905,0.317861115853739,3.12057239002197
1038.2,0.183474999792124,1.54167498212538,0.317861115853296,3.12057239002016
1038.3,0.183474999792611,1.54167498216165,0.317861115852853,3.12057239001836
1038.4,0.183474999793098,1.54167498219784,0.31786111585241,3.12057239001656
1038.5,0.183474999793583,1.54167498223396,0.31786111585197,3.12057239001476
1038.6,0.183474999794067,1.54167498227,0.31786111585153,3.12057239001296
1038.7,0.18347499979455,1.54167498230597,0.317861115851091,3.12057239001117
1038.8,0.183474999795032,1.54167498234187,0.317861115850653,3.12057239000939
1038.9,0.183474999795513,1.5416749823777,0.317861115850216,3.12057239000761
1039,0.183474999795992,1.54167498241345,0.31786111584978,3.12057239000583
1039.1,0.183474999796471,1.54167498244913,0.317861115849345,3.12057239000406
1039.2,0.183474999796948,1.54167498248474,0.317861115848911,3.12057239000228
1039.3,0.183474999797424,1.54167498252028,0.317861115848478,3.12057239000052
1039.4,0.1834749997979,1.54167498255574,0.317861115848047,3.12057238999876
1039.5,0.183474999798374,1.54167498259113,0.317861115847616,3.120572389997
1039.6,0.183474999798847,1.54167498262646,0.317861115847186,3.12057238999525
1039.7,0.183474999799318,1.54167498266171,0.317861115846757,3.1205723899935
1039.8,0.183474999799789,1.54167498269688,0.31786111584633,3.12057238999176
1039.9,0.183474999800258,1.54167498273199,0.317861115845903,3.12057238999002
1040,0.183474999800727,1.54167498276702,0.317861115845477,3.12057238998828
1040.1,0.183474999801194,1.54167498280199,0.317861115845052,3.12057238998655
1040.2,0.18347499980166,1.54167498283688,0.317861115844628,3.12057238998483
1040.3,0.183474999802126,1.5416749828717,0.317861115844206,3.1205723899831
1040.4,0.18347499980259,1.54167498290645,0.317861115843784,3.12057238998138
1040.5,0.183474999803053,1.54167498294113,0.317861115843363,3.12057238997966
1040.6,0.183474999803515,1.54167498297574,0.317861115842944,3.12057238997795
1040.7,0.183474999803975,1.54167498301028,0.317861115842525,3.12057238997624
1040.8,0.183474999804435,1.54167498304475,0.317861115842107,3.12057238997454
1040.9,0.183474999804894,1.54167498307915,0.317861115841691,3.12057238997284
1041,0.183474999805351,1.54167498311348,0.317861115841275,3.12057238997115
1041.1,0.183474999805808,1.54167498314775,0.31786111584086,3.12057238996946
1041.2,0.183474999806263,1.54167498318194,0.317861115840446,3.12057238996777
1041.3,0.183474999806718,1.54167498321606,0.317861115840033,3.12057238996608
1041.4,0.183474999807171,1.54167498325011,0.317861115839621,3.12057238996441
1041.5,0.183474999807623,1.5416749832841,0.31786111583921,3.12057238996273
1041.6,0.183474999808075,1.54167498331801,0.3178611158388,3.12057238996106
1041.7,0.183474999808525,1.54167498335186,0.317861115838391,3.12057238995939
1041.8,0.183474999808974,1.54167498338564,0.317861115837983,3.12057238995773
1041.9,0.183474999809422,1.54167498341935,0.317861115837576,3.12057238995606
1042,0.183474999809869,1.54167498345299,0.31786111583717,3.12057238995441
1042.1,0.183474999810315,1.54167498348656,0.317861115836764,3.12057238995276
1042.2,0.18347499981076,1.54167498352007,0.31786111583636,3.12057238995111
1042.3,0.183474999811203,1.54167498355351,0.317861115835957,3.12057238994946
1042.4,0.183474999811646,1.54167498358688,0.317861115835554,3.12057238994782
1042.5,0.183474999812088,1.54167498362018,0.317861115835152,3.12057238994618
1042.6,0.183474999812529,1.54167498365341,0.317861115834752,3.12057238994455
1042.7,0.183474999812968,1.54167498368658,0.317861115834352,3.12057238994292
1042.8,0.183474999813407,1.54167498371968,0.317861115833954,3.1205723899413
1042.9,0.183474999813845,1.54167498375271,0.317861115833556,3.12057238993968
1043,0.183474999814281,1.54167498378568,0.31786111583316,3.12057238993806
1043.1,0.183474999814717,1.54167498381857,0.317861115832764,3.12057238993644
1043.2,0.183474999815151,1.5416749838514,0.317861115832369,3.12057238993483
1043.3,0.183474999815585,1.54167498388417,0.317861115831975,3.12057238993323
1043.4,0.183474999816017,1.54167498391687,0.317861115831582,3.12057238993163
1043.5,0.183474999816449,1.5416749839495,0.31786111583119,3.12057238993003
1043.6,0.183474999816879,1.54167498398207,0.317861115830799,3.12057238992843
1043.7,0.183474999817309,1.54167498401457,0.317861115830408,3.12057238992684
1043.8,0.183474999817737,1.541674984047,0.317861115830019,3.12057238992525
1043.9,0.183474999818164,1.54167498407937,0.31786111582963,3.12057238992367
1044,0.183474999818591,1.54167498411167,0.317861115829244,3.12057238992209
1044.1,0.183474999819016,1.54167498414391,0.317861115828857,3.12057238992052
1044.2,0.183474999819441,1.54167498417608,0.317861115828471,3.12057238991894
1044.3,0.183474999819864,1.54167498420819,0.317861115828086,3.12057238991737
1044.4,0.183474999820287,1.54167498424023,0.317861115827702,3.12057238991581
1044.5,0.183474999820708,1.54167498427221,0.31786111582732,3.12057238991425
1044.6,0.183474999821129,1.54167498430412,0.317861115826937,3.12057238991269
1044.7,0.183474999821548,1.54167498433596,0.317861115826556,3.12057238991114
1044.8,0.183474999821967,1.54167498436775,0.317861115826176,3.12057238990958
1044.9,0.183474999822384,1.54167498439947,0.317861115825796,3.12057238990803
1045,0.183474999822801,1.54167498443112,0.317861115825417,3.12057238990649
1045.1,0.183474999823216,1.54167498446271,0.31786111582504,3.12057238990495
1045.2,0.183474999823631,1.54167498449424,0.317861115824663,3.12057238990342
1045.3,0.183474999824044,1.5416749845257,0.317861115824287,3.12057238990188
1045.4,0.183474999824457,1.5416749845571,0.317861115823912,3.12057238990035
1045.5,0.183474999824869,1.54167498458843,0.317861115823538,3.12057238989883
1045.6,0.18347499982528,1.5416749846197,0.317861115823165,3.12057238989731
1045.7,0.183474999825689,1.54167498465091,0.317861115822793,3.12057238989579
1045.8,0.183474999826098,1.54167498468205,0.317861115822421,3.12057238989427
1045.9,0.183474999826506,1.54167498471313,0.317861115822051,3.12057238989276
1046,0.183474999826913,1.54167498474415,0.31786111582168,3.12057238989125
1046.1,0.183474999827319,1.54167498477511,0.317861115821312,3.12057238988975
1046.2,0.183474999827723,1.541674984806,0.317861115820944,3.12057238988825
1046.3,0.183474999828128,1.54167498483683,0.317861115820577,3.12057238988675
1046.4,0.183474999828531,1.5416749848676,0.31786111582021,3.12057238988526
1046.5,0.183474999828933,1.5416749848983,0.317861115819845,3.12057238988377
1046.6,0.183474999829334,1.54167498492894,0.31786111581948,3.12057238988228
1046.7,0.183474999829734,1.54167498495952,0.317861115819117,3.1205723898808
1046.8,0.183474999830134,1.54167498499004,0.317861115818753,3.12057238987932
1046.9,0.183474999830532,1.5416749850205,0.317861115818391,3.12057238987784
1047,0.18347499983093,1.54167498505089,0.317861115818031,3.12057238987637
1047.1,0.183474999831326,1.54167498508123,0.31786111581767,3.1205723898749
1047.2,0.183474999831722,1.5416749851115,0.317861115817311,3.12057238987343
1047.3,0.183474999832116,1.54167498514171,0.317861115816952,3.12057238987197
1047.4,0.18347499983251,1.54167498517186,0.317861115816594,3.12057238987051
1047.5,0.183474999832903,1.54167498520195,0.317861115816237,3.12057238986906
1047.6,0.183474999833295,1.54167498523198,0.317861115815881,3.12057238986761
1047.7,0.183474999833686,1.54167498526194,0.317861115815525,3.12057238986616
1047.8,0.183474999834076,1.54167498529185,0.317861115815171,3.12057238986471
1047.9,0.183474999834465,1.54167498532169,0.317861115814817,3.12057238986327
1048,0.183474999834853,1.54167498535148,0.317861115814464,3.12057238986183
1048.1,0.183474999835241,1.5416749853812,0.317861115814112,3.12057238986039
1048.2,0.183474999835627,1.54167498541087,0.317861115813762,3.12057238985896
1048.3,0.183474999836013,1.54167498544047,0.317861115813411,3.12057238985753
1048.4,0.183474999836397,1.54167498547001,0.317861115813062,3.12057238985611
1048.5,0.183474999836781,1.54167498549949,0.317861115812713,3.12057238985469
1048.6,0.183474999837164,1.54167498552892,0.317861115812365,3.12057238985327
1048.7,0.183474999837546,1.54167498555828,0.317861115812018,3.12057238985185
1048.8,0.183474999837927,1.54167498558759,0.317861115811672,3.12057238985044
1048.9,0.183474999838307,1.54167498561683,0.317861115811327,3.12057238984904
1049,0.183474999838686,1.54167498564602,0.317861115810982,3.12057238984763
1049.1,0.183474999839064,1.54167498567514,0.317861115810638,3.12057238984623
1049.2,0.183474999839441,1.54167498570421,0.317861115810295,3.12057238984483
1049.3,0.183474999839818,1.54167498573322,0.317861115809953,3.12057238984343
1049.4,0.183474999840194,1.54167498576217,0.317861115809612,3.12057238984204
1049.5,0.183474999840569,1.54167498579106,0.317861115809271,3.12057238984065
1049.6,0.183474999840943,1.54167498581989,0.317861115808931,3.12057238983927
1049.7,0.183474999841316,1.54167498584867,0.317861115808592,3.12057238983789
1049.8,0.183474999841688,1.54167498587738,0.317861115808254,3.12057238983651
1049.9,0.183474999842059,1.54167498590604,0.317861115807917,3.12057238983513
1050,0.183474999842429,1.54167498593464,0.31786111580758,3.12057238983376
1050.1,0.183474999842799,1.54167498596318,0.317861115807244,3.12057238983239
1050.2,0.183474999843168,1.54167498599167,0.317861115806909,3.12057238983102
1050.3,0.183474999843536,1.54167498602009,0.317861115806575,3.12057238982966
1050.4,0.183474999843903,1.54167498604846,0.317861115806241,3.1205723898283
1050.5,0.183474999844269,1.54167498607677,0.317861115805909,3.12057238982694
1050.6,0.183474999844634,1.54167498610503,0.317861115805577,3.12057238982559
1050.7,0.183474999844998,1.54167498613322,0.317861115805245,3.12057238982424
1050.8,0.183474999845362,1.54167498616136,0.317861115804915,3.12057238982289
1050.9,0.183474999845725,1.54167498618944,0.317861115804586,3.12057238982155
1051,0.183474999846086,1.54167498621747,0.317861115804257,3.12057238982021
1051.1,0.183474999846447,1.54167498624543,0.317861115803929,3.12057238981887
1051.2,0.183474999846807,1.54167498627334,0.317861115803602,3.12057238981754
1051.3,0.183474999847167,1.5416749863012,0.317861115803275,3.12057238981621
1051.4,0.183474999847525,1.54167498632899,0.31786111580295,3.12057238981488
1051.5,0.183474999847883,1.54167498635674,0.317861115802625,3.12057238981355
1051.6,0.183474999848239,1.54167498638442,0.317861115802301,3.12057238981223
1051.7,0.183474999848595,1.54167498641205,0.317861115801978,3.12057238981092
1051.8,0.18347499984895,1.54167498643962,0.317861115801655,3.1205723898096
1051.9,0.183474999849305,1.54167498646714,0.317861115801333,3.12057238980829
1052,0.183474999849658,1.5416749864946,0.317861115801012,3.12057238980698
1052.1,0.18347499985001,1.54167498652201,0.317861115800692,3.12057238980567
1052.2,0.183474999850362,1.54167498654936,0.317861115800372,3.12057238980437
1052.3,0.183474999850713,1.54167498657665,0.317861115800053,3.12057238980307
1052.4,0.183474999851063,1.54167498660389,0.317861115799735,3.12057238980177
1052.5,0.183474999851413,1.54167498663108,0.317861115799417,3.12057238980048
1052.6,0.183474999851761,1.54167498665821,0.317861115799101,3.12057238979919
1052.7,0.183474999852109,1.54167498668528,0.317861115798785,3.1205723897979
1052.8,0.183474999852456,1.5416749867123,0.31786111579847,3.12057238979661
1052.9,0.183474999852802,1.54167498673927,0.317861115798155,3.12057238979533
1053,0.183474999853147,1.54167498676618,0.317861115797841,3.12057238979405
1053.1,0.183474999853491,1.54167498679303,0.317861115797528,3.12057238979277
1053.2,0.183474999853835,1.54167498681983,0.317861115797216,3.1205723897915
1053.3,0.183474999854178,1.54167498684658,0.317861115796905,3.12057238979023
1053.4,0.18347499985452,1.54167498687327,0.317861115796594,3.12057238978896
1053.5,0.183474999854861,1.54167498689991,0.317861115796284,3.1205723897877
1053.6,0.183474999855201,1.54167498692649,0.317861115795974,3.12057238978644
1053.7,0.183474999855541,1.54167498695302,0.317861115795666,3.12057238978518
1053.8,0.18347499985588,1.5416749869795,0.317861115795358,3.12057238978392
1053.9,0.183474999856218,1.54167498700592,0.317861115795051,3.12057238978267
1054,0.183474999856555,1.54167498703229,0.317861115794744,3.12057238978142
1054.1,0.183474999856891,1.54167498705861,0.317861115794439,3.12057238978018
1054.2,0.183474999857227,1.54167498708487,0.317861115794134,3.12057238977893
1054.3,0.183474999857562,1.54167498711108,0.31786111579383,3.12057238977769
1054.4,0.183474999857896,1.54167498713723,0.317861115793526,3.12057238977645
1054.5,0.183474999858229,1.54167498716334,0.317861115793223,3.12057238977522
1054.6,0.183474999858562,1.54167498718939,0.317861115792921,3.12057238977399
1054.7,0.183474999858893,1.54167498721538,0.31786111579262,3.12057238977276
1054.8,0.183474999859224,1.54167498724133,0.317861115792319,3.12057238977153
1054.9,0.183474999859554,1.54167498726722,0.317861115792019,3.12057238977031
1055,0.183474999859884,1.54167498729306,0.317861115791719,3.12057238976909
1055.1,0.183474999860212,1.54167498731885,0.317861115791421,3.12057238976787
1055.2,0.18347499986054,1.54167498734458,0.317861115791123,3.12057238976666
1055.3,0.183474999860867,1.54167498737027,0.317861115790826,3.12057238976545
1055.4,0.183474999861193,1.5416749873959,0.317861115790529,3.12057238976424
1055.5,0.183474999861519,1.54167498742148,0.317861115790233,3.12057238976303
1055.6,0.183474999861844,1.541674987447,0.317861115789938,3.12057238976182
1055.7,0.183474999862168,1.54167498747248,0.317861115789644,3.12057238976063
1055.8,0.183474999862491,1.5416749874979,0.31786111578935,3.12057238975943
1055.9,0.183474999862813,1.54167498752327,0.317861115789057,3.12057238975823
1056,0.183474999863135,1.54167498754859,0.317861115788765,3.12057238975704
1056.1,0.183474999863456,1.54167498757386,0.317861115788473,3.12057238975585
1056.2,0.183474999863776,1.54167498759908,0.317861115788182,3.12057238975466
1056.3,0.183474999864096,1.54167498762425,0.317861115787891,3.12057238975348
1056.4,0.183474999864415,1.54167498764936,0.317861115787602,3.1205723897523
1056.5,0.183474999864732,1.54167498767443,0.317861115787313,3.12057238975112
1056.6,0.18347499986505,1.54167498769944,0.317861115787025,3.12057238974994
1056.7,0.183474999865366,1.5416749877244,0.317861115786737,3.12057238974877
1056.8,0.183474999865682,1.54167498774931,0.31786111578645,3.1205723897476
1056.9,0.183474999865997,1.54167498777418,0.317861115786164,3.12057238974643
1057,0.183474999866311,1.54167498779899,0.317861115785878,3.12057238974527
1057.1,0.183474999866625,1.54167498782375,0.317861115785593,3.12057238974411
1057.2,0.183474999866938,1.54167498784846,0.317861115785309,3.12057238974295
1057.3,0.18347499986725,1.54167498787312,0.317861115785025,3.12057238974179
1057.4,0.183474999867561,1.54167498789773,0.317861115784742,3.12057238974064
1057.5,0.183474999867872,1.54167498792229,0.31786111578446,3.12057238973949
1057.6,0.183474999868182,1.54167498794681,0.317861115784178,3.12057238973834
1057.7,0.183474999868491,1.54167498797127,0.317861115783897,3.12057238973719
1057.8,0.183474999868799,1.54167498799568,0.317861115783617,3.12057238973605
1057.9,0.183474999869107,1.54167498802004,0.317861115783337,3.12057238973491
1058,0.183474999869414,1.54167498804435,0.317861115783058,3.12057238973377
1058.1,0.18347499986972,1.54167498806862,0.31786111578278,3.12057238973264
1058.2,0.183474999870026,1.54167498809283,0.317861115782502,3.12057238973151
1058.3,0.183474999870331,1.541674988117,0.317861115782226,3.12057238973037
1058.4,0.183474999870635,1.54167498814112,0.317861115781949,3.12057238972925
1058.5,0.183474999870938,1.54167498816518,0.317861115781673,3.12057238972813
1058.6,0.183474999871241,1.5416749881892,0.317861115781398,3.120572389727
1058.7,0.183474999871543,1.54167498821317,0.317861115781124,3.12057238972588
1058.8,0.183474999871844,1.54167498823709,0.31786111578085,3.12057238972477
1058.9,0.183474999872145,1.54167498826097,0.317861115780577,3.12057238972366
1059,0.183474999872445,1.54167498828479,0.317861115780304,3.12057238972254
1059.1,0.183474999872744,1.54167498830857,0.317861115780032,3.12057238972143
1059.2,0.183474999873042,1.54167498833229,0.317861115779761,3.12057238972033
1059.3,0.18347499987334,1.54167498835597,0.317861115779491,3.12057238971923
1059.4,0.183474999873637,1.54167498837961,0.317861115779221,3.12057238971813
1059.5,0.183474999873933,1.54167498840319,0.317861115778952,3.12057238971703
1059.6,0.183474999874229,1.54167498842673,0.317861115778683,3.12057238971593
1059.7,0.183474999874524,1.54167498845022,0.317861115778414,3.12057238971484
1059.8,0.183474999874819,1.54167498847366,0.317861115778147,3.12057238971375
1059.9,0.183474999875112,1.54167498849705,0.31786111577788,3.12057238971266
1060,0.183474999875405,1.54167498852039,0.317861115777614,3.12057238971157
1060.1,0.183474999875697,1.54167498854369,0.317861115777348,3.12057238971049
1060.2,0.183474999875989,1.54167498856694,0.317861115777083,3.12057238970941
1060.3,0.18347499987628,1.54167498859015,0.317861115776819,3.12057238970833
1060.4,0.18347499987657,1.5416749886133,0.317861115776555,3.12057238970726
1060.5,0.183474999876859,1.54167498863641,0.317861115776292,3.12057238970619
1060.6,0.183474999877148,1.54167498865947,0.31786111577603,3.12057238970511
1060.7,0.183474999877436,1.54167498868249,0.317861115775768,3.12057238970405
1060.8,0.183474999877724,1.54167498870546,0.317861115775507,3.12057238970298
1060.9,0.183474999878011,1.54167498872838,0.317861115775246,3.12057238970192
1061,0.183474999878297,1.54167498875126,0.317861115774986,3.12057238970086
1061.1,0.183474999878582,1.54167498877409,0.317861115774726,3.1205723896998
1061.2,0.183474999878867,1.54167498879687,0.317861115774468,3.12057238969875
1061.3,0.183474999879151,1.54167498881961,0.31786111577421,3.12057238969769
1061.4,0.183474999879434,1.5416749888423,0.317861115773952,3.12057238969664
1061.5,0.183474999879717,1.54167498886495,0.317861115773695,3.1205723896956
1061.6,0.183474999879999,1.54167498888755,0.317861115773438,3.12057238969455
1061.7,0.183474999880281,1.5416749889101,0.317861115773182,3.1205723896935
1061.8,0.183474999880562,1.54167498893261,0.317861115772927,3.12057238969247
1061.9,0.183474999880842,1.54167498895507,0.317861115772673,3.12057238969143
1062,0.183474999881121,1.54167498897749,0.317861115772419,3.12057238969039
1062.1,0.1834749998814,1.54167498899986,0.317861115772166,3.12057238968936
1062.2,0.183474999881678,1.54167498902219,0.317861115771913,3.12057238968833
1062.3,0.183474999881956,1.54167498904447,0.31786111577166,3.1205723896873
1062.4,0.183474999882233,1.5416749890667,0.317861115771409,3.12057238968627
1062.5,0.183474999882509,1.54167498908889,0.317861115771158,3.12057238968525
1062.6,0.183474999882784,1.54167498911104,0.317861115770908,3.12057238968423
1062.7,0.183474999883059,1.54167498913314,0.317861115770658,3.12057238968321
1062.8,0.183474999883333,1.54167498915519,0.317861115770409,3.12057238968219
1062.9,0.183474999883607,1.5416749891772,0.31786111577016,3.12057238968118
1063,0.18347499988388,1.54167498919917,0.317861115769912,3.12057238968017
1063.1,0.183474999884153,1.54167498922109,0.317861115769665,3.12057238967916
1063.2,0.183474999884424,1.54167498924297,0.317861115769418,3.12057238967816
1063.3,0.183474999884695,1.5416749892648,0.317861115769172,3.12057238967715
1063.4,0.183474999884966,1.54167498928659,0.317861115768926,3.12057238967615
1063.5,0.183474999885235,1.54167498930833,0.31786111576868,3.12057238967515
1063.6,0.183474999885504,1.54167498933003,0.317861115768436,3.12057238967415
1063.7,0.183474999885773,1.54167498935169,0.317861115768192,3.12057238967315
1063.8,0.183474999886041,1.5416749893733,0.317861115767948,3.12057238967216
1063.9,0.183474999886308,1.54167498939487,0.317861115767706,3.12057238967117
1064,0.183474999886575,1.54167498941639,0.317861115767463,3.12057238967018
1064.1,0.183474999886841,1.54167498943787,0.317861115767222,3.1205723896692
1064.2,0.183474999887106,1.54167498945931,0.317861115766981,3.12057238966822
1064.3,0.183474999887371,1.5416749894807,0.31786111576674,3.12057238966724
1064.4,0.183474999887635,1.54167498950205,0.3178611157665,3.12057238966625
1064.5,0.183474999887899,1.54167498952336,0.31786111576626,3.12057238966528
1064.6,0.183474999888161,1.54167498954462,0.317861115766022,3.12057238966431
1064.7,0.183474999888424,1.54167498956584,0.317861115765783,3.12057238966333
1064.8,0.183474999888685,1.54167498958702,0.317861115765546,3.12057238966236
1064.9,0.183474999888946,1.54167498960816,0.317861115765308,3.12057238966139
1065,0.183474999889207,1.54167498962925,0.317861115765072,3.12057238966043
1065.1,0.183474999889466,1.5416749896503,0.317861115764836,3.12057238965947
1065.2,0.183474999889726,1.5416749896713,0.3178611157646,3.12057238965851
1065.3,0.183474999889984,1.54167498969227,0.317861115764365,3.12057238965755
1065.4,0.183474999890242,1.54167498971319,0.317861115764131,3.12057238965659
1065.5,0.1834749998905,1.54167498973407,0.317861115763897,3.12057238965564
1065.6,0.183474999890756,1.5416749897549,0.317861115763664,3.12057238965469
1065.7,0.183474999891013,1.5416749897757,0.317861115763431,3.12057238965374
1065.8,0.183474999891268,1.54167498979645,0.317861115763198,3.12057238965279
1065.9,0.183474999891523,1.54167498981716,0.317861115762967,3.12057238965185
1066,0.183474999891778,1.54167498983783,0.317861115762736,3.12057238965091
1066.1,0.183474999892031,1.54167498985846,0.317861115762505,3.12057238964997
1066.2,0.183474999892285,1.54167498987904,0.317861115762275,3.12057238964903
1066.3,0.183474999892537,1.54167498989958,0.317861115762045,3.12057238964809
1066.4,0.183474999892789,1.54167498992009,0.317861115761816,3.12057238964716
1066.5,0.183474999893041,1.54167498994054,0.317861115761587,3.12057238964622
1066.6,0.183474999893292,1.54167498996096,0.31786111576136,3.12057238964529
1066.7,0.183474999893542,1.54167498998134,0.317861115761132,3.12057238964437
1066.8,0.183474999893792,1.54167499000167,0.317861115760905,3.12057238964344
1066.9,0.183474999894041,1.54167499002197,0.317861115760679,3.12057238964252
1067,0.183474999894289,1.54167499004222,0.317861115760454,3.1205723896416
1067.1,0.183474999894537,1.54167499006243,0.317861115760228,3.12057238964068
1067.2,0.183474999894784,1.5416749900826,0.317861115760003,3.12057238963977
1067.3,0.183474999895031,1.54167499010273,0.317861115759779,3.12057238963885
1067.4,0.183474999895277,1.54167499012282,0.317861115759555,3.12057238963794
1067.5,0.183474999895523,1.54167499014287,0.317861115759333,3.12057238963703
1067.6,0.183474999895768,1.54167499016288,0.31786111575911,3.12057238963612
1067.7,0.183474999896012,1.54167499018284,0.317861115758887,3.12057238963522
1067.8,0.183474999896256,1.54167499020277,0.317861115758666,3.12057238963431
1067.9,0.1834749998965,1.54167499022266,0.317861115758445,3.12057238963341
1068,0.183474999896743,1.5416749902425,0.317861115758224,3.12057238963251
1068.1,0.183474999896985,1.54167499026231,0.317861115758004,3.12057238963161
1068.2,0.183474999897226,1.54167499028207,0.317861115757784,3.12057238963072
1068.3,0.183474999897467,1.5416749903018,0.317861115757565,3.12057238962982
1068.4,0.183474999897708,1.54167499032148,0.317861115757347,3.12057238962893
1068.5,0.183474999897948,1.54167499034113,0.317861115757129,3.12057238962804
1068.6,0.183474999898187,1.54167499036074,0.317861115756911,3.12057238962716
1068.7,0.183474999898426,1.5416749903803,0.317861115756694,3.12057238962627
1068.8,0.183474999898664,1.54167499039983,0.317861115756478,3.12057238962539
1068.9,0.183474999898902,1.54167499041931,0.317861115756262,3.12057238962451
1069,0.183474999899139,1.54167499043876,0.317861115756046,3.12057238962363
1069.1,0.183474999899376,1.54167499045817,0.317861115755832,3.12057238962276
1069.2,0.183474999899611,1.54167499047754,0.317861115755617,3.12057238962188
1069.3,0.183474999899847,1.54167499049687,0.317861115755403,3.12057238962101
1069.4,0.183474999900082,1.54167499051616,0.31786111575519,3.12057238962014
1069.5,0.183474999900316,1.54167499053541,0.317861115754976,3.12057238961927
1069.6,0.18347499990055,1.54167499055462,0.317861115754764,3.1205723896184
1069.7,0.183474999900783,1.54167499057379,0.317861115754552,3.12057238961754
1069.8,0.183474999901016,1.54167499059292,0.317861115754341,3.12057238961668
1069.9,0.183474999901248,1.54167499061202,0.31786111575413,3.12057238961582
1070,0.18347499990148,1.54167499063108,0.317861115753919,3.12057238961496
1070.1,0.183474999901711,1.54167499065009,0.317861115753709,3.1205723896141
1070.2,0.183474999901941,1.54167499066907,0.3178611157535,3.12057238961325
1070.3,0.183474999902171,1.54167499068801,0.317861115753291,3.1205723896124
1070.4,0.183474999902401,1.54167499070691,0.317861115753082,3.12057238961154
1070.5,0.183474999902629,1.54167499072578,0.317861115752874,3.1205723896107
1070.6,0.183474999902858,1.5416749907446,0.317861115752667,3.12057238960985
1070.7,0.183474999903086,1.54167499076339,0.317861115752459,3.12057238960901
1070.8,0.183474999903313,1.54167499078214,0.317861115752253,3.12057238960816
1070.9,0.18347499990354,1.54167499080085,0.317861115752047,3.12057238960732
1071,0.183474999903766,1.54167499081952,0.317861115751842,3.12057238960649
1071.1,0.183474999903992,1.54167499083816,0.317861115751637,3.12057238960565
1071.2,0.183474999904217,1.54167499085676,0.317861115751432,3.12057238960482
1071.3,0.183474999904441,1.54167499087532,0.317861115751228,3.12057238960399
1071.4,0.183474999904665,1.54167499089384,0.317861115751024,3.12057238960315
1071.5,0.183474999904889,1.54167499091232,0.317861115750821,3.12057238960232
1071.6,0.183474999905112,1.54167499093077,0.317861115750618,3.1205723896015
1071.7,0.183474999905335,1.54167499094918,0.317861115750416,3.12057238960068
1071.8,0.183474999905557,1.54167499096755,0.317861115750214,3.12057238959985
1071.9,0.183474999905778,1.54167499098589,0.317861115750013,3.12057238959903
1072,0.183474999905999,1.54167499100418,0.317861115749812,3.12057238959821
1072.1,0.18347499990622,1.54167499102244,0.317861115749612,3.12057238959739
1072.2,0.18347499990644,1.54167499104067,0.317861115749412,3.12057238959658
1072.3,0.183474999906659,1.54167499105885,0.317861115749213,3.12057238959577
1072.4,0.183474999906878,1.541674991077,0.317861115749014,3.12057238959496
1072.5,0.183474999907096,1.54167499109512,0.317861115748815,3.12057238959415
1072.6,0.183474999907314,1.5416749911132,0.317861115748617,3.12057238959334
1072.7,0.183474999907532,1.54167499113123,0.317861115748419,3.12057238959253
1072.8,0.183474999907748,1.54167499114924,0.317861115748222,3.12057238959173
1072.9,0.183474999907965,1.5416749911672,0.317861115748026,3.12057238959093
1073,0.183474999908181,1.54167499118513,0.317861115747829,3.12057238959013
1073.1,0.183474999908396,1.54167499120303,0.317861115747634,3.12057238958933
1073.2,0.183474999908611,1.54167499122088,0.317861115747439,3.12057238958854
1073.3,0.183474999908825,1.5416749912387,0.317861115747244,3.12057238958774
1073.4,0.183474999909039,1.54167499125649,0.31786111574705,3.12057238958695
1073.5,0.183474999909252,1.54167499127424,0.317861115746856,3.12057238958616
1073.6,0.183474999909465,1.54167499129195,0.317861115746663,3.12057238958537
1073.7,0.183474999909677,1.54167499130963,0.31786111574647,3.12057238958458
1073.8,0.183474999909889,1.54167499132727,0.317861115746277,3.1205723895838
1073.9,0.183474999910101,1.54167499134488,0.317861115746085,3.12057238958302
1074,0.183474999910311,1.54167499136245,0.317861115745894,3.12057238958223
1074.1,0.183474999910522,1.54167499137998,0.317861115745703,3.12057238958145
1074.2,0.183474999910732,1.54167499139748,0.317861115745512,3.12057238958068
1074.3,0.183474999910941,1.54167499141494,0.317861115745321,3.1205723895799
1074.4,0.18347499991115,1.54167499143237,0.317861115745132,3.12057238957913
1074.5,0.183474999911358,1.54167499144976,0.317861115744942,3.12057238957835
1074.6,0.183474999911566,1.54167499146712,0.317861115744753,3.12057238957758
1074.7,0.183474999911774,1.54167499148444,0.317861115744565,3.12057238957682
1074.8,0.183474999911981,1.54167499150172,0.317861115744377,3.12057238957605
1074.9,0.183474999912187,1.54167499151897,0.317861115744189,3.12057238957528
1075,0.183474999912393,1.54167499153619,0.317861115744002,3.12057238957452
1075.1,0.183474999912598,1.54167499155337,0.317861115743815,3.12057238957376
1075.2,0.183474999912803,1.54167499157052,0.317861115743629,3.120572389573
1075.3,0.183474999913008,1.54167499158763,0.317861115743443,3.12057238957224
1075.4,0.183474999913212,1.54167499160471,0.317861115743258,3.12057238957149
1075.5,0.183474999913416,1.54167499162175,0.317861115743073,3.12057238957073
1075.6,0.183474999913619,1.54167499163876,0.317861115742888,3.12057238956998
1075.7,0.183474999913821,1.54167499165573,0.317861115742704,3.12057238956923
1075.8,0.183474999914023,1.54167499167267,0.31786111574252,3.12057238956848
1075.9,0.183474999914225,1.54167499168958,0.317861115742337,3.12057238956773
1076,0.183474999914426,1.54167499170645,0.317861115742154,3.12057238956699
1076.1,0.183474999914627,1.54167499172328,0.317861115741972,3.12057238956624
1076.2,0.183474999914827,1.54167499174009,0.31786111574179,3.1205723895655
1076.3,0.183474999915027,1.54167499175685,0.317861115741609,3.12057238956476
1076.4,0.183474999915226,1.54167499177359,0.317861115741427,3.12057238956403
1076.5,0.183474999915425,1.54167499179029,0.317861115741246,3.12057238956329
1076.6,0.183474999915623,1.54167499180695,0.317861115741066,3.12057238956255
1076.7,0.183474999915821,1.54167499182358,0.317861115740886,3.12057238956182
1076.8,0.183474999916019,1.54167499184018,0.317861115740707,3.12057238956109
1076.9,0.183474999916216,1.54167499185675,0.317861115740528,3.12057238956036
1077,0.183474999916412,1.54167499187328,0.317861115740349,3.12057238955963
1077.1,0.183474999916608,1.54167499188978,0.317861115740171,3.1205723895589
1077.2,0.183474999916804,1.54167499190624,0.317861115739993,3.12057238955818
1077.3,0.183474999916999,1.54167499192267,0.317861115739816,3.12057238955745
1077.4,0.183474999917193,1.54167499193907,0.317861115739639,3.12057238955673
1077.5,0.183474999917388,1.54167499195543,0.317861115739462,3.12057238955601
1077.6,0.183474999917581,1.54167499197176,0.317861115739287,3.12057238955529
1077.7,0.183474999917774,1.54167499198806,0.317861115739111,3.12057238955458
1077.8,0.183474999917967,1.54167499200432,0.317861115738936,3.12057238955386
1077.9,0.18347499991816,1.54167499202055,0.317861115738761,3.12057238955315
1078,0.183474999918352,1.54167499203675,0.317861115738586,3.12057238955244
1078.1,0.183474999918543,1.54167499205292,0.317861115738412,3.12057238955173
1078.2,0.183474999918734,1.54167499206905,0.317861115738239,3.12057238955103
1078.3,0.183474999918925,1.54167499208515,0.317861115738065,3.12057238955031
1078.4,0.183474999919115,1.54167499210122,0.317861115737892,3.12057238954961
1078.5,0.183474999919305,1.54167499211726,0.31786111573772,3.12057238954891
1078.6,0.183474999919494,1.54167499213326,0.317861115737548,3.12057238954821
1078.7,0.183474999919683,1.54167499214923,0.317861115737377,3.12057238954751
1078.8,0.183474999919871,1.54167499216517,0.317861115737205,3.12057238954681
1078.9,0.183474999920059,1.54167499218107,0.317861115737034,3.12057238954611
1079,0.183474999920247,1.54167499219695,0.317861115736864,3.12057238954542
1079.1,0.183474999920434,1.54167499221279,0.317861115736694,3.12057238954472
1079.2,0.183474999920621,1.5416749922286,0.317861115736524,3.12057238954403
1079.3,0.183474999920807,1.54167499224437,0.317861115736355,3.12057238954335
1079.4,0.183474999920992,1.54167499226012,0.317861115736186,3.12057238954266
1079.5,0.183474999921178,1.54167499227583,0.317861115736018,3.12057238954197
1079.6,0.183474999921363,1.54167499229151,0.31786111573585,3.12057238954128
1079.7,0.183474999921547,1.54167499230716,0.317861115735683,3.1205723895406
1079.8,0.183474999921731,1.54167499232278,0.317861115735515,3.12057238953992
1079.9,0.183474999921915,1.54167499233836,0.317861115735349,3.12057238953924
1080,0.183474999922098,1.54167499235392,0.317861115735182,3.12057238953856
1080.1,0.183474999922281,1.54167499236944,0.317861115735016,3.12057238953788
1080.2,0.183474999922463,1.54167499238493,0.317861115734851,3.12057238953721
1080.3,0.183474999922645,1.54167499240039,0.317861115734685,3.12057238953653
1080.4,0.183474999922826,1.54167499241582,0.31786111573452,3.12057238953586
1080.5,0.183474999923007,1.54167499243121,0.317861115734356,3.12057238953519
1080.6,0.183474999923188,1.54167499244658,0.317861115734192,3.12057238953452
1080.7,0.183474999923368,1.54167499246191,0.317861115734028,3.12057238953385
1080.8,0.183474999923548,1.54167499247722,0.317861115733865,3.12057238953319
1080.9,0.183474999923727,1.54167499249249,0.317861115733702,3.12057238953252
1081,0.183474999923906,1.54167499250773,0.317861115733539,3.12057238953186
1081.1,0.183474999924084,1.54167499252294,0.317861115733377,3.1205723895312
1081.2,0.183474999924262,1.54167499253812,0.317861115733215,3.12057238953054
1081.3,0.18347499992444,1.54167499255327,0.317861115733054,3.12057238952988
1081.4,0.183474999924617,1.54167499256839,0.317861115732893,3.12057238952922
1081.5,0.183474999924794,1.54167499258348,0.317861115732732,3.12057238952857
1081.6,0.18347499992497,1.54167499259853,0.317861115732572,3.12057238952792
1081.7,0.183474999925146,1.54167499261356,0.317861115732412,3.12057238952726
1081.8,0.183474999925322,1.54167499262856,0.317861115732252,3.12057238952661
1081.9,0.183474999925497,1.54167499264352,0.317861115732093,3.12057238952596
1082,0.183474999925672,1.54167499265846,0.317861115731934,3.12057238952531
1082.1,0.183474999925846,1.54167499267336,0.317861115731776,3.12057238952467
1082.2,0.18347499992602,1.54167499268824,0.317861115731618,3.12057238952403
1082.3,0.183474999926194,1.54167499270308,0.31786111573146,3.12057238952338
1082.4,0.183474999926367,1.54167499271789,0.317861115731303,3.12057238952274
1082.5,0.183474999926539,1.54167499273268,0.317861115731146,3.1205723895221
1082.6,0.183474999926711,1.54167499274743,0.317861115730989,3.12057238952146
1082.7,0.183474999926883,1.54167499276216,0.317861115730833,3.12057238952083
1082.8,0.183474999927055,1.54167499277685,0.317861115730677,3.12057238952019
1082.9,0.183474999927226,1.54167499279152,0.317861115730522,3.12057238951956
1083,0.183474999927397,1.54167499280615,0.317861115730367,3.12057238951893
1083.1,0.183474999927567,1.54167499282076,0.317861115730213,3.12057238951829
1083.2,0.183474999927737,1.54167499283533,0.317861115730058,3.12057238951766
1083.3,0.183474999927906,1.54167499284988,0.317861115729904,3.12057238951704
1083.4,0.183474999928075,1.54167499286439,0.31786111572975,3.12057238951641
1083.5,0.183474999928244,1.54167499287888,0.317861115729597,3.12057238951578
1083.6,0.183474999928412,1.54167499289334,0.317861115729444,3.12057238951516
1083.7,0.18347499992858,1.54167499290777,0.317861115729292,3.12057238951454
1083.8,0.183474999928748,1.54167499292217,0.317861115729139,3.12057238951392
1083.9,0.183474999928915,1.54167499293654,0.317861115728987,3.1205723895133
1084,0.183474999929082,1.54167499295088,0.317861115728836,3.12057238951268
1084.1,0.183474999929248,1.54167499296519,0.317861115728684,3.12057238951207
1084.2,0.183474999929414,1.54167499297948,0.317861115728533,3.12057238951145
1084.3,0.18347499992958,1.54167499299373,0.317861115728383,3.12057238951083
1084.4,0.183474999929745,1.54167499300795,0.317861115728233,3.12057238951022
1084.5,0.18347499992991,1.54167499302215,0.317861115728083,3.12057238950961
1084.6,0.183474999930074,1.54167499303632,0.317861115727933,3.120572389509
1084.7,0.183474999930238,1.54167499305046,0.317861115727784,3.12057238950839
1084.8,0.183474999930402,1.54167499306456,0.317861115727635,3.12057238950779
1084.9,0.183474999930565,1.54167499307864,0.317861115727487,3.12057238950718
1085,0.183474999930728,1.5416749930927,0.31786111572734,3.12057238950658
1085.1,0.18347499993089,1.54167499310672,0.317861115727192,3.12057238950598
1085.2,0.183474999931052,1.54167499312071,0.317861115727045,3.12057238950538
1085.3,0.183474999931214,1.54167499313468,0.317861115726898,3.12057238950478
1085.4,0.183474999931375,1.54167499314862,0.317861115726751,3.12057238950418
1085.5,0.183474999931536,1.54167499316253,0.317861115726605,3.12057238950359
1085.6,0.183474999931696,1.54167499317641,0.317861115726459,3.12057238950299
1085.7,0.183474999931857,1.54167499319026,0.317861115726313,3.1205723895024
1085.8,0.183474999932017,1.54167499320409,0.317861115726168,3.12057238950181
1085.9,0.183474999932176,1.54167499321789,0.317861115726023,3.12057238950121
1086,0.183474999932335,1.54167499323166,0.317861115725879,3.12057238950062
1086.1,0.183474999932494,1.5416749932454,0.317861115725734,3.12057238950004
1086.2,0.183474999932652,1.54167499325911,0.317861115725591,3.12057238949945
1086.3,0.18347499993281,1.5416749932728,0.317861115725447,3.12057238949887
1086.4,0.183474999932968,1.54167499328646,0.317861115725304,3.12057238949828
1086.5,0.183474999933125,1.54167499330009,0.317861115725161,3.1205723894977
1086.6,0.183474999933282,1.54167499331369,0.317861115725019,3.12057238949712
1086.7,0.183474999933438,1.54167499332727,0.317861115724876,3.12057238949654
1086.8,0.183474999933594,1.54167499334081,0.317861115724734,3.12057238949596
1086.9,0.18347499993375,1.54167499335433,0.317861115724593,3.12057238949538
1087,0.183474999933905,1.54167499336783,0.317861115724451,3.1205723894948
1087.1,0.18347499993406,1.54167499338129,0.31786111572431,3.12057238949423
1087.2,0.183474999934215,1.54167499339473,0.31786111572417,3.12057238949366
1087.3,0.183474999934369,1.54167499340814,0.31786111572403,3.12057238949309
1087.4,0.183474999934523,1.54167499342153,0.31786111572389,3.12057238949251
1087.5,0.183474999934677,1.54167499343488,0.31786111572375,3.12057238949195
1087.6,0.18347499993483,1.54167499344821,0.317861115723611,3.12057238949138
1087.7,0.183474999934983,1.54167499346151,0.317861115723472,3.12057238949081
1087.8,0.183474999935135,1.54167499347479,0.317861115723334,3.12057238949025
1087.9,0.183474999935287,1.54167499348804,0.317861115723196,3.12057238948968
1088,0.183474999935439,1.54167499350126,0.317861115723057,3.12057238948912
1088.1,0.183474999935591,1.54167499351445,0.31786111572292,3.12057238948856
1088.2,0.183474999935742,1.54167499352762,0.317861115722783,3.120572389488
1088.3,0.183474999935892,1.54167499354076,0.317861115722646,3.12057238948744
1088.4,0.183474999936043,1.54167499355388,0.317861115722509,3.12057238948688
1088.5,0.183474999936193,1.54167499356696,0.317861115722373,3.12057238948633
1088.6,0.183474999936342,1.54167499358003,0.317861115722237,3.12057238948578
1088.7,0.183474999936491,1.54167499359306,0.317861115722102,3.12057238948522
1088.8,0.18347499993664,1.54167499360607,0.317861115721966,3.12057238948467
1088.9,0.183474999936789,1.54167499361905,0.317861115721831,3.12057238948412
1089,0.183474999936937,1.54167499363201,0.317861115721696,3.12057238948357
1089.1,0.183474999937085,1.54167499364494,0.317861115721562,3.12057238948302
1089.2,0.183474999937233,1.54167499365784,0.317861115721428,3.12057238948248
1089.3,0.18347499993738,1.54167499367072,0.317861115721294,3.12057238948193
1089.4,0.183474999937527,1.54167499368357,0.31786111572116,3.12057238948139
1089.5,0.183474999937673,1.54167499369639,0.317861115721027,3.12057238948084
1089.6,0.183474999937819,1.54167499370919,0.317861115720894,3.1205723894803
1089.7,0.183474999937965,1.54167499372197,0.317861115720762,3.12057238947976
1089.8,0.183474999938111,1.54167499373471,0.317861115720629,3.12057238947922
1089.9,0.183474999938256,1.54167499374743,0.317861115720497,3.12057238947868
1090,0.183474999938401,1.54167499376013,0.317861115720366,3.12057238947814
1090.1,0.183474999938545,1.5416749937728,0.317861115720235,3.12057238947761
1090.2,0.18347499993869,1.54167499378544,0.317861115720103,3.12057238947708
1090.3,0.183474999938833,1.54167499379806,0.317861115719973,3.12057238947654
1090.4,0.183474999938977,1.54167499381065,0.317861115719842,3.12057238947601
1090.5,0.18347499993912,1.54167499382322,0.317861115719712,3.12057238947548
1090.6,0.183474999939263,1.54167499383576,0.317861115719582,3.12057238947495
1090.7,0.183474999939405,1.54167499384828,0.317861115719453,3.12057238947442
1090.8,0.183474999939547,1.54167499386077,0.317861115719324,3.1205723894739
1090.9,0.183474999939689,1.54167499387324,0.317861115719195,3.12057238947337
1091,0.18347499993983,1.54167499388568,0.317861115719066,3.12057238947285
1091.1,0.183474999939972,1.54167499389809,0.317861115718938,3.12057238947233
1091.2,0.183474999940113,1.54167499391048,0.31786111571881,3.1205723894718
1091.3,0.183474999940253,1.54167499392285,0.317861115718682,3.12057238947128
1091.4,0.183474999940393,1.54167499393519,0.317861115718555,3.12057238947076
1091.5,0.183474999940533,1.5416749939475,0.317861115718428,3.12057238947025
1091.6,0.183474999940672,1.54167499395979,0.317861115718302,3.12057238946973
1091.7,0.183474999940811,1.54167499397205,0.317861115718175,3.12057238946921
1091.8,0.18347499994095,1.54167499398429,0.317861115718049,3.1205723894687
1091.9,0.183474999941089,1.5416749939965,0.317861115717923,3.12057238946819
1092,0.183474999941227,1.54167499400869,0.317861115717797,3.12057238946767
1092.1,0.183474999941365,1.54167499402086,0.317861115717672,3.12057238946716
1092.2,0.183474999941502,1.541674994033,0.317861115717548,3.12057238946665
1092.3,0.18347499994164,1.54167499404512,0.317861115717423,3.12057238946615
1092.4,0.183474999941776,1.54167499405721,0.317861115717298,3.12057238946563
1092.5,0.183474999941913,1.54167499406927,0.317861115717174,3.12057238946513
1092.6,0.183474999942049,1.54167499408132,0.31786111571705,3.12057238946462
1092.7,0.183474999942185,1.54167499409333,0.317861115716926,3.12057238946412
1092.8,0.183474999942321,1.54167499410533,0.317861115716804,3.12057238946362
1092.9,0.183474999942456,1.5416749941173,0.31786111571668,3.12057238946312
1093,0.183474999942591,1.54167499412924,0.317861115716558,3.12057238946262
1093.1,0.183474999942725,1.54167499414116,0.317861115716435,3.12057238946212
1093.2,0.18347499994286,1.54167499415306,0.317861115716313,3.12057238946162
1093.3,0.183474999942994,1.54167499416493,0.317861115716192,3.12057238946113
1093.4,0.183474999943128,1.54167499417678,0.31786111571607,3.12057238946063
1093.5,0.183474999943261,1.5416749941886,0.317861115715949,3.12057238946014
1093.6,0.183474999943394,1.5416749942004,0.317861115715828,3.12057238945964
1093.7,0.183474999943527,1.54167499421218,0.317861115715708,3.12057238945915
1093.8,0.183474999943659,1.54167499422393,0.317861115715587,3.12057238945866
1093.9,0.183474999943791,1.54167499423566,0.317861115715467,3.12057238945817
1094,0.183474999943923,1.54167499424737,0.317861115715347,3.12057238945769
1094.1,0.183474999944055,1.54167499425905,0.317861115715227,3.12057238945719
1094.2,0.183474999944186,1.5416749942707,0.317861115715108,3.12057238945671
1094.3,0.183474999944317,1.54167499428234,0.317861115714989,3.12057238945622
1094.4,0.183474999944448,1.54167499429395,0.31786111571487,3.12057238945574
1094.5,0.183474999944578,1.54167499430553,0.317861115714752,3.12057238945526
1094.6,0.183474999944708,1.5416749943171,0.317861115714634,3.12057238945478
1094.7,0.183474999944838,1.54167499432864,0.317861115714516,3.12057238945429
1094.8,0.183474999944967,1.54167499434015,0.317861115714399,3.12057238945382
1094.9,0.183474999945096,1.54167499435165,0.317861115714281,3.12057238945334
1095,0.183474999945225,1.54167499436311,0.317861115714164,3.12057238945286
1095.1,0.183474999945353,1.54167499437456,0.317861115714048,3.12057238945239
1095.2,0.183474999945481,1.54167499438598,0.317861115713931,3.12057238945191
1095.3,0.183474999945609,1.54167499439738,0.317861115713816,3.12057238945144
1095.4,0.183474999945737,1.54167499440876,0.317861115713699,3.12057238945096
1095.5,0.183474999945864,1.54167499442011,0.317861115713584,3.12057238945049
1095.6,0.183474999945991,1.54167499443144,0.317861115713468,3.12057238945002
1095.7,0.183474999946117,1.54167499444275,0.317861115713354,3.12057238944955
1095.8,0.183474999946244,1.54167499445404,0.317861115713239,3.12057238944908
1095.9,0.18347499994637,1.5416749944653,0.317861115713124,3.12057238944862
1096,0.183474999946496,1.54167499447653,0.31786111571301,3.12057238944815
1096.1,0.183474999946621,1.54167499448775,0.317861115712896,3.12057238944769
1096.2,0.183474999946747,1.54167499449894,0.317861115712782,3.12057238944722
1096.3,0.183474999946871,1.54167499451011,0.317861115712669,3.12057238944676
1096.4,0.183474999946996,1.54167499452126,0.317861115712555,3.1205723894463
1096.5,0.18347499994712,1.54167499453239,0.317861115712443,3.12057238944584
1096.6,0.183474999947244,1.54167499454349,0.31786111571233,3.12057238944538
1096.7,0.183474999947368,1.54167499455457,0.317861115712217,3.12057238944492
1096.8,0.183474999947491,1.54167499456563,0.317861115712105,3.12057238944446
1096.9,0.183474999947615,1.54167499457666,0.317861115711993,3.12057238944401
1097,0.183474999947737,1.54167499458767,0.317861115711882,3.12057238944355
1097.1,0.18347499994786,1.54167499459867,0.31786111571177,3.1205723894431
1097.2,0.183474999947982,1.54167499460963,0.317861115711659,3.12057238944264
1097.3,0.183474999948104,1.54167499462058,0.317861115711548,3.12057238944219
1097.4,0.183474999948226,1.5416749946315,0.317861115711438,3.12057238944174
1097.5,0.183474999948347,1.5416749946424,0.317861115711327,3.12057238944129
1097.6,0.183474999948468,1.54167499465328,0.317861115711217,3.12057238944084
1097.7,0.183474999948589,1.54167499466414,0.317861115711107,3.12057238944039
1097.8,0.18347499994871,1.54167499467498,0.317861115710998,3.12057238943995
1097.9,0.18347499994883,1.54167499468579,0.317861115710888,3.1205723894395
1098,0.18347499994895,1.54167499469658,0.31786111571078,3.12057238943906
1098.1,0.18347499994907,1.54167499470735,0.317861115710671,3.12057238943861
1098.2,0.183474999949189,1.54167499471809,0.317861115710562,3.12057238943817
1098.3,0.183474999949308,1.54167499472882,0.317861115710454,3.12057238943773
1098.4,0.183474999949427,1.54167499473952,0.317861115710346,3.12057238943729
1098.5,0.183474999949546,1.54167499475021,0.317861115710238,3.12057238943685
1098.6,0.183474999949664,1.54167499476087,0.31786111571013,3.12057238943641
1098.7,0.183474999949782,1.54167499477151,0.317861115710023,3.12057238943598
1098.8,0.1834749999499,1.54167499478212,0.317861115709916,3.12057238943554
1098.9,0.183474999950018,1.54167499479272,0.317861115709809,3.1205723894351
1099,0.183474999950135,1.54167499480329,0.317861115709703,3.12057238943467
1099.1,0.183474999950252,1.54167499481385,0.317861115709597,3.12057238943424
1099.2,0.183474999950368,1.54167499482438,0.317861115709491,3.1205723894338
1099.3,0.183474999950485,1.54167499483489,0.317861115709385,3.12057238943337
1099.4,0.183474999950601,1.54167499484538,0.317861115709279,3.12057238943294
1099.5,0.183474999950717,1.54167499485584,0.317861115709174,3.12057238943251
1099.6,0.183474999950832,1.54167499486629,0.317861115709069,3.12057238943208
1099.7,0.183474999950948,1.54167499487672,0.317861115708964,3.12057238943166
1099.8,0.183474999951063,1.54167499488712,0.31786111570886,3.12057238943123
1099.9,0.183474999951177,1.5416749948975,0.317861115708756,3.12057238943081
1100,0.183474999951292,1.54167499490786,0.317861115708652,3.12057238943038
1100.1,0.183474999951406,1.5416749949182,0.317861115708548,3.12057238942996
1100.2,0.18347499995152,1.54167499492852,0.317861115708444,3.12057238942954
1100.3,0.183474999951634,1.54167499493882,0.317861115708341,3.12057238942911
1100.4,0.183474999951747,1.5416749949491,0.317861115708238,3.12057238942869
1100.5,0.18347499995186,1.54167499495935,0.317861115708135,3.12057238942828
1100.6,0.183474999951973,1.54167499496959,0.317861115708032,3.12057238942786
1100.7,0.183474999952086,1.54167499497981,0.31786111570793,3.12057238942744
1100.8,0.183474999952198,1.54167499499,0.317861115707828,3.12057238942702
1100.9,0.18347499995231,1.54167499500017,0.317861115707726,3.12057238942661
1101,0.183474999952422,1.54167499501033,0.317861115707625,3.12057238942619
1101.1,0.183474999952534,1.54167499502046,0.317861115707523,3.12057238942578
1101.2,0.183474999952645,1.54167499503057,0.317861115707422,3.12057238942537
1101.3,0.183474999952756,1.54167499504066,0.317861115707321,3.12057238942495
1101.4,0.183474999952867,1.54167499505073,0.31786111570722,3.12057238942455
1101.5,0.183474999952977,1.54167499506078,0.31786111570712,3.12057238942414
1101.6,0.183474999953088,1.54167499507081,0.31786111570702,3.12057238942373
1101.7,0.183474999953198,1.54167499508082,0.31786111570692,3.12057238942332
1101.8,0.183474999953307,1.54167499509081,0.31786111570682,3.12057238942292
1101.9,0.183474999953417,1.54167499510078,0.317861115706721,3.12057238942251
1102,0.183474999953526,1.54167499511073,0.317861115706622,3.1205723894221
1102.1,0.183474999953635,1.54167499512066,0.317861115706522,3.1205723894217
1102.2,0.183474999953744,1.54167499513057,0.317861115706424,3.12057238942129
1102.3,0.183474999953852,1.54167499514046,0.317861115706325,3.12057238942089
1102.4,0.183474999953961,1.54167499515032,0.317861115706227,3.12057238942049
1102.5,0.183474999954069,1.54167499516017,0.317861115706128,3.12057238942009
1102.6,0.183474999954176,1.54167499517,0.31786111570603,3.12057238941969
1102.7,0.183474999954284,1.54167499517981,0.317861115705933,3.12057238941929
1102.8,0.183474999954391,1.5416749951896,0.317861115705835,3.1205723894189
1102.9,0.183474999954498,1.54167499519937,0.317861115705738,3.1205723894185
1103,0.183474999954605,1.54167499520912,0.317861115705641,3.1205723894181
1103.1,0.183474999954711,1.54167499521885,0.317861115705544,3.12057238941771
1103.2,0.183474999954818,1.54167499522856,0.317861115705448,3.12057238941732
1103.3,0.183474999954924,1.54167499523825,0.317861115705351,3.12057238941693
1103.4,0.183474999955029,1.54167499524791,0.317861115705256,3.12057238941653
1103.5,0.183474999955135,1.54167499525756,0.31786111570516,3.12057238941614
1103.6,0.18347499995524,1.5416749952672,0.317861115705064,3.12057238941575
1103.7,0.183474999955345,1.54167499527681,0.317861115704969,3.12057238941537
1103.8,0.18347499995545,1.5416749952864,0.317861115704874,3.12057238941498
1103.9,0.183474999955554,1.54167499529597,0.317861115704779,3.12057238941459
1104,0.183474999955658,1.54167499530552,0.317861115704684,3.1205723894142
1104.1,0.183474999955762,1.54167499531506,0.31786111570459,3.12057238941382
1104.2,0.183474999955866,1.54167499532457,0.317861115704496,3.12057238941343
1104.3,0.183474999955969,1.54167499533407,0.317861115704402,3.12057238941305
1104.4,0.183474999956073,1.54167499534354,0.317861115704308,3.12057238941267
1104.5,0.183474999956176,1.541674995353,0.317861115704214,3.12057238941229
1104.6,0.183474999956278,1.54167499536243,0.317861115704121,3.12057238941191
1104.7,0.183474999956381,1.54167499537185,0.317861115704028,3.12057238941153
1104.8,0.183474999956484,1.54167499538125,0.317861115703934,3.12057238941115
1104.9,0.183474999956586,1.54167499539063,0.317861115703842,3.12057238941077
1105,0.183474999956687,1.54167499539999,0.317861115703749,3.12057238941039
1105.1,0.183474999956789,1.54167499540934,0.317861115703657,3.12057238941001
1105.2,0.18347499995689,1.54167499541866,0.317861115703564,3.12057238940964
1105.3,0.183474999956992,1.54167499542796,0.317861115703472,3.12057238940927
1105.4,0.183474999957092,1.54167499543725,0.317861115703381,3.12057238940889
1105.5,0.183474999957193,1.54167499544651,0.317861115703289,3.12057238940852
1105.6,0.183474999957293,1.54167499545576,0.317861115703198,3.12057238940814
1105.7,0.183474999957393,1.54167499546499,0.317861115703107,3.12057238940778
1105.8,0.183474999957493,1.5416749954742,0.317861115703016,3.12057238940741
1105.9,0.183474999957593,1.54167499548339,0.317861115702926,3.12057238940703
1106,0.183474999957692,1.54167499549256,0.317861115702836,3.12057238940667
1106.1,0.183474999957792,1.54167499550172,0.317861115702745,3.1205723894063
1106.2,0.183474999957891,1.54167499551085,0.317861115702655,3.12057238940593
1106.3,0.183474999957989,1.54167499551997,0.317861115702566,3.12057238940557
1106.4,0.183474999958088,1.54167499552907,0.317861115702476,3.1205723894052
1106.5,0.183474999958186,1.54167499553815,0.317861115702387,3.12057238940484
1106.6,0.183474999958284,1.54167499554721,0.317861115702298,3.12057238940447
1106.7,0.183474999958382,1.54167499555625,0.317861115702209,3.12057238940411
1106.8,0.18347499995848,1.54167499556528,0.31786111570212,3.12057238940375
1106.9,0.183474999958577,1.54167499557428,0.317861115702032,3.12057238940339
1107,0.183474999958674,1.54167499558327,0.317861115701944,3.12057238940303
1107.1,0.183474999958771,1.54167499559224,0.317861115701855,3.12057238940267
1107.2,0.183474999958868,1.54167499560119,0.317861115701768,3.12057238940231
1107.3,0.183474999958964,1.54167499561012,0.31786111570168,3.12057238940195
1107.4,0.183474999959061,1.54167499561904,0.317861115701593,3.1205723894016
1107.5,0.183474999959157,1.54167499562794,0.317861115701505,3.12057238940124
1107.6,0.183474999959252,1.54167499563682,0.317861115701418,3.12057238940089
1107.7,0.183474999959348,1.54167499564568,0.317861115701331,3.12057238940053
1107.8,0.183474999959443,1.54167499565452,0.317861115701245,3.12057238940018
1107.9,0.183474999959539,1.54167499566335,0.317861115701158,3.12057238939983
1108,0.183474999959634,1.54167499567215,0.317861115701072,3.12057238939948
1108.1,0.183474999959728,1.54167499568094,0.317861115700986,3.12057238939912
1108.2,0.183474999959823,1.54167499568971,0.3178611157009,3.12057238939878
1108.3,0.183474999959917,1.54167499569847,0.317861115700814,3.12057238939842
1108.4,0.183474999960011,1.5416749957072,0.317861115700729,3.12057238939808
1108.5,0.183474999960105,1.54167499571592,0.317861115700643,3.12057238939773
1108.6,0.183474999960199,1.54167499572462,0.317861115700558,3.12057238939738
1108.7,0.183474999960292,1.54167499573331,0.317861115700474,3.12057238939704
1108.8,0.183474999960385,1.54167499574197,0.317861115700389,3.12057238939669
1108.9,0.183474999960478,1.54167499575062,0.317861115700305,3.12057238939635
1109,0.183474999960571,1.54167499575925,0.31786111570022,3.120572389396
1109.1,0.183474999960663,1.54167499576786,0.317861115700136,3.12057238939566
1109.2,0.183474999960755,1.54167499577646,0.317861115700052,3.12057238939532
1109.3,0.183474999960848,1.54167499578503,0.317861115699969,3.12057238939498
1109.4,0.183474999960939,1.5416749957936,0.317861115699886,3.12057238939464
1109.5,0.183474999961031,1.54167499580214,0.317861115699802,3.1205723893943
1109.6,0.183474999961122,1.54167499581066,0.317861115699719,3.12057238939396
1109.7,0.183474999961214,1.54167499581917,0.317861115699636,3.12057238939362
1109.8,0.183474999961305,1.54167499582766,0.317861115699553,3.12057238939328
1109.9,0.183474999961395,1.54167499583614,0.317861115699472,3.12057238939295
1110,0.183474999961486,1.54167499584459,0.317861115699389,3.12057238939261
1110.1,0.183474999961576,1.54167499585303,0.317861115699307,3.12057238939228
1110.2,0.183474999961666,1.54167499586146,0.317861115699225,3.12057238939195
1110.3,0.183474999961756,1.54167499586986,0.317861115699143,3.12057238939161
1110.4,0.183474999961846,1.54167499587825,0.317861115699062,3.12057238939128
1110.5,0.183474999961935,1.54167499588662,0.31786111569898,3.12057238939095
1110.6,0.183474999962025,1.54167499589497,0.317861115698899,3.12057238939062
1110.7,0.183474999962114,1.54167499590331,0.317861115698818,3.12057238939029
1110.8,0.183474999962203,1.54167499591163,0.317861115698737,3.12057238938996
1110.9,0.183474999962291,1.54167499591994,0.317861115698657,3.12057238938963
1111,0.18347499996238,1.54167499592822,0.317861115698577,3.1205723893893
1111.1,0.183474999962468,1.54167499593649,0.317861115698496,3.12057238938897
1111.2,0.183474999962556,1.54167499594475,0.317861115698416,3.12057238938865
1111.3,0.183474999962644,1.54167499595298,0.317861115698336,3.12057238938832
1111.4,0.183474999962731,1.5416749959612,0.317861115698257,3.120572389388
1111.5,0.183474999962819,1.5416749959694,0.317861115698177,3.12057238938768
1111.6,0.183474999962906,1.54167499597759,0.317861115698098,3.12057238938735
1111.7,0.183474999962993,1.54167499598576,0.317861115698019,3.12057238938703
1111.8,0.18347499996308,1.54167499599391,0.31786111569794,3.12057238938671
1111.9,0.183474999963166,1.54167499600205,0.317861115697862,3.12057238938639
1112,0.183474999963253,1.54167499601017,0.317861115697783,3.12057238938606
1112.1,0.183474999963339,1.54167499601827,0.317861115697704,3.12057238938574
1112.2,0.183474999963425,1.54167499602636,0.317861115697626,3.12057238938543
1112.3,0.183474999963511,1.54167499603443,0.317861115697549,3.12057238938511
1112.4,0.183474999963596,1.54167499604248,0.317861115697471,3.12057238938479
1112.5,0.183474999963682,1.54167499605052,0.317861115697393,3.12057238938448
1112.6,0.183474999963767,1.54167499605854,0.317861115697316,3.12057238938416
1112.7,0.183474999963852,1.54167499606655,0.317861115697239,3.12057238938385
1112.8,0.183474999963936,1.54167499607454,0.317861115697162,3.12057238938354
1112.9,0.183474999964021,1.54167499608251,0.317861115697085,3.12057238938322
1113,0.183474999964105,1.54167499609046,0.317861115697009,3.12057238938291
1113.1,0.18347499996419,1.5416749960984,0.317861115696932,3.1205723893826
1113.2,0.183474999964274,1.54167499610633,0.317861115696855,3.12057238938228
1113.3,0.183474999964357,1.54167499611424,0.31786111569678,3.12057238938197
1113.4,0.183474999964441,1.54167499612213,0.317861115696703,3.12057238938166
1113.5,0.183474999964524,1.54167499613001,0.317861115696628,3.12057238938136
1113.6,0.183474999964608,1.54167499613787,0.317861115696552,3.12057238938105
1113.7,0.18347499996469,1.54167499614571,0.317861115696477,3.12057238938074
1113.8,0.183474999964773,1.54167499615354,0.317861115696402,3.12057238938043
1113.9,0.183474999964856,1.54167499616135,0.317861115696327,3.12057238938013
1114,0.183474999964938,1.54167499616915,0.317861115696252,3.12057238937982
1114.1,0.18347499996502,1.54167499617693,0.317861115696177,3.12057238937952
1114.2,0.183474999965102,1.54167499618469,0.317861115696102,3.12057238937921
1114.3,0.183474999965184,1.54167499619244,0.317861115696028,3.12057238937891
1114.4,0.183474999965266,1.54167499620018,0.317861115695954,3.12057238937861
1114.5,0.183474999965347,1.54167499620789,0.31786111569588,3.12057238937831
1114.6,0.183474999965429,1.5416749962156,0.317861115695806,3.120572389378
1114.7,0.18347499996551,1.54167499622328,0.317861115695732,3.1205723893777
1114.8,0.183474999965591,1.54167499623095,0.317861115695659,3.1205723893774
1114.9,0.183474999965671,1.54167499623861,0.317861115695585,3.1205723893771
1115,0.183474999965752,1.54167499624625,0.317861115695512,3.1205723893768
1115.1,0.183474999965832,1.54167499625387,0.317861115695439,3.12057238937651
1115.2,0.183474999965912,1.54167499626148,0.317861115695366,3.12057238937621
1115.3,0.183474999965992,1.54167499626907,0.317861115695294,3.12057238937592
1115.4,0.183474999966072,1.54167499627665,0.317861115695222,3.12057238937562
1115.5,0.183474999966151,1.54167499628421,0.317861115695149,3.12057238937533
1115.6,0.183474999966231,1.54167499629176,0.317861115695077,3.12057238937504
1115.7,0.18347499996631,1.54167499629929,0.317861115695005,3.12057238937474
1115.8,0.183474999966389,1.5416749963068,0.317861115694933,3.12057238937444
1115.9,0.183474999966468,1.5416749963143,0.317861115694862,3.12057238937416
1116,0.183474999966546,1.54167499632179,0.317861115694791,3.12057238937386
1116.1,0.183474999966625,1.54167499632926,0.317861115694719,3.12057238937357
1116.2,0.183474999966703,1.54167499633672,0.317861115694648,3.12057238937328
1116.3,0.183474999966781,1.54167499634416,0.317861115694577,3.12057238937299
1116.4,0.183474999966859,1.54167499635158,0.317861115694506,3.1205723893727
1116.5,0.183474999966937,1.54167499635899,0.317861115694436,3.12057238937242
1116.6,0.183474999967014,1.54167499636639,0.317861115694366,3.12057238937213
1116.7,0.183474999967092,1.54167499637377,0.317861115694295,3.12057238937184
1116.8,0.183474999967169,1.54167499638113,0.317861115694225,3.12057238937156
1116.9,0.183474999967246,1.54167499638849,0.317861115694155,3.12057238937127
1117,0.183474999967323,1.54167499639582,0.317861115694085,3.12057238937099
1117.1,0.1834749999674,1.54167499640314,0.317861115694015,3.1205723893707
1117.2,0.183474999967476,1.54167499641045,0.317861115693946,3.12057238937042
1117.3,0.183474999967552,1.54167499641774,0.317861115693876,3.12057238937014
1117.4,0.183474999967629,1.54167499642502,0.317861115693807,3.12057238936985
1117.5,0.183474999967704,1.54167499643228,0.317861115693738,3.12057238936957
1117.6,0.18347499996778,1.54167499643952,0.317861115693669,3.12057238936929
1117.7,0.183474999967856,1.54167499644676,0.317861115693601,3.12057238936901
1117.8,0.183474999967931,1.54167499645397,0.317861115693532,3.12057238936873
1117.9,0.183474999968007,1.54167499646118,0.317861115693464,3.12057238936846
1118,0.183474999968082,1.54167499646836,0.317861115693396,3.12057238936818
1118.1,0.183474999968156,1.54167499647554,0.317861115693328,3.1205723893679
1118.2,0.183474999968231,1.5416749964827,0.31786111569326,3.12057238936762
1118.3,0.183474999968306,1.54167499648984,0.317861115693192,3.12057238936735
1118.4,0.18347499996838,1.54167499649697,0.317861115693125,3.12057238936707
1118.5,0.183474999968454,1.54167499650408,0.317861115693057,3.1205723893668
1118.6,0.183474999968528,1.54167499651119,0.31786111569299,3.12057238936652
1118.7,0.183474999968602,1.54167499651827,0.317861115692923,3.12057238936625
1118.8,0.183474999968676,1.54167499652534,0.317861115692856,3.12057238936597
1118.9,0.183474999968749,1.5416749965324,0.317861115692789,3.1205723893657
1119,0.183474999968822,1.54167499653945,0.317861115692723,3.12057238936543
1119.1,0.183474999968895,1.54167499654647,0.317861115692656,3.12057238936516
1119.2,0.183474999968968,1.54167499655349,0.31786111569259,3.12057238936489
1119.3,0.183474999969041,1.54167499656049,0.317861115692524,3.12057238936462
1119.4,0.183474999969114,1.54167499656748,0.317861115692458,3.12057238936435
1119.5,0.183474999969186,1.54167499657445,0.317861115692392,3.12057238936408
1119.6,0.183474999969258,1.54167499658141,0.317861115692326,3.12057238936382
1119.7,0.18347499996933,1.54167499658835,0.317861115692261,3.12057238936355
1119.8,0.183474999969402,1.54167499659528,0.317861115692195,3.12057238936328
1119.9,0.183474999969474,1.54167499660219,0.31786111569213,3.12057238936301
1120,0.183474999969546,1.5416749966091,0.317861115692065,3.12057238936275
1120.1,0.183474999969617,1.54167499661598,0.317861115692,3.12057238936249
1120.2,0.183474999969688,1.54167499662286,0.317861115691936,3.12057238936222
1120.3,0.183474999969759,1.54167499662972,0.317861115691871,3.12057238936196
1120.4,0.18347499996983,1.54167499663656,0.317861115691807,3.1205723893617
1120.5,0.183474999969901,1.54167499664339,0.317861115691742,3.12057238936144
1120.6,0.183474999969972,1.54167499665021,0.317861115691678,3.12057238936117
1120.7,0.183474999970042,1.54167499665702,0.317861115691614,3.12057238936091
1120.8,0.183474999970112,1.54167499666381,0.31786111569155,3.12057238936065
1120.9,0.183474999970183,1.54167499667058,0.317861115691486,3.12057238936039
1121,0.183474999970252,1.54167499667735,0.317861115691423,3.12057238936013
1121.1,0.183474999970322,1.5416749966841,0.317861115691359,3.12057238935987
1121.2,0.183474999970392,1.54167499669083,0.317861115691296,3.12057238935961
1121.3,0.183474999970461,1.54167499669756,0.317861115691233,3.12057238935936
1121.4,0.183474999970531,1.54167499670426,0.31786111569117,3.1205723893591
1121.5,0.1834749999706,1.54167499671096,0.317861115691107,3.12057238935884
1121.6,0.183474999970669,1.54167499671764,0.317861115691045,3.12057238935859
1121.7,0.183474999970737,1.54167499672431,0.317861115690982,3.12057238935833
1121.8,0.183474999970806,1.54167499673096,0.31786111569092,3.12057238935808
1121.9,0.183474999970874,1.5416749967376,0.317861115690857,3.12057238935783
1122,0.183474999970943,1.54167499674423,0.317861115690795,3.12057238935757
1122.1,0.183474999971011,1.54167499675084,0.317861115690733,3.12057238935732
1122.2,0.183474999971079,1.54167499675744,0.317861115690671,3.12057238935707
1122.3,0.183474999971147,1.54167499676403,0.31786111569061,3.12057238935682
1122.4,0.183474999971214,1.5416749967706,0.317861115690548,3.12057238935656
1122.5,0.183474999971282,1.54167499677716,0.317861115690487,3.12057238935632
1122.6,0.183474999971349,1.54167499678371,0.317861115690425,3.12057238935606
1122.7,0.183474999971416,1.54167499679024,0.317861115690365,3.12057238935582
1122.8,0.183474999971483,1.54167499679676,0.317861115690304,3.12057238935557
1122.9,0.18347499997155,1.54167499680327,0.317861115690243,3.12057238935532
1123,0.183474999971617,1.54167499680976,0.317861115690182,3.12057238935507
1123.1,0.183474999971684,1.54167499681624,0.317861115690121,3.12057238935483
1123.2,0.18347499997175,1.54167499682271,0.317861115690061,3.12057238935458
1123.3,0.183474999971817,1.54167499682917,0.317861115690001,3.12057238935433
1123.4,0.183474999971883,1.54167499683561,0.317861115689941,3.12057238935409
1123.5,0.183474999971949,1.54167499684204,0.317861115689881,3.12057238935384
1123.6,0.183474999972014,1.54167499684845,0.317861115689821,3.1205723893536
1123.7,0.18347499997208,1.54167499685485,0.317861115689762,3.12057238935336
1123.8,0.183474999972146,1.54167499686124,0.317861115689702,3.12057238935312
1123.9,0.183474999972211,1.54167499686762,0.317861115689643,3.12057238935287
1124,0.183474999972276,1.54167499687398,0.317861115689583,3.12057238935263
1124.1,0.183474999972341,1.54167499688033,0.317861115689524,3.12057238935239
1124.2,0.183474999972406,1.54167499688667,0.317861115689465,3.12057238935215
1124.3,0.183474999972471,1.54167499689299,0.317861115689406,3.12057238935191
1124.4,0.183474999972535,1.5416749968993,0.317861115689348,3.12057238935167
1124.5,0.1834749999726,1.5416749969056,0.317861115689289,3.12057238935143
1124.6,0.183474999972664,1.54167499691189,0.317861115689231,3.12057238935119
1124.7,0.183474999972728,1.54167499691816,0.317861115689173,3.12057238935096
1124.8,0.183474999972792,1.54167499692442,0.317861115689114,3.12057238935072
1124.9,0.183474999972856,1.54167499693067,0.317861115689057,3.12057238935048
1125,0.183474999972919,1.5416749969369,0.317861115688999,3.12057238935024
1125.1,0.183474999972983,1.54167499694313,0.317861115688941,3.12057238935001
1125.2,0.183474999973046,1.54167499694933,0.317861115688883,3.12057238934978
1125.3,0.183474999973109,1.54167499695553,0.317861115688826,3.12057238934954
1125.4,0.183474999973172,1.54167499696172,0.317861115688769,3.12057238934931
1125.5,0.183474999973235,1.54167499696789,0.317861115688712,3.12057238934908
1125.6,0.183474999973298,1.54167499697405,0.317861115688654,3.12057238934884
1125.7,0.183474999973361,1.5416749969802,0.317861115688598,3.12057238934861
1125.8,0.183474999973423,1.54167499698633,0.317861115688541,3.12057238934838
1125.9,0.183474999973486,1.54167499699245,0.317861115688484,3.12057238934815
1126,0.183474999973548,1.54167499699856,0.317861115688428,3.12057238934792
1126.1,0.18347499997361,1.54167499700466,0.317861115688371,3.12057238934769
1126.2,0.183474999973672,1.54167499701074,0.317861115688315,3.12057238934746
1126.3,0.183474999973734,1.54167499701681,0.317861115688259,3.12057238934723
1126.4,0.183474999973795,1.54167499702287,0.317861115688203,3.120572389347
1126.5,0.183474999973857,1.54167499702892,0.317861115688147,3.12057238934677
1126.6,0.183474999973918,1.54167499703496,0.317861115688091,3.12057238934655
1126.7,0.183474999973979,1.54167499704098,0.317861115688035,3.12057238934632
1126.8,0.18347499997404,1.54167499704699,0.31786111568798,3.12057238934609
1126.9,0.183474999974101,1.54167499705299,0.317861115687925,3.12057238934587
1127,0.183474999974162,1.54167499705898,0.317861115687869,3.12057238934564
1127.1,0.183474999974222,1.54167499706495,0.317861115687814,3.12057238934542
1127.2,0.183474999974283,1.54167499707091,0.31786111568776,3.1205723893452
1127.3,0.183474999974343,1.54167499707686,0.317861115687705,3.12057238934497
1127.4,0.183474999974403,1.5416749970828,0.31786111568765,3.12057238934475
1127.5,0.183474999974463,1.54167499708873,0.317861115687596,3.12057238934452
1127.6,0.183474999974523,1.54167499709464,0.317861115687541,3.1205723893443
1127.7,0.183474999974583,1.54167499710054,0.317861115687487,3.12057238934408
1127.8,0.183474999974643,1.54167499710643,0.317861115687432,3.12057238934386
1127.9,0.183474999974702,1.54167499711231,0.317861115687379,3.12057238934364
1128,0.183474999974761,1.54167499711817,0.317861115687325,3.12057238934342
1128.1,0.183474999974821,1.54167499712403,0.317861115687271,3.1205723893432
1128.2,0.18347499997488,1.54167499712987,0.317861115687217,3.12057238934298
1128.3,0.183474999974938,1.5416749971357,0.317861115687164,3.12057238934277
1128.4,0.183474999974997,1.54167499714152,0.31786111568711,3.12057238934255
1128.5,0.183474999975056,1.54167499714733,0.317861115687057,3.12057238934233
1128.6,0.183474999975114,1.54167499715312,0.317861115687004,3.12057238934211
1128.7,0.183474999975173,1.5416749971589,0.31786111568695,3.12057238934189
1128.8,0.183474999975231,1.54167499716467,0.317861115686898,3.12057238934168
1128.9,0.183474999975289,1.54167499717044,0.317861115686845,3.12057238934147
1129,0.183474999975347,1.54167499717618,0.317861115686792,3.12057238934125
1129.1,0.183474999975405,1.54167499718192,0.31786111568674,3.12057238934104
1129.2,0.183474999975463,1.54167499718764,0.317861115686687,3.12057238934082
1129.3,0.18347499997552,1.54167499719336,0.317861115686635,3.12057238934061
1129.4,0.183474999975578,1.54167499719906,0.317861115686583,3.1205723893404
1129.5,0.183474999975635,1.54167499720475,0.31786111568653,3.12057238934019
1129.6,0.183474999975692,1.54167499721043,0.317861115686478,3.12057238933997
1129.7,0.183474999975749,1.5416749972161,0.317861115686427,3.12057238933976
1129.8,0.183474999975806,1.54167499722175,0.317861115686375,3.12057238933955
1129.9,0.183474999975863,1.5416749972274,0.317861115686324,3.12057238933934
1130,0.183474999975919,1.54167499723303,0.317861115686272,3.12057238933913
1130.1,0.183474999975976,1.54167499723865,0.31786111568622,3.12057238933892
1130.2,0.183474999976032,1.54167499724426,0.317861115686169,3.12057238933871
1130.3,0.183474999976089,1.54167499724986,0.317861115686118,3.1205723893385
1130.4,0.183474999976145,1.54167499725545,0.317861115686067,3.1205723893383
1130.5,0.183474999976201,1.54167499726102,0.317861115686016,3.12057238933809
1130.6,0.183474999976256,1.54167499726659,0.317861115685966,3.12057238933788
1130.7,0.183474999976312,1.54167499727214,0.317861115685915,3.12057238933767
1130.8,0.183474999976368,1.54167499727768,0.317861115685865,3.12057238933747
1130.9,0.183474999976423,1.54167499728321,0.317861115685814,3.12057238933726
1131,0.183474999976478,1.54167499728873,0.317861115685764,3.12057238933706
1131.1,0.183474999976534,1.54167499729424,0.317861115685714,3.12057238933685
1131.2,0.183474999976589,1.54167499729974,0.317861115685663,3.12057238933665
1131.3,0.183474999976644,1.54167499730522,0.317861115685614,3.12057238933645
1131.4,0.183474999976699,1.5416749973107,0.317861115685563,3.12057238933624
1131.5,0.183474999976753,1.54167499731616,0.317861115685514,3.12057238933604
1131.6,0.183474999976808,1.54167499732161,0.317861115685464,3.12057238933584
1131.7,0.183474999976862,1.54167499732706,0.317861115685414,3.12057238933563
1131.8,0.183474999976917,1.54167499733249,0.317861115685365,3.12057238933543
1131.9,0.183474999976971,1.54167499733791,0.317861115685316,3.12057238933523
1132,0.183474999977025,1.54167499734331,0.317861115685267,3.12057238933504
1132.1,0.183474999977079,1.54167499734871,0.317861115685218,3.12057238933483
1132.2,0.183474999977132,1.5416749973541,0.317861115685169,3.12057238933463
1132.3,0.183474999977186,1.54167499735947,0.31786111568512,3.12057238933443
1132.4,0.18347499997724,1.54167499736484,0.317861115685072,3.12057238933424
1132.5,0.183474999977293,1.54167499737019,0.317861115685023,3.12057238933404
1132.6,0.183474999977346,1.54167499737553,0.317861115684975,3.12057238933384
1132.7,0.183474999977399,1.54167499738087,0.317861115684927,3.12057238933364
1132.8,0.183474999977452,1.54167499738619,0.317861115684879,3.12057238933345
1132.9,0.183474999977505,1.5416749973915,0.31786111568483,3.12057238933325
1133,0.183474999977558,1.5416749973968,0.317861115684783,3.12057238933306
1133.1,0.183474999977611,1.54167499740208,0.317861115684735,3.12057238933286
1133.2,0.183474999977663,1.54167499740736,0.317861115684687,3.12057238933267
1133.3,0.183474999977715,1.54167499741263,0.31786111568464,3.12057238933247
1133.4,0.183474999977768,1.54167499741788,0.317861115684592,3.12057238933228
1133.5,0.18347499997782,1.54167499742313,0.317861115684545,3.12057238933209
1133.6,0.183474999977872,1.54167499742836,0.317861115684498,3.12057238933189
1133.7,0.183474999977924,1.54167499743359,0.31786111568445,3.1205723893317
1133.8,0.183474999977976,1.5416749974388,0.317861115684403,3.12057238933151
1133.9,0.183474999978027,1.54167499744401,0.317861115684356,3.12057238933132
1134,0.183474999978079,1.5416749974492,0.317861115684309,3.12057238933113
1134.1,0.18347499997813,1.54167499745438,0.317861115684263,3.12057238933094
1134.2,0.183474999978182,1.54167499745955,0.317861115684216,3.12057238933075
1134.3,0.183474999978233,1.54167499746472,0.317861115684169,3.12057238933056
1134.4,0.183474999978284,1.54167499746987,0.317861115684123,3.12057238933037
1134.5,0.183474999978335,1.54167499747501,0.317861115684077,3.12057238933018
1134.6,0.183474999978385,1.54167499748014,0.317861115684031,3.12057238932999
1134.7,0.183474999978436,1.54167499748526,0.317861115683985,3.1205723893298
1134.8,0.183474999978487,1.54167499749037,0.317861115683938,3.12057238932961
1134.9,0.183474999978537,1.54167499749546,0.317861115683893,3.12057238932943
1135,0.183474999978588,1.54167499750055,0.317861115683847,3.12057238932924
1135.1,0.183474999978638,1.54167499750563,0.317861115683801,3.12057238932906
1135.2,0.183474999978688,1.5416749975107,0.317861115683756,3.12057238932887
1135.3,0.183474999978738,1.54167499751575,0.317861115683711,3.12057238932869
1135.4,0.183474999978788,1.5416749975208,0.317861115683665,3.1205723893285
1135.5,0.183474999978838,1.54167499752584,0.31786111568362,3.12057238932832
1135.6,0.183474999978887,1.54167499753086,0.317861115683575,3.12057238932813
1135.7,0.183474999978937,1.54167499753588,0.31786111568353,3.12057238932795
1135.8,0.183474999978986,1.54167499754089,0.317861115683485,3.12057238932777
1135.9,0.183474999979035,1.54167499754588,0.31786111568344,3.12057238932758
1136,0.183474999979085,1.54167499755087,0.317861115683396,3.1205723893274
1136.1,0.183474999979134,1.54167499755584,0.317861115683351,3.12057238932722
1136.2,0.183474999979183,1.54167499756081,0.317861115683307,3.12057238932704
1136.3,0.183474999979232,1.54167499756576,0.317861115683262,3.12057238932686
1136.4,0.18347499997928,1.54167499757071,0.317861115683218,3.12057238932668
1136.5,0.183474999979329,1.54167499757565,0.317861115683173,3.1205723893265
1136.6,0.183474999979377,1.54167499758057,0.31786111568313,3.12057238932632
1136.7,0.183474999979426,1.54167499758549,0.317861115683086,3.12057238932614
1136.8,0.183474999979474,1.54167499759039,0.317861115683042,3.12057238932596
1136.9,0.183474999979522,1.54167499759529,0.317861115682998,3.12057238932578
1137,0.18347499997957,1.54167499760017,0.317861115682954,3.1205723893256
1137.1,0.183474999979618,1.54167499760505,0.317861115682911,3.12057238932542
1137.2,0.183474999979666,1.54167499760991,0.317861115682867,3.12057238932525
1137.3,0.183474999979714,1.54167499761477,0.317861115682824,3.12057238932507
1137.4,0.183474999979761,1.54167499761961,0.317861115682781,3.12057238932489
1137.5,0.183474999979809,1.54167499762445,0.317861115682738,3.12057238932472
1137.6,0.183474999979856,1.54167499762927,0.317861115682695,3.12057238932455
1137.7,0.183474999979903,1.54167499763409,0.317861115682652,3.12057238932437
1137.8,0.18347499997995,1.5416749976389,0.317861115682609,3.1205723893242
1137.9,0.183474999979997,1.54167499764369,0.317861115682567,3.12057238932402
1138,0.183474999980044,1.54167499764848,0.317861115682524,3.12057238932385
1138.1,0.183474999980091,1.54167499765326,0.317861115682482,3.12057238932367
1138.2,0.183474999980138,1.54167499765803,0.317861115682439,3.1205723893235
1138.3,0.183474999980184,1.54167499766278,0.317861115682397,3.12057238932333
1138.4,0.183474999980231,1.54167499766753,0.317861115682355,3.12057238932316
1138.5,0.183474999980277,1.54167499767227,0.317861115682313,3.12057238932298
1138.6,0.183474999980323,1.541674997677,0.317861115682271,3.12057238932281
1138.7,0.183474999980369,1.54167499768172,0.317861115682228,3.12057238932264
1138.8,0.183474999980415,1.54167499768643,0.317861115682187,3.12057238932247
1138.9,0.183474999980461,1.54167499769113,0.317861115682145,3.1205723893223
1139,0.183474999980507,1.54167499769582,0.317861115682103,3.12057238932213
1139.1,0.183474999980553,1.5416749977005,0.317861115682062,3.12057238932196
1139.2,0.183474999980598,1.54167499770517,0.31786111568202,3.12057238932179
1139.3,0.183474999980644,1.54167499770984,0.317861115681979,3.12057238932162
1139.4,0.183474999980689,1.54167499771449,0.317861115681938,3.12057238932146
1139.5,0.183474999980735,1.54167499771913,0.317861115681897,3.12057238932129
1139.6,0.18347499998078,1.54167499772377,0.317861115681855,3.12057238932112
1139.7,0.183474999980825,1.54167499772839,0.317861115681814,3.12057238932095
1139.8,0.18347499998087,1.54167499773301,0.317861115681773,3.12057238932079
1139.9,0.183474999980915,1.54167499773761,0.317861115681733,3.12057238932062
1140,0.18347499998096,1.54167499774221,0.317861115681692,3.12057238932046
1140.1,0.183474999981004,1.5416749977468,0.317861115681652,3.12057238932029
1140.2,0.183474999981049,1.54167499775137,0.317861115681611,3.12057238932013
1140.3,0.183474999981093,1.54167499775594,0.317861115681571,3.12057238931996
1140.4,0.183474999981138,1.5416749977605,0.31786111568153,3.1205723893198
1140.5,0.183474999981182,1.54167499776505,0.31786111568149,3.12057238931963
1140.6,0.183474999981226,1.54167499776959,0.31786111568145,3.12057238931947
1140.7,0.18347499998127,1.54167499777412,0.31786111568141,3.1205723893193
1140.8,0.183474999981314,1.54167499777865,0.31786111568137,3.12057238931914
1140.9,0.183474999981358,1.54167499778316,0.31786111568133,3.12057238931898
1141,0.183474999981401,1.54167499778766,0.31786111568129,3.12057238931882
1141.1,0.183474999981445,1.54167499779216,0.317861115681251,3.12057238931866
1141.2,0.183474999981488,1.54167499779665,0.317861115681211,3.12057238931849
1141.3,0.183474999981532,1.54167499780112,0.317861115681172,3.12057238931833
1141.4,0.183474999981575,1.54167499780559,0.317861115681132,3.12057238931817
1141.5,0.183474999981618,1.54167499781005,0.317861115681093,3.12057238931802
1141.6,0.183474999981661,1.5416749978145,0.317861115681054,3.12057238931786
1141.7,0.183474999981704,1.54167499781894,0.317861115681014,3.12057238931769
1141.8,0.183474999981747,1.54167499782337,0.317861115680976,3.12057238931753
1141.9,0.18347499998179,1.54167499782779,0.317861115680937,3.12057238931737
1142,0.183474999981833,1.54167499783221,0.317861115680898,3.12057238931722
1142.1,0.183474999981876,1.54167499783661,0.317861115680859,3.12057238931706
1142.2,0.183474999981918,1.54167499784101,0.31786111568082,3.1205723893169
1142.3,0.183474999981961,1.5416749978454,0.317861115680782,3.12057238931674
1142.4,0.183474999982003,1.54167499784977,0.317861115680744,3.12057238931659
1142.5,0.183474999982045,1.54167499785414,0.317861115680705,3.12057238931643
1142.6,0.183474999982087,1.5416749978585,0.317861115680667,3.12057238931627
1142.7,0.183474999982129,1.54167499786285,0.317861115680629,3.12057238931612
1142.8,0.183474999982171,1.5416749978672,0.317861115680591,3.12057238931597
1142.9,0.183474999982213,1.54167499787153,0.317861115680553,3.12057238931581
1143,0.183474999982255,1.54167499787585,0.317861115680515,3.12057238931566
1143.1,0.183474999982296,1.54167499788017,0.317861115680477,3.1205723893155
1143.2,0.183474999982338,1.54167499788448,0.317861115680439,3.12057238931535
1143.3,0.183474999982379,1.54167499788878,0.317861115680401,3.12057238931519
1143.4,0.18347499998242,1.54167499789307,0.317861115680364,3.12057238931504
1143.5,0.183474999982462,1.54167499789735,0.317861115680327,3.12057238931488
1143.6,0.183474999982503,1.54167499790162,0.317861115680289,3.12057238931473
1143.7,0.183474999982544,1.54167499790589,0.317861115680252,3.12057238931458
1143.8,0.183474999982585,1.54167499791014,0.317861115680215,3.12057238931443
1143.9,0.183474999982626,1.54167499791438,0.317861115680178,3.12057238931428
1144,0.183474999982666,1.54167499791862,0.317861115680141,3.12057238931413
1144.1,0.183474999982707,1.54167499792285,0.317861115680103,3.12057238931398
1144.2,0.183474999982748,1.54167499792707,0.317861115680067,3.12057238931382
1144.3,0.183474999982788,1.54167499793128,0.31786111568003,3.12057238931368
1144.4,0.183474999982828,1.54167499793549,0.317861115679993,3.12057238931353
1144.5,0.183474999982869,1.54167499793968,0.317861115679957,3.12057238931338
1144.6,0.183474999982909,1.54167499794387,0.31786111567992,3.12057238931323
1144.7,0.183474999982949,1.54167499794805,0.317861115679883,3.12057238931308
1144.8,0.183474999982989,1.54167499795222,0.317861115679847,3.12057238931293
1144.9,0.183474999983029,1.54167499795638,0.317861115679811,3.12057238931278
1145,0.183474999983069,1.54167499796053,0.317861115679774,3.12057238931264
1145.1,0.183474999983109,1.54167499796468,0.317861115679738,3.12057238931249
1145.2,0.183474999983148,1.54167499796881,0.317861115679702,3.12057238931234
1145.3,0.183474999983188,1.54167499797294,0.317861115679666,3.1205723893122
1145.4,0.183474999983227,1.54167499797706,0.317861115679631,3.12057238931205
1145.5,0.183474999983267,1.54167499798117,0.317861115679595,3.1205723893119
1145.6,0.183474999983306,1.54167499798527,0.317861115679559,3.12057238931176
1145.7,0.183474999983345,1.54167499798937,0.317861115679524,3.12057238931161
1145.8,0.183474999983384,1.54167499799345,0.317861115679488,3.12057238931147
1145.9,0.183474999983423,1.54167499799753,0.317861115679453,3.12057238931132
1146,0.183474999983462,1.5416749980016,0.317861115679418,3.12057238931118
1146.1,0.183474999983501,1.54167499800566,0.317861115679382,3.12057238931104
1146.2,0.183474999983539,1.54167499800971,0.317861115679347,3.12057238931089
1146.3,0.183474999983578,1.54167499801375,0.317861115679312,3.12057238931075
1146.4,0.183474999983616,1.54167499801779,0.317861115679277,3.12057238931061
1146.5,0.183474999983655,1.54167499802182,0.317861115679242,3.12057238931046
1146.6,0.183474999983693,1.54167499802584,0.317861115679207,3.12057238931032
1146.7,0.183474999983731,1.54167499802985,0.317861115679172,3.12057238931018
1146.8,0.18347499998377,1.54167499803385,0.317861115679138,3.12057238931004
1146.9,0.183474999983808,1.54167499803785,0.317861115679103,3.1205723893099
1147,0.183474999983845,1.54167499804183,0.317861115679069,3.12057238930976
1147.1,0.183474999983883,1.54167499804581,0.317861115679034,3.12057238930962
1147.2,0.183474999983921,1.54167499804978,0.317861115679,3.12057238930948
1147.3,0.183474999983959,1.54167499805374,0.317861115678966,3.12057238930934
1147.4,0.183474999983996,1.5416749980577,0.317861115678932,3.1205723893092
1147.5,0.183474999984034,1.54167499806165,0.317861115678898,3.12057238930906
1147.6,0.183474999984071,1.54167499806558,0.317861115678864,3.12057238930892
1147.7,0.183474999984108,1.54167499806951,0.31786111567883,3.12057238930878
1147.8,0.183474999984146,1.54167499807344,0.317861115678796,3.12057238930865
1147.9,0.183474999984183,1.54167499807735,0.317861115678762,3.12057238930851
1148,0.18347499998422,1.54167499808126,0.317861115678728,3.12057238930837
1148.1,0.183474999984257,1.54167499808516,0.317861115678695,3.12057238930823
1148.2,0.183474999984294,1.54167499808905,0.317861115678662,3.1205723893081
1148.3,0.183474999984331,1.54167499809293,0.317861115678628,3.12057238930796
1148.4,0.183474999984367,1.5416749980968,0.317861115678594,3.12057238930782
1148.5,0.183474999984404,1.54167499810067,0.317861115678562,3.12057238930769
1148.6,0.183474999984441,1.54167499810453,0.317861115678528,3.12057238930755
1148.7,0.183474999984477,1.54167499810838,0.317861115678495,3.12057238930742
1148.8,0.183474999984514,1.54167499811223,0.317861115678462,3.12057238930729
1148.9,0.18347499998455,1.54167499811606,0.317861115678429,3.12057238930715
1149,0.183474999984586,1.54167499811989,0.317861115678396,3.12057238930702
1149.1,0.183474999984622,1.54167499812371,0.317861115678364,3.12057238930688
1149.2,0.183474999984658,1.54167499812752,0.317861115678331,3.12057238930675
1149.3,0.183474999984694,1.54167499813133,0.317861115678298,3.12057238930661
1149.4,0.18347499998473,1.54167499813512,0.317861115678266,3.12057238930648
1149.5,0.183474999984766,1.54167499813891,0.317861115678233,3.12057238930635
1149.6,0.183474999984802,1.54167499814269,0.3178611156782,3.12057238930622
1149.7,0.183474999984837,1.54167499814647,0.317861115678168,3.12057238930608
1149.8,0.183474999984873,1.54167499815024,0.317861115678136,3.12057238930595
1149.9,0.183474999984908,1.541674998154,0.317861115678103,3.12057238930582
1150,0.183474999984944,1.54167499815774,0.317861115678071,3.12057238930569
1150.1,0.183474999984979,1.54167499816149,0.317861115678039,3.12057238930556
1150.2,0.183474999985014,1.54167499816523,0.317861115678007,3.12057238930543
1150.3,0.183474999985049,1.54167499816896,0.317861115677975,3.1205723893053
1150.4,0.183474999985085,1.54167499817268,0.317861115677943,3.12057238930517
1150.5,0.18347499998512,1.54167499817639,0.317861115677911,3.12057238930503
1150.6,0.183474999985155,1.5416749981801,0.317861115677879,3.12057238930491
1150.7,0.183474999985189,1.54167499818379,0.317861115677847,3.12057238930478
1150.8,0.183474999985224,1.54167499818749,0.317861115677816,3.12057238930465
1150.9,0.183474999985259,1.54167499819117,0.317861115677785,3.12057238930452
1151,0.183474999985293,1.54167499819484,0.317861115677753,3.12057238930439
1151.1,0.183474999985328,1.54167499819851,0.317861115677722,3.12057238930427
1151.2,0.183474999985362,1.54167499820217,0.317861115677691,3.12057238930414
1151.3,0.183474999985396,1.54167499820583,0.317861115677659,3.12057238930401
1151.4,0.183474999985431,1.54167499820947,0.317861115677628,3.12057238930388
1151.5,0.183474999985465,1.54167499821311,0.317861115677597,3.12057238930375
1151.6,0.183474999985499,1.54167499821674,0.317861115677566,3.12057238930363
1151.7,0.183474999985533,1.54167499822037,0.317861115677535,3.1205723893035
1151.8,0.183474999985567,1.54167499822398,0.317861115677504,3.12057238930338
1151.9,0.183474999985601,1.54167499822759,0.317861115677473,3.12057238930325
1152,0.183474999985634,1.54167499823119,0.317861115677443,3.12057238930313
1152.1,0.183474999985668,1.54167499823479,0.317861115677412,3.120572389303
1152.2,0.183474999985702,1.54167499823837,0.317861115677381,3.12057238930288
1152.3,0.183474999985735,1.54167499824195,0.317861115677351,3.12057238930275
1152.4,0.183474999985769,1.54167499824553,0.317861115677321,3.12057238930263
1152.5,0.183474999985802,1.54167499824909,0.31786111567729,3.12057238930251
1152.6,0.183474999985835,1.54167499825265,0.31786111567726,3.12057238930238
1152.7,0.183474999985869,1.5416749982562,0.31786111567723,3.12057238930226
1152.8,0.183474999985902,1.54167499825974,0.3178611156772,3.12057238930214
1152.9,0.183474999985935,1.54167499826328,0.31786111567717,3.12057238930201
1153,0.183474999985968,1.54167499826681,0.31786111567714,3.12057238930189
1153.1,0.183474999986001,1.54167499827033,0.31786111567711,3.12057238930177
1153.2,0.183474999986034,1.54167499827384,0.31786111567708,3.12057238930165
1153.3,0.183474999986066,1.54167499827735,0.317861115677051,3.12057238930153
1153.4,0.183474999986099,1.54167499828085,0.317861115677021,3.12057238930141
1153.5,0.183474999986131,1.54167499828434,0.317861115676991,3.12057238930129
1153.6,0.183474999986164,1.54167499828783,0.317861115676962,3.12057238930117
1153.7,0.183474999986196,1.54167499829131,0.317861115676933,3.12057238930105
1153.8,0.183474999986229,1.54167499829478,0.317861115676903,3.12057238930093
1153.9,0.183474999986261,1.54167499829825,0.317861115676874,3.12057238930081
1154,0.183474999986293,1.54167499830171,0.317861115676844,3.12057238930069
1154.1,0.183474999986325,1.54167499830515,0.317861115676815,3.12057238930057
1154.2,0.183474999986357,1.5416749983086,0.317861115676786,3.12057238930045
1154.3,0.183474999986389,1.54167499831203,0.317861115676757,3.12057238930033
1154.4,0.183474999986421,1.54167499831546,0.317861115676729,3.12057238930022
1154.5,0.183474999986453,1.54167499831889,0.317861115676699,3.1205723893001
1154.6,0.183474999986485,1.5416749983223,0.317861115676671,3.12057238929998
1154.7,0.183474999986516,1.54167499832571,0.317861115676642,3.12057238929986
1154.8,0.183474999986548,1.54167499832912,0.317861115676613,3.12057238929975
1154.9,0.183474999986579,1.54167499833251,0.317861115676585,3.12057238929963
1155,0.183474999986611,1.5416749983359,0.317861115676556,3.12057238929951
1155.1,0.183474999986642,1.54167499833928,0.317861115676527,3.12057238929939
1155.2,0.183474999986674,1.54167499834265,0.317861115676499,3.12057238929928
1155.3,0.183474999986705,1.54167499834602,0.317861115676471,3.12057238929916
1155.4,0.183474999986736,1.54167499834938,0.317861115676443,3.12057238929905
1155.5,0.183474999986767,1.54167499835274,0.317861115676414,3.12057238929893
1155.6,0.183474999986798,1.54167499835608,0.317861115676386,3.12057238929882
1155.7,0.183474999986829,1.54167499835943,0.317861115676358,3.1205723892987
1155.8,0.18347499998686,1.54167499836276,0.31786111567633,3.12057238929859
1155.9,0.183474999986891,1.54167499836609,0.317861115676302,3.12057238929847
1156,0.183474999986922,1.54167499836941,0.317861115676274,3.12057238929836
1156.1,0.183474999986952,1.54167499837272,0.317861115676246,3.12057238929825
1156.2,0.183474999986983,1.54167499837603,0.317861115676218,3.12057238929813
1156.3,0.183474999987014,1.54167499837933,0.31786111567619,3.12057238929802
1156.4,0.183474999987044,1.54167499838262,0.317861115676163,3.12057238929791
1156.5,0.183474999987074,1.54167499838591,0.317861115676135,3.1205723892978
1156.6,0.183474999987105,1.54167499838919,0.317861115676107,3.12057238929768
1156.7,0.183474999987135,1.54167499839246,0.31786111567608,3.12057238929757
1156.8,0.183474999987165,1.54167499839573,0.317861115676052,3.12057238929746
1156.9,0.183474999987195,1.54167499839899,0.317861115676025,3.12057238929735
1157,0.183474999987226,1.54167499840224,0.317861115675998,3.12057238929723
1157.1,0.183474999987256,1.54167499840549,0.31786111567597,3.12057238929712
1157.2,0.183474999987285,1.54167499840873,0.317861115675943,3.12057238929701
1157.3,0.183474999987315,1.54167499841196,0.317861115675916,3.1205723892969
1157.4,0.183474999987345,1.54167499841519,0.317861115675889,3.12057238929679
1157.5,0.183474999987375,1.54167499841841,0.317861115675862,3.12057238929668
1157.6,0.183474999987404,1.54167499842163,0.317861115675835,3.12057238929657
1157.7,0.183474999987434,1.54167499842483,0.317861115675808,3.12057238929646
1157.8,0.183474999987463,1.54167499842803,0.317861115675782,3.12057238929635
1157.9,0.183474999987493,1.54167499843123,0.317861115675755,3.12057238929625
1158,0.183474999987522,1.54167499843442,0.317861115675728,3.12057238929613
1158.1,0.183474999987551,1.5416749984376,0.317861115675702,3.12057238929603
1158.2,0.183474999987581,1.54167499844077,0.317861115675675,3.12057238929592
1158.3,0.18347499998761,1.54167499844394,0.317861115675648,3.12057238929581
1158.4,0.183474999987639,1.5416749984471,0.317861115675622,3.1205723892957
1158.5,0.183474999987668,1.54167499845026,0.317861115675595,3.1205723892956
1158.6,0.183474999987697,1.54167499845341,0.317861115675569,3.12057238929549
1158.7,0.183474999987726,1.54167499845655,0.317861115675543,3.12057238929538
1158.8,0.183474999987755,1.54167499845969,0.317861115675517,3.12057238929528
1158.9,0.183474999987783,1.54167499846282,0.31786111567549,3.12057238929517
1159,0.183474999987812,1.54167499846594,0.317861115675464,3.12057238929506
1159.1,0.183474999987841,1.54167499846906,0.317861115675438,3.12057238929496
1159.2,0.183474999987869,1.54167499847217,0.317861115675412,3.12057238929485
1159.3,0.183474999987897,1.54167499847528,0.317861115675387,3.12057238929474
1159.4,0.183474999987926,1.54167499847838,0.317861115675361,3.12057238929464
1159.5,0.183474999987954,1.54167499848147,0.317861115675335,3.12057238929453
1159.6,0.183474999987982,1.54167499848456,0.31786111567531,3.12057238929443
1159.7,0.183474999988011,1.54167499848763,0.317861115675284,3.12057238929432
1159.8,0.183474999988039,1.54167499849071,0.317861115675258,3.12057238929422
1159.9,0.183474999988067,1.54167499849377,0.317861115675233,3.12057238929412
1160,0.183474999988095,1.54167499849683,0.317861115675207,3.12057238929401
1160.1,0.183474999988123,1.54167499849989,0.317861115675182,3.12057238929391
1160.2,0.183474999988151,1.54167499850294,0.317861115675156,3.12057238929381
1160.3,0.183474999988178,1.54167499850598,0.317861115675131,3.1205723892937
1160.4,0.183474999988206,1.54167499850902,0.317861115675106,3.1205723892936
1160.5,0.183474999988234,1.54167499851205,0.317861115675081,3.1205723892935
1160.6,0.183474999988261,1.54167499851507,0.317861115675056,3.1205723892934
1160.7,0.183474999988289,1.54167499851809,0.317861115675031,3.12057238929329
1160.8,0.183474999988316,1.5416749985211,0.317861115675006,3.12057238929319
1160.9,0.183474999988344,1.5416749985241,0.317861115674981,3.12057238929309
1161,0.183474999988371,1.5416749985271,0.317861115674957,3.12057238929299
1161.1,0.183474999988398,1.54167499853009,0.317861115674932,3.12057238929289
1161.2,0.183474999988426,1.54167499853308,0.317861115674907,3.12057238929279
1161.3,0.183474999988453,1.54167499853606,0.317861115674882,3.12057238929269
1161.4,0.18347499998848,1.54167499853904,0.317861115674858,3.12057238929259
1161.5,0.183474999988507,1.541674998542,0.317861115674833,3.12057238929249
1161.6,0.183474999988534,1.54167499854497,0.317861115674809,3.12057238929239
1161.7,0.183474999988561,1.54167499854792,0.317861115674784,3.12057238929229
1161.8,0.183474999988587,1.54167499855087,0.31786111567476,3.12057238929219
1161.9,0.183474999988614,1.54167499855382,0.317861115674736,3.12057238929209
1162,0.183474999988641,1.54167499855676,0.317861115674711,3.12057238929199
1162.1,0.183474999988668,1.54167499855969,0.317861115674687,3.12057238929189
1162.2,0.183474999988694,1.54167499856262,0.317861115674663,3.12057238929179
1162.3,0.183474999988721,1.54167499856554,0.317861115674639,3.1205723892917
1162.4,0.183474999988747,1.54167499856845,0.317861115674615,3.1205723892916
1162.5,0.183474999988773,1.54167499857136,0.317861115674591,3.1205723892915
1162.6,0.1834749999888,1.54167499857426,0.317861115674567,3.1205723892914
1162.7,0.183474999988826,1.54167499857716,0.317861115674544,3.1205723892913
1162.8,0.183474999988852,1.54167499858005,0.31786111567452,3.12057238929121
1162.9,0.183474999988878,1.54167499858294,0.317861115674496,3.12057238929111
1163,0.183474999988904,1.54167499858582,0.317861115674472,3.12057238929101
1163.1,0.18347499998893,1.54167499858869,0.317861115674448,3.12057238929092
1163.2,0.183474999988956,1.54167499859156,0.317861115674425,3.12057238929082
1163.3,0.183474999988982,1.54167499859442,0.317861115674401,3.12057238929073
1163.4,0.183474999989008,1.54167499859728,0.317861115674378,3.12057238929063
1163.5,0.183474999989034,1.54167499860013,0.317861115674354,3.12057238929054
1163.6,0.18347499998906,1.54167499860298,0.317861115674331,3.12057238929044
1163.7,0.183474999989085,1.54167499860581,0.317861115674308,3.12057238929034
1163.8,0.183474999989111,1.54167499860865,0.317861115674284,3.12057238929025
1163.9,0.183474999989136,1.54167499861148,0.317861115674261,3.12057238929015
1164,0.183474999989162,1.5416749986143,0.317861115674238,3.12057238929006
1164.1,0.183474999989187,1.54167499861711,0.317861115674215,3.12057238928997
1164.2,0.183474999989212,1.54167499861992,0.317861115674192,3.12057238928987
1164.3,0.183474999989238,1.54167499862273,0.317861115674169,3.12057238928978
1164.4,0.183474999989263,1.54167499862553,0.317861115674146,3.12057238928969
1164.5,0.183474999989288,1.54167499862832,0.317861115674124,3.12057238928959
1164.6,0.183474999989313,1.54167499863111,0.317861115674101,3.1205723892895
1164.7,0.183474999989338,1.54167499863389,0.317861115674078,3.12057238928941
1164.8,0.183474999989363,1.54167499863666,0.317861115674055,3.12057238928931
1164.9,0.183474999989388,1.54167499863943,0.317861115674032,3.12057238928922
1165,0.183474999989413,1.5416749986422,0.31786111567401,3.12057238928913
1165.1,0.183474999989438,1.54167499864496,0.317861115673987,3.12057238928904
1165.2,0.183474999989462,1.54167499864771,0.317861115673965,3.12057238928895
1165.3,0.183474999989487,1.54167499865046,0.317861115673942,3.12057238928885
1165.4,0.183474999989512,1.54167499865321,0.317861115673919,3.12057238928876
1165.5,0.183474999989536,1.54167499865594,0.317861115673897,3.12057238928867
1165.6,0.183474999989561,1.54167499865867,0.317861115673875,3.12057238928858
1165.7,0.183474999989586,1.5416749986614,0.317861115673853,3.12057238928849
1165.8,0.18347499998961,1.54167499866412,0.31786111567383,3.1205723892884
1165.9,0.183474999989634,1.54167499866684,0.317861115673808,3.12057238928831
1166,0.183474999989659,1.54167499866955,0.317861115673786,3.12057238928822
1166.1,0.183474999989683,1.54167499867225,0.317861115673764,3.12057238928813
1166.2,0.183474999989707,1.54167499867495,0.317861115673742,3.12057238928803
1166.3,0.183474999989731,1.54167499867764,0.31786111567372,3.12057238928795
1166.4,0.183474999989755,1.54167499868033,0.317861115673698,3.12057238928786
1166.5,0.18347499998978,1.54167499868301,0.317861115673676,3.12057238928777
1166.6,0.183474999989804,1.54167499868569,0.317861115673654,3.12057238928768
1166.7,0.183474999989828,1.54167499868836,0.317861115673633,3.12057238928759
1166.8,0.183474999989852,1.54167499869103,0.317861115673611,3.1205723892875
1166.9,0.183474999989875,1.54167499869369,0.317861115673589,3.12057238928742
1167,0.183474999989899,1.54167499869634,0.317861115673568,3.12057238928733
1167.1,0.183474999989923,1.54167499869899,0.317861115673546,3.12057238928724
1167.2,0.183474999989946,1.54167499870164,0.317861115673525,3.12057238928715
1167.3,0.18347499998997,1.54167499870427,0.317861115673503,3.12057238928706
1167.4,0.183474999989993,1.54167499870691,0.317861115673482,3.12057238928698
1167.5,0.183474999990017,1.54167499870954,0.317861115673461,3.12057238928689
1167.6,0.18347499999004,1.54167499871216,0.317861115673439,3.1205723892868
1167.7,0.183474999990064,1.54167499871478,0.317861115673418,3.12057238928672
1167.8,0.183474999990087,1.54167499871739,0.317861115673396,3.12057238928663
1167.9,0.183474999990111,1.54167499872,0.317861115673375,3.12057238928654
1168,0.183474999990134,1.5416749987226,0.317861115673354,3.12057238928645
1168.1,0.183474999990157,1.5416749987252,0.317861115673333,3.12057238928637
1168.2,0.18347499999018,1.54167499872779,0.317861115673312,3.12057238928629
1168.3,0.183474999990203,1.54167499873037,0.317861115673291,3.1205723892862
1168.4,0.183474999990226,1.54167499873295,0.31786111567327,3.12057238928611
1168.5,0.183474999990249,1.54167499873552,0.317861115673249,3.12057238928603
1168.6,0.183474999990272,1.5416749987381,0.317861115673229,3.12057238928594
1168.7,0.183474999990294,1.54167499874066,0.317861115673208,3.12057238928586
1168.8,0.183474999990317,1.54167499874322,0.317861115673187,3.12057238928578
1168.9,0.18347499999034,1.54167499874577,0.317861115673167,3.1205723892857
1169,0.183474999990363,1.54167499874832,0.317861115673146,3.12057238928561
1169.1,0.183474999990385,1.54167499875087,0.317861115673126,3.12057238928552
1169.2,0.183474999990408,1.5416749987534,0.317861115673105,3.12057238928544
1169.3,0.18347499999043,1.54167499875594,0.317861115673085,3.12057238928536
1169.4,0.183474999990453,1.54167499875847,0.317861115673065,3.12057238928528
1169.5,0.183474999990475,1.54167499876099,0.317861115673044,3.12057238928519
1169.6,0.183474999990497,1.54167499876351,0.317861115673024,3.12057238928511
1169.7,0.18347499999052,1.54167499876602,0.317861115673004,3.12057238928503
1169.8,0.183474999990542,1.54167499876853,0.317861115672983,3.12057238928494
1169.9,0.183474999990564,1.54167499877103,0.317861115672963,3.12057238928486
1170,0.183474999990586,1.54167499877353,0.317861115672943,3.12057238928478
1170.1,0.183474999990609,1.54167499877602,0.317861115672923,3.1205723892847
1170.2,0.183474999990631,1.54167499877851,0.317861115672903,3.12057238928461
1170.3,0.183474999990653,1.541674998781,0.317861115672883,3.12057238928454
1170.4,0.183474999990675,1.54167499878347,0.317861115672863,3.12057238928445
1170.5,0.183474999990696,1.54167499878594,0.317861115672843,3.12057238928437
1170.6,0.183474999990718,1.54167499878841,0.317861115672824,3.12057238928429
1170.7,0.18347499999074,1.54167499879087,0.317861115672803,3.12057238928421
1170.8,0.183474999990762,1.54167499879333,0.317861115672784,3.12057238928413
1170.9,0.183474999990783,1.54167499879578,0.317861115672764,3.12057238928405
1171,0.183474999990805,1.54167499879823,0.317861115672745,3.12057238928397
1171.1,0.183474999990826,1.54167499880067,0.317861115672725,3.12057238928389
1171.2,0.183474999990848,1.54167499880311,0.317861115672706,3.12057238928381
1171.3,0.18347499999087,1.54167499880554,0.317861115672686,3.12057238928373
1171.4,0.183474999990891,1.54167499880797,0.317861115672667,3.12057238928365
1171.5,0.183474999990912,1.54167499881039,0.317861115672648,3.12057238928357
1171.6,0.183474999990934,1.54167499881281,0.317861115672628,3.12057238928349
1171.7,0.183474999990955,1.54167499881522,0.317861115672609,3.12057238928342
1171.8,0.183474999990976,1.54167499881763,0.31786111567259,3.12057238928334
1171.9,0.183474999990997,1.54167499882004,0.317861115672571,3.12057238928326
1172,0.183474999991018,1.54167499882243,0.317861115672551,3.12057238928318
1172.1,0.183474999991039,1.54167499882483,0.317861115672532,3.1205723892831
1172.2,0.18347499999106,1.54167499882722,0.317861115672513,3.12057238928303
1172.3,0.183474999991081,1.5416749988296,0.317861115672494,3.12057238928295
1172.4,0.183474999991102,1.54167499883198,0.317861115672475,3.12057238928287
1172.5,0.183474999991123,1.54167499883435,0.317861115672456,3.12057238928279
1172.6,0.183474999991144,1.54167499883672,0.317861115672437,3.12057238928272
1172.7,0.183474999991165,1.54167499883909,0.317861115672418,3.12057238928264
1172.8,0.183474999991185,1.54167499884145,0.317861115672399,3.12057238928256
1172.9,0.183474999991206,1.5416749988438,0.31786111567238,3.12057238928249
1173,0.183474999991227,1.54167499884615,0.317861115672362,3.12057238928241
1173.1,0.183474999991247,1.5416749988485,0.317861115672343,3.12057238928233
1173.2,0.183474999991268,1.54167499885084,0.317861115672324,3.12057238928226
1173.3,0.183474999991288,1.54167499885317,0.317861115672306,3.12057238928218
1173.4,0.183474999991309,1.5416749988555,0.317861115672287,3.1205723892821
1173.5,0.183474999991329,1.54167499885783,0.317861115672269,3.12057238928203
1173.6,0.183474999991349,1.54167499886015,0.31786111567225,3.12057238928196
1173.7,0.18347499999137,1.54167499886247,0.317861115672232,3.12057238928188
1173.8,0.18347499999139,1.54167499886478,0.317861115672213,3.12057238928181
1173.9,0.18347499999141,1.54167499886709,0.317861115672195,3.12057238928173
1174,0.18347499999143,1.54167499886939,0.317861115672177,3.12057238928166
1174.1,0.18347499999145,1.54167499887169,0.317861115672159,3.12057238928158
1174.2,0.18347499999147,1.54167499887398,0.31786111567214,3.12057238928151
1174.3,0.18347499999149,1.54167499887627,0.317861115672123,3.12057238928143
1174.4,0.18347499999151,1.54167499887855,0.317861115672105,3.12057238928136
1174.5,0.18347499999153,1.54167499888083,0.317861115672087,3.12057238928129
1174.6,0.18347499999155,1.54167499888311,0.317861115672068,3.12057238928121
1174.7,0.18347499999157,1.54167499888538,0.31786111567205,3.12057238928114
1174.8,0.183474999991589,1.54167499888764,0.317861115672032,3.12057238928107
1174.9,0.183474999991609,1.5416749988899,0.317861115672014,3.12057238928099
1175,0.183474999991629,1.54167499889216,0.317861115671997,3.12057238928092
1175.1,0.183474999991648,1.54167499889441,0.317861115671979,3.12057238928085
1175.2,0.183474999991668,1.54167499889666,0.317861115671961,3.12057238928077
1175.3,0.183474999991688,1.5416749988989,0.317861115671943,3.1205723892807
1175.4,0.183474999991707,1.54167499890114,0.317861115671926,3.12057238928063
1175.5,0.183474999991727,1.54167499890337,0.317861115671908,3.12057238928056
1175.6,0.183474999991746,1.5416749989056,0.317861115671891,3.12057238928049
1175.7,0.183474999991765,1.54167499890782,0.317861115671873,3.12057238928042
1175.8,0.183474999991784,1.54167499891004,0.317861115671855,3.12057238928035
1175.9,0.183474999991804,1.54167499891226,0.317861115671838,3.12057238928027
1176,0.183474999991823,1.54167499891447,0.317861115671821,3.1205723892802
1176.1,0.183474999991842,1.54167499891668,0.317861115671803,3.12057238928013
1176.2,0.183474999991861,1.54167499891888,0.317861115671786,3.12057238928006
1176.3,0.18347499999188,1.54167499892107,0.317861115671769,3.12057238927999
1176.4,0.183474999991899,1.54167499892327,0.317861115671751,3.12057238927992
1176.5,0.183474999991918,1.54167499892545,0.317861115671734,3.12057238927985
1176.6,0.183474999991937,1.54167499892764,0.317861115671717,3.12057238927978
1176.7,0.183474999991956,1.54167499892982,0.3178611156717,3.12057238927971
1176.8,0.183474999991975,1.54167499893199,0.317861115671683,3.12057238927964
1176.9,0.183474999991993,1.54167499893416,0.317861115671666,3.12057238927957
1177,0.183474999992012,1.54167499893633,0.317861115671649,3.1205723892795
1177.1,0.183474999992031,1.54167499893849,0.317861115671632,3.12057238927943
1177.2,0.18347499999205,1.54167499894065,0.317861115671615,3.12057238927937
1177.3,0.183474999992068,1.5416749989428,0.317861115671598,3.1205723892793
1177.4,0.183474999992087,1.54167499894495,0.317861115671581,3.12057238927922
1177.5,0.183474999992105,1.54167499894709,0.317861115671565,3.12057238927916
1177.6,0.183474999992124,1.54167499894923,0.317861115671548,3.12057238927909
1177.7,0.183474999992142,1.54167499895137,0.317861115671531,3.12057238927902
1177.8,0.18347499999216,1.5416749989535,0.317861115671514,3.12057238927895
1177.9,0.183474999992179,1.54167499895563,0.317861115671498,3.12057238927889
1178,0.183474999992197,1.54167499895775,0.317861115671481,3.12057238927882
1178.1,0.183474999992216,1.54167499895987,0.317861115671464,3.12057238927875
1178.2,0.183474999992234,1.54167499896198,0.317861115671448,3.12057238927868
1178.3,0.183474999992252,1.54167499896409,0.317861115671431,3.12057238927861
1178.4,0.18347499999227,1.5416749989662,0.317861115671415,3.12057238927854
1178.5,0.183474999992288,1.5416749989683,0.317861115671398,3.12057238927848
1178.6,0.183474999992306,1.5416749989704,0.317861115671381,3.12057238927841
1178.7,0.183474999992324,1.54167499897249,0.317861115671365,3.12057238927835
1178.8,0.183474999992342,1.54167499897458,0.317861115671349,3.12057238927828
1178.9,0.18347499999236,1.54167499897666,0.317861115671333,3.12057238927821
1179,0.183474999992378,1.54167499897874,0.317861115671316,3.12057238927815
1179.1,0.183474999992396,1.54167499898082,0.3178611156713,3.12057238927808
1179.2,0.183474999992414,1.54167499898289,0.317861115671284,3.12057238927802
1179.3,0.183474999992432,1.54167499898496,0.317861115671268,3.12057238927795
1179.4,0.183474999992449,1.54167499898702,0.317861115671252,3.12057238927788
1179.5,0.183474999992467,1.54167499898908,0.317861115671235,3.12057238927782
1179.6,0.183474999992485,1.54167499899113,0.317861115671219,3.12057238927775
1179.7,0.183474999992502,1.54167499899318,0.317861115671203,3.12057238927769
1179.8,0.18347499999252,1.54167499899523,0.317861115671187,3.12057238927762
1179.9,0.183474999992538,1.54167499899727,0.317861115671171,3.12057238927756
1180,0.183474999992555,1.54167499899931,0.317861115671155,3.12057238927749
1180.1,0.183474999992573,1.54167499900135,0.317861115671139,3.12057238927743
1180.2,0.18347499999259,1.54167499900338,0.317861115671123,3.12057238927736
1180.3,0.183474999992607,1.5416749990054,0.317861115671108,3.1205723892773
1180.4,0.183474999992625,1.54167499900742,0.317861115671092,3.12057238927723
1180.5,0.183474999992642,1.54167499900944,0.317861115671076,3.12057238927717
1180.6,0.183474999992659,1.54167499901145,0.31786111567106,3.1205723892771
1180.7,0.183474999992676,1.54167499901346,0.317861115671045,3.12057238927704
1180.8,0.183474999992694,1.54167499901547,0.31786111567103,3.12057238927698
1180.9,0.183474999992711,1.54167499901747,0.317861115671014,3.12057238927691
1181,0.183474999992728,1.54167499901947,0.317861115670999,3.12057238927685
1181.1,0.183474999992745,1.54167499902146,0.317861115670983,3.12057238927679
1181.2,0.183474999992762,1.54167499902345,0.317861115670968,3.12057238927672
1181.3,0.183474999992779,1.54167499902543,0.317861115670952,3.12057238927666
1181.4,0.183474999992796,1.54167499902741,0.317861115670937,3.1205723892766
1181.5,0.183474999992813,1.54167499902939,0.317861115670922,3.12057238927653
1181.6,0.183474999992829,1.54167499903136,0.317861115670907,3.12057238927648
1181.7,0.183474999992846,1.54167499903333,0.317861115670891,3.12057238927641
1181.8,0.183474999992863,1.54167499903529,0.317861115670876,3.12057238927635
1181.9,0.18347499999288,1.54167499903726,0.317861115670861,3.12057238927629
1182,0.183474999992896,1.54167499903921,0.317861115670845,3.12057238927623
1182.1,0.183474999992913,1.54167499904117,0.317861115670831,3.12057238927616
1182.2,0.18347499999293,1.54167499904311,0.317861115670815,3.1205723892761
1182.3,0.183474999992946,1.54167499904506,0.3178611156708,3.12057238927604
1182.4,0.183474999992963,1.541674999047,0.317861115670785,3.12057238927598
1182.5,0.183474999992979,1.54167499904894,0.31786111567077,3.12057238927592
1182.6,0.183474999992996,1.54167499905087,0.317861115670755,3.12057238927586
1182.7,0.183474999993012,1.5416749990528,0.31786111567074,3.1205723892758
1182.8,0.183474999993029,1.54167499905472,0.317861115670726,3.12057238927574
1182.9,0.183474999993045,1.54167499905665,0.31786111567071,3.12057238927568
1183,0.183474999993061,1.54167499905856,0.317861115670696,3.12057238927562
1183.1,0.183474999993078,1.54167499906048,0.317861115670682,3.12057238927556
1183.2,0.183474999993094,1.54167499906238,0.317861115670667,3.1205723892755
1183.3,0.18347499999311,1.54167499906429,0.317861115670652,3.12057238927544
1183.4,0.183474999993126,1.54167499906619,0.317861115670637,3.12057238927538
1183.5,0.183474999993142,1.54167499906809,0.317861115670623,3.12057238927532
1183.6,0.183474999993158,1.54167499906998,0.317861115670608,3.12057238927526
1183.7,0.183474999993174,1.54167499907187,0.317861115670594,3.1205723892752
1183.8,0.18347499999319,1.54167499907376,0.317861115670579,3.12057238927514
1183.9,0.183474999993206,1.54167499907564,0.317861115670565,3.12057238927508
1184,0.183474999993222,1.54167499907752,0.31786111567055,3.12057238927502
1184.1,0.183474999993238,1.54167499907939,0.317861115670536,3.12057238927496
1184.2,0.183474999993254,1.54167499908126,0.317861115670522,3.12057238927491
1184.3,0.183474999993269,1.54167499908313,0.317861115670507,3.12057238927485
1184.4,0.183474999993285,1.541674999085,0.317861115670493,3.12057238927479
1184.5,0.183474999993301,1.54167499908685,0.317861115670478,3.12057238927473
1184.6,0.183474999993317,1.54167499908871,0.317861115670464,3.12057238927467
1184.7,0.183474999993332,1.54167499909056,0.31786111567045,3.12057238927461
1184.8,0.183474999993348,1.54167499909241,0.317861115670436,3.12057238927455
1184.9,0.183474999993364,1.54167499909426,0.317861115670421,3.1205723892745
1185,0.183474999993379,1.5416749990961,0.317861115670407,3.12057238927444
1185.1,0.183474999993395,1.54167499909793,0.317861115670393,3.12057238927438
1185.2,0.18347499999341,1.54167499909977,0.317861115670379,3.12057238927432
1185.3,0.183474999993426,1.5416749991016,0.317861115670365,3.12057238927426
1185.4,0.183474999993441,1.54167499910342,0.317861115670351,3.12057238927421
1185.5,0.183474999993456,1.54167499910525,0.317861115670337,3.12057238927415
1185.6,0.183474999993472,1.54167499910707,0.317861115670323,3.12057238927409
1185.7,0.183474999993487,1.54167499910888,0.317861115670309,3.12057238927404
1185.8,0.183474999993502,1.54167499911069,0.317861115670295,3.12057238927398
1185.9,0.183474999993518,1.5416749991125,0.317861115670281,3.12057238927392
1186,0.183474999993533,1.54167499911431,0.317861115670267,3.12057238927387
1186.1,0.183474999993548,1.54167499911611,0.317861115670254,3.12057238927381
1186.2,0.183474999993563,1.5416749991179,0.31786111567024,3.12057238927376
1186.3,0.183474999993578,1.5416749991197,0.317861115670226,3.1205723892737
1186.4,0.183474999993593,1.54167499912149,0.317861115670212,3.12057238927364
1186.5,0.183474999993608,1.54167499912327,0.317861115670199,3.12057238927359
1186.6,0.183474999993623,1.54167499912505,0.317861115670185,3.12057238927353
1186.7,0.183474999993638,1.54167499912683,0.317861115670171,3.12057238927348
1186.8,0.183474999993653,1.54167499912861,0.317861115670158,3.12057238927342
1186.9,0.183474999993668,1.54167499913038,0.317861115670144,3.12057238927337
1187,0.183474999993683,1.54167499913215,0.317861115670131,3.12057238927331
1187.1,0.183474999993698,1.54167499913391,0.317861115670117,3.12057238927326
1187.2,0.183474999993712,1.54167499913567,0.317861115670104,3.1205723892732
1187.3,0.183474999993727,1.54167499913743,0.31786111567009,3.12057238927314
1187.4,0.183474999993742,1.54167499913918,0.317861115670077,3.12057238927309
1187.5,0.183474999993757,1.54167499914093,0.317861115670064,3.12057238927304
1187.6,0.183474999993771,1.54167499914268,0.31786111567005,3.12057238927299
1187.7,0.183474999993786,1.54167499914442,0.317861115670037,3.12057238927293
1187.8,0.183474999993801,1.54167499914616,0.317861115670024,3.12057238927288
1187.9,0.183474999993815,1.5416749991479,0.317861115670011,3.12057238927282
1188,0.18347499999383,1.54167499914963,0.317861115669997,3.12057238927277
1188.1,0.183474999993844,1.54167499915136,0.317861115669984,3.12057238927271
1188.2,0.183474999993859,1.54167499915308,0.317861115669971,3.12057238927266
1188.3,0.183474999993873,1.5416749991548,0.317861115669958,3.12057238927261
1188.4,0.183474999993887,1.54167499915652,0.317861115669945,3.12057238927255
1188.5,0.183474999993902,1.54167499915824,0.317861115669932,3.1205723892725
1188.6,0.183474999993916,1.54167499915995,0.317861115669919,3.12057238927245
1188.7,0.18347499999393,1.54167499916165,0.317861115669906,3.1205723892724
1188.8,0.183474999993945,1.54167499916336,0.317861115669893,3.12057238927234
1188.9,0.183474999993959,1.54167499916506,0.31786111566988,3.12057238927229
1189,0.183474999993973,1.54167499916676,0.317861115669867,3.12057238927224
1189.1,0.183474999993987,1.54167499916845,0.317861115669854,3.12057238927219
1189.2,0.183474999994001,1.54167499917014,0.317861115669842,3.12057238927213
1189.3,0.183474999994015,1.54167499917182,0.317861115669829,3.12057238927208
1189.4,0.183474999994029,1.54167499917351,0.317861115669816,3.12057238927203
1189.5,0.183474999994043,1.54167499917519,0.317861115669804,3.12057238927198
1189.6,0.183474999994057,1.54167499917686,0.317861115669791,3.12057238927193
1189.7,0.183474999994071,1.54167499917854,0.317861115669779,3.12057238927188
1189.8,0.183474999994085,1.54167499918021,0.317861115669766,3.12057238927183
1189.9,0.183474999994099,1.54167499918187,0.317861115669753,3.12057238927177
1190,0.183474999994113,1.54167499918353,0.317861115669741,3.12057238927172
1190.1,0.183474999994126,1.54167499918519,0.317861115669728,3.12057238927167
1190.2,0.18347499999414,1.54167499918685,0.317861115669716,3.12057238927162
1190.3,0.183474999994154,1.5416749991885,0.317861115669703,3.12057238927157
1190.4,0.183474999994167,1.54167499919015,0.317861115669691,3.12057238927152
1190.5,0.183474999994181,1.5416749991918,0.317861115669679,3.12057238927147
1190.6,0.183474999994195,1.54167499919344,0.317861115669666,3.12057238927142
1190.7,0.183474999994208,1.54167499919508,0.317861115669653,3.12057238927137
1190.8,0.183474999994222,1.54167499919672,0.317861115669641,3.12057238927131
1190.9,0.183474999994235,1.54167499919835,0.317861115669629,3.12057238927127
1191,0.183474999994249,1.54167499919998,0.317861115669617,3.12057238927122
1191.1,0.183474999994262,1.54167499920161,0.317861115669605,3.12057238927117
1191.2,0.183474999994276,1.54167499920323,0.317861115669592,3.12057238927112
1191.3,0.183474999994289,1.54167499920485,0.31786111566958,3.12057238927107
1191.4,0.183474999994303,1.54167499920647,0.317861115669568,3.12057238927101
1191.5,0.183474999994316,1.54167499920808,0.317861115669556,3.12057238927096
1191.6,0.183474999994329,1.54167499920969,0.317861115669544,3.12057238927092
1191.7,0.183474999994343,1.5416749992113,0.317861115669531,3.12057238927087
1191.8,0.183474999994356,1.5416749992129,0.317861115669519,3.12057238927082
1191.9,0.183474999994369,1.5416749992145,0.317861115669507,3.12057238927077
1192,0.183474999994383,1.5416749992161,0.317861115669495,3.12057238927072
1192.1,0.183474999994396,1.54167499921769,0.317861115669483,3.12057238927067
1192.2,0.183474999994409,1.54167499921928,0.317861115669471,3.12057238927062
1192.3,0.183474999994422,1.54167499922087,0.317861115669459,3.12057238927057
1192.4,0.183474999994435,1.54167499922245,0.317861115669447,3.12057238927052
1192.5,0.183474999994448,1.54167499922403,0.317861115669435,3.12057238927048
1192.6,0.183474999994461,1.54167499922561,0.317861115669424,3.12057238927043
1192.7,0.183474999994474,1.54167499922719,0.317861115669411,3.12057238927038
1192.8,0.183474999994487,1.54167499922876,0.3178611156694,3.12057238927033
1192.9,0.1834749999945,1.54167499923033,0.317861115669388,3.12057238927028
1193,0.183474999994513,1.54167499923189,0.317861115669376,3.12057238927024
1193.1,0.183474999994526,1.54167499923345,0.317861115669365,3.12057238927019
1193.2,0.183474999994539,1.54167499923501,0.317861115669353,3.12057238927014
1193.3,0.183474999994552,1.54167499923656,0.317861115669341,3.12057238927009
1193.4,0.183474999994565,1.54167499923812,0.31786111566933,3.12057238927005
1193.5,0.183474999994577,1.54167499923966,0.317861115669318,3.12057238927
1193.6,0.18347499999459,1.54167499924121,0.317861115669306,3.12057238926995
1193.7,0.183474999994603,1.54167499924275,0.317861115669295,3.12057238926991
1193.8,0.183474999994615,1.54167499924429,0.317861115669284,3.12057238926986
1193.9,0.183474999994628,1.54167499924583,0.317861115669272,3.12057238926981
1194,0.183474999994641,1.54167499924736,0.317861115669261,3.12057238926976
1194.1,0.183474999994653,1.54167499924889,0.317861115669249,3.12057238926972
1194.2,0.183474999994666,1.54167499925042,0.317861115669238,3.12057238926967
1194.3,0.183474999994678,1.54167499925194,0.317861115669227,3.12057238926962
1194.4,0.183474999994691,1.54167499925346,0.317861115669215,3.12057238926958
1194.5,0.183474999994703,1.54167499925498,0.317861115669204,3.12057238926953
1194.6,0.183474999994716,1.54167499925649,0.317861115669193,3.12057238926949
1194.7,0.183474999994728,1.541674999258,0.317861115669181,3.12057238926944
1194.8,0.18347499999474,1.54167499925951,0.31786111566917,3.12057238926939
1194.9,0.183474999994753,1.54167499926102,0.317861115669159,3.12057238926935
1195,0.183474999994765,1.54167499926252,0.317861115669148,3.1205723892693
1195.1,0.183474999994777,1.54167499926402,0.317861115669137,3.12057238926926
1195.2,0.18347499999479,1.54167499926551,0.317861115669125,3.12057238926921
1195.3,0.183474999994802,1.54167499926701,0.317861115669114,3.12057238926917
1195.4,0.183474999994814,1.5416749992685,0.317861115669103,3.12057238926912
1195.5,0.183474999994826,1.54167499926998,0.317861115669092,3.12057238926908
1195.6,0.183474999994838,1.54167499927147,0.317861115669081,3.12057238926903
1195.7,0.183474999994851,1.54167499927295,0.31786111566907,3.12057238926899
1195.8,0.183474999994862,1.54167499927443,0.317861115669059,3.12057238926894
1195.9,0.183474999994874,1.5416749992759,0.317861115669048,3.1205723892689
1196,0.183474999994886,1.54167499927737,0.317861115669037,3.12057238926885
1196.1,0.183474999994899,1.54167499927884,0.317861115669027,3.12057238926881
1196.2,0.18347499999491,1.54167499928031,0.317861115669016,3.12057238926876
1196.3,0.183474999994922,1.54167499928177,0.317861115669005,3.12057238926872
1196.4,0.183474999994934,1.54167499928323,0.317861115668994,3.12057238926868
1196.5,0.183474999994946,1.54167499928469,0.317861115668983,3.12057238926863
1196.6,0.183474999994958,1.54167499928614,0.317861115668972,3.12057238926859
1196.7,0.18347499999497,1.54167499928759,0.317861115668962,3.12057238926855
1196.8,0.183474999994982,1.54167499928904,0.317861115668951,3.1205723892685
1196.9,0.183474999994993,1.54167499929048,0.31786111566894,3.12057238926846
1197,0.183474999995005,1.54167499929193,0.31786111566893,3.12057238926842
1197.1,0.183474999995017,1.54167499929337,0.317861115668919,3.12057238926837
1197.2,0.183474999995029,1.5416749992948,0.317861115668909,3.12057238926833
1197.3,0.18347499999504,1.54167499929624,0.317861115668898,3.12057238926829
1197.4,0.183474999995052,1.54167499929767,0.317861115668887,3.12057238926824
1197.5,0.183474999995063,1.54167499929909,0.317861115668877,3.1205723892682
1197.6,0.183474999995075,1.54167499930052,0.317861115668866,3.12057238926816
1197.7,0.183474999995086,1.54167499930194,0.317861115668856,3.12057238926811
1197.8,0.183474999995098,1.54167499930336,0.317861115668846,3.12057238926807
1197.9,0.183474999995109,1.54167499930477,0.317861115668835,3.12057238926803
1198,0.183474999995121,1.54167499930619,0.317861115668825,3.12057238926799
1198.1,0.183474999995132,1.5416749993076,0.317861115668815,3.12057238926794
1198.2,0.183474999995144,1.541674999309,0.317861115668804,3.1205723892679
1198.3,0.183474999995155,1.54167499931041,0.317861115668794,3.12057238926786
1198.4,0.183474999995166,1.54167499931181,0.317861115668784,3.12057238926782
1198.5,0.183474999995178,1.54167499931321,0.317861115668773,3.12057238926778
1198.6,0.183474999995189,1.5416749993146,0.317861115668763,3.12057238926774
1198.7,0.1834749999952,1.541674999316,0.317861115668753,3.12057238926769
1198.8,0.183474999995211,1.54167499931739,0.317861115668742,3.12057238926765
1198.9,0.183474999995223,1.54167499931878,0.317861115668732,3.12057238926761
1199,0.183474999995234,1.54167499932016,0.317861115668722,3.12057238926757
1199.1,0.183474999995245,1.54167499932154,0.317861115668712,3.12057238926753
1199.2,0.183474999995256,1.54167499932292,0.317861115668702,3.12057238926748
1199.3,0.183474999995268,1.5416749993243,0.317861115668691,3.12057238926744
1199.4,0.183474999995278,1.54167499932567,0.317861115668681,3.1205723892674
1199.5,0.183474999995289,1.54167499932704,0.317861115668672,3.12057238926736
1199.6,0.183474999995301,1.54167499932841,0.317861115668661,3.12057238926732
1199.7,0.183474999995312,1.54167499932978,0.317861115668652,3.12057238926728
1199.8,0.183474999995322,1.54167499933114,0.317861115668642,3.12057238926724
1199.9,0.183474999995333,1.5416749993325,0.317861115668632,3.1205723892672
1200,0.183474999995344,1.54167499933386,0.317861115668622,3.12057238926716
