time,pair_margin,obstacle_margin,connectivity_margin,lambda2
0,0.181279,10.106979,0.317860600498992,3.12057118492175
0.1,0.182544320662472,10.0423685052636,0.318461934540006,3.12383165034108
0.2,0.184097921631274,9.96343821010105,0.319194222388511,3.12780931334182
0.3,0.185648051460776,9.88512674634218,0.319917911037072,3.13174866929146
0.4,0.187198314005034,9.80727776481034,0.320637010020381,3.13566813790196
0.5,0.18874885928491,9.72988269409279,0.321351855622496,3.13956915358685
0.6,0.19029967012016,9.65293935879874,0.322062467238685,3.14345177606198
0.7,0.191850727583865,9.57644564136469,0.322768852402699,3.14731601675845
0.8,0.193402012902539,9.50039943232651,0.323471018594422,3.1511618870392
0.9,0.194953507431419,9.42479863140475,0.324168973534683,3.15498939934441
1,0.196505192655743,9.34964114738631,0.324862725168833,3.15879856711921
1.1,0.198057050188268,9.27492489816002,0.32555228167663,3.16258940484322
1.2,0.199609061768763,9.20064781066448,0.326237651461064,3.16636192797841
1.3,0.199535199646089,9.12680782085848,0.326918843143527,3.17011615294191
1.4,0.196460116278364,9.05340287364894,0.327595865552225,3.17385209705339
1.5,0.193407105832141,8.98043092287313,0.328268727722108,3.17756977852715
1.6,0.190376046930151,8.90788993133791,0.328937438888821,3.18126921643946
1.7,0.187366818850453,8.83577787139666,0.329602008472424,3.18495043064358
1.8,0.18437930135116,8.76409272220943,0.330262446110393,3.18861344195401
1.9,0.181413374947608,8.6928324741149,0.330918761590645,3.19225827177709
2,0.178468920615339,8.62199512396661,0.331570964911627,3.19588494244595
2.1,0.17554582002228,8.55157867880177,0.33221906622533,3.19949347690633
2.2,0.172643955416297,8.48158115407486,0.33286307585656,3.2030838988259
2.3,0.169763209587091,8.41200057306359,0.333503004306047,3.20665623261398
2.4,0.166903466030145,8.342834969478,0.334138862208802,3.21021050319136
2.5,0.164064608664276,8.27408238298421,0.334770660391436,3.21374673631349
2.6,0.161246522194713,8.20574086498618,0.335398409786561,3.21726495809375
2.7,0.158449091677983,8.13780847170941,0.336022121524346,3.2207651955193
2.8,0.155672203030326,8.07028327231459,0.336641806814589,3.22424747579199
2.9,0.152915742445627,8.00316333961723,0.337257477071342,3.22771182703134
3,0.150179596853645,7.93644675741336,0.337869143806223,3.23115827767787
3.1,0.147463653796571,7.87013161852241,0.338476818651148,3.23458685662318
3.2,0.144767801175561,7.80421602072767,0.339080513410319,3.23799759350703
3.3,0.142091927791869,7.73869807547365,0.339680239934927,3.2413905180121
3.4,0.139435922665279,7.67357589692473,0.340276010270951,3.24476566070313
3.5,0.136799675554159,7.60884761033319,0.340867836538651,3.24812305234832
3.6,0.134183076817959,7.54451134984343,0.341455730958963,3.25146272407131
3.7,0.131586017159908,7.48056525434286,0.342039705907,3.25478470765908
3.8,0.129008388157277,7.41700747604341,0.342619773789076,3.25808903486541
3.9,0.126450081608403,7.35383616992541,0.343195947185105,3.2613757382253
4,0.123910990027307,7.29104950175329,0.343768238733706,3.26464485040387
4.1,0.121391006512887,7.22864564597226,0.344336661157602,3.26789640434398
4.2,0.118890024504377,7.1666227817368,0.34490122731483,3.27113043356339
4.3,0.116407938236387,7.10497910032668,0.345461950092618,3.27434697155026
4.4,0.113944642297955,7.04371279797447,0.346018842502929,3.27754605231443
4.5,0.111500031868118,6.9828220797132,0.346571917625831,3.28072771006642
4.6,0.10907400266444,6.9223051585481,0.347121188617524,3.28389197926697
4.7,0.106666450923405,6.86216025514201,0.347666668711277,3.2870388946362
4.8,0.10427727340828,6.8023855979576,0.348208371212209,3.29016849112735
4.9,0.101906367408995,6.74297942325984,0.348746309493989,3.29328080391147
5,0.0995536307316928,6.68393997495717,0.349280496997882,3.29637586837569
5.1,0.0972189616961764,6.62526550456784,0.349810947230087,3.29945372011179
5.2,0.0949022591431264,6.56695427134495,0.350337673756916,3.30251439489207
5.3,0.0926034224198828,6.5090045420561,0.35086069020489,3.30555792867386
5.4,0.0903223513865328,6.45141459108738,0.351380010256291,3.30858435757762
5.5,0.0880589464102383,6.39418270036255,0.351895647647433,3.31159371788079
5.6,0.0858131083638535,6.33730715932862,0.352407616166009,3.31458604600638
5.7,0.083584738621999,6.28078626489742,0.352915929649078,3.3175613785152
5.8,0.0813737390612131,6.22461832146122,0.353420601980158,3.32051975209295
5.9,0.0791800120551429,6.16880164081741,0.353921647087534,3.32346120354431
6,0.0770034604730172,6.11333454215543,0.354419078941839,3.32638576978289
6.1,0.07484398767692,6.05821535201986,0.354912911553971,3.32929348782308
6.2,0.0727014975204559,6.00344240429473,0.355403158972731,3.33218439477032
6.3,0.0705758943435758,5.9490140401302,0.355889835283387,3.33505852781682
6.4,0.0684670829738446,5.89492860796817,0.356372954604834,3.33791592422889
6.5,0.0663749687214841,5.84118446347158,0.356852531088196,3.34075662134295
6.6,0.064299457377415,5.78777996950001,0.357328578914801,3.34358065655772
6.7,0.0622404552122869,5.73471349609997,0.357801112293967,3.34638806732535
6.8,0.0601978689721584,5.68198342044511,0.35827014546159,3.34917889114733
6.9,0.0581716058781365,5.62958812683484,0.358735692677901,3.35195316556533
7,0.0561615736227659,5.5775260066455,0.359197768225976,3.35471092815668
7.1,0.0541676803679336,5.5257954583035,0.359656386409958,3.35745221652801
7.2,0.0521898347434478,5.47439488726777,0.360111561553144,3.36017706830824
7.3,0.0502279458430949,5.42332270597573,0.3605633079967,3.36288552114517
7.4,0.04828192322437,5.37257733384357,0.361011640097596,3.36557761269742
7.5,0.046351676904748,5.32215719721483,0.361456572227342,3.36825338063128
7.6,0.0444371173596424,5.27206072933422,0.361898118770388,3.37091286261541
7.7,0.0425381555212196,5.22228637033388,0.362336294122349,3.3735560963146
7.8,0.0406547027743523,5.1728325671768,0.362771112688923,3.3761831193877
7.9,0.038786670956448,5.12369777365916,0.363202588883994,3.37879396948049
8,0.0369339723538068,5.07488045035968,0.363630737128528,3.38138868422349
8.1,0.0350965196996389,5.02637906461416,0.364055571849136,3.38396730122768
8.2,0.0332742261733091,4.97819209050911,0.364477107476366,3.38652985807865
8.3,0.0314670054356545,4.93031800950996,0.364895358434693,3.3890763922801
8.4,0.0296747714868322,4.88275530799273,0.365310339173593,3.39160694144766
8.5,0.0278974388437199,4.83550248034159,0.365722064124795,3.39412154305298
8.6,0.0261349224855233,4.78855802801602,0.366130547713083,3.39662023449364
8.7,0.0243871376927286,4.74192045673931,0.36653580439181,3.39910305331551
8.8,0.0226540003880405,4.6955882824797,0.366937848562383,3.40157003672371
8.9,0.0209354267077364,4.64956002394447,0.367336694671778,3.40402122218534
9,0.019231333330218,4.60383420835238,0.36773235713491,3.40645664695769
9.1,0.0175416373881915,4.55840936990762,0.368124850353331,3.40887634820708
9.2,0.0158662563023921,4.51328404687017,0.368514188752183,3.4112803632419
9.3,0.0142051081254628,4.468456787644,0.368900386698967,3.41366872901529
9.4,0.0125581111162112,4.42392614325276,0.369283458600737,3.4160414827307
9.5,0.0109251840615318,4.37969067304857,0.369663418827976,3.41839866137573
9.6,0.0093064283230601,4.33574894302885,0.370040239315754,3.42074003810966
9.7,0.0077358058700653,4.29209952337326,0.370405977818738,3.4230161799122
9.8,0.00629756249871023,4.24874099052986,0.370740912577087,3.42510404318575
9.9,0.0050369112616271,4.20567192674878,0.371034495143535,3.42693688961658
10,0.00396607068667196,4.16289092185781,0.371283885105788,3.42849585763725
10.1,0.00307830665634162,4.1203965727256,0.371490647993379,3.4297897656954
10.2,0.00235686978713764,4.07818748284223,0.371658679018854,3.43084223871442
10.3,0.0017806007564468,4.03626226205026,0.371792901355096,3.43168356580749
10.4,0.00132733996762695,3.99461952637278,0.371898473054435,3.43234569773966
10.5,0.000975901359613909,3.95325789790411,0.371980327157682,3.43285931890878
10.6,0.000707117659653964,3.91217600474051,0.372042927699855,3.43325227482663
10.7,0.000504295702064936,3.87137248093583,0.372090163125935,3.4335488692257
10.8,0.000353307814509957,3.83084596647254,0.372125324608156,3.43376970264281
10.9,0.000242469679524543,3.79059510724147,0.372151134246551,3.43393183176283
11,0.000162303880215514,3.75061855502625,0.37216980001542,3.43404910262188
11.1,0.000105253409272962,3.71091496748974,0.37218308244508,3.43413256177668
11.2,6.53855019827065e-05,3.6714830081608,0.372192363604623,3.43419088483832
11.3,3.81098299881422e-05,3.6323213464205,0.372198712762887,3.43423078604522
11.4,1.99240588163591e-05,3.59342865748723,0.372202945683661,3.43425738904988
11.5,8.19254711191542e-06,3.55480362240056,0.372205676200752,3.43427454994351
11.6,9.59289067944957e-07,3.51644492800374,0.372207359812365,3.43428513058265
11.7,-3.20654503065121e-06,3.47835126692507,0.372208329676768,3.43429122443269
11.8,-5.33568182395361e-06,3.44052133755807,0.372208825757545,3.43429433951851
11.9,-6.15823598819343e-06,3.40295384404091,0.372209018005539,3.43429554399052
12,-6.18162205885675e-06,3.36564749623489,0.37220902451087,3.4342955801331
12.1,-5.75066772054433e-06,3.32860100970252,0.372208925506706,3.43429495233373
12.2,-5.0933353853283e-06,3.29181310568505,0.372208774019147,3.43429399399229
12.3,-4.3550135793019e-06,3.2552825110796,0.372208603853732,3.43429291770227
12.4,-3.62387282573651e-06,3.21900795841623,0.372208435500068,3.43429185235447
12.5,-2.94933843800194e-06,3.18298818583468,0.372208280433014,3.43429087016692
12.6,-2.35533802303567e-06,3.1472219370611,0.372208144196721,3.43429000606761
12.7,-1.84963741445276e-06,3.11170796138469,0.372208028577699,3.43428927135297
12.8,-1.43029010685192e-06,3.0764450136344,0.372207933105685,3.43428866312244
12.9,-1.08998826053863e-06,3.04143185415557,0.372207856065952,3.43428817064251
13,-8.18912419764395e-07,3.00666724878665,0.372207795162105,3.43428777951433
13.1,-6.06526205371161e-07,2.97214996883601,0.372207747933324,3.43428747429771
13.2,-4.42644275219783e-07,2.93787879105876,0.372207712002484,3.43428724007217
13.3,-3.18012052899497e-07,2.90385249763367,0.372207685210693,3.43428706328377
13.4,-2.24567204790138e-07,2.87006987614024,0.372207665677812,3.43428693212664
13.5,-1.55502032014865e-07,2.83652971953573,0.372207651816697,3.43428683663337
13.6,-1.05208695824754e-07,2.8032308261324,0.372207642320213,3.43428676859415
13.7,-6.9161696106268e-08,2.7701719995748,0.372207636133706,3.43428672138429
13.8,-4.37738722214309e-08,2.7373520488171,0.372207632421328,3.43428668975308
13.9,-2.62487195729078e-08,2.70476978810062,0.372207630531572,3.43428666960749
14,-1.44359835058117e-08,2.67242403693139,0.372207629963577,3.43428665780064
14.1,-6.7079507781731e-09,2.64031362005776,0.372207630338244,3.43428665195049
14.2,-1.84883428011595e-09,2.60843736744821,0.372207631372459,3.43428665027795
14.3,1.03627938174977e-09,2.57679411426919,0.372207632857865,3.43428665147361
14.4,2.59592093654337e-09,2.54538270086303,0.372207634643503,3.43428665458862
14.5,3.29273838750588e-09,2.51420197272599,0.372207636621706,3.43428665894618
14.6,3.45080183872248e-09,2.4832507804864,0.372207638717081,3.43428666407226
14.7,3.29235012863638e-09,2.45252797988284,0.372207640877947,3.43428666964186
14.8,2.96600630167454e-09,2.42203243174249,0.372207643069763,3.43428667543768
14.9,2.56802348830298e-09,2.39176300195949,0.372207645270178,3.43428668131905
15,2.15806893189008e-09,2.36171856147344,0.372207647465357,3.4342866871988
15.1,1.77079248486756e-09,2.33189798624796,0.372207649647284,3.43428669302638
15.2,1.42418228599173e-09,2.30230015724941,0.37220765181182,3.43428669877558
15.3,1.12551228059754e-09,2.27292396042557,0.372207653957318,3.43428670443588
15.4,8.75465186456204e-10,2.24376828668452,0.372207656083661,3.4342867100064
15.5,6.70933641977456e-10,2.21483203187359,0.372207658191615,3.43428671549176
15.6,5.06871836170042e-10,2.18611409675834,0.372207660282392,3.43428672089946
15.7,3.77519918104419e-10,2.15761338700166,0.372207662357371,3.43428672623801
15.8,2.77121686709236e-10,2.12932881314302,0.372207664417927,3.43428673151591
15.9,2.00347113898935e-10,2.10125929057769,0.372207666465337,3.43428673674105
16,1.42470799047167e-10,2.07340373953614,0.372207668500734,3.43428674192042
16.1,9.94545140686753e-11,2.04576108506345,0.372207670525092,3.43428674706001
16.2,6.79444694950959e-11,2.0183302569989,0.372207672539224,3.43428675216479
16.3,4.5215456379033e-11,1.99111018995555,0.372207674543797,3.43428675723884
16.4,2.90959339954711e-11,1.96409982329996,0.372207676539348,3.43428676228539
16.5,1.78807108008883e-11,1.937298101132,0.372207678526306,3.43428676730703
16.6,1.02492458964321e-11,1.91070397226467,0.372207680505009,3.43428677230575
16.7,5.1943727097381e-12,1.88431639020412,0.372207682475723,3.4342867772831
16.8,1.96039018351968e-12,1.85813431312966,0.372207684438655,3.43428678224025
16.9,-9.54791801177635e-15,1.83215670387387,0.372207686393964,3.4342867871781
17,-1.11320674900384e-12,1.80638252990286,0.372207688341776,3.43428679209729
17.1,-1.64565583382625e-12,1.7808107632965,0.372207690282187,3.43428679699832
17.2,-1.80651327230663e-12,1.75544038072882,0.372207692215275,3.43428680188156
17.3,-1.74753267412342e-12,1.73027036344848,0.372207694141105,3.43428680674729
17.4,-1.56963331221505e-12,1.70529969725925,0.372207696059732,3.43428681159575
17.5,-1.34013633523722e-12,1.68052737250069,0.3722076979712,3.43428681642708
17.6,-1.10880749026876e-12,1.65595238402881,0.372207699875551,3.43428682124143
17.7,-8.92091955861929e-13,1.63157373119685,0.372207701772818,3.43428682603891
17.8,-7.0819738962058e-13,1.60739041783614,0.372207703663035,3.43428683081959
17.9,-5.52502488204709e-13,1.58340145223704,0.37220770554623,3.43428683558354
18,-4.25534607551015e-13,1.55960584712995,0.372207707422433,3.43428684033084
18.1,-3.20646287299553e-13,1.53600261966641,0.372207709291671,3.43428684506153
18.2,-2.3468726961795e-13,1.51259079140027,0.372207711153972,3.43428684977567
18.3,-1.64493418886025e-13,1.48936938826892,0.372207713009364,3.43428685447334
18.4,-1.06165076729781e-13,1.46633744057469,0.372207714857876,3.43428685915459
18.5,-5.63438184997267e-14,1.44349398296617,0.372207716699535,3.43428686381948
18.6,-2.35506059098611e-14,1.42083805441972,0.372207718534371,3.43428686846809
18.7,4.64905891561784e-15,1.3983686982211,0.37220772036241,3.43428687310046
18.8,2.12330153459561e-14,1.37608496194701,0.372207722183682,3.43428687771669
18.9,2.80886425230165e-14,1.35398589744685,0.372207723998215,3.43428688231681
19,3.00731661795339e-14,1.33207056082453,0.372207725806035,3.4342868869009
19.1,2.92960100622963e-14,1.31033801242031,0.37220772760717,3.43428689146901
19.2,2.54934962029552e-14,1.28878731679276,0.372207729401648,3.43428689602121
19.3,2.30648833365876e-14,1.26741754270074,0.372207731189495,3.43428690055756
19.4,2.28012053682392e-14,1.24622776308555,0.372207732970738,3.43428690507811
19.5,2.37032615757471e-14,1.22521705505306,0.372207734745405,3.43428690958294
19.6,2.60347299274599e-14,1.20438449985594,0.372207736513523,3.4342869140721
19.7,2.97400992721464e-14,1.18372918287604,0.372207738275121,3.43428691854566
19.8,3.27377014386343e-14,1.16325019360669,0.372207740030224,3.43428692300368
19.9,3.45418138536502e-14,1.14294662563522,0.37220774177886,3.43428692744623
20,3.56381590904675e-14,1.1228175766255,0.372207743521056,3.43428693187337
20.1,3.52495810318487e-14,1.10286214830036,0.372207745256839,3.43428693628516
20.2,3.42642580974939e-14,1.08307944642375,0.372207746986235,3.43428694068166
20.3,3.29736238313671e-14,1.0634685807865,0.37220774870927,3.43428694506293
20.4,3.19327897457811e-14,1.04402866518452,0.37220775042597,3.43428694942903
20.5,3.08364445089637e-14,1.0247588174044,0.372207752136363,3.43428695378003
20.6,3.08642000845794e-14,1.00565815920848,0.372207753840473,3.43428695811598
20.7,3.10307335382731e-14,0.986725816310439,0.372207755538327,3.43428696243694
20.8,3.16691117774326e-14,0.967960918368934,0.372207757229952,3.43428696674297
20.9,3.25434124093249e-14,0.949362598961603,0.372207758915371,3.43428697103414
21,3.35564909192954e-14,0.930929995572201,0.372207760594612,3.4342869753105
21.1,3.42365025218783e-14,0.912662249576287,0.3722077622677,3.43428697957211
21.2,3.49165141244612e-14,0.894558506217044,0.372207763934661,3.43428698381903
21.3,3.50969253659628e-14,0.876617914598949,0.372207765595519,3.43428698805132
21.4,3.53467255465034e-14,0.858839627662719,0.3722077672503,3.43428699226904
21.5,3.52495810318487e-14,0.841222802172495,0.372207768899029,3.43428699647225
21.6,3.52357032440409e-14,0.823766598701624,0.372207770541732,3.434287000661
21.7,3.52357032440409e-14,0.806470181609465,0.372207772178432,3.43428700483535
21.8,3.53328477586956e-14,0.789332719034661,0.372207773809155,3.43428700899536
21.9,3.54716256367738e-14,0.772353382870911,0.372207775433925,3.43428701314108
22,3.5901837058816e-14,0.75553134875433,0.372207777052768,3.43428701727258
22.1,3.62626595418192e-14,0.738865796049498,0.372207778665708,3.43428702138991
22.2,3.67206265394771e-14,0.722355907826792,0.372207780272767,3.43428702549313
22.3,3.7095326810288e-14,0.706000870855734,0.372207781873972,3.43428702958229
22.4,3.75255382323303e-14,0.689799875581351,0.372207783469347,3.43428703365745
22.5,3.77198272616397e-14,0.673752116111745,0.372207785058916,3.43428703771867
22.6,3.79279940787569e-14,0.657856790204383,0.372207786642701,3.43428704176599
22.7,3.81222831080663e-14,0.642113099244088,0.372207788220728,3.43428704579948
22.8,3.84553500154539e-14,0.626520248236245,0.372207789793019,3.4342870498192
22.9,3.88716836496883e-14,0.611077445783892,0.3722077913596,3.43428705382518
23,3.90798504668055e-14,0.595783904075443,0.372207792920492,3.4342870578175
23.1,3.93018950717305e-14,0.58063883887121,0.372207794475721,3.43428706179621
23.2,3.96210841913103e-14,0.565641469482022,0.372207796025308,3.43428706576135
23.3,3.98292510084275e-14,0.550791018762336,0.372207797569278,3.43428706971299
23.4,4.01345623401994e-14,0.536086713088003,0.372207799107653,3.43428707365118
23.5,4.05092626110104e-14,0.52152778234416,0.372207800640456,3.43428707757596
23.6,4.07313072159354e-14,0.507113459911977,0.372207802167711,3.4342870814874
23.7,4.11060074867464e-14,0.492842982647892,0.372207803689441,3.43428708538555
23.8,4.13558076672871e-14,0.478715590876632,0.372207805205667,3.43428708927046
23.9,4.1661118999059e-14,0.464730528369632,0.372207806716413,3.43428709314218
24,4.18692858161762e-14,0.450887042333101,0.372207808221701,3.43428709700077
24.1,4.21607193601403e-14,0.437184383394989,0.372207809721554,3.43428710084628
24.2,4.24799084797201e-14,0.423621805584818,0.372207811215994,3.43428710467875
24.3,4.27713420236842e-14,0.410198566326619,0.372207812705043,3.43428710849825
24.4,4.3229309021342e-14,0.396913926417995,0.372207814188725,3.43428711230482
24.5,4.34791092018827e-14,0.38376715001835,0.372207815667059,3.43428711609852
24.6,4.39370761995406e-14,0.370757504636076,0.37220781714007,3.43428711987939
24.7,4.42701431069281e-14,0.357884261108963,0.372207818607777,3.43428712364749
24.8,4.46309655899313e-14,0.345146693597064,0.372207820070204,3.43428712740287
24.9,4.50056658607423e-14,0.332544079562376,0.372207821527372,3.43428713114558
25,4.54081217071689e-14,0.320075699757235,0.372207822979303,3.43428713487566
25.1,4.57134330389408e-14,0.30774083821172,0.372207824426019,3.43428713859317
25.2,4.60603777341362e-14,0.29553878221463,0.372207825867539,3.43428714229817
25.3,4.63934446415237e-14,0.283468822306273,0.372207827303887,3.43428714599069
25.4,4.66154892464488e-14,0.271530252258759,0.372207828735083,3.43428714967079
25.5,4.69069227904129e-14,0.259722369064555,0.372207830161148,3.43428715333852
25.6,4.74065231514942e-14,0.248044472924101,0.372207831582104,3.43428715699393
25.7,4.77534678466895e-14,0.236495867227341,0.372207832997971,3.43428716063706
25.8,4.81004125418849e-14,0.225075858546441,0.372207834408771,3.43428716426796
25.9,4.83779682980412e-14,0.213783756616679,0.372207835814523,3.43428716788669
26,4.88359352956991e-14,0.202618874325159,0.37220783721525,3.4342871714933
26.1,4.90441021128163e-14,0.191580527698632,0.372207838610971,3.43428717508782
26.2,4.94326801714351e-14,0.18066803588557,0.372207840001706,3.43428717867031
26.3,4.99322805325164e-14,0.169880721148818,0.372207841387478,3.43428718224081
26.4,5.0265347439904e-14,0.159217908847065,0.372207842768304,3.43428718579938
26.5,5.06678032863306e-14,0.148678927423712,0.372207844144207,3.43428718934605
26.6,5.10286257693338e-14,0.138263108394902,0.372207845515207,3.43428719288089
26.7,5.13339371011057e-14,0.127969786332116,0.372207846881322,3.43428719640393
26.8,5.18196596743792e-14,0.117798298854768,0.372207848242575,3.43428719991522
26.9,5.20833376427277e-14,0.10774798661224,0.372207849598983,3.43428720341482
27,5.24857934891543e-14,0.0978181932729043,0.372207850950568,3.43428720690275
27.1,5.31102939405059e-14,0.0880082655123539,0.372207852297348,3.43428721037907
27.2,5.34294830600857e-14,0.0783175529965182,0.372207853639344,3.43428721384384
27.3,5.39568389967826e-14,0.0687454083741906,0.372207854976576,3.43428721729708
27.4,5.41650058138998e-14,0.0592911872596257,0.372207856309062,3.43428722073886
27.5,5.51642065360625e-14,0.0499931714622782,0.372207857466779,3.43428722392918
27.6,4.53664883437455e-14,0.0413096777379812,0.372207836583848,3.43428720478447
27.7,1.24067423001861e-14,0.0336662983677125,0.372207584974894,3.43428696027125
27.8,-2.43277620270987e-14,0.0271720634732601,0.372206484537665,3.43428589135603
27.9,-5.41372502382842e-14,0.0217770673676995,0.372203496735091,3.43428299204717
28,-7.39269756522276e-14,0.0173627483335324,0.372197319079763,3.43427700079443
28.1,-8.29752933029226e-14,0.0137890987733378,0.372186574531015,3.43426658382815
28.2,-8.32528490590789e-14,0.0109182161614059,0.372169960296605,3.43425047920143
28.3,-7.67580443650218e-14,0.00862501408731681,0.372146337323503,3.43422758339577
28.4,-6.55309140284999e-14,0.00680111116932347,0.372114768434714,3.43419698819742
28.5,-5.13478148889135e-14,0.0053552296380685,0.372074520940797,3.4341579831788
28.6,-3.59712259978551e-14,0.00421193278422716,0.372025048626556,3.43411003821872
28.7,-2.06362704702201e-14,0.00330968956039551,0.371965964213913,3.43405277681244
28.8,-5.89805981832114e-15,0.00259878428885807,0.371897009472637,3.43398594711546
28.9,7.61890550649014e-15,0.00203932813205482,0.371818027049108,3.43390939465983
29,2.02338146237935e-14,0.00159948520094561,0.371728935955177,3.43382303862106
29.1,3.12250225675825e-14,0.00125394902563697,0.3716297113414,3.43372685223772
29.2,4.04815070353948e-14,0.000982666215205708,0.37152036843365,3.43362084726468
29.3,4.81281681175005e-14,0.000769784626121373,0.371400950163886,3.43350506200441
29.4,5.44841949334796e-14,0.000602797118163301,0.37127151788769,3.43337955232738
29.5,5.97299987248334e-14,0.000471850572901111,0.371132144582883,3.4332443850945
29.6,6.42402797623731e-14,0.00036919195692936,0.370982909982246,3.43309963345183
29.7,6.76542155630955e-14,0.0002887264847517,0.370823897177523,3.43294537354935
29.8,7.04297731246584e-14,0.000225666538506142,0.370655190319697,3.43278168232059
29.9,7.26640969617165e-14,0.000176253574668606,0.370476873119288,3.43260863603648
30,7.45237205279636e-14,0.000137538338648047,0.370289027920098,3.432426309414
30.1,7.61196661258623e-14,0.000107207472908155,0.370091735175442,3.43223477511422
30.2,7.72854003017187e-14,8.34469716491371e-05,0.369885073198788,3.43203410350585
30.3,7.84095011141517e-14,6.48347258984106e-05,0.369669118097804,3.43182436260608
30.4,7.90340015655033e-14,5.02560767713933e-05,0.369443943824392,3.43160561813369
30.5,7.9283801746044e-14,3.88374809787706e-05,0.369209622294601,3.43137793362965
30.6,7.9658502016855e-14,2.98944354331088e-05,0.36896622354613,3.43114137061406
30.7,8.00748356510894e-14,2.28906221194092e-05,0.368713815911451,3.43089598875813
30.8,8.02413691047832e-14,1.74058599007321e-05,0.368452466192713,3.43064184605788
30.9,8.04356581340926e-14,1.3110975900843e-05,0.368182239829441,3.43037899900073
31,8.06438249512098e-14,9.74810638953993e-06,0.367903201054009,3.43010750272027
31.1,8.1004647434213e-14,7.11525685936909e-06,0.367615413032313,3.42982741113666
31.2,8.11434253122911e-14,5.05420220631159e-06,0.36731893798879,3.42953877708177
31.3,8.12683254025615e-14,3.44100556753935e-06,0.36701383731598,3.42924165240935
31.4,8.13654699172162e-14,2.1785897832971e-06,0.366700171669485,3.42893608809095
31.5,8.14903700074865e-14,1.19091753131295e-06,0.366378001049537,3.42862213429895
31.6,8.17679257636428e-14,4.18432043347572e-07,0.366047384870563,3.42829984047771
31.7,8.19899703685678e-14,-1.85514411388255e-07,0.36570838202014,3.42796925540459
31.8,8.20454815197991e-14,-6.57458583575021e-07,0.36536105090874,3.42763042724187
31.9,8.23924262149944e-14,-1.02601716162054e-06,0.365005449511466,3.42728340358089
32,8.2725493122382e-14,-1.31360388988533e-06,0.364641635403049,3.42692823147959
32.1,8.31140711810008e-14,-1.5377735801958e-06,0.364269665787011,3.4265649574944
32.2,8.32250934834633e-14,-1.71227597334234e-06,0.363889597520027,3.4261936277073
32.3,8.33777491493493e-14,-1.84788015966664e-06,0.363501487132143,3.42581428774898
32.4,8.35165270274274e-14,-1.95302074157411e-06,0.363105390843621,3.42542698281848
32.5,8.37802049957759e-14,-2.03430384648762e-06,0.362701364578923,3.42503175770016
32.6,8.40438829641244e-14,-2.09690351693492e-06,0.362289463978368,3.42462865677829
32.7,8.42520497812416e-14,-2.14487225547177e-06,0.361869744407843,3.42421772404967
32.8,8.43908276593197e-14,-2.18138390922773e-06,0.361442260966891,3.42379900313468
32.9,8.451572774959e-14,-2.20892447222454e-06,0.361007068495527,3.42337253728703
33,8.4890428020401e-14,-2.22944088273946e-06,0.36056422157993,3.42293836940233
33.1,8.5043083686287e-14,-2.24445803531648e-06,0.360113774557291,3.42249654202586
33.2,8.52928838668277e-14,-2.25517021751331e-06,0.359655781519919,3.42204709735945
33.3,8.53483950180589e-14,-2.26251292334556e-06,0.359190296318779,3.42159007726792
33.4,8.55704396229839e-14,-2.26721873319846e-06,0.35871737256653,3.42112552328486
33.5,8.59867732572184e-14,-2.26986144530317e-06,0.358237063640191,3.42065347661802
33.6,8.62088178621434e-14,-2.27089044269047e-06,0.35774942268349,3.42017397815441
33.7,8.63753513158372e-14,-2.27065771074564e-06,0.357254502608955,3.41968706846504
33.8,8.66806626476091e-14,-2.26943893216758e-06,0.356752356099799,3.41919278780942
33.9,8.68888294647263e-14,-2.26744998854667e-06,0.356243035611632,3.41869117613989
34,8.70692407062279e-14,-2.26485996734915e-06,0.35572659337405,3.41818227310574
34.1,8.71663852208826e-14,-2.26180131140952e-06,0.355203081392103,3.41766611805721
34.2,8.74439409770389e-14,-2.2583777307128e-06,0.354672551447679,3.41714275004928
34.3,8.74161854014233e-14,-2.25467044512317e-06,0.354135055100813,3.4166122078455
34.4,8.75965966429249e-14,-2.25074304860406e-06,0.353590643690942,3.41607452992159
34.5,8.79157857625046e-14,-2.24664537978869e-06,0.353039368338116,3.415529754469
34.6,8.81933415186609e-14,-2.24241645530032e-06,0.352481279944155,3.41497791939838
34.7,8.84431416992015e-14,-2.23808681659721e-06,0.351916429193792,3.41441906234304
34.8,8.86929418797422e-14,-2.2336803808809e-06,0.351344866555783,3.41385322066225
34.9,8.90953977261688e-14,-2.22921586584546e-06,0.350766642283992,3.41328043144459
35,8.95117313604032e-14,-2.22470793992402e-06,0.350181806418468,3.41270073151114
35.1,8.96366314506736e-14,-2.22016809425796e-06,0.349590408786501,3.41211415741869
35.2,8.99003094190221e-14,-2.21560531360465e-06,0.348992499003661,3.41152074546291
35.3,9.01362318117549e-14,-2.2110266244546e-06,0.348388126474837,3.41092053168141
35.4,9.06219543850284e-14,-2.20643752701921e-06,0.347777340395259,3.41031355185682
35.5,9.06635877484518e-14,-2.20184232302412e-06,0.347160189751519,3.40969984151983
35.6,9.08439989899534e-14,-2.1972443774998e-06,0.346536723322576,3.40907943595211
35.7,9.13019659876113e-14,-2.19264632339566e-06,0.345906989680757,3.40845237018933
35.8,9.15240105925363e-14,-2.18805021567903e-06,0.34527103719276,3.40781867902397
35.9,9.17182996218457e-14,-2.18345765701233e-06,0.344628914020641,3.40717839700828
36,9.21207554682724e-14,-2.17886989567484e-06,0.343980668122801,3.40653155845706
36.1,9.2301166709774e-14,-2.17428790499907e-06,0.343326347254966,3.40587819745046
36.2,9.26481114049693e-14,-2.16971243688358e-06,0.342665998971162,3.40521834783676
36.3,9.27868892830475e-14,-2.16514408191149e-06,0.341999670624691,3.40455204323512
36.4,9.31615895538584e-14,-2.16058328672553e-06,0.341327409369089,3.40387931703822
36.5,9.33697563709757e-14,-2.15603042141854e-06,0.340649262159094,3.403200202415
36.6,9.3647312127132e-14,-2.1514857416749e-06,0.339965275751601,3.40251473231326
36.7,9.39248678832882e-14,-2.14694946848448e-06,0.339275496706614,3.40182293946225
36.8,9.41746680638289e-14,-2.14242174662038e-06,0.338579971388188,3.4011248563753
36.9,9.4466101607793e-14,-2.13790269187886e-06,0.337878745965381,3.40042051535229
37,9.47714129395649e-14,-2.1333923868605e-06,0.337171866413182,3.39970994848225
37.1,9.5062846483529e-14,-2.12889088857526e-06,0.336459378513451,3.39899318764578
37.2,9.52710133006462e-14,-2.12439824126553e-06,0.335741327855844,3.39827026451756
37.3,9.55346912689947e-14,-2.11991447113258e-06,0.335017759838734,3.39754121056872
37.4,9.58400026007666e-14,-2.11543959144356e-06,0.334288719670133,3.39680605706932
37.5,9.60620472056917e-14,-2.11097361046964e-06,0.333554252368603,3.39606483509066
37.6,9.62008250837698e-14,-2.10651653220761e-06,0.332814402764162,3.39531757550766
37.7,9.64367474765027e-14,-2.10206834366788e-06,0.33206921549919,3.39456430900117
37.8,9.65477697789652e-14,-2.09762904207489e-06,0.331318735029326,3.39380506606027
37.9,9.67975699595058e-14,-2.09319860761115e-06,0.330563005624356,3.39303987698456
38,9.69085922619684e-14,-2.08877702589927e-06,0.329802071369105,3.39226877188634
38.1,9.71445146547012e-14,-2.08436427640013e-06,0.329035976164319,3.39149178069289
38.2,9.73388036840106e-14,-2.0799603360766e-06,0.328264763727538,3.39070893314865
38.3,9.75192149255122e-14,-2.07556518022622e-06,0.327488477593969,3.38992025881737
38.4,9.77690151060528e-14,-2.07117878692209e-06,0.326707161117352,3.38912578708424
38.5,9.79633041353623e-14,-2.06680112824209e-06,0.325920857470822,3.38832554715807
38.6,9.81853487402873e-14,-2.06243218270341e-06,0.325129609647759,3.38751956807331
38.7,9.83518821939811e-14,-2.05807192321661e-06,0.324333460462643,3.38670787869217
38.8,9.84629044964436e-14,-2.0537203249682e-06,0.323532452551893,3.38589050770665
38.9,9.86988268891764e-14,-2.04937736208999e-06,0.322726628374711,3.38506748364058
39,9.88098491916389e-14,-2.0450430197605e-06,0.321916030213896,3.38423883485157
39.1,9.89763826453327e-14,-2.04071730064426e-06,0.32110070017667,3.38340458953304
39.2,9.92678161892968e-14,-2.03640010498773e-06,0.320280680195617,3.38256477571624
39.3,9.95037385820297e-14,-2.03209146992789e-06,0.319456012029262,3.381719421272
39.4,9.95870053088765e-14,-2.0277913436173e-06,0.318626737263105,3.38086855391283
39.5,9.96702720357234e-14,-2.02349962996617e-06,0.317792897310379,3.38001220119476
39.6,9.9850683277225e-14,-2.01921642201119e-06,0.316954533412636,3.37915039051905
39.7,9.99478277918797e-14,-2.0149415556614e-06,0.316111686640947,3.37828314913436
39.8,1.00211505760228e-13,-2.01067508981412e-06,0.315264397896258,3.37741050413824
39.9,1.00294772487075e-13,-2.00641698105963e-06,0.31441270791046,3.37653248247915
40,1.00516817092e-13,-2.00216712992196e-06,0.313556657247123,3.37564911095826
40.1,1.00655594970078e-13,-1.99792564498091e-06,0.312696286302046,3.37476041623095
40.2,1.00724983909117e-13,-1.99369236347779e-06,0.31183163530442,3.37386642480899
40.3,1.00738861696925e-13,-1.98946734691896e-06,0.31096274431718,3.37296716306185
40.4,1.00877639575003e-13,-1.98525054923016e-06,0.310089653238026,3.37206265721865
40.5,1.01016417453081e-13,-1.98104186588388e-06,0.309212401800136,3.37115293336987
40.6,1.00988661877466e-13,-1.97684141056698e-06,0.308331029572685,3.37023801746874
40.7,1.01113561967736e-13,-1.97264900203553e-06,0.307445575961986,3.36931793533332
40.8,1.01224584270199e-13,-1.96846466504752e-06,0.306556080211835,3.36839271264775
40.9,1.01377239936085e-13,-1.96428838389329e-06,0.305662581404423,3.36746237496404
41,1.01349484360469e-13,-1.96012008812918e-06,0.304765118461063,3.36652694770366
41.1,1.01349484360469e-13,-1.95595977769969e-06,0.303863730142825,3.36558645615909
41.2,1.01474384450739e-13,-1.9518074191871e-06,0.302958455051298,3.36464092549535
41.3,1.01418873299508e-13,-1.94766298666771e-06,0.302049331629287,3.3636903807516
41.4,1.01516017814163e-13,-1.9435264562162e-06,0.301136398161496,3.36273484684263
41.5,1.01613162328817e-13,-1.93939780468444e-06,0.300219692775224,3.36177434856035
41.6,1.01543773389778e-13,-1.93527699782203e-06,0.299299253441073,3.36080891057532
41.7,1.01474384450739e-13,-1.93116399782589e-06,0.298375117973597,3.3598385574382
41.8,1.01627040116625e-13,-1.92705877521959e-06,0.297447324031998,3.35886331358119
41.9,1.01668673480049e-13,-1.92296129003511e-06,0.29651590912079,3.35788320331948
42,1.01738062419088e-13,-1.91887149492143e-06,0.295580910590459,3.35689825085266
42.1,1.01668673480049e-13,-1.91478936917289e-06,0.294642365638125,3.35590848026612
42.2,1.01543773389778e-13,-1.91071486449479e-06,0.293700311308191,3.35491391553247
42.3,1.01363362148277e-13,-1.90664795146622e-06,0.292754784492996,3.35391458051284
42.4,1.01238462058006e-13,-1.90258859855685e-06,0.291805821933453,3.35291049895829
42.5,1.01113561967736e-13,-1.89853677046159e-06,0.290853460219684,3.35190169451112
42.6,1.00919272938427e-13,-1.89449243748196e-06,0.289897735791662,3.3508881907062
42.7,1.00877639575003e-13,-1.89045556248102e-06,0.288938684939818,3.34987001097224
42.8,1.00558450455424e-13,-1.88642611415046e-06,0.287976343805684,3.34884717863312
42.9,1.00336405850499e-13,-1.88240405424311e-06,0.287010748382492,3.34781971690915
43,1.00267016911459e-13,-1.87838934040396e-06,0.286041934515789,3.34678764891828
43.1,9.99755833674953e-14,-1.87438194554357e-06,0.285069937904045,3.34575099767739
43.2,9.97535387625703e-14,-1.8703818192578e-06,0.284094794099246,3.34470978610349
43.3,9.96286386723e-14,-1.86638893040492e-06,0.283116538507494,3.34366403701491
43.4,9.93788384917593e-14,-1.86240324107079e-06,0.282135206389595,3.34261377313251
43.5,9.93649607039515e-14,-1.85842470712405e-06,0.281150832861638,3.34155901708084
43.6,9.89902604331405e-14,-1.8544533011422e-06,0.280163452895579,3.3404997913893
43.7,9.87543380404077e-14,-1.85048897682893e-06,0.279173101319815,3.33943611849327
43.8,9.8504537859867e-14,-1.84653170109961e-06,0.278179812819747,3.33836802073524
43.9,9.8129837589056e-14,-1.8425814345413e-06,0.27718362193835,3.33729552036594
44,9.78661596207075e-14,-1.83863813202345e-06,0.276184563076726,3.33621863954536
44.1,9.74220704108575e-14,-1.83470176373657e-06,0.275182670494664,3.33513740034391
44.2,9.6936347837584e-14,-1.83077227711159e-06,0.274177978311182,3.33405182474343
44.3,9.66171587180042e-14,-1.82684963789814e-06,0.273170520505073,3.33296193463821
44.4,9.60898027813073e-14,-1.82293380390774e-06,0.272160330915447,3.33186775183608
44.5,9.58677581763823e-14,-1.81902472512485e-06,0.271147443242259,3.33076929805935
44.6,9.53681578153009e-14,-1.81512237251713e-06,0.270131891046845,3.32966659494584
44.7,9.49101908176431e-14,-1.81122669112854e-06,0.269113707752437,3.32855966404983
44.8,9.4313445941907e-14,-1.80733764537644e-06,0.268092926644694,3.32744852684303
44.9,9.38138455808257e-14,-1.80345519179559e-06,0.267069580872207,3.3263332047155
45,9.32587340685131e-14,-1.79957927898267e-06,0.266043703447012,3.3252137189766
45.1,9.26897447683928e-14,-1.79570987540734e-06,0.265015327245102,3.32409009085586
45.2,9.20513665292333e-14,-1.79184692306045e-06,0.263984485006913,3.32296234150385
45.3,9.14546216534973e-14,-1.78799038402788e-06,0.262951209337838,3.32183049199312
45.4,9.08578767777612e-14,-1.78414021184681e-06,0.261915532708705,3.32069456331893
45.5,9.01917429629862e-14,-1.78029635022892e-06,0.260877487456269,3.31955457640019
45.6,8.95256091482111e-14,-1.77645876792143e-06,0.259837105783697,3.31841055208019
45.7,8.8859475333436e-14,-1.77262740169715e-06,0.258794419761043,3.3172625111274
45.8,8.82627304576999e-14,-1.76880221247622e-06,0.257749461325721,3.31611047423626
45.9,8.74716965526545e-14,-1.76498315090923e-06,0.256702262282978,3.3149544620279
46,8.66806626476091e-14,-1.76117015820987e-06,0.255652854306354,3.31379449505086
46.1,8.59173843181793e-14,-1.75736320062736e-06,0.254601268938153,3.31263059378182
46.2,8.51541059887495e-14,-1.75356221188139e-06,0.253547537589882,3.31146277862624
46.3,8.43214387202806e-14,-1.74976715006103e-06,0.252491691542722,3.31029106991902
46.4,8.34193825127727e-14,-1.74597796276377e-06,0.251433761947964,3.30911548792515
46.5,8.2350792851571e-14,-1.74219458703995e-06,0.250373779827454,3.30793605284031
46.6,8.15597589465256e-14,-1.73841698758448e-06,0.249311776074041,3.30675278479143
46.7,8.05050470731317e-14,-1.73464509251042e-06,0.248247781452001,3.30556570383725
46.8,7.95613575022003e-14,-1.7308788581305e-06,0.24718182659748,3.30437482996886
46.9,7.84511344775751e-14,-1.72711822826743e-06,0.246113942018912,3.30318018311016
47,7.7562956057875e-14,-1.72336313558619e-06,0.245044158097445,3.30198178311837
47.1,7.6438855245442e-14,-1.71961354311634e-06,0.243972505087372,3.30077964978444
47.2,7.53147544330091e-14,-1.71586937419699e-06,0.242899013116526,3.29957380283345
47.3,7.41351424693448e-14,-1.71213058192121e-06,0.241823712186711,3.298364261925
47.4,7.2997163869104e-14,-1.70839710683657e-06,0.2407466321741,3.29715104665352
47.5,7.17204073907851e-14,-1.70466887672305e-06,0.239667802829639,3.29593417654859
47.6,7.0304873034388e-14,-1.70094585238978e-06,0.23858725377946,3.2947136710752
47.7,6.90281165560691e-14,-1.6972279509031e-06,0.237505014525257,3.29348954963394
47.8,6.76542155630955e-14,-1.69351512269156e-06,0.236421114444699,3.29226183156124
47.9,6.61554144798515e-14,-1.68980730402835e-06,0.23533558279181,3.29103053612943
48,6.47815134868779e-14,-1.68610441680928e-06,0.234248448697354,3.28979568254689
48.1,6.33798569182886e-14,-1.68240642028916e-06,0.233159741169226,3.28855728995809
48.2,6.18949336228525e-14,-1.67871322492852e-06,0.23206948909282,3.28731537744352
48.3,6.01185767834522e-14,-1.67502477838033e-06,0.230977721231415,3.2860699640197
48.4,5.84809978221301e-14,-1.67134101181077e-06,0.22988446622654,3.28482106863902
48.5,5.68989300120393e-14,-1.66766184106493e-06,0.228789752598343,3.28356871018957
48.6,5.51503287482547e-14,-1.66398722295513e-06,0.22769360874597,3.28231290749491
48.7,5.33739719088544e-14,-1.66031706066994e-06,0.2265960629479,3.28105367931374
48.8,5.14449594035682e-14,-1.65665129808756e-06,0.225497143362334,3.27979104433952
48.9,4.97518692910148e-14,-1.65298986154472e-06,0.224396878027532,3.27852502120005
49,4.79061235125755e-14,-1.64933266022516e-06,0.223295294862168,3.27725562845689
49.1,4.59909887950971e-14,-1.64567964877627e-06,0.222192421665693,3.27598288460478
49.2,4.39648317751562e-14,-1.64203072244851e-06,0.221088286118654,3.27470680807088
49.3,4.20080636942544e-14,-1.63838582117881e-06,0.21998291578307,3.27342741721404
49.4,3.98847621596587e-14,-1.63474486503112e-06,0.218876338102748,3.27214473032381
49.5,3.78169717762944e-14,-1.63110775558417e-06,0.217768580403628,3.27085876561947
49.6,3.57908147563535e-14,-1.62747444443223e-06,0.21665966989413,3.2695695412489
49.7,3.3431590829025e-14,-1.62384481766642e-06,0.215549633665457,3.26827707528726
49.8,3.11833892041591e-14,-1.62021881155994e-06,0.214438498691957,3.26698138573569
49.9,2.87825319134072e-14,-1.61659634062561e-06,0.213326291831425,3.2656824905197
50,2.64926969251178e-14,-1.61297729905918e-06,0.212213039825431,3.26438040748749
50.1,2.40224506953268e-14,-1.60936163473568e-06,0.211098769299657,3.26307515440813
50.2,2.13856710118421e-14,-1.60574922442036e-06,0.209983506764183,3.26176674896946
50.3,1.89015469942433e-14,-1.60213999850223e-06,0.208867278613837,3.26045520877594
50.4,1.63341562497976e-14,-1.59853386327846e-06,0.207750111128485,3.25914055134614
50.5,1.37112543541207e-14,-1.59493070261973e-06,0.206632030473344,3.25782279411016
50.6,1.10189635194047e-14,-1.59133046262472e-06,0.205513062699308,3.2565019544067
50.7,8.29891710907305e-15,-1.587733009345e-06,0.204393233743224,3.25517804947989
50.8,5.62050406216485e-15,-1.58413826928383e-06,0.203272569428218,3.25385109647588
50.9,2.58126853225349e-15,-1.58054614368686e-06,0.202151095463985,3.25252111243911
51,-6.24500451351651e-16,-1.57695650848666e-06,0.201028837447082,3.2511881143082
51.1,-3.99680288865056e-15,-1.57336930101115e-06,0.199905820861244,3.24985211891159
51.2,-7.2997163869104e-15,-1.56978437487743e-06,0.198782071077646,3.24851314296267
51.3,-1.04916075827077e-14,-1.56620164892818e-06,0.19765761335523,3.24717120305459
51.4,-1.36557432028894e-14,-1.56262101241866e-06,0.196532472840975,3.24582631565455
51.5,-1.6528445279107e-14,-1.55904232745918e-06,0.195406674570179,3.2444784970976
51.6,-1.96787031114809e-14,-1.55546553681774e-06,0.19428024346677,3.24312776357999
51.7,-2.30926389122033e-14,-1.55189048450799e-06,0.193153204343555,3.24177413115167
51.8,-2.69784194983913e-14,-1.54831708443215e-06,0.192025581902519,3.24041761570846
51.9,-3.12805337188138e-14,-1.54474522040537e-06,0.190897400735093,3.23905823298323
52,-3.59434704222394e-14,-1.54117474637783e-06,0.189768685322439,3.23769599853648
52.1,-4.03427291573166e-14,-1.53760558679883e-06,0.18863946003575,3.23633092774599
52.2,-4.35762537165374e-14,-1.5340375635331e-06,0.187509749136466,3.23496303579549
52.3,-4.65599780952175e-14,-1.53047058265576e-06,0.186379576776617,3.23359233766246
52.4,-4.9960036108132e-14,-1.52690451343807e-06,0.185248966999052,3.23221884810452
52.5,-5.3776427755281e-14,-1.52333910719005e-06,0.184117943737691,3.23084258164471
52.6,-5.82450754293973e-14,-1.51977414875049e-06,0.182986530817807,3.22946355255531
52.7,-6.33937347060964e-14,-1.51620976857059e-06,0.181854751956339,3.22808177484023
52.8,-6.82648382266393e-14,-1.5126460490289e-06,0.180722630762106,3.22669726221549
52.9,-7.30249194447197e-14,-1.50908278562234e-06,0.179590190736052,3.22531002808794
53,-7.74519337554125e-14,-1.50551968630674e-06,0.178457455271535,3.22392008553177
53.1,-8.18789480661053e-14,-1.50195667819597e-06,0.177324447654596,3.22252744726274
53.2,-8.661127370857e-14,-1.49839323287937e-06,0.176191191064157,3.22113212560961
53.3,-9.16489106828067e-14,-1.49482962680247e-06,0.175057708572412,3.21973413248278
53.4,-9.67559365960824e-14,-1.49126521292731e-06,0.173924023144888,3.21833347933943
53.5,-1.01932351448397e-13,-1.48770031282996e-06,0.172790157640938,3.21693017714525
53.6,-1.07178155239751e-13,-1.48413467182529e-06,0.171656134813789,3.21552423633154
53.7,-1.12465592394528e-13,-1.4805687494901e-06,0.170521977310968,3.21411566674807
53.8,-1.18127729820117e-13,-1.47700112113069e-06,0.169387707674198,3.21270447760997
53.9,-1.23637211579819e-13,-1.47343145434631e-06,0.168253348340046,3.21129067743941
54,-1.29354860156639e-13,-1.46986028720653e-06,0.167118921640157,3.20987427399997
54.1,-1.35239042187152e-13,-1.46628771896529e-06,0.165984449801326,3.20845527422312
54.2,-1.41206490944512e-13,-1.46271349532601e-06,0.164849954945744,3.2070336841261
54.3,-1.47229450853104e-13,-1.45913732430003e-06,0.163715459091285,3.20560950871948
54.4,-1.5334955527635e-13,-1.45555905400885e-06,0.162580984151783,3.20418275190339
54.5,-1.59511293063019e-13,-1.4519785432876e-06,0.161446551937263,3.20275341635016
54.6,-1.66061608908308e-13,-1.44839566951216e-06,0.160312184154179,3.20132150337182
54.7,-1.72736824843867e-13,-1.44481008473862e-06,0.159177902405627,3.19988701276976
54.8,-1.79425918567233e-13,-1.44122168616034e-06,0.158043728191656,3.19844994266398
54.9,-1.86156645654023e-13,-1.4376302193142e-06,0.156909682909455,3.19701028929843
55,-1.93178806284777e-13,-1.434035379555e-06,0.155775787853599,3.19556804681856
55.1,-2.00117700188684e-13,-1.43043712391711e-06,0.154642064216356,3.19412320701647
55.2,-2.07472927726826e-13,-1.42683516135556e-06,0.153508533087835,3.19267575903769
55.3,-2.14647744023466e-13,-1.4232293601979e-06,0.152375215456297,3.19122568904314
55.4,-2.22197260590917e-13,-1.41962016614317e-06,0.151242132208472,3.18977297981793
55.5,-2.29663510431521e-13,-1.41600612885151e-06,0.150109304129364,3.18831761031643
55.6,-2.37324049301435e-13,-1.41238858641923e-06,0.148976751903313,3.18685955513302
55.7,-2.45289899503121e-13,-1.40876563353709e-06,0.147844496113176,3.18539878388093
55.8,-2.53186360765767e-13,-1.40513782248552e-06,0.14671255724157,3.18393526046389
55.9,-2.61290988845531e-13,-1.40150472155431e-06,0.145580955670504,3.18246894221484
56,-2.69589905954604e-13,-1.39786551789367e-06,0.144449711681729,3.18099977887497
56.1,-2.78221889971064e-13,-1.39422113637488e-06,0.143318845457357,3.17952771137695
56.2,-2.86839996199717e-13,-1.39056981501851e-06,0.142188377079295,3.17805267038615
56.3,-2.95666269245487e-13,-1.3869132401978e-06,0.141058326530619,3.17657457454465
56.4,-3.04700709108374e-13,-1.38324907955623e-06,0.139928713694421,3.17509332834108
56.5,-3.1387392684934e-13,-1.37957941559463e-06,0.138799558355638,3.17360881951546
56.6,-3.23310822558653e-13,-1.37590198051596e-06,0.137670880199627,3.17212091587067
56.7,-3.329836406607e-13,-1.37221771828733e-06,0.136542698813856,3.17062946133286
56.8,-3.42711969913978e-13,-1.36852591531289e-06,0.135415033687203,3.16913427104151
56.9,-3.52426421379448e-13,-1.3648259152288e-06,0.13428790421054,3.1676351251836
57,-3.62668228781615e-13,-1.36111847931497e-06,0.133161329677233,3.166131761181
57.1,-3.72785136093512e-13,-1.35740166617992e-06,0.13203532928258,3.16462386369657
57.2,-3.83235110312796e-13,-1.35367731396441e-06,0.130909922125341,3.16311105172127
57.3,-3.94059784802891e-13,-1.34994262596111e-06,0.1297851272063,3.16159286170016
57.4,-4.04884459292987e-13,-1.34620008701569e-06,0.128660963430508,3.16006872522078
57.5,-4.15986689539238e-13,-1.34244687222118e-06,0.127537449605384,3.15853793911724
57.6,-4.27324842178223e-13,-1.33868365148615e-06,0.126414604442755,3.15699962484105
57.7,-4.38746261544054e-13,-1.33491017278997e-06,0.125292446558201,3.15545267236826
57.8,-4.50334214363579e-13,-1.33112559730364e-06,0.124170994471372,3.15389566141577
57.9,-4.62144211788029e-13,-1.32733009761132e-06,0.123050266606578,3.15232674866802
58,-4.74092987090557e-13,-1.32352322845808e-06,0.121930281292684,3.15074350293243
58.1,-4.86569118329783e-13,-1.31970477401655e-06,0.120811056763564,3.14914265853821
58.2,-4.98934227266545e-13,-1.31587449697657e-06,0.119692611158283,3.14751973687116
58.3,-5.11701792049735e-13,-1.31203211772846e-06,0.118574962521352,3.14586844895869
58.4,-5.24635890286618e-13,-1.30817732157951e-06,0.117458128803,3.14417972311181
58.5,-5.37750399765002e-13,-1.30430958966699e-06,0.116342127859372,3.14244007001191
58.6,-5.51114709423928e-13,-1.30042866031133e-06,0.115226977452912,3.14062874277493
58.7,-5.64742697051202e-13,-1.29653400204877e-06,0.114112695252495,3.13871266437261
58.8,-5.78481706980938e-13,-1.29262500292437e-06,0.112999298833733,3.13663726657826
58.9,-5.92567661605869e-13,-1.28870150400973e-06,0.111886805679369,3.13431057021889
59,-6.07000560925997e-13,-1.28476279043221e-06,0.1107752331793,3.13158039791178
59.1,-6.21502849185163e-13,-1.28080859557178e-06,0.10966459863109,3.12822383173174
59.2,-6.36310448776101e-13,-1.27683849265869e-06,0.108554919240087,3.12401322065773
59.3,-6.51520504213465e-13,-1.27285199919003e-06,0.107446212119726,3.11888232970537
59.4,-6.66897093104524e-13,-1.26884883783207e-06,0.10633849429187,3.11299063616437
59.5,-6.82454093237084e-13,-1.26482844264864e-06,0.10523178268695,3.10657829660413
59.6,-6.98385793640455e-13,-1.26079048851091e-06,0.104126094144393,3.09983627237518
59.7,-7.14511783073135e-13,-1.25673444900665e-06,0.103021445412779,3.09288564680017
59.8,-7.30915328261972e-13,-1.25265972500399e-06,0.101917853150161,3.08579850560987
59.9,-7.47749084872851e-13,-1.24856604472035e-06,0.100815333924451,3.07861798964676
60,-7.64679985998384e-13,-1.2444526116262e-06,0.0997139042134885,3.07137070126792
60.1,-7.81930076243498e-13,-1.24031910586631e-06,0.098613580405587,3.06407365423751
60.2,-7.99485477820383e-13,-1.23616495195655e-06,0.0975143787996406,3.05673813056215
60.3,-8.17262924002193e-13,-1.2319894935886e-06,0.096416315605462,3.04937186624661
60.4,-8.35539970545085e-13,-1.2277924552051e-06,0.0953194069441972,3.04198032882827
60.5,-8.5398355054167e-13,-1.22357306792109e-06,0.0942236688484045,3.03456748899642
60.6,-8.72871219748106e-13,-1.21933096175475e-06,0.0931291172625858,3.02713630166879
60.7,-8.9189766683262e-13,-1.21506553268924e-06,0.09203576804333,3.01968901489492
60.8,-9.11409836490407e-13,-1.21077609099851e-06,0.0909436369596597,3.01222737362134
60.9,-9.31352217570236e-13,-1.20646229245791e-06,0.0898527396934564,3.0047527574258
61,-9.51488887679375e-13,-1.20212324367097e-06,0.088763091839543,2.9972662756959
61.1,-9.7190311354467e-13,-1.19775854484638e-06,0.0876747089062719,2.98976883473317
61.2,-9.92678161892968e-13,-1.19336749476728e-06,0.0865876063156424,2.98226118592476
61.3,-1.01382791051208e-12,-1.18894929496127e-06,0.0855017994036782,2.97474396090215
61.4,-1.03522745931173e-12,-1.18450361735745e-06,0.0844173034209009,2.96721769759024
61.5,-1.05694619723096e-12,-1.18002949267559e-06,0.0833341335323778,2.9596828597708
61.6,-1.07902575763319e-12,-1.17552648465358e-06,0.0822523048183589,2.9521398519669
61.7,-1.10150777388185e-12,-1.17099386071073e-06,0.0811718322744038,2.94458903089343
61.8,-1.12446163491597e-12,-1.16643077968659e-06,0.0800927308117709,2.9370307143646
61.9,-1.14780407400872e-12,-1.16183682657978e-06,0.0790150152579057,2.92946518829139
62,-1.17167386903816e-12,-1.15721093352228e-06,0.0779387003565101,2.92189271222607
62.1,-1.19561305300664e-12,-1.15255261479152e-06,0.0768638007682177,2.91431352379894
62.2,-1.22019061521428e-12,-1.14786102894948e-06,0.0757903310707104,2.90672784229046
62.3,-1.24494858866342e-12,-1.14313522209253e-06,0.0747183057591434,2.89913587153347
62.4,-1.27002575123214e-12,-1.13837480980594e-06,0.0736477392466918,2.8915378022869
62.5,-1.29563026973756e-12,-1.13357863190666e-06,0.0725786458645706,2.88393381418584
62.6,-1.32166499966502e-12,-1.12874615726399e-06,0.0715110398627793,2.87632407736094
62.7,-1.34832423004383e-12,-1.12387649503498e-06,0.070444935410225,2.86870875378332
62.8,-1.37558020529838e-12,-1.11896861537675e-06,0.0693803465951623,2.86108799839276
62.9,-1.40319700303593e-12,-1.11402198504917e-06,0.0683172874257526,2.85346196004839
63,-1.4310358453784e-12,-1.10903527217321e-06,0.0672557718301199,2.84583078232973
63.1,-1.459082854538e-12,-1.1040079084812e-06,0.066195813657155,2.8381946042224
63.2,-1.48728251936348e-12,-1.09893888500245e-06,0.0651374266766098,2.83055356069912
63.3,-1.51578749552073e-12,-1.09382844282191e-06,0.064080624579937,2.82290778322275
63.4,-1.54506962779521e-12,-1.08867837100846e-06,0.0630254209807915,2.81525740017767
63.5,-1.5754064719431e-12,-1.08348023081239e-06,0.061971829412455,2.80760253722114
63.6,-1.60670088344972e-12,-1.07823152201147e-06,0.0609198633323592,2.79994331763496
63.7,-1.6377454947758e-12,-1.0729378827623e-06,0.0598695361230823,2.79227986261109
63.8,-1.66891500619215e-12,-1.06759865114991e-06,0.05882086108912,2.78461229147214
63.9,-1.70101432939163e-12,-1.06221105594662e-06,0.0577738514583904,2.77694072189451
64,-1.73326630825699e-12,-1.05677352629785e-06,0.0567285203835273,2.76926527010439
64.1,-1.76601788748343e-12,-1.0512856559175e-06,0.055684880942322,2.76158605104552
64.2,-1.79951886725149e-12,-1.0457463831548e-06,0.0546429461377209,2.75390317852459
64.3,-1.83364434747091e-12,-1.04015517687905e-06,0.0536027288985982,2.74621676534557
64.4,-1.86829718362702e-12,-1.03451021415957e-06,0.0525642420797603,2.73852692342411
64.5,-1.90295001978313e-12,-1.02880967950414e-06,0.0515274984627603,2.73083376389534
64.6,-1.9382273563906e-12,-1.02305355875743e-06,0.0504925107568399,2.72313739721162
64.7,-1.97411531566161e-12,-1.01723889023297e-06,0.049459291598204,2.71543793321879
64.8,-2.01105798680601e-12,-1.0113650577015e-06,0.0484278535518796,2.70773548124268
64.9,-2.04844474716026e-12,-1.0054319272701e-06,0.0473982091117484,2.70003015015517
65,-2.08613681884628e-12,-9.99437850923712e-07,0.0463703707005415,2.69232204843335
65.1,-2.12459216886174e-12,-9.93384523972907e-07,0.0453443506716135,2.68461128422616
65.2,-2.07849243830105e-07,-9.87262457174953e-07,0.044320655913556,2.67690076874799
65.3,-5.80952721319916e-06,-9.80841571629476e-07,0.043320902279123,2.66931533039714
65.4,-2.10209750274859e-05,-9.72431197454604e-07,0.0423834487024407,2.66207978520254
65.5,-4.39098791953502e-05,-9.59345238027431e-07,0.0415280428083269,2.65531283467544
65.6,-7.02542914162718e-05,-9.39585260983922e-07,0.040760662833863,2.64905300911522
65.7,-9.57248795486892e-05,-9.12450958345801e-07,0.040078957293659,2.64328940856954
65.8,-0.000116917739586248,-8.78415795269039e-07,0.0394758444732673,2.63798239888571
65.9,-0.000131989930742898,-8.38751582354913e-07,0.0389418924077194,2.63307756335396
66,-0.000139750141716882,-7.9513832951239e-07,0.0384668646812127,2.62851494812999
66.1,-0.000140262518765227,-7.49350729134513e-07,0.0380406909508913,2.62423499208338
66.2,-0.000134320880855021,-7.03042514538232e-07,0.0376540404399737,2.62018211948977
66.3,-0.00012314610005916,-6.57619752097993e-07,0.0372986232626876,2.61630669735891
66.4,-0.000108138559971618,-6.141837047835e-07,0.0369673087348469,2.61256587062861
66.5,-9.06906515505262e-05,-5.73522791535996e-07,0.0366541247379458,2.60892365257276
66.6,-7.20605590903006e-05,-5.36135856099573e-07,0.0363541842145065,2.60535054772115
66.7,-5.3300145802182e-05,-5.02272812841209e-07,0.0360635715167156,2.60182290826257
66.8,-3.52258637628389e-05,-4.71982565364293e-07,0.0357792112716249,2.59832216590138
66.9,-1.84207413675558e-05,-4.4516136604722e-07,0.0354987348620913,2.59483403569555
67,-3.25646262128165e-06,-4.21597383948313e-07,0.0352203539924205,2.59134775382934
67.1,1.00735413275793e-05,-4.01009203787606e-07,0.034942746699036,2.58785538551625
67.2,2.15168854998532e-05,-3.83077333743209e-07,0.0346649583124581,2.58435122098966
67.3,3.11256784174818e-05,-3.67468733275533e-07,0.0343863179012827,2.5808312646692
67.4,3.90235868947958e-05,-3.53854921364416e-07,0.0341063695279713,2.57729281457997
67.5,4.53780489327316e-05,-3.41924528357573e-07,0.0338248169167777,2.57373412411853
67.6,5.03781695430083e-05,-3.31391259655867e-07,0.033541479835712,2.57015413606904
67.7,5.42180928574942e-05,-3.21998247898581e-07,0.0332562603556376,2.56655227767119
67.8,5.70852770550578e-05,-3.13519677941354e-07,0.0329691172548662,2.5629283060547
67.9,5.9152882573868e-05,-3.05760456065229e-07,0.0326800469791924,2.55928219415377
68,6.05754347577647e-05,-2.98554563959996e-07,0.0323890697716484,2.55561404844843
68.1,6.14869609054658e-05,-2.91762598469969e-07,0.0320962197984841,2.55192405119502
68.2,6.20008979335257e-05,-2.85268890565238e-07,0.0318015383069324,2.54821242111678
68.3,6.22111808540327e-05,-2.78978480650061e-07,0.0315050690355581,2.5444793876926
68.4,6.21940471155213e-05,-2.7281414960445e-07,0.0312068552649158,2.54072517523859
68.5,6.20102031232e-05,-2.66713635233007e-07,0.0309069380353935,2.53694999385728
68.6,6.17070985954732e-05,-2.60627101511535e-07,0.0306053551699572,2.53315403503221
68.7,6.13211381923356e-05,-2.54514906317116e-07,0.0303021408414343,2.52933747028295
68.8,6.08797197624439e-05,-2.48345668640848e-07,0.0299973254833089,2.52550045167386
68.9,6.04030455687715e-05,-2.42094626012879e-07,0.0296909359098266,2.52164311338441
69,5.9905677809266e-05,-2.3574226387657e-07,0.0293829955514756,2.51776557379375
69.1,5.93978395008049e-05,-2.29273186769241e-07,0.0290735247395743,2.51386793770706
69.2,5.88864828575814e-05,-2.22675197447675e-07,0.0287625409994924,2.50995029850728
69.3,5.83761469732103e-05,-2.15938553926875e-07,0.0284500593305926,2.50601274012165
69.4,5.78696259004308e-05,-2.09055383504353e-07,0.0281360924580625,2.50205533873316
69.5,5.73684772665756e-05,-2.02019227735217e-07,0.0278206510487925,2.49807816420923
69.6,5.68734200270815e-05,-1.94824672117289e-07,0.0275037438947947,2.49408128129116
69.7,5.63846195203027e-05,-1.87467070700276e-07,0.0271853780632474,2.49006475054115
69.8,5.59018961848595e-05,-1.79942329037175e-07,0.0268655590181343,2.48602862909283
69.9,5.54248688682396e-05,-1.72246745755444e-07,0.0265442907154026,2.48197297122167
70,5.49530546996163e-05,-1.64376890987583e-07,0.0262215756775632,2.47789782877906
70.1,5.44859361630151e-05,-1.56329513445463e-07,0.0258974150523555,2.47380325152154
70.2,5.40230017836568e-05,-1.48101471642015e-07,0.0255718086577399,2.46968928735057
70.3,5.35637700791736e-05,-1.39689677713939e-07,0.0252447550165294,2.46555598248577
70.4,5.31077999281759e-05,-1.31091066501998e-07,0.024916251382528,2.46140338158379
70.5,5.26546942656025e-05,-1.22302569682819e-07,0.0245862937614215,2.45723152782358
70.6,5.22041001832091e-05,-1.13321094730168e-07,0.0242548769280552,2.4530404629681
70.7,5.17557058128809e-05,-1.04143510315513e-07,0.0239219944408111,2.44883022740689
70.8,5.13092352694838e-05,-9.47666409234493e-08,0.023587638653945,2.44460086018453
70.9,5.0864443735088e-05,-8.51872458129677e-08,0.0232518007292262,2.44035239902315
71,5.04211122481779e-05,-7.54019933713046e-08,0.0229144706469459,2.436084880339
71.1,4.9979042668985e-05,-6.5407491534053e-08,0.0225756372164078,2.43179833925458
71.2,4.95380540633389e-05,-5.52002802356455e-08,0.0222352880873276,2.42749280961325
71.3,4.90979796296254e-05,-4.47768236933044e-08,0.0218934097616145,2.42316832399388
71.4,4.86586639490832e-05,-3.41335041897928e-08,0.021549987605647,2.41882491372591
71.5,4.82199608970862e-05,-2.32666165222994e-08,0.0212050058631206,2.4144626089051
71.6,4.77817317533213e-05,-1.21724512136545e-08,0.0208584476690047,2.41008143841334
71.7,4.73438441653262e-05,-8.470463219723e-10,0.0205102950629055,2.40568142993096
71.8,4.69061711729779e-05,1.07135671445491e-08,0.0201605290053133,2.40126260996501
71.9,4.64685905604695e-05,2.25134182407771e-08,0.0198091293936401,2.39682500387192
72,4.60309853857893e-05,3.45568280102349e-08,0.0194560750778356,2.3923686358752
72.1,4.55932426985245e-05,4.68479924853327e-08,0.0191013438804803,2.38789352910668
72.2,4.51552536784167e-05,5.93912591329016e-08,0.018744912614078,2.38339970562732
72.3,4.47169146401277e-05,7.21911768697403e-08,0.0183867571003134,2.37888718645775
72.4,4.42781247621399e-05,8.52522434868774e-08,0.0180268521920854,2.37435599162024
72.5,4.38387880053875e-05,9.85791502317035e-08,0.0176651717935639,2.36980614016779
72.6,4.33988127677004e-05,1.12176716970946e-07,0.0173016888829375,2.36523765022513
72.7,4.29581099189308e-05,1.26049614967982e-07,0.0169363755374445,2.3606505390386
72.8,4.25165995293075e-05,1.40203186893562e-07,0.0165692029527515,2.35604482299562
72.9,4.20742018948234e-05,1.54642318728193e-07,0.0162001414751808,2.35142051770606
73,4.16308477220045e-05,1.69372641245502e-07,0.0158291606206581,2.34677763801565
73.1,4.11864684530389e-05,1.84399373603927e-07,0.0154562291092457,2.34211619809421
73.2,4.07410035650341e-05,1.99728190597437e-07,0.0150813148882422,2.33743621146552
73.3,4.02943969553954e-05,2.15364748978875e-07,0.0147043851645053,2.33273769108141
73.4,3.98465958325739e-05,2.31314647380909e-07,0.0143254064355677,2.32802064938559
73.5,3.93975588838941e-05,2.4758411565351e-07,0.0139443445164131,2.32328509836017
73.6,3.89472401647745e-05,2.6417863407957e-07,0.0135611645818873,2.31853104963624
73.7,3.84956136287445e-05,2.81105047794661e-07,0.0131758311858619,2.31375851450649
73.8,3.80426436517589e-05,2.9836901427327e-07,0.0127883083140711,2.30896750407757
73.9,3.75883159270535e-05,3.15977659093303e-07,0.0123985594016425,2.30415802927557
74,3.71326053775906e-05,3.33936765795073e-07,0.0120065473900166,2.29933010101274
74.1,3.6672337568544e-05,3.52068419418039e-07,0.011612234880705,2.29448372953106
74.2,3.6213040000746e-05,3.70566124674454e-07,0.0112155836123138,2.2896189269528
74.3,3.57541008316614e-05,3.89520816046485e-07,0.0108165555499613,2.28473570550586
74.4,3.52933696046026e-05,4.09016793267991e-07,0.0104151123648101,2.27983407719589
74.5,3.48314386124787e-05,4.28874853519723e-07,0.0100112147657851,2.27491405341405
74.6,3.43681831692366e-05,4.49114319067689e-07,0.00960482353850284,2.2699756468033
74.7,3.39034225343843e-05,4.69768437261209e-07,0.00919589927843162,2.26501887070729
74.8,3.34373202859062e-05,4.9082556846658e-07,0.00878440232264938,2.26004373915708
74.9,3.29698170242892e-05,5.12309022704382e-07,0.00837029296189751,2.25505026720273
75,3.25010166228046e-05,5.3422129059344e-07,0.00795353137723764,2.25003847091696
75.1,3.2031051137818e-05,5.56562159859109e-07,0.00753407772711648,2.24500836758169
75.2,3.1560015052931e-05,5.79337934791813e-07,0.00711189221382186,2.23995997584306
75.3,3.1087978490843e-05,6.02559539930603e-07,0.00668693512988799,2.2348933158503
75.4,3.06150167629776e-05,6.26234048450858e-07,0.00625916691137321,2.2298084094592
75.5,3.01412173189242e-05,6.50374370525508e-07,0.00582854816671663,2.2247052802376
75.6,2.96666742764795e-05,6.74990089877259e-07,0.00539503975417926,2.21958395377257
75.7,2.91914849748359e-05,7.00090756200478e-07,0.00495860283209659,2.21444445780014
75.8,2.87157645996322e-05,7.25692102687692e-07,0.00451919889419852,2.20928682226714
75.9,2.82396212489405e-05,7.51802274823188e-07,0.00407678987022747,2.20411107975748
76,2.77631622479513e-05,7.78427606151766e-07,0.00363133816656566,2.19891726557372
76.1,2.72864802455114e-05,8.05579223328579e-07,0.00318280668863288,2.1937054177275
76.2,2.68094282754455e-05,8.33271023903404e-07,0.00273115982026062,2.18847558063726
76.3,2.61660924608109e-05,2.62007115503504e-07,0.00227705376263376,2.18323117911714
76.4,2.40100136249394e-05,-4.57310393336963e-06,0.00182662090726765,2.17800023583
76.5,1.91124679466276e-05,-1.58492523633647e-05,0.00138716907599434,2.172813408961
76.6,1.10088102208555e-05,-3.35788394951186e-05,0.000963986131070682,2.16769122510853
76.7,-2.4939088058562e-07,-5.67677074215234e-05,0.000560940334263793,2.16264786222643
76.8,-1.42813919841722e-05,-8.40392711266569e-05,0.000180897455047846,2.15769354343925
76.9,-3.05158566722835e-05,-0.000113961098449078,-0.000174012771549603,2.15283596891891
77,-4.8290979287352e-05,-0.000145204691357925,-0.000502223056471324,2.14808116795625
77.1,-6.69245530569851e-05,-0.000176613433480133,-0.000802614259095946,2.14343399491231
77.2,-8.57610900261846e-05,-0.000207221585064143,-0.0010744389536442,2.13889840740597
77.3,-0.000104201817900496,-0.00023624862311411,-0.00131726897869791,2.13447761333022
77.4,-0.000121722187517159,-0.000263082414024729,-0.00153095797753836,2.13017414093525
77.5,-0.000137880457353648,-0.000287258475081875,-0.00171561314404556,2.12598986578598
77.6,-0.000152320098100983,-0.000308439070338673,-0.00187157245395914,2.12192601574516
77.7,-0.000164768038809548,-0.000326393866296348,-0.00199938505496541,2.1179831667772
77.8,-0.000175030178333146,-0.000340982861121275,-0.00209979339489777,2.11416123737987
77.9,-0.00018298524713771,-0.000352141696500941,-0.0021737162249435,2.11045948618179
78,-0.000186015560036737,-0.000359218692523255,-0.00221733133153579,2.10689884183341
78.1,-0.000185207310068422,-0.000360058068732017,-0.00221686279088648,2.10354287779928
78.2,-0.000176448249014388,-0.000353893159333596,-0.00216897319622403,2.10040578977857
78.3,-0.000162978243735679,-0.000341509367018877,-0.00208029664923126,2.09746110804324
78.4,-0.000146973839090694,-0.000323810163276372,-0.00195773143228944,2.09468118936054
78.5,-0.000129861708368387,-0.000301727276987018,-0.00180804700192003,2.09203873952482
78.6,-0.000112558734753784,-0.00027619133254364,-0.00163776728388573,2.08950730170544
78.7,-9.56401613204927e-05,-0.000248106701501605,-0.00145305838665,2.08706173311145
78.8,-7.94566678996717e-05,-0.00021833213180783,-0.00125963816703978,2.08467859595413
78.9,-6.42146703789953e-05,-0.000187665996601527,-0.00106270683982834,2.08233646364102
79,-5.00299282893829e-05,-0.000156835326210136,-0.000866897456349602,2.08001614554057
79.1,-3.69623964217441e-05,-0.000126487999650815,-0.000676244718097296,2.07770083574877
79.2,-2.50380587071691e-05,-9.71876675653349e-05,-0.00049417052272957,2.0753761920404
79.3,-1.42619025903928e-05,-6.94111264712971e-05,-0.000323484722721507,2.07303035109535
79.4,-4.62528020801767e-06,-4.35478220104368e-05,-0.000166399016529928,2.07065388847127
79.5,3.890344275434e-06,-1.99012764751649e-05,-2.45522621871164e-05,2.06823973035017
79.6,1.13117192397094e-05,1.30778851964442e-06,0.00010095468364768,2.06578302479417
79.7,1.76731970912558e-05,1.99368910822617e-05,0.000209516598918574,2.06328098065408
79.8,2.30165712467728e-05,3.59160178009521e-05,0.000300975791768548,2.06073268137092
79.9,2.73909613237172e-05,4.92408912148301e-05,0.000375570043068929,2.05813888086359
80,3.08525344952376e-05,5.99654717592935e-05,0.000433878018169298,2.05550178723619
80.1,3.34639801601866e-05,6.81941995072655e-05,0.00047676482631942,2.05282484510564
80.2,3.52937159513039e-05,7.40737972803607e-05,0.000505327203260297,2.05011251448912
80.3,3.64148335528364e-05,7.77849226658578e-05,0.000520839903065229,2.0473700525837
80.4,3.69038912942515e-05,7.9534410262927e-05,0.000524706582153145,2.04460331200229
80.5,3.68395708188196e-05,7.95475072289942e-05,0.000518412610632818,2.04181854505252
80.6,3.63012930879453e-05,7.8060735466734e-05,0.000503482600832106,2.03902222565555
80.7,3.53678575600452e-05,7.5315365403783e-05,0.000481442498759727,2.03622088851647
80.8,3.41161428354525e-05,7.15515164357305e-05,0.000453786197817163,2.03342098557877
80.9,3.2619925814853e-05,6.70030208542172e-05,0.000421947183591231,2.0306287621814
81,3.0948846204637e-05,6.18930545461249e-05,0.000387275043189556,2.02785015250854
81.1,2.91675390794305e-05,5.64305376148933e-05,0.000351016743353472,2.02509069425382
81.2,2.73349435621628e-05,5.08072745168398e-05,0.00031430239260094,2.02235546160625
81.3,2.55038007109659e-05,4.51958704215105e-05,0.000278135462695922,2.01964901674273
81.4,2.37203254202095e-05,3.97482947384065e-05,0.000243386820869718,2.01697537739086
81.5,2.20240466996119e-05,3.45950725397781e-05,0.000210792330496173,2.01433799966812
81.6,2.04478054312701e-05,2.98450592181587e-05,0.000180953677762163,2.01173977496484
81.7,1.90178886989023e-05,2.55857025779904e-05,0.000154341904157362,2.00918303884422
81.8,1.77542837477146e-05,2.1883735673689e-05,0.000131303272535771,2.00666959051395
81.9,1.66710320380209e-05,1.8786230832013e-05,0.000112067049920617,2.00420072119473
82,1.57766643124752e-05,1.63219477269383e-05,9.67548137896512e-05,2.0017772497821
82.1,1.50746962633008e-05,1.45029037453837e-05,8.5390876470165e-05,1.99939956409576
82.2,1.45641678697822e-05,1.33261110637495e-05,7.79134932661629e-05,1.99706766629296
82.3,1.42402134543224e-05,1.27754485337306e-05,7.41866045804729e-05,1.99478122135389
82.4,1.40946289765992e-05,1.28234892148305e-05,7.40114276705506e-05,1.99253960569709
82.5,1.4116455285193e-05,1.34334579658946e-05,7.71383164459294e-05,1.99034195759171
82.6,1.42925463489652e-05,1.45611530799616e-05,8.32782452450942e-05,1.98818722657973
82.7,1.46080976378554e-05,1.61566799952717e-05,9.21134097042753e-05,1.98607421967024
82.8,1.50471644385919e-05,1.8166236256667e-05,0.000103307580801126,1.9840016469077
82.9,1.55931302149859e-05,2.05336878721374e-05,0.000116515376598958,1.98196816267381
83,1.62291314913382e-05,2.32020063691274e-05,0.00013139060547665,1.97997240326596
83.1,1.6938443239814e-05,2.61145997985657e-05,0.000147593762780146,1.97801302104357
83.2,1.77048120216933e-05,2.92164515511839e-05,0.00016479842184311,1.97608871394155
83.3,1.85127402973356e-05,3.24550968952564e-05,0.000182696598601179,1.97419825061829
83.4,1.93477219140314e-05,3.57814345329777e-05,0.000201003097864971,1.97234049120568
83.5,2.01964288866346e-05,3.9150369151808e-05,0.000219458851610066,1.97051440364646
83.6,2.10468516751855e-05,4.25212939550446e-05,0.0002378333033905,1.9687190758007
83.7,2.18883953137239e-05,4.5858419728817e-05,0.000255925896662429,1.96695372352726
83.8,2.27119339576559e-05,4.9130957860577e-05,0.000273566728725361,1.96521769496781
83.9,2.35098289768365e-05,5.23131803569776e-05,0.000290616485469519,1.96351047151051
84,2.42759125901604e-05,5.5384357075916e-05,0.000306965702893403,1.96183166560584
84.1,2.50054420998097e-05,5.83285914587117e-05,0.000322533468098518,1.96018101591265
84.2,2.56950289417857e-05,6.11345692980714e-05,0.00033726565018205,1.95855838016131
84.3,2.63425464779726e-05,6.37952333374381e-05,0.000351132746430921,1.95696372610219
84.4,2.69470211561734e-05,6.6307401447141e-05,0.000364127440466155,1.9553971209682
84.5,2.75085112520362e-05,6.86713434182584e-05,0.000376261958618118,1.95385871983796
84.6,2.8027976857567e-05,7.0890328242923e-05,0.000387565299946324,1.95234875324195
84.7,2.85071450211033e-05,7.29701556406726e-05,0.000398080418008095,1.95086751437419
84.8,2.89483735446266e-05,7.49186863632234e-05,0.00040786142163049,1.94941534622331
84.9,2.93545163780329e-05,7.67453787449135e-05,0.000416970851751103,1.94799262889898
85,2.97287934463569e-05,7.84608421922628e-05,0.000425477087852483,1.94659976741447
85.1,3.00746672393798e-05,8.00764186829062e-05,0.000433451924903488,1.94523718012788
85.2,3.03957280644862e-05,8.16037950581161e-05,0.000440968355179094,1.94390528802423
85.3,3.06955896596378e-05,8.30546498922224e-05,0.000448098584052758,1.94260450499609
85.4,3.09777961203656e-05,8.44403451754627e-05,0.00045491229177036,1.94133522919207
85.5,3.12457410711064e-05,8.57716605263681e-05,0.000461475156611657,1.94009783553214
85.6,3.15025996697055e-05,8.70585724206396e-05,0.000467847645675534,1.9388926694391
85.7,3.17512734600706e-05,8.83100797865466e-05,0.000474084067775049,1.93772004178068
85.8,3.19943475156348e-05,8.95340705193703e-05,0.000480231873813519,1.93658022497365
85.9,3.22340598795517e-05,9.07372310406385e-05,0.00048633120108818,1.93547345025033
86,3.24722830178925e-05,9.19249998609373e-05,0.000492414651690948,1.93439990605681
86.1,3.27105157120061e-05,9.31015549980319e-05,0.000498507270572685,1.93335973743656
86.2,3.29424074001633e-05,9.42698330876901e-05,0.000504626707967193,1.93235304633972
86.3,3.31153578837923e-05,9.54315784712501e-05,0.00051078354103562,1.93137989274722
86.4,3.328860491289e-05,9.65874175502535e-05,0.000516981727574278,1.93044029648457
86.5,3.34622584611394e-05,9.77369501617975e-05,0.000523219178175161,1.9295342396765
86.6,3.36361687384573e-05,9.88788590073342e-05,0.000529488408350404,1.9286616696546
86.7,3.38099579868245e-05,0.00010001103412105,0.000535777247264446,1.92782250220207
86.8,3.39830566844501e-05,0.00010113074785667,0.000542069625786901,1.92701662524683
86.9,3.41547343931242e-05,0.000102234672564039,0.000548346265307614,1.92624390219316
87,3.43241362204677e-05,0.000103319048115225,0.000554585460476154,1.92550417571823
87.1,3.44903194150065e-05,0.000104379865258575,0.000560763855551066,1.9247972715985
87.2,3.46522871520066e-05,0.00010541299983019,0.000566857160453488,1.9241230023214
87.3,3.48090175371352e-05,0.000106414275387989,0.000572840770958039,1.92348117029219
87.4,3.49594915479978e-05,0.000107379555088993,0.000578690357427691,1.92287157091728
87.5,3.51027227771528e-05,0.000108304916376312,0.000584382466108285,1.92229399579889
87.6,3.52377752296934e-05,0.000109186647885284,0.0005898949011231,1.92174823487443
87.7,3.53637831461001e-05,0.000110021334857713,0.000595207124143904,1.92123407867608
87.8,3.54799656854116e-05,0.000110805906909817,0.000600300552850985,1.92075132009522
87.9,3.55856402952381e-05,0.000111537707851328,0.000605158815921297,1.92029975597217
88,3.56802305636894e-05,0.000112214514720543,0.000609767903034686,1.91987918816104
88.1,3.57632707459615e-05,0.000112834543515294,0.000614116243654095,1.91948942424827
88.2,3.583440737355e-05,0.000113396445837688,0.000618194724383042,1.91913027796292
88.3,3.58933985866866e-05,0.000113899303874065,0.000621996657421547,1.91880156933964
88.4,3.59401112510066e-05,0.000114342620822772,0.000625517702247225,1.9185031246419
88.5,3.59745158445696e-05,0.00011472630228726,0.000628755741924003,1.91823477604892
88.6,3.59966793668509e-05,0.000115050626592894,0.000631710720298412,1.91799636113434
88.7,3.60067569041278e-05,0.000115316209925331,0.000634384453049724,1.91778772220147
88.8,3.6004982181273e-05,0.000115523967333497,0.000636780419490973,1.91760870550798
88.9,3.59916575710661e-05,0.000115675074083499,0.00063890354468471,1.91745916042822
89,3.59671429354114e-05,0.000115770907103241,0.000640759952228842,1.91733893849423
89.1,3.59318471917919e-05,0.000115813059088588,0.000642356800045402,1.91724789269682
89.2,3.58862166432439e-05,0.000115803265619441,0.00064370202035785,1.91718587646895
89.3,3.58307253852663e-05,0.000115743374088595,0.000644804120532805,1.91715274287616
89.4,3.57658659477927e-05,0.000115635305125816,0.000645671986519908,1.91714834383556
89.5,3.56921408866256e-05,0.000115481025293795,0.000646314710020274,1.91717252942785
89.6,3.56100541366589e-05,0.00011528248239473,0.000646741408567852,1.91722514722752
89.7,3.552010595953e-05,0.000115041630695756,0.000646961131266249,1.91730604193477
89.8,3.54227871840057e-05,0.000114760409727077,0.000646982743609137,1.91741505497936
89.9,3.53185740800677e-05,0.000114440719303444,0.000646814823399844,1.91755202418511
90,3.52079246304787e-05,0.000114084400608783,0.000646465589536072,1.91771678358468
90.1,3.50912760337801e-05,0.0001136932291953,0.000645942858065018,1.91790916336511
90.2,3.49690429844868e-05,0.000113268911377196,0.000645254014633001,1.91812898989888
90.3,3.48416165873722e-05,0.000112813094225062,0.000644405997187181,1.91837608580626
90.4,3.47093640086643e-05,0.000112327324165218,0.000643405298697414,1.91865027018979
90.5,3.45726290118392e-05,0.000111813076192901,0.000642257980551009,1.91895135883533
90.6,3.44317327327648e-05,0.000111271770078858,0.000640969694671645,1.91927916448115
90.7,3.42869749511421e-05,0.000110704742736778,0.00063954571757241,1.91963349718988
90.8,3.39164457988789e-05,0.000108984979787063,0.000640099252732701,1.92002631986538
90.9,3.25156681218325e-05,0.000103085726679664,0.000655775232396627,1.92053144772972
91,3.05322373200245e-05,9.54835262194642e-05,0.000688903375219568,1.92116067235607
91.1,2.83649897192678e-05,8.78070487288496e-05,0.000739015985061514,1.9219107523425
91.2,2.62500206724692e-05,8.08204209117314e-05,0.000805969563984266,1.92278067880202
91.3,2.43168106788816e-05,7.48210231080737e-05,0.00088976724771872,1.92377047352828
91.4,2.26255280971061e-05,6.98626294872162e-05,0.000990482429385542,1.92488064670454
91.5,2.11927927619149e-05,6.58800622762579e-05,0.00110822157861473,1.92611192943617
91.6,2.00094286421093e-05,6.2758193729473e-05,0.00124310420898288,1.92746513004273
91.7,1.90523268177728e-05,6.03684307677321e-05,0.00139525224092546,1.92894105819518
91.8,1.82921396903457e-05,5.8586980061448e-05,0.00156478456220449,1.93054048643161
91.9,1.76980757656542e-05,5.73030078346304e-05,0.00175181447987688,1.93226413235291
92,1.72407772192212e-05,5.64214860324097e-05,0.00195644870999667,1.93411265174137
92.1,1.68937754643772e-05,5.58629544161748e-05,0.00217878727482426,1.93608663806586
92.2,1.6634135465779e-05,5.55621678314244e-05,0.00241892373862729,1.93818662431958
92.3,1.64425762746029e-05,5.54662267311379e-05,0.00267694560763176,1.94041308596947
92.4,1.63032702679838e-05,5.5532586049456e-05,0.00295293477427064,1.94276644417975
92.5,1.62034716219561e-05,5.57272370066419e-05,0.00324696791956969,1.94524706870896
92.6,1.6133095283713e-05,5.60231164986047e-05,0.00355911685198204,1.94785528034965
92.7,1.60842870616795e-05,5.63987559735191e-05,0.00388944877711866,1.95059135287944
92.8,1.60510183377094e-05,5.68371471553197e-05,0.00423802650198268,1.95345551455905
92.9,1.60287244779511e-05,5.73248301070084e-05,0.00460490857441448,1.95644794918611
93,1.60139972131129e-05,5.78511652550295e-05,0.00499014936649789,1.95956879677334
93.1,1.60043269015753e-05,5.8407735212207e-05,0.00539379911471086,1.96281815394542
93.2,1.59974194778728e-05,5.89878711597103e-05,0.00581590391990316,1.96619607407746
93.3,1.59924275464213e-05,5.95862866222263e-05,0.00625650571769831,1.96970256724939
93.4,1.59887484385696e-05,6.01987783675484e-05,0.00671564221994153,1.97333760002525
93.5,1.59856431116295e-05,6.08219770080742e-05,0.0071933468417876,1.97710109516096
93.6,1.59825004422548e-05,6.145177548178e-05,0.00768964920379195,1.98099293531127
93.7,1.59788353201323e-05,6.20888557387178e-05,0.00820457525346432,1.98501295771803
93.8,1.59743399888168e-05,6.27301264281011e-05,0.0087381476152858,1.98916096452308
93.9,1.59690989377792e-05,6.33741087647799e-05,0.00929038156109013,1.99343669877551
94,1.59631761066786e-05,6.40196904503898e-05,0.00986128741568337,1.99783985666467
94.1,1.59566138924899e-05,6.46657273370987e-05,0.0104508706525404,2.00237008855211
94.2,1.59494406598293e-05,6.53111265798145e-05,0.0110591316482646,2.00702699766953
94.3,1.5941642770273e-05,6.5953638459515e-05,0.0116860652973914,2.01181013792931
94.4,1.59331672554552e-05,6.65910015192894e-05,0.0123316608301007,2.01671901279052
94.5,1.59240344237283e-05,6.7230801807705e-05,0.0129959024894003,2.02175307999292
94.6,1.59143459899647e-05,6.7865072204687e-05,0.0136787680614184,2.02691174413883
94.7,1.59041084264872e-05,6.84991110000421e-05,0.0143802300889214,2.03219436279415
94.8,1.58933558860458e-05,6.91301243503362e-05,0.0151002545536961,2.03760024029109
94.9,1.58821110058383e-05,6.97569093888739e-05,0.0158388011156196,2.04312862883135
95,1.58703726109571e-05,7.03787344114581e-05,0.0165958234089331,2.0487787312566
95.1,1.58581461550678e-05,7.09953044501499e-05,0.0173712682106043,2.05454969599948
95.2,1.58454311130901e-05,7.16061941360424e-05,0.0181650756967525,2.06044061958181
95.3,1.58322290083335e-05,7.22112060511093e-05,0.0189771790896636,2.06645054486577
95.4,1.58185378406756e-05,7.28099821963313e-05,0.0198075046980988,2.07257846209793
95.5,1.58043562477478e-05,7.34021980347555e-05,0.0206559716668055,2.0788233079299
95.6,1.5789683047468e-05,7.3987520200991e-05,0.0215224918565245,2.08518396537998
95.7,1.57745171781021e-05,7.45656730803956e-05,0.0224069697041143,2.09165926367053
95.8,1.57588580843304e-05,7.51363454646881e-05,0.0233093020896514,2.09824797815188
95.9,1.5742705788982e-05,7.5699161807441e-05,0.0242293782076072,2.10494883026819
96,1.57260607538956e-05,7.62537468923519e-05,0.0251670794378262,2.11176048753206
96.1,1.57089237780572e-05,7.67997573976609e-05,0.0261222792238787,2.11868156357123
96.2,1.56912958736155e-05,7.73369100677268e-05,0.0270948429600264,2.12571061825097
96.3,1.56731785143499e-05,7.78648529073389e-05,0.0280846278837477,2.13284615786656
96.4,1.56545734193297e-05,7.83832148811281e-05,0.0290914829817349,2.14008663542159
96.5,1.56354823574595e-05,7.88917288097046e-05,0.0301152488813803,2.14743045081316
96.6,1.56159073512463e-05,7.93900428417427e-05,0.0311557577899271,2.15487595138173
96.7,1.55958506797699e-05,7.98778922460053e-05,0.0322128333634631,2.16242143196141
96.8,1.55753145251319e-05,8.03549290175343e-05,0.0332862907270037,2.17006513598494
96.9,1.55543014645487e-05,8.08209395791737e-05,0.0343759362901196,2.17780525518678
97,1.55328138842642e-05,8.12755635955509e-05,0.0354815678424821,2.18563993123057
97.1,1.55108545420307e-05,8.17185774386053e-05,0.0366029743667779,2.19356725539449
97.2,1.54884260160498e-05,8.21496286555479e-05,0.037739936143615,2.20158527025732
97.3,1.54655311993962e-05,8.25684706302066e-05,0.0388922246099241,2.20969196969108
97.4,1.54421728488924e-05,8.29747785494606e-05,0.0400596024510002,2.21788530044303
97.5,1.5418353940852e-05,8.33682980334038e-05,0.0412418235215267,2.22616316254305
97.6,1.53940774083317e-05,8.37487501694767e-05,0.0424386329152505,2.23452341071061
97.7,1.53693462679461e-05,8.41158674288467e-05,0.0436497669646196,2.24296385527407
97.8,1.53441636373403e-05,8.44694354248943e-05,0.0448749532711896,2.25148226327921
97.9,1.53185325415944e-05,8.48091454807021e-05,0.0461139108067506,2.26007636006644
98,1.5292456275337e-05,8.51348491247572e-05,0.047366349886997,2.26874382995155
98.1,1.52659379245718e-05,8.54462232739994e-05,0.0486319723671861,2.27748231840358
98.2,1.5238980895782e-05,8.57431430198452e-05,0.0499104716036207,2.28628943259301
98.3,1.5211588378472e-05,8.60253044208115e-05,0.0512015326852075,2.29516274376013
98.4,1.51837638541902e-05,8.62925904659972e-05,0.0525048324315614,2.30409978795477
98.5,1.5155510632775e-05,8.6544734437255e-05,0.0538200396309075,2.31309806838476
98.6,1.51268322476777e-05,8.67816188165338e-05,0.0551468150935386,2.32215505646617
98.7,1.50977321384527e-05,8.70030300552105e-05,0.0564848118833156,2.33126819405603
98.8,1.50682138711361e-05,8.72088315942432e-05,0.0578336754390904,2.34043489489185
98.9,1.50382810296251e-05,8.73988830690786e-05,0.0591930437864205,2.34965254660719
99,1.50079372599476e-05,8.75730701608846e-05,0.0605625477245474,2.35891851253803
99.1,1.49771862341525e-05,8.7731279410419e-05,0.0619418110488794,2.36823013372422
99.2,1.49460316235944e-05,8.78733665674036e-05,0.0633304507804727,2.37758473091617
99.3,1.49144771334209e-05,8.79992006150299e-05,0.0647280773959089,2.38697960653324
99.4,1.48825265331165e-05,8.81086834170763e-05,0.0661342950717363,2.39641204667559
99.5,1.48501878535212e-05,8.82023381976738e-05,0.0675487018895582,2.40587932277182
99.6,1.48174607317447e-05,8.8279496205268e-05,0.0689708903085509,2.41537869517658
99.7,1.47843479327281e-05,8.83399402568097e-05,0.0704004472640519,2.42490741391937
99.8,1.47508619166431e-05,8.83848771872642e-05,0.0718369543978583,2.43446272032592
99.9,1.47169956475346e-05,8.84126757113579e-05,0.0732799887301173,2.44404185204522
100,1.46827544981049e-05,8.84235240432574e-05,0.0747291225752004,2.45364204212018
100.1,1.46481449636027e-05,8.84177882750636e-05,0.0761839240152763,2.46326052233235
100.2,1.46131637255298e-05,8.83943855428115e-05,0.07764395733028,2.47289452622384
100.3,1.45778185360046e-05,8.83538876229606e-05,0.0791087831595693,2.48254128976447
100.4,1.45421156583503e-05,8.82966568691024e-05,0.0805779589726341,2.4921980545606
100.5,1.45060617326442e-05,8.8223111371688e-05,0.0820510394042983,2.50186206988636
100.6,1.44696605515471e-05,8.81332452029593e-05,0.0835275766456045,2.51153059511355
100.7,1.44329155241096e-05,8.80270185260046e-05,0.0850071208273777,2.52120090192699
100.8,1.43958308216757e-05,8.79044899319004e-05,0.0864892202961383,2.5308702758674
100.9,1.43584109869449e-05,8.77657865077097e-05,0.0879734220410219,2.54053601877957
101,1.43206604137774e-05,8.76110343512315e-05,0.0894592720992775,2.55019545108606
101.1,1.42825832931126e-05,8.7440344284484e-05,0.0909463159371047,2.55984591385656
101.2,1.42441837345381e-05,8.72538239525822e-05,0.0924340988256891,2.56948477080041
101.3,1.42054657754354e-05,8.70515773144787e-05,0.0939221662320947,2.57910941030846
101.4,1.4166433255941e-05,8.68336834540795e-05,0.0954100642210854,2.58871724752173
101.5,1.41270915162417e-05,8.66004590400204e-05,0.0968973396708621,2.59830572519422
101.6,1.40874446109274e-05,8.63520354645875e-05,0.0983835409368665,2.60787231732584
101.7,1.40474965909798e-05,8.60885514162302e-05,0.0998682180980457,2.61741453013957
101.8,1.40072513449691e-05,9.2957681962158e-05,0.101350616787218,2.62692696013248
101.9,1.39667021116369e-05,0.000157655672435086,0.102828249727855,2.63638704584947
102,1.39258496095057e-05,0.000292285640940637,0.104300534401809,2.64578953453669
102.1,1.38847056866814e-05,0.000495941353010954,0.105767473551508,2.65513468350423
102.2,1.3843280270362e-05,0.000768101264250587,0.107229052669519,2.6644225829599
102.3,1.38015810774578e-05,0.00110830474710977,0.108685255384752,2.67365329808184
102.4,1.37596143279101e-05,0.00151609822417054,0.110136065941561,2.68282689217853
102.5,1.37173852767375e-05,0.0019910308119907,0.11158146938439,2.69194342842136
102.6,1.36748986724194e-05,0.00253265395961977,0.113021451558072,2.70100296985217
102.7,1.36321589250948e-05,0.00314052142572241,0.114455999092765,2.71000557924707
102.8,1.35891872418137e-05,0.00381418928360494,0.115885099383544,2.71895131894868
102.9,1.35460122871051e-05,0.00455321589355306,0.117308740578084,2.72784025074897
103,1.35026172427138e-05,0.00535716189797381,0.118726911575033,2.73667243582595
103.1,1.34589469493879e-05,0.00622559021057212,0.120139602007873,2.74544793460696
103.2,1.34150577703052e-05,0.00715806600161306,0.121546802193189,2.75416680644746
103.3,1.33709227834455e-05,0.00815415669484754,0.122948503164551,2.76282910975941
103.4,1.33265224087353e-05,0.00921343195346869,0.124344696636652,2.77143490177754
103.5,1.32819218740809e-05,0.0103354636642419,0.125735374970943,2.77998423833461
103.6,1.32370565002066e-05,0.0115198259396973,0.127120531217023,2.7884771740344
103.7,1.31919816864501e-05,0.0127660950934363,0.128500159036396,2.79691376181455
103.8,1.31466854567247e-05,0.0140738496408003,0.129874252735999,2.80529405308101
103.9,1.3101180820943e-05,0.0154426702827928,0.131242807232072,2.81361809748382
104,1.30554811284406e-05,0.0168721398979507,0.132605818044587,2.82188594285497
104.1,1.30095884288278e-05,0.0183618435316253,0.13396328128523,2.83009763511106
104.2,1.29635215333768e-05,0.0199113683859172,0.135315193641934,2.83825321814834
104.3,1.29172708453057e-05,0.0215203038103269,0.136661552373507,2.84635273378224
104.4,1.28708535137162e-05,0.0231882412906078,0.138002355289106,2.85439622162368
104.5,1.28242586239224e-05,0.0249147744397342,0.139337600745055,2.86238371903477
104.6,1.27774999185287e-05,0.0266994989872963,0.140667287625588,2.87031526101827
104.7,1.27305689207047e-05,0.0285420127695661,0.141991415337741,2.87819088016951
104.8,1.26834802092468e-05,0.0304419157199432,0.143309983794763,2.88601060658677
104.9,1.26362191227025e-05,0.0323988098586573,0.144622993411541,2.89377446783173
105,1.25888065799634e-05,0.0344122992832881,0.145930445085758,2.90148248883876
105.1,1.25412455399126e-05,0.0364819901588382,0.147232340194235,2.9091346918884
105.2,1.24935294732592e-05,0.0386074907080285,0.148528680581518,2.9167310965546
105.3,1.24456884202512e-05,0.0407884112014626,0.149819468543386,2.92427171963594
105.4,1.23976942145582e-05,0.0430243639485289,0.151104706830114,2.93175657517319
105.5,1.2349575827228e-05,0.045314963286947,0.152384398620286,2.93918567435027
105.6,1.23013350770557e-05,0.0476598255739311,0.153658547523198,2.94655902551968
105.7,1.2252960904735e-05,0.0500585691765866,0.154927157567355,2.95387663417596
105.8,1.22044808862631e-05,0.0525108144617953,0.15619023318355,2.96113850291265
105.9,1.21558690355933e-05,0.0550161837875036,0.157447779208973,2.96834463147357
106,1.21071502723891e-05,0.0575743014926857,0.158699800863283,2.97549501669442
106.1,1.20583262156332e-05,0.0601847938884117,0.159946303750337,2.98258965255824
106.2,1.20093880835032e-05,0.0628472892484526,0.161187293847661,2.98962853020761
106.3,1.19603624501308e-05,0.0655614177995563,0.162422777491169,2.99661163794475
106.4,1.19112247454339e-05,0.0683268117132509,0.163652761379642,3.00353896132317
106.5,1.18620007508591e-05,0.0711431050952483,0.164877252551196,3.01041048312988
106.6,1.18126969570892e-05,0.0740099339771904,0.166096258385621,3.01722618348607
106.7,1.17633048740406e-05,0.0769269363074359,0.167309786595756,3.02398603991099
106.8,1.17138376733439e-05,0.0798937519415491,0.168517845214153,3.03069002737584
106.9,1.16642957615903e-05,0.0829100226336767,0.169720442590584,3.03733811841411
107,1.16146823587321e-05,0.0859753920272714,0.170917587382043,3.04393028321047
107.1,1.15649999819917e-05,0.0890895056462623,0.172109288545942,3.05046648971484
107.2,1.15152525173162e-05,0.0922520108861173,0.173295555332505,3.05694670376437
107.3,1.14654404362452e-05,0.0954625570048733,0.174476397278211,3.06337088922172
107.4,1.1415561368619e-05,0.0987207951143566,0.175651824198776,3.06973900812405
107.5,1.13656286932079e-05,0.102026378171049,0.176821846179257,3.07605102083185
107.6,1.13156556086902e-05,0.105378960967512,0.177986473569744,3.08230688621506
107.7,1.12656360676117e-05,0.108778200123915,0.17914571698165,3.08850656185531
107.8,1.12155710587508e-05,0.11222375407909,0.180299587277145,3.09465000423191
107.9,1.11654658104671e-05,0.115715283081865,0.181448095563111,3.10073716894126
108,1.11153258881419e-05,0.119252449182337,0.18259125318535,3.10676801093149
108.1,1.10651553461155e-05,0.122834916223357,0.183729071722683,3.11274248475099
108.2,1.10353594010154e-05,0.126462349832103,0.184861558360511,3.11866053248426
108.3,1.2388284276188e-05,0.130134417416037,0.185988500715934,3.12452118851078
108.4,1.63710933014788e-05,0.13385078815867,0.187109736521558,3.13032359360283
108.5,2.29755922916547e-05,0.137611132992425,0.188225278111124,3.13606768766617
108.6,3.21809853950777e-05,0.14141512459667,0.189335138540423,3.14175341622306
108.7,4.39687896374857e-05,0.145262437391437,0.19043933066171,3.14738072369018
108.8,5.8320706912765e-05,0.149152747531721,0.191537867538013,3.1529495556469
108.9,7.52185419708867e-05,0.15308573289961,0.192630762457252,3.15845985929757
109,9.46441995127029e-05,0.157061073092165,0.193718028925373,3.16391158385184
109.1,0.000116579683008933,0.16107844940501,0.194799680657975,3.16930468091242
109.2,0.000141007094634452,0.165137544833449,0.195875731577542,3.17463910490538
109.3,0.000167908634714359,0.169238044102994,0.196946195819851,3.17991481356846
109.4,0.000197266601424176,0.173379633577407,0.198011087701499,3.18513176825988
109.5,0.00022906339002228,0.17756200135038,0.199070421745817,3.1902899345677
109.6,0.000263281492495507,0.181784837125698,0.200124212642706,3.19538928260534
109.7,0.000299903497039913,0.186047832314456,0.201172475275678,3.20042978764584
109.8,0.000338912087502058,0.190350679943641,0.202215224691325,3.2054114304845
109.9,0.000380290042989409,0.19469307470272,0.203252476110615,3.21033419801152
110,0.000424020237365111,0.19907471291968,0.204284244918932,3.21519808368782
110.1,0.000470085638784604,0.203495292555121,0.205310546661678,3.22000308805194
110.2,0.000518469309028477,0.207954513160911,0.206331397030156,3.22474921918464
110.3,0.000569154403368091,0.212452075937803,0.207346811875106,3.22943649330362
110.4,0.000622124169774765,0.216987683671132,0.208356807186317,3.23406493519864
110.5,0.000677361948627983,0.219990681493768,0.209361399095377,3.23863457877187
110.6,0.000734851172164611,0.221549311120074,0.210360603869334,3.24314546753096
110.7,0.000794575364034808,0.223111520194773,0.211354437906284,3.24759765508384
110.8,0.000856518138842147,0.224677275107757,0.212342917731432,3.25199120562656
110.9,0.000920663201724278,0.226246542421524,0.213326059994338,3.25632619442449
111,0.000986994347813561,0.227819288867289,0.214303881461888,3.26060270826082
111.1,0.00105549546184504,0.229395481346904,0.215276399016713,3.26482084589306
111.2,0.00112615051768027,0.230975086930875,0.216243629652117,3.26898071847543
111.3,0.00119894357784804,0.232558072857603,0.217205590468154,3.27308244996566
111.4,0.00127385879308817,0.234144406532906,0.218162298668,3.2771261775098
111.5,0.00135088040192817,0.235734055529112,0.219113771554219,3.28111205180132
111.6,0.00142999273020351,0.237326987584425,0.22006002652502,3.28504023741249
111.7,0.00151118019063398,0.23892317060204,0.221001081070651,3.28891091309688
111.8,0.00159442728238056,0.240522572649489,0.221936952769954,3.2927242720608
111.9,0.00167971859061196,0.242125161958297,0.222867659287174,3.29648052220238
112,0.00176703878604585,0.243730906922396,0.223793218367943,3.30017988631225
112.1,0.00185637262454318,0.245339776098444,0.224713647836783,3.30382260224351
112.2,0.00194770494665593,0.246951738204388,0.225628965593293,3.30740892303851
112.3,0.00204102067719787,0.248566762118837,0.22653918960905,3.3109391170193
112.4,0.0021363048248436,0.250184816880948,0.227444337924953,3.31441346783956
112.5,0.00223354248165629,0.251805871688706,0.228344428647406,3.31783227449123
112.6,0.00233271882269857,0.253429895899188,0.229239479946058,3.3211958512758
112.7,0.00243381910559641,0.255056859027266,0.230129510050436,3.3245045277296
112.8,0.00253682867011877,0.256686730744982,0.231014537247131,3.32775864850965
112.9,0.00264173293778759,0.258319480881324,0.231894579877328,3.33095857323924
113,0.00274851741141037,0.259955079420686,0.23276965633345,3.33410467630938
113.1,0.00285716767470928,0.261593496503064,0.233639785057111,3.33719734664466
113.2,0.00296766939188797,0.263234702422782,0.234504984536034,3.34023698742605
113.3,0.00308000830722867,0.264878667627887,0.235365273301532,3.34322401577759
113.4,0.00319417024472403,0.266525362719987,0.236220669926332,3.34615886241744
113.5,0.00331014110759177,0.268174758452643,0.237071193021449,3.34904197127056
113.6,0.00342790687793182,0.269826825731632,0.237916861234447,3.35187379905259
113.7,0.00354745361629959,0.271481535613679,0.238757693246601,3.35465481481868
113.8,0.00366876746131235,0.273138859305858,0.239593707770619,3.35738549948479
113.9,0.00379183462928745,0.274798768165434,0.240424923548716,3.36006634532312
114,0.00391664141377315,0.276461233698298,0.241251359349768,3.36269785542979
114.1,0.0040431741852389,0.278126227559229,0.242073033967762,3.36528054317446
114.2,0.00417141939062925,0.279793721550638,0.242889966219231,3.36781493162702
114.3,0.00430136355297676,0.281463687621985,0.243702174941218,3.37030155296886
114.4,0.00443299327104475,0.283136097869619,0.244509678989595,3.37274094789067
114.5,0.00456629521889736,0.284810924535255,0.245312497236386,3.37513366497547
114.6,0.00470125614557425,0.286488140006237,0.246110648568461,3.37748026007646
114.7,0.00483786287466188,0.288167716814292,0.2469041518852,3.37978129568523
114.8,0.00497610230392137,0.289849627634967,0.247693026096665,3.38203734029748
114.9,0.00511596140496007,0.291533845287493,0.248477290122106,3.38424896777798
115,0.00525742722276711,0.293220342733255,0.249256962887525,3.38641675672386
115.1,0.00540048687542725,0.294909093076075,0.250032063324542,3.38854128983459
115.2,0.00554512755369511,0.296600069560985,0.250802610368267,3.39062315328465
115.3,0.00569133652062816,0.298293245573675,0.251568622955666,3.39266293610502
115.4,0.00583910111126774,0.299988594640366,0.252330120024243,3.39466122957487
115.5,0.00598840873218802,0.3016860904263,0.253087120509816,3.39661862662218
115.6,0.00613924686121915,0.303385706736029,0.253839643345572,3.3985357212406
115.7,0.00629160304702565,0.305087417512206,0.254587707460103,3.40041310791815
115.8,0.0064454649087539,0.30679119683505,0.255331331775939,3.40225138108314
115.9,0.00660082013572751,0.308497018922223,0.256070535208398,3.40405113456786
116,0.00675765648698896,0.31020485812734,0.256805336663567,3.40581296108852
116.1,0.00691596179104122,0.311914688940197,0.257535755037427,3.40753745174701
116.2,0.00707572394544702,0.313626485985773,0.258261809214209,3.40922519555081
116.3,0.00723693091647505,0.315340224023602,0.258983518065033,3.41087677895421
116.4,0.00739957073876703,0.317055877947351,0.259700900446716,3.41249278542117
116.5,0.00756363151497987,0.318773422784102,0.260413975200373,3.41407379500902
116.6,0.0077291019571908,0.320492833444434,0.261122761354458,3.41562038433508
116.7,0.00789597321944981,0.322214086223782,0.261827279347575,3.4171331287015
116.8,0.00806423410237168,0.32393715635834,0.262527548047063,3.41861259576119
116.9,0.00823387297833379,0.325662019277603,0.263223586152778,3.42005934805687
117,0.00840487868624608,0.327388653395726,0.263915413928512,3.42147394620112
117.1,0.00857723922702798,0.329117030671054,0.264603047951073,3.42285693785955
117.2,0.0087509435148098,0.33084712935608,0.265286508199196,3.42420887200107
117.3,0.00892597999813842,0.332578924003225,0.265965812514357,3.42553028740978
117.4,0.00910233720773064,0.334312389453851,0.266640978822473,3.42682171702328
117.5,0.00928000449465861,0.336047506009902,0.267312027894404,3.428083692858
117.6,0.00945896993888064,0.337784244701766,0.267978975421016,3.42931673085037
117.7,0.0096392229941225,0.339522585884959,0.268641841997219,3.43052134947472
117.8,0.00982075242378415,0.341262504756866,0.269300645367356,3.4316980550997
117.9,0.0100035473618625,0.343003978794317,0.269955404379063,3.43284734917854
118,0.010187596894902,0.344746984812994,0.270606137443119,3.43396972533214
118.1,0.0103728902158271,0.346491500064797,0.271252863093155,3.43506567025775
118.2,0.0105594165859446,0.348237501963414,0.27189559984577,3.43613566339655
118.3,0.0107471653206071,0.34998496797442,0.272534366150756,3.43718017678688
118.4,0.0109361257517279,0.351733875408149,0.273169180269065,3.43819967482609
118.5,0.0111262873284753,0.353484202043763,0.273800060613481,3.43919461478777
118.6,0.0113176395238231,0.35523592554793,0.274427025433763,3.44016544628818
118.7,0.0115101718650909,0.356989023668997,0.275050092922571,3.4411126114513
118.8,0.0117038739699359,0.358743474457927,0.275669281331056,3.44203654508077
118.9,0.0118987354777806,0.360499255858819,0.276284608748615,3.44293767433637
119,0.0120947461216594,0.36225634613102,0.276896093332513,3.4438164190958
119.1,0.0122918956784856,0.364014723565159,0.277503753150002,3.44467319174759
119.2,0.0124901739836323,0.365774366567087,0.278107606225433,3.44550839729834
119.3,0.0126895709438768,0.367535253726899,0.278707670579106,3.44632243346865
119.4,0.0128900765051888,0.36929736365147,0.279303964130667,3.44711569061246
119.5,0.0130916806931983,0.371060675175641,0.279896504820279,3.44788855193808
119.6,0.0132943735788546,0.372825167184162,0.280485310506615,3.44864139343503
119.7,0.0134981452898877,0.374590818673269,0.28107039900183,3.44937458399138
119.8,0.013702986024807,0.376357608824056,0.281651788111243,3.45008848551626
119.9,0.013908886015445,0.37812551680787,0.282229495527496,3.45078345288844
120,0.0141158355761345,0.379894522044768,0.282803538969589,3.451459834209
120.1,0.0143238250654449,0.38166460400398,0.283373936075269,3.45211797075673
120.2,0.0145328448933186,0.383435742243045,0.283940704422387,3.45275819710594
120.3,0.0147428855347766,0.385207916479493,0.284503861566279,3.45338084126146
120.4,0.0149539375159243,0.386981106519513,0.285063425001954,3.4539862247106
120.5,0.0151659914192441,0.388755292286166,0.285619412178786,3.45457466253729
120.6,0.0153790378820402,0.390530453812466,0.286171840496644,3.45514646351701
120.7,0.0155930675964533,0.392306571242393,0.28672072730626,3.45570193021802
120.8,0.0158080713088139,0.394083624828514,0.287266089907921,3.45624135910207
120.9,0.016024039820712,0.395861594938223,0.287807945554439,3.45676504063034
121,0.0162409639868898,0.397640462044202,0.288346311446125,3.45727325936217
121.1,0.0164588347161624,0.399420206729793,0.28888120473344,3.457766294062
121.2,0.0166776429708867,0.401200809687243,0.289412642515965,3.45824441780284
121.3,0.0168973797664514,0.402982251716169,0.289940641841458,3.45870789807012
121.4,0.0171180361709849,0.404764513722771,0.290465219705474,3.45915699686594
121.5,0.0173396033053776,0.406547576721046,0.290986393051758,3.45959197081382
121.6,0.0175620723427323,0.408331421830775,0.291504178771238,3.46001307126167
121.7,0.0177854345081393,0.410116030277312,0.292018593701832,3.46042054438516
121.8,0.0180096810784946,0.411901383391584,0.292529654628363,3.46081463129037
121.9,0.0182348033822799,0.413687462609709,0.29303737828235,3.46119556811551
122,0.0184607927990804,0.415474249471656,0.293541781341269,3.46156358613148
122.1,0.0186876407595505,0.417261725621747,0.294042880428784,3.46191891184211
122.2,0.0189153387451022,0.419049872807984,0.294540692114379,3.46226176708283
122.3,0.0191438782874811,0.420838672880883,0.295035232912764,3.46259236911817
122.4,0.019373250968793,0.422628107794208,0.295526519284241,3.46291093073857
122.5,0.0196034484209352,0.424418159603248,0.296014567633828,3.46321766035517
122.6,0.0198344623255425,0.426208810465172,0.296499394311466,3.46351276209397
122.7,0.0200662844136792,0.428000042638363,0.296981015611699,3.46379643588824
122.8,0.0202989064655059,0.429791838481662,0.297459447773316,3.46406887756951
122.9,0.0205323203101866,0.431584180454515,0.297934706979471,3.4643302789574
123,0.0207665178254329,0.43337705111577,0.298406809357112,3.46458082794757
123.1,0.0210014909374104,0.43517043312382,0.298875770977112,3.46482070859857
123.2,0.0212372316204493,0.436964309236005,0.299341607854024,3.46505010121698
123.3,0.0214737318967011,0.438758662307797,0.299804335945736,3.46526918244086
123.4,0.0217109838360995,0.440553475293151,0.300263971153716,3.46547812532209
123.5,0.02194897955585,0.442348731243068,0.300720529322376,3.46567709940666
123.6,0.0221877112203799,0.444144413305895,0.301174026239311,3.46586627081386
123.7,0.0224271710410479,0.445940504726714,0.301624477635073,3.46604580231359
123.8,0.0226673512758018,0.447736988846504,0.302071899182866,3.46621585340225
123.9,0.0229082442291421,0.44953384910249,0.302516306498801,3.46637658037715
124,0.0231498422516296,0.451331069026771,0.302957715141346,3.46652813640923
124.1,0.0233921377398289,0.453128632246579,0.303396140611561,3.46667067161442
124.2,0.0236351231360263,0.454926522483685,0.303831598352923,3.46680433312338
124.3,0.0238787909279001,0.456724723553594,0.304264103751058,3.46692926514971
124.4,0.0241231336484905,0.45852321936589,0.304693672134018,3.46704560905685
124.5,0.0243681438757032,0.460321993922864,0.30512031877178,3.46715350342323
124.6,0.0246138142322658,0.462121031319797,0.305544058876505,3.46725308410632
124.7,0.0248601373854507,0.463920315744373,0.305964907602399,3.46734448430499
124.8,0.0251071060467481,0.465719831475873,0.306382880045472,3.46742783462043
124.9,0.0253547129718558,0.467519562885544,0.30679799124384,3.4675032631159
125,0.0256029509601681,0.469319494435224,0.307210256177269,3.46757089537496
125.1,0.0258518128515924,0.471119610663821,0.307619689762305,3.4676308545577
125.2,0.0261012915339379,0.472919896220373,0.308026306864788,3.46768326145825
125.3,0.0263513799447723,0.474720335872443,0.308430122302785,3.46772823455867
125.4,0.0266020710408323,0.476520914373349,0.308831150797916,3.46776589007716
125.5,0.0268533578508891,0.478321616693318,0.309229407060571,3.46779634202848
125.6,0.0271052334291374,0.480122427816766,0.309624905715463,3.467819702267
125.7,0.027357690870778,0.481923332811053,0.310017661327265,3.46783608053912
125.8,0.0276107233300633,0.483724316904768,0.310407688428641,3.46784558453184
125.9,0.0278643239734686,0.485525365286146,0.310795001448402,3.46784831991798
126,0.0281184860407715,0.487326463367095,0.311179614805636,3.46784439040363
126.1,0.0283732027948673,0.489127596567349,0.311561542833172,3.46783389777191
126.2,0.0286284675384,0.490928750386951,0.311940799803695,3.46781694192746
126.3,0.0288842736326525,0.492729910487262,0.312317399957759,3.46779362093701
126.4,0.0291406144497753,0.49453106248751,0.312691357433765,3.46776403107525
126.5,0.0293974834342453,0.496332192227587,0.313062686358493,3.46772826685911
126.6,0.0296548740526428,0.498133285554319,0.313431400773912,3.46768642109265
126.7,0.0299127798102839,0.49993432839315,0.313797514662147,3.46763858490425
126.8,0.0301711942700353,0.501735306828001,0.314161041972154,3.46758484778009
126.9,0.0304301110045059,0.503536206899706,0.314521996552768,3.4675252976106
127,0.0306895236577426,0.505337014867141,0.314880392239565,3.46746002071291
127.1,0.030949425894707,0.507137716994358,0.315236242784518,3.46738910187687
127.2,0.0312098114180431,0.508938299622106,0.315589561880053,3.46731262439578
127.3,0.0314706739870851,0.510738749247689,0.31594036318482,3.46723067009326
127.4,0.0317320073695519,0.512539052323272,0.316288660259031,3.46714331937072
127.5,0.0319938054039185,0.514339195517298,0.316634466648433,3.46705065121882
127.6,0.032256061948361,0.51613916550143,0.316977795816347,3.46695274326484
127.7,0.0325187708977081,0.517938949022131,0.317318661166935,3.46684967179749
127.8,0.0327819262026388,0.519738532980557,0.317657076070087,3.46674151178802
127.9,0.0330455218209438,0.521537904230897,0.317993053799043,3.46662833693864
128,0.0333095517804501,0.522877468970758,0.318326607611434,3.4665102196841
128.1,0.0335740101275292,0.522840651271568,0.318657750683735,3.46638723124042
128.2,0.0338388909442071,0.522825614785279,0.31898649613372,3.46625944162445
128.3,0.0341041883675221,0.522832215601457,0.319312857044493,3.46612691966976
128.4,0.034369896540398,0.522860310539674,0.319636846404328,3.46598973307622
128.5,0.0346360096750813,0.522909757172676,0.319958477184864,3.46584794840242
128.6,0.0349025220012377,0.522980413800347,0.320277762277892,3.46570163111599
128.7,0.0351694277832141,0.523072139452417,0.320594714517044,3.46555084560846
128.8,0.0354367213395478,0.523184793899783,0.320909346700956,3.46539565520636
128.9,0.0357043969934757,0.523318237615628,0.321221671535296,3.46523612222206
129,0.035972449136848,0.523472331819835,0.321531701708167,3.465072307938
129.1,0.0362408721778453,0.52364693843587,0.321839449829182,3.4649042726585
129.2,0.0365096605583766,0.523841920099412,0.322144928450387,3.4647320757204
129.3,0.036778808773737,0.524057140176036,0.322448150088598,3.46455577549997
129.4,0.0370483113227755,0.524292462706619,0.322749127169538,3.46437542946505
129.5,0.0373181627722507,0.524547752472297,0.323047872100537,3.46419109415172
129.6,0.0375883577041922,0.524822874934831,0.323344397211827,3.46400282521777
129.7,0.0378588907334324,0.525117696250973,0.323638714776718,3.4638106774495
129.8,0.0381297565273969,0.525432083296288,0.323930837033132,3.46361470476487
129.9,0.0384009497559644,0.525765903595381,0.324220776129779,3.46341496026697
130,0.0386724651562176,0.526119025406706,0.32450854419625,3.46321149621386
130.1,0.038944297479487,0.526491317646974,0.324794153286452,3.46300436407367
130.2,0.0392164415089996,0.526882649911058,0.325077615398063,3.46279361452798
130.3,0.0394888920798006,0.527292892501751,0.325358942493279,3.46257929747155
130.4,0.0397616440283257,0.527721916345326,0.325638146446978,3.4623614620672
130.5,0.040034692257514,0.528169593095531,0.325915239114271,3.46214015670941
130.6,0.0403080316835576,0.528635795042572,0.326190232276027,3.46191542908101
130.7,0.0405816572536592,0.529120395138376,0.326463137657625,3.46168732615357
130.8,0.040855563966083,0.529623267032085,0.326733966948919,3.46145589418399
130.9,0.0411297468194632,0.530144284971448,0.327002731754337,3.46122117877079
131,0.0414042008782358,0.530683323925342,0.327269443657982,3.46098322481205
131.1,0.041678921219121,0.531240259477867,0.327534114171173,3.46074207656377
131.2,0.0419539029489884,0.531814967858784,0.327796754750511,3.46049777763739
131.3,0.0422291412250274,0.532407325984542,0.328057376817086,3.46025037099369
131.4,0.0425046312038235,0.533017211345992,0.328315991708441,3.45999989900035
131.5,0.0427803681070552,0.533644502148805,0.328572610741313,3.4597464033849
131.6,0.0430563471677449,0.534289077193186,0.328827245161139,3.45948992529461
131.7,0.0433325636482198,0.534950815909306,0.32907990615944,3.45923050529151
131.8,0.0436090128604083,0.535629598403678,0.329330604892274,3.45896818334369
131.9,0.0438856901147105,0.53632530533367,0.329579352434014,3.45870299888426
132,0.0441625907858978,0.537037818065192,0.329826159837839,3.45843499075977
132.1,0.0444397102591681,0.53776701853853,0.330071038087114,3.45816419729154
132.2,0.0447170439481965,0.538512789308607,0.330313998112131,3.45789065626851
132.3,0.044994587315567,0.539275013596519,0.330555050807794,3.45761440493603
132.4,0.0452723358214706,0.540053575151303,0.330794206989142,3.45733548005616
132.5,0.0455502849897224,0.540848358424295,0.331031477449725,3.45705391785222
132.6,0.0458284303536643,0.541659248421575,0.331266872914795,3.45676975407144
132.7,0.0461067674743038,0.542486130748882,0.331500404057397,3.45648302397579
132.8,0.0463852919608991,0.543328891668126,0.33173208151527,3.45619376232843
132.9,0.046663999419526,0.544187417946875,0.331961915848045,3.45590200345516
133,0.0469428855190911,0.545061597048785,0.332189917593697,3.45560778118588
133.1,0.0472219459371402,0.545951316973128,0.332416097223435,3.45531112891843
133.2,0.0475011763780786,0.546856466304208,0.332640465157163,3.4550120796075
133.3,0.047780572593953,0.547776934272665,0.332863031779553,3.45471066574873
133.4,0.0480601303328107,0.548712610593112,0.333083807398965,3.45440691944167
133.5,0.0483398454047888,0.54966338567008,0.333302802301949,3.45410087232813
133.6,0.0486197136280278,0.550629150425103,0.333520026709547,3.45379255565635
133.7,0.0488997308468282,0.551609796350456,0.333735490792317,3.45348200026879
133.8,0.0491798929522289,0.552605215575071,0.333949204686053,3.45316923658559
133.9,0.0494601958298232,0.553615300690769,0.334161178452851,3.45285429467045
134,0.049740635427346,0.554639944973155,0.334371422131896,3.45253720416027
134.1,0.050021207699703,0.555679042196676,0.334579945698361,3.45221799433362
134.2,0.0503019086272807,0.556732486692557,0.334786759077748,3.45189669409672
134.3,0.0505827342363392,0.557800173419187,0.334991872161305,3.45157333196645
134.4,0.0508636805471613,0.558881997777323,0.335195294768129,3.45124793613564
134.5,0.0511447436413204,0.559977855845409,0.335397036694413,3.45092053440129
134.6,0.0514259196067857,0.561087644183082,0.335597107673834,3.45059115423369
134.7,0.0517072045562646,0.56221125989312,0.335795517391326,3.45025982276112
134.8,0.0519885946477388,0.563348600696102,0.335992275497762,3.44992656675107
134.9,0.052270086032255,0.564499564735046,0.336187391573902,3.44959141267779
135,0.0525516749216714,0.565664050824582,0.336380875177262,3.44925438664613
135.1,0.0528333575335305,0.566841958243328,0.336572735804247,3.44891551446258
135.2,0.0531151301094414,0.568033186799711,0.336762982903388,3.44857482161865
135.3,0.0533969889355319,0.569237636910779,0.336951625889588,3.4482323332714
135.4,0.0536789302901953,0.570455209396622,0.337138674109537,3.44788807431208
135.5,0.0539609505120937,0.571685805742914,0.337324136886406,3.44754206928641
135.6,0.0542430459448515,0.572929327882554,0.337508023483704,3.44719434246742
135.7,0.0545252129554843,0.574185678265235,0.33769034311796,3.44684491783757
135.8,0.0548074479548585,0.575454759940243,0.337871104972442,3.44649381906839
135.9,0.0550897473455785,0.576736476341103,0.338050318163766,3.44614106958925
136,0.0553721075897055,0.578030731560876,0.338227991785149,3.44578669250675
136.1,0.0556545251534328,0.579337430123543,0.338404134871762,3.44543071067848
136.2,0.0559369965256121,0.580656477057158,0.338578756412795,3.44507314669393
136.3,0.0562195182385285,0.581987777980492,0.33875186536423,3.44471402285174
136.4,0.056502086815581,0.58333123887817,0.338923470617012,3.44435336123008
136.5,0.0567846988388508,0.584686766388447,0.339093581038883,3.44399118360499
136.6,0.0570673508940186,0.586054267564624,0.339262205440771,3.44362751152384
136.7,0.0573500395888079,0.587433649951666,0.339429352588503,3.44326236628577
136.8,0.0576327615736351,0.588824821676487,0.339595031215184,3.44289576891854
136.9,0.0579155134893053,0.590227691214079,0.33975924999073,3.44252774024989
137,0.0581982920347946,0.591642167687115,0.33992201756165,3.44215830082279
137.1,0.0584810939119525,0.593068160617854,0.340083342519135,3.44178747097082
137.2,0.0587639158440232,0.594505580008083,0.340243233410195,3.44141527079751
137.3,0.0590467545963785,0.595954336432957,0.340401698749446,3.44104172015211
137.4,0.0593296069241612,0.597414340798376,0.340558746989995,3.44066683870198
137.5,0.059612469640033,0.598885504652048,0.340714386561576,3.44029064584602
137.6,0.0598953395589309,0.600367739926216,0.340868625839951,3.43991316079093
137.7,0.0601782135165775,0.601860959020803,0.3410214731576,3.43953440252976
137.8,0.0604610883901928,0.603365074900644,0.341172936815023,3.43915438981704
137.9,0.0607439610461477,0.604880000844495,0.341323025052912,3.43877314124198
138,0.0610268284077415,0.60640565076707,0.341471746088564,3.43839067514003
138.1,0.0613096873999334,0.607941938952972,0.341619108086677,3.43800700967009
138.2,0.0615925349678664,0.609488780142911,0.341765119169564,3.43762216279237
138.3,0.0618753680975869,0.611046089634192,0.341909787427965,3.43723615224282
138.4,0.0621581837637063,0.612613783021691,0.34205312089448,3.43684899560723
138.5,0.062440978997159,0.614191776530432,0.342195127578325,3.43646071023092
138.6,0.0627237508299547,0.615779986741073,0.342335815437453,3.43607131329695
138.7,0.063006496313701,0.617378330679072,0.342475192388319,3.43568082180326
138.8,0.0632892125403211,0.618986725918305,0.342613266316239,3.43528925253663
138.9,0.0635718965897376,0.620605090314331,0.342750045050045,3.43489662214749
139,0.0638545455976009,0.622233342347084,0.342885536395194,3.43450294705791
139.1,0.0641371567000678,0.62387140083826,0.34301974810718,3.43410824354061
139.2,0.0644197270523234,0.625519185043317,0.343152687900886,3.43371252769571
139.3,0.0647022538492901,0.627176614758079,0.343284363460502,3.43331581542402
139.4,0.0649847342733563,0.628843610044618,0.343414782415413,3.43291812250289
139.5,0.0652671655620392,0.630520091583653,0.343543952371594,3.4325194644921
139.6,0.0655495449528143,0.632205980384148,0.343671880886361,3.43211985681404
139.7,0.0658318697016283,0.633901197878043,0.34379857547728,3.43171931472976
139.8,0.0661141371036001,0.635605666029747,0.343924043631688,3.43131785331202
139.9,0.0663963444407793,0.637319307055007,0.344048292783577,3.43091548752118
140,0.0666784890497743,0.639042043782432,0.344171330343704,3.43051223211062
140.1,0.0669605682666369,0.640773799355726,0.344293163675545,3.43010810170751
140.2,0.0672425794453534,0.642514497331014,0.344413800103744,3.42970311078826
140.3,0.0675245199784997,0.64426406178916,0.344533246922993,3.4292972736504
140.4,0.0678063872450646,0.646022417047753,0.344651511376094,3.42889060448941
140.5,0.0680881786780458,0.647789488031618,0.344768600682849,3.42848311730354
140.6,0.068369891709366,0.649565199967905,0.344884522016953,3.42807482597453
140.7,0.068651523788354,0.651349478485913,0.344999282514111,3.42766574424287
140.8,0.0689330724023789,0.653142249731991,0.345112889280566,3.42725588567947
140.9,0.0692145350247554,0.654943440075103,0.345225349372226,3.42684526376304
141,0.0694959091822217,0.656752976485808,0.345336669822037,3.42643389178335
141.1,0.0697771923999511,0.658570786224552,0.345446857618126,3.42602178292307
141.2,0.0700583822200094,0.660396796943873,0.345555919711493,3.42560895023244
141.3,0.0703394762219596,0.662230936805844,0.34566386302407,3.42519540660032
141.4,0.0706204719708484,0.664073134181409,0.345770694428909,3.42478116483224
141.5,0.0709013670845824,0.665923318037533,0.345876420776258,3.42436623755279
141.6,0.0711821591790325,0.667781417618966,0.345981048872748,3.42395063728788
141.7,0.0714628458864611,0.669647362552738,0.346084585488726,3.42353437643904
141.8,0.0717434248760899,0.671521082968005,0.346187037365905,3.42311746725418
141.9,0.0720238938021804,0.673402509189466,0.346288411198545,3.42269992190596
142,0.0723042503712995,0.675291572132294,0.346388713658249,3.42228175239346
142.1,0.0725844922875213,0.67718820297768,0.346487951374223,3.42186297062494
142.2,0.0728646172708249,0.679092333279513,0.346586130940218,3.42144358839176
142.3,0.0731446230776183,0.681003895086517,0.346683258921764,3.42102361733864
142.4,0.073424507448924,0.682922820630015,0.346779341838293,3.42060306904245
142.5,0.0737042681775215,0.684849042726302,0.346874386186793,3.42018195491344
142.6,0.0739839030532608,0.686782494446248,0.346968398423049,3.41976028627825
142.7,0.0742634098814234,0.688723109224059,0.347061384968225,3.4193380743536
142.8,0.0745427865031941,0.690670820981604,0.347153352215647,3.41891533021596
142.9,0.0748220307439629,0.692625563810784,0.347244306513867,3.41849206488073
143,0.0751011404803389,0.694587272383011,0.347334254189229,3.41806828920315
143.1,0.0753801135855674,0.69655588161313,0.34742320152794,3.4176440139613
143.2,0.0756589479478626,0.698531326770177,0.347511154782382,3.4172192498296
143.3,0.075937641490838,0.700513543603812,0.347598120177597,3.41679400734853
143.4,0.0762161921219592,0.702502468021639,0.347684103895484,3.4163682970048
143.5,0.0764945977993305,0.704498036505238,0.347769112095583,3.41594212912977
143.6,0.0767728564772834,0.706500185768754,0.347853150898445,3.41551551398385
143.7,0.0770509661246629,0.708508852871572,0.347936226391554,3.41508846172961
143.8,0.0773289247452236,0.710523975346845,0.348018344635574,3.41466098240155
143.9,0.077606730326199,0.712545490873857,0.34809951164922,3.41423308598595
144,0.0778843809049254,0.714573337700432,0.348179733429114,3.41380478231941
144.1,0.0781618745145774,0.716607454296455,0.348259015933993,3.41337608117328
144.2,0.0784392092024056,0.718647779468336,0.348337365090316,3.41294699222658
144.3,0.0787163830500696,0.720694252489415,0.348414786798124,3.41251752503538
144.4,0.0789933941223577,0.722746812767719,0.3484912869169,3.41208768911337
144.5,0.0792702405336305,0.724805400274433,0.348566871284121,3.41165749382928
144.6,0.0795469203937042,0.726869955192554,0.348641545700448,3.41122694849183
144.7,0.0798234318260429,0.728940418033081,0.348715315935026,3.41079606232247
144.8,0.0800997729880359,0.731016729767254,0.348788187731043,3.4103648444247
144.9,0.0803759420198764,0.733098831489901,0.34886016679242,3.4099333038648
145,0.080651937110791,0.735186664853653,0.348931258801213,3.40950144956862
145.1,0.0809277564450984,0.737280171712997,0.34900146940371,3.40906929040693
145.2,0.0812033982203468,0.7393792942421,0.349070804215428,3.40863683516787
145.3,0.081478860667533,0.741483975068785,0.349139268826376,3.40820409252627
145.4,0.0817541420001395,0.743594156933667,0.349206868788506,3.40777107112439
145.5,0.0820292404801603,0.745709783129878,0.349273609632107,3.4073377794685
145.6,0.082304154364333,0.747830797142745,0.349339496852762,3.4069042260144
145.7,0.0825788819222204,0.749957142769154,0.349404535916031,3.40647041913969
145.8,0.0828534214563581,0.752088764253142,0.349468732262358,3.4060363671128
145.9,0.0831277712514665,0.754225605941074,0.349532091295336,3.40560207817403
146,0.0834019296402607,0.756367612726594,0.349594618397097,3.40516756043176
146.1,0.0836758949498588,0.758514729686124,0.34965631891605,3.40473282194807
146.2,0.0839496655198093,0.760666902199711,0.34971719817131,3.40429787071095
146.3,0.0842232397221716,0.762824076088177,0.349777261457313,3.40386271460325
146.4,0.0844966159109144,0.764986197264563,0.349836514032901,3.40342736148402
146.5,0.0847697924874755,0.767153212183943,0.349894961135562,3.40299181908394
146.6,0.0850427678473704,0.769325067475016,0.349952607970033,3.4025560950913
146.7,0.0853155403981574,0.771501710062363,0.35000945971245,3.40212019712407
146.8,0.0855881085794555,0.773683087305061,0.350065521514737,3.40168413269893
146.9,0.0858604708125118,0.775869146644508,0.35012079849427,3.40124790931229
147,0.0861326255655426,0.778059836059029,0.350175295747353,3.40081153433602
147.1,0.0864045713005421,0.780255103691787,0.35022901833861,3.40037501510359
147.2,0.0866763064911776,0.782454897974297,0.350281971304811,3.39993835888189
147.3,0.0869478296427088,0.784659167766256,0.350334159658771,3.39950157283955
147.4,0.087219139241754,0.786867861999989,0.3503855883798,3.39906466412824
147.5,0.0874902338214174,0.789080930139831,0.350436262426477,3.39862763977889
147.6,0.0877611119082748,0.791298321806273,0.350486186726562,3.3981905067872
147.7,0.0880317720402079,0.793519986900783,0.350535366180636,3.39775327208561
147.8,0.0883022127862524,0.795745875746903,0.350583805665775,3.39731594251172
147.9,0.0885724326965673,0.797975938731618,0.350631510026671,3.39687852488955
148,0.0888424303672894,0.800210126768788,0.350678484087441,3.39644102592542
148.1,0.0891122043877444,0.802448390920083,0.35072473264237,3.39600345229385
148.2,0.0893817533582089,0.804690682520942,0.350770260459249,3.39556581060927
148.3,0.0896510759096751,0.806936953322861,0.350815072282713,3.39512810739418
148.4,0.0899201706540259,0.809187155131789,0.350859172826045,3.39469034916048
148.5,0.0901890362486326,0.811441240275554,0.350902566782214,3.39425254230556
148.6,0.0904576713437791,0.813699161221618,0.350945258815218,3.39381469319789
148.7,0.0907260746003542,0.815960870704178,0.350987253563216,3.39337680814877
148.8,0.0909942447095327,0.818226321867595,0.351028555641634,3.39293889338057
148.9,0.0912621803431698,0.820495467902062,0.351069169635643,3.39250095510813
149,0.0915298802181145,0.82276826251459,0.351109100110241,3.39206299943436
149.1,0.0917973430438647,0.825044659543924,0.35114835160235,3.39162503243615
149.2,0.0920645675401864,0.827324613088664,0.351186928623699,3.39118706013604
149.3,0.0923315524567098,0.829608077651777,0.351224835663679,3.39074908847029
149.4,0.0925982965235397,0.831895007773644,0.351262077182407,3.39031112337028
149.5,0.0928647985152925,0.834185358506513,0.351298657620068,3.38987317065824
149.6,0.0931310571989844,0.836479085026699,0.351334581389653,3.38943523613309
149.7,0.0933970713515741,0.838776142763675,0.351369852879602,3.38899732554204
149.8,0.0936628397794618,0.841076487545531,0.35140447645637,3.38855944454848
149.9,0.0939283612693243,0.843380075229609,0.351438456458063,3.38812159881325
150,0.09419363465188,0.845686862180233,0.35147179720314,3.38768379389084
150.1,0.0944586587499994,0.847996804878283,0.351504502983648,3.38724603531471
150.2,0.0947234323961742,0.849478758871813,0.351536578067687,3.38680832856903
150.3,0.0949879544519341,0.850579413140887,0.351568026701807,3.38637067905674
150.4,0.0952522237589313,0.851678836556356,0.351598853105394,3.3859330921813
150.5,0.0955162392023556,0.852777028179901,0.351629061478149,3.38549557324145
150.6,0.0957799996593183,0.853873987054961,0.351658655994194,3.38505812751729
150.7,0.096043504016238,0.854969712237009,0.351687640804293,3.38462076024189
150.8,0.0963067511881774,0.85606420282685,0.351716020038095,3.38418347656958
150.9,0.0965697400701459,0.857157457886325,0.351743797798945,3.38374628165714
151,0.0968324696002255,0.858249476548068,0.351770978170772,3.38330918055916
151.1,0.0970949387081994,0.859340257926286,0.351797565212713,3.38287217831371
151.2,0.0973571463328562,0.86042980114685,0.351823562961144,3.38243527991402
151.3,0.0976190914412294,0.861518105380513,0.351848975431695,3.3819984902768
151.4,0.0978807729801494,0.862605169758189,0.351873806614712,3.38156181432357
151.5,0.0981421899390474,0.863690993481723,0.351898060481226,3.38112525687554
151.6,0.098403341298843,0.864775575734284,0.351921740978259,3.38068882273945
151.7,0.0986642260491656,0.865858915710415,0.351944852030635,3.38025251667921
151.8,0.0989248432075022,0.86694101264887,0.351967397542837,3.37981634338441
151.9,0.0991851917709857,0.868021865748954,0.351989381394865,3.37938030755113
152,0.0994452707788925,0.869101474279851,0.352010807447693,3.37894441377744
152.1,0.099705079261794,0.870179837491447,0.3520316795391,3.37850866664905
152.2,0.0999646162586854,0.871256954644476,0.352052001485271,3.37807307071092
152.3,0.100223880836024,0.872332825044043,0.352071777082308,3.37763763043533
152.4,0.100482872039775,0.87340744795589,0.352091010102651,3.37720235030276
152.5,0.100741588957596,0.874480822714599,0.352109704300011,3.37676723469789
152.6,0.101000030668247,0.875552948635533,0.352127863405595,3.37633228799477
152.7,0.101258196258632,0.876623825044631,0.352145491129561,3.37589751452844
152.8,0.101516084842737,0.877693451311541,0.352162591162369,3.37546291856329
152.9,0.101773695513937,0.878761826766385,0.352179167171669,3.37502850437358
153,0.102031027406843,0.879828950807671,0.352195222806572,3.3745942761397
153.1,0.102288079646988,0.88089482281419,0.352210761694449,3.37416023803317
153.2,0.102544851367776,0.881959442174892,0.352225787442177,3.37372639418835
153.3,0.102801341729321,0.883022808322285,0.35224030363724,3.37329274867057
153.4,0.103057549871004,0.884084920649409,0.35225431384511,3.37285930555656
153.5,0.103313474973002,0.885145778616829,0.35226782161297,3.37242606883113
153.6,0.103569116206235,0.886205381665379,0.352280830466938,3.37199304247176
153.7,0.103824472749232,0.887263729245758,0.352293343913163,3.37156023042037
153.8,0.104079543806864,0.888320820851655,0.352305365438766,3.37112763655169
153.9,0.104334328563167,0.889376655936878,0.352316898509702,3.37069526475343
154,0.104588826242526,0.890431234022559,0.35232794657379,3.37026311882299
154.1,0.104843036059905,0.891484554609789,0.352338513058484,3.36983120255201
154.2,0.105096957237617,0.892536617209207,0.352348601371789,3.36939951969814
154.3,0.105350589023958,0.893587421374022,0.352358214903018,3.36896807395344
154.4,0.105603930646289,0.894636966617658,0.352367357021071,3.36853686902431
154.5,0.105856981371885,0.895685252520101,0.352376031076945,3.36810590852859
154.6,0.106109740458444,0.896732278640934,0.352384240401964,3.36767519607986
154.7,0.106362207170764,0.897778044548904,0.352391988308521,3.36724473525926
154.8,0.106614380799265,0.898822549855178,0.35239927809061,3.36681452958376
154.9,0.106866260613339,0.899865794131457,0.352406113022513,3.3663845825858
155,0.107117845921866,0.900907777014927,0.352412496360889,3.36595489771114
155.1,0.107369136023992,0.901948498122569,0.35241843134332,3.36552547840242
155.2,0.107620130225722,0.902987957080307,0.352423921188936,3.36509632807122
155.3,0.107870827858333,0.904026153555731,0.35242896909885,3.36466745006664
155.4,0.108121228232021,0.905063087175429,0.352433578255403,3.36423884775512
155.5,0.108371330696012,0.90609875763254,0.352437751823289,3.36381052441722
155.6,0.108621134589659,0.907133164599767,0.352441492948764,3.36338248333173
155.7,0.108870639258933,0.908166307758609,0.352444804760095,3.36295472774761
155.8,0.109119844074741,0.909198186831341,0.352447690367923,3.36252726085302
155.9,0.109368748386828,0.910228801499577,0.35245015286477,3.3621000858544
156,0.109617351583552,0.911258151510695,0.352452195325753,3.36167320587396
156.1,0.109865653043264,0.912286236591497,0.352453820808164,3.36124662403328
156.2,0.1101136521507,0.913313056477272,0.352455032351784,3.36082034342545
156.3,0.11036134831519,0.91433861094373,0.352455832979071,3.36039436708407
156.4,0.110608740924845,0.915362899725837,0.352456225695074,3.35996869806217
156.5,0.110855829405963,0.916385922623778,0.352456213487628,3.35954333932992
156.6,0.111102613174713,0.917407679416653,0.352455799327397,3.35911829385823
156.7,0.111349091653428,0.918428169891642,0.352454986168008,3.35869356459073
156.8,0.111595264288694,0.919447393876365,0.35245377694602,3.35826915441275
156.9,0.111841130505816,0.920465351158017,0.352452174581205,3.35784506622981
157,0.112086689767879,0.921482041587932,0.352450181976403,3.35742130286632
157.1,0.112331941527714,0.922497464996473,0.352447802017829,3.3569978671483
157.2,0.112576885244102,0.92351162122185,0.352445037575107,3.35657476187568
157.3,0.112821520399741,0.924524510142178,0.352441891501116,3.35615198979138
157.4,0.113065846456009,0.925536131595063,0.35243836663261,3.35572955365954
157.5,0.113309862911647,0.926546485481807,0.352434465789599,3.35530745616441
157.6,0.113553569255034,0.927555571682341,0.352430191776071,3.35488569999306
157.7,0.11379696498028,0.928563390084093,0.352425547379877,3.35446428780758
157.8,0.114040049605092,0.929569940614274,0.352420535372381,3.35404322221416
157.9,0.114282822625813,0.930575223159759,0.352415158509434,3.35362250584096
158,0.114525283575743,0.931579237670271,0.352409419530389,3.35320214123778
158.1,0.11476743197771,0.932581984074294,0.352403321159088,3.352782130958
158.2,0.115009267360071,0.933583462307613,0.352396866103661,3.3523624775311
158.3,0.115250789274457,0.934583672345155,0.352390057056076,3.35194318343189
158.4,0.115491997251114,0.935582614120682,0.352382896693524,3.35152425115842
158.5,0.115732890856827,0.936580287631188,0.352375387676765,3.35110568313117
158.6,0.115973469647816,0.937576692852237,0.352367532651595,3.35068748177518
158.7,0.116213733185622,0.938571829766505,0.352359334248507,3.35026964949251
158.8,0.11645368105475,0.9395656983952,0.352350795082154,3.34985218863184
158.9,0.116693312818292,0.940558298718656,0.35234191775298,3.34943510156571
159,0.116932628075482,0.94154963077968,0.352332704845213,3.34901839059041
159.1,0.117171626414892,0.942539694599609,0.352323158928641,3.34860205800761
159.2,0.117410307430224,0.943528490206637,0.352313282558152,3.348186106097
159.3,0.117648670737829,0.94451601766708,0.352303078273084,3.34777053708594
159.4,0.117886715932632,0.945502277005814,0.352292548599224,3.34735535322665
159.5,0.118124442645302,0.946487268310245,0.352281696046263,3.34694055669606
159.6,0.118361850495753,0.947470991646202,0.352270523109959,3.34652614967723
159.7,0.118598939108844,0.948453447086184,0.352259032271561,3.34611213433218
159.8,0.118835708131775,0.949434634740244,0.352247225997074,3.34569851277173
159.9,0.119072157190306,0.95041455467745,0.352235106739455,3.34528528713201
160,0.11930828594555,0.951393207028485,0.352222676935815,3.34487245947521
160.1,0.119544094047791,0.952370591902004,0.352209939009876,3.34446003187058
160.2,0.119779581152068,0.953346709412933,0.352196895371258,3.34404800636725
160.3,0.120014746935461,0.954321559713925,0.352183548414538,3.34363638496395
160.4,0.120249591053597,0.955295142916878,0.352169900521764,3.34322516968524
160.5,0.120484113197074,0.956267459194354,0.352155954059392,3.34281436248307
160.6,0.120718313045583,0.957238508697041,0.352141711380932,3.34240396531705
160.7,0.12095219028339,0.958208291581714,0.352127174826175,3.34199398012749
160.8,0.121185744616507,0.959176808042351,0.352112346720148,3.34158440880534
160.9,0.121418975729491,0.960144058232251,0.352097229375884,3.34117525326796
161,0.121651883341486,0.961110042364861,0.352081825091008,3.34076651536119
161.1,0.121884467160664,0.962074760631358,0.352066136150714,3.34035819693934
161.2,0.122116726899596,0.963038213228676,0.352050164826855,3.33995029983828
161.3,0.1223486622923,0.964000400390946,0.35203391337674,3.33954282584532
161.4,0.122580273051348,0.964961322311909,0.352017384046167,3.33913577677458
161.5,0.122811558923522,0.965920979244529,0.35200057906577,3.33872915436993
161.6,0.123042519644559,0.966879371419776,0.351983500654159,3.33832296038419
161.7,0.12327315495443,0.967836499074234,0.351966151016952,3.33791719655248
161.8,0.123503464614265,0.968792362480994,0.351948532345527,3.3375118645624
161.9,0.123733448363771,0.9697469618717,0.351930646820402,3.33710696612939
162,0.123963105976472,0.97070029753795,0.351912496606951,3.33670250289911
162.1,0.124192437214795,0.971652369749185,0.351894083858975,3.33629847652682
162.2,0.124421441845231,0.972603178780338,0.351875410717624,3.33589488865074
162.3,0.12465011965515,0.973552724942183,0.351856479310102,3.33549174086266
162.4,0.124878470410511,0.974501008504489,0.351837291753198,3.33508903478246
162.5,0.125106493910723,0.975448029796174,0.35181785014877,3.3346867719614
162.6,0.125334189944041,0.976393789124053,0.351798156587523,3.33428495396085
162.7,0.125561558302623,0.977338286800232,0.35177821314785,3.33388358232586
162.8,0.125788598799228,0.978281523172235,0.351758021894459,3.33348265855591
162.9,0.126015311225228,0.979223498546045,0.351737584882189,3.33308218417929
163,0.126241695405073,0.980164213286913,0.351716904151055,3.33268216065639
163.1,0.126467751152012,0.98110366773763,0.351695981730373,3.33228258945836
163.2,0.126693478283041,0.982041862246032,0.351674819637491,3.33188347204075
163.3,0.126918876635479,0.982978797195187,0.351653419876288,3.33148480981427
163.4,0.127143946025281,0.983914472927644,0.351631784441112,3.33108660421844
163.5,0.12736868630112,0.984848889843668,0.351609915311804,3.33068885662631
163.6,0.127593097300423,0.985779523854248,0.351587814457904,3.33029156842216
163.7,0.127817178864213,0.986705519499867,0.351565483837323,3.32989474097536
163.8,0.128040930853562,0.987630285641759,0.351542925394707,3.32949837561115
163.9,0.128264353108215,0.988553822568608,0.351520141065682,3.32910247368414
164,0.128487445500269,0.989476130626537,0.351497132771494,3.32870703648328
164.1,0.128710207890537,0.99039721013953,0.351473902423484,3.32831206530918
164.2,0.128932640143281,0.991317061436341,0.351450451921677,3.32791756144819
164.3,0.129154742142544,0.992235684880312,0.351426783153084,3.32752352614335
164.4,0.129376513751073,0.993153080794367,0.351402897996103,3.32712996066733
164.5,0.129597954863617,0.994069249558423,0.351378798314949,3.32673686622812
164.6,0.129819065363602,0.994984191530201,0.351354485964334,3.32634424404592
164.7,0.130039845137762,0.995897907072013,0.351329962787967,3.32595209532722
164.8,0.130260294092345,0.996810396580403,0.351305230616752,3.32556042123595
164.9,0.130480412112348,0.997721660411542,0.351280291273382,3.32516922296588
165,0.130700199114412,0.998631698978143,0.351255146566568,3.32477850164712
165.1,0.130919655003826,0.999540512670672,0.351229798295866,3.32438825842232
165.2,0.131138779689045,1.00044810188399,0.351204248250128,3.32399849442096
165.3,0.131357573097782,1.00135446704688,0.351178498205646,3.32360921073081
165.4,0.131576035136546,1.00225960854779,0.351152549931008,3.32322040847008
165.5,0.131794165743137,1.00316352683126,0.351126405180887,3.32283208869383
165.6,0.132011964843975,1.00406622231953,0.351100065701168,3.32244425247011
165.7,0.132229432368512,1.00496769543905,0.351073533227317,3.32205690085432
165.8,0.1324465682652,1.00586794664986,0.351046809482493,3.32167003486094
165.9,0.132663372461337,1.00676697637172,0.351019896182517,3.32128365553509
166,0.132879844915168,1.00766478508005,0.350992795029485,3.32089776385966
166.1,0.133095985573531,1.00856137322791,0.350965507717043,3.32051236083084
166.2,0.133311794386168,1.0094567412724,0.350938035928704,3.32012744743272
166.3,0.133527271321567,1.01035088970388,0.3509103813359,3.3197430246092
166.4,0.133742416327118,1.0112438189725,0.350882545603165,3.31935909333522
166.5,0.133957229380812,1.01213552958361,0.350854530381412,3.31897565452418
166.6,0.134171710449219,1.01302602202018,0.350826337313483,3.3185927091032
166.7,0.13438585950168,1.01391529676903,0.350797968032368,3.31821025798783
166.8,0.134599676526035,1.01480335434994,0.350769424159171,3.31782830205407
166.9,0.134813161489082,1.0156901952425,0.350740707308373,3.31744684220884
167,0.13502631438788,1.01657581998108,0.350711819081108,3.3170658792987
167.1,0.135239135208054,1.01746022907764,0.350682761070763,3.31668541418425
167.2,0.135451623937876,1.01834342304784,0.350653534861155,3.31630544771504
167.3,0.13566378058387,1.01922540243994,0.350624142024395,3.31592598070163
167.4,0.135875605131581,1.02010616776213,0.350594584126384,3.31554701398589
167.5,0.136087097596481,1.02098571957689,0.350564862719798,3.31516854834998
167.6,0.136298257982594,1.0218640584243,0.350534979349889,3.31479058459042
167.7,0.13650908629647,1.02274118484796,0.350504935552603,3.31441312349315
167.8,0.136719582562671,1.02361709942376,0.350474732852397,3.31403616580579
167.9,0.136929746784841,1.02449180268755,0.350444372767843,3.3136597123074
168,0.137139578996223,1.02536529522909,0.350413856804472,3.31328376371816
168.1,0.1373490792186,1.02623757761569,0.350383186460712,3.31290832077296
168.2,0.13755824747617,1.02710865041805,0.350352363225953,3.31253338419657
168.3,0.137767083810898,1.02797851423879,0.350321388578275,3.31215895467604
168.4,0.137975588243904,1.02884716964062,0.350290263990197,3.31178503292989
168.5,0.138183760825575,1.0297146172397,0.350258990921379,3.31141161961869
168.6,0.138391601594834,1.03058085762972,0.350227570824664,3.3110387154179
168.7,0.138599110592906,1.03144589140759,0.350196005144099,3.31066632099324
168.8,0.138806287878548,1.03230971920188,0.350164295312644,3.31029443697345
168.9,0.139013133489748,1.0331723416013,0.3501324427581,3.30992306401913
169,0.13921964749343,1.0340337592476,0.350100448895483,3.30955220273339
169.1,0.139425829945055,1.03489397276,0.35006831513329,3.30918185373448
169.2,0.139631680902271,1.03575298276083,0.350036042871461,3.30881201763138
169.3,0.139837200440033,1.03661078990375,0.350003633499065,3.30844269499667
169.4,0.140042388612597,1.03746739480266,0.349971088400312,3.30807388643491
169.5,0.140247245502836,1.03832279812403,0.349938408946791,3.30770559249394
169.6,0.140451771182158,1.03917700051187,0.34990559650385,3.30733781373695
169.7,0.140655965724056,1.04003000261307,0.349872652428519,3.30697055071823
169.8,0.140859829219096,1.0408818051056,0.349839578067152,3.30660380395633
169.9,0.141063361737231,1.04173240862774,0.349806374761601,3.30623757400201
170,0.141266563376705,1.04258181386993,0.349773043841199,3.3058718613499
170.1,0.141469434224307,1.04343002150013,0.349739586629344,3.30550666651026
170.2,0.141671974368805,1.04427703218905,0.349706004441353,3.30514198998488
170.3,0.141874183915816,1.04512284663816,0.349672298582033,3.30477783224031
170.4,0.142076062950416,1.04596746550931,0.349638470351904,3.30441419377512
170.5,0.142277611585668,1.04681088951614,0.349604521039214,3.30405107503276
170.6,0.142478829923183,1.04765311934976,0.349570451926538,3.30368847647256
170.7,0.142679718066449,1.04849415570395,0.349536264288606,3.30332639854571
170.8,0.142880276135583,1.04933399930288,0.349501959389796,3.3029648416687
170.9,0.143080504230248,1.05017265083128,0.34946753849053,3.30260380629021
171,0.143280402477776,1.05101011102517,0.349433002839073,3.30224329280443
171.1,0.143479970994062,1.0518463805981,0.34939835367828,3.30188330162158
171.2,0.14367920989678,1.05268146026612,0.349363592243379,3.30152383314413
171.3,0.14387811932001,1.0535153507754,0.349328719759438,3.30116488774042
171.4,0.144076699377468,1.05434805283273,0.349293737447821,3.30080646581096
171.5,0.144274950210227,1.05517956719582,0.349258646517907,3.30044856770253
171.6,0.144472871947941,1.05600989459989,0.349223448173927,3.30009119377816
171.7,0.144670464721944,1.05683903578253,0.349188143612707,3.29973434439351
171.8,0.144867728679764,1.05766699151118,0.349152734021068,3.29937801987055
171.9,0.14506466394865,1.05849376251395,0.349117220582382,3.29902222056342
172,0.145261270682906,1.05931934956951,0.349081604468207,3.29866694677331
172.1,0.145457549025429,1.06014375343402,0.349045886845175,3.29831219881774
172.2,0.145653499120705,1.0609669748659,0.34901006887272,3.29795797700717
172.3,0.145849121129205,1.0617890146531,0.348974151700463,3.29760428161895
172.4,0.146044415191211,1.0626098735444,0.348938136474912,3.29725111296295
172.5,0.146239381473759,1.06342955233871,0.348902024330823,3.29689847129641
172.6,0.146434020132491,1.06424805181242,0.348865816398267,3.2965463568931
172.7,0.146628331324554,1.06506537274406,0.348829513800318,3.29619477002
172.8,0.146822315222867,1.06588151594141,0.348793117650421,3.29584371091164
172.9,0.147015971980254,1.06669648217319,0.34875662905915,3.29549317983491
173,0.147209301775996,1.06751027225783,0.348720049125473,3.29514317700486
173.1,0.147402304778,1.0683228869913,0.348683378943907,3.29479370265316
173.2,0.147594981155589,1.06913432717152,0.348646619602164,3.29444475700501
173.3,0.147787331093654,1.06994459362542,0.348609772178498,3.29409634025361
173.4,0.147979354757091,1.07075368714101,0.348572837748553,3.2937484526247
173.5,0.148171052336948,1.07156160855554,0.348535817376491,3.29340109429265
173.6,0.14836242401293,1.07236835868386,0.348498712122257,3.29305426544869
173.7,0.14855346996607,1.07317393834266,0.348461523039188,3.29270796627787
173.8,0.148744190392767,1.07397834837733,0.348424251171316,3.29236219693371
173.9,0.148934585469521,1.07478158959446,0.348386897560298,3.29201695760221
174,0.149124655398695,1.07558366284951,0.348349463236452,3.29167224841873
174.1,0.149314400371329,1.07638456897554,0.348311949226089,3.29132806953552
174.2,0.149503820579714,1.07718430880731,0.348274356549098,3.29098442109895
174.3,0.149692916231304,1.07798288320804,0.348236686216234,3.29064130322436
174.4,0.149881687513758,1.07878029300227,0.348198939236143,3.29029871605974
174.5,0.150070134640305,1.079576539063,0.348161116606228,3.28995665970288
174.6,0.150258257812879,1.08037162224084,0.348123219320084,3.28961513426852
174.7,0.150446057234583,1.081165543388,0.348085248365059,3.28927413986578
174.8,0.15063353312349,1.08195830338489,0.348047204719547,3.28893367657334
174.9,0.150820685677974,1.08274990307331,0.34800908936001,3.28859374450227
175,0.151007515121695,1.08354034334316,0.347970903251838,3.28825434371424
175.1,0.151194021667053,1.08432962506202,0.34793264735687,3.28791547428815
175.2,0.151380205527543,1.08511774909895,0.347894322630903,3.28757713629763
175.3,0.151566066931427,1.0859047163509,0.347855930020853,3.28723932978604
175.4,0.15175160608737,1.08669052767631,0.347817470471873,3.28690205482895
175.5,0.151936823229045,1.08747518398141,0.347778944918255,3.28656531145341
175.6,0.152121718578893,1.08825868615006,0.3477403542909,3.28622909970365
175.7,0.152306292360376,1.08904103506752,0.34770169951483,3.28589341961883
175.8,0.15249054481153,1.08982223164667,0.347662981506364,3.28555827120843
175.9,0.152674476150906,1.09060227676206,0.347624201180301,3.28522365451418
176,0.152858086621777,1.09138117133557,0.347585359440664,3.28488956952976
176.1,0.153041376456219,1.09215891626678,0.347546457188276,3.28455601626608
176.2,0.153224345887257,1.09293551245655,0.347507495318247,3.28422299472922
176.3,0.153406995162301,1.09371096083312,0.347468474717146,3.28389050489607
176.4,0.153589324509381,1.09448526228648,0.347429396270232,3.28355854677579
176.5,0.153771334180972,1.09525841775362,0.347390260852101,3.28322712032997
176.6,0.153953024418392,1.09603042814924,0.347351069334344,3.28289622553756
176.7,0.154134395463831,1.09680129438923,0.347311822583008,3.28256586237292
176.8,0.154315447573685,1.09757101741657,0.347272521455734,3.28223603078164
176.9,0.154496180985073,1.09833959813616,0.347233166809058,3.28190673074153
177,0.154676595959287,1.09910703749949,0.347193759488973,3.28157796218341
177.1,0.154856692746497,1.09987333643581,0.347154300338635,3.28124972505546
177.2,0.15503647159768,1.10063849587545,0.347114790195809,3.28092201930148
177.3,0.155215932777834,1.10140251677557,0.347075229890018,3.28059484483698
177.4,0.155395076532787,1.10216540005541,0.347035620249891,3.28026820160977
177.5,0.155573903132274,1.1029271466804,0.346995962093608,3.27994208952107
177.6,0.155752412834943,1.10368775759377,0.346956256236681,3.2796165084895
177.7,0.155930605900186,1.10444723373974,0.346916503489389,3.27929145842954
177.8,0.156108482601233,1.1052055760891,0.346876704653912,3.27896693922783
177.9,0.156286043192256,1.10596278557486,0.34683686053169,3.27864295080307
178,0.156463287951066,1.10671886317582,0.346796971913863,3.2783194930281
178.1,0.156640217144426,1.10747380984868,0.346757039589115,3.27799656579332
178.2,0.15681683103978,1.10822762655099,0.34671706434106,3.27767416898527
178.3,0.156993129918229,1.10898031426664,0.346677046945298,3.27735230246284
178.4,0.157169114041936,1.10973187394184,0.346636988176821,3.27703096611677
178.5,0.15734478369643,1.11048230656826,0.346596888800507,3.27671015979269
178.6,0.157520139156236,1.1112316131155,0.346556749578915,3.27638988335377
178.7,0.1576951806965,1.11197979455391,0.346516571269685,3.27607013665951
178.8,0.157869908605848,1.11272685187993,0.346476354622579,3.27575091954218
178.9,0.158044323154081,1.11347278605247,0.346436100386915,3.27543223186578
179,0.158218424634105,1.11421759807552,0.346395809302021,3.27511407344979
179.1,0.158392213327865,1.11496128893107,0.346355482105065,3.27479644413122
179.2,0.158565689517868,1.11570385960174,0.346315119528434,3.27447934374361
179.3,0.158738853499928,1.11644531109602,0.346274722296777,3.27416277209369
179.4,0.158911705551143,1.117185644385,0.346234291134532,3.2738467290201
179.5,0.15908424597146,1.1179248604845,0.346193826756191,3.27353121431721
179.6,0.159256475049912,1.11866296038835,0.34615332987423,3.27321622779689
179.7,0.159428393076037,1.11939994509096,0.346112801196481,3.27290176926774
179.8,0.159600000352503,1.12013581561232,0.346072241423192,3.27258783851203
179.9,0.159771297163384,1.12087057293523,0.34603165125454,3.27227443534378
180,0.159942283815343,1.12160421808681,0.345991031380884,3.27196155953327
180.1,0.160112960604175,1.12233675207223,0.345950382490712,3.27164921086833
180.2,0.160283327826127,1.12306817589722,0.345909705268001,3.27133738913366
180.3,0.160453385790405,1.12379849059277,0.345869000389272,3.27102609408804
180.4,0.160623134787738,1.12452769715288,0.345828268531127,3.27071532552186
180.5,0.160792575131192,1.12525579661547,0.34578751036046,3.27040508318233
180.6,0.16096170712301,1.12598278999663,0.345746726542474,3.27009536683429
180.7,0.161130531065831,1.12670867831285,0.345705917738,3.26978617623969
180.8,0.16129904727509,1.1274334626057,0.345665084600502,3.26947751113479
180.9,0.161467256047864,1.12815714387985,0.345624227783637,3.26916937128724
181,0.161635157703311,1.12887972318359,0.34558334793152,3.26886175642216
181.1,0.161802752549821,1.12960120154339,0.345542445686689,3.26855466628229
181.2,0.161970040896123,1.13032157998606,0.345501521687443,3.2682481006076
181.3,0.162137023063579,1.13104085956324,0.34546057656484,3.26794205911278
181.4,0.162303699355313,1.13175904128986,0.345419610950264,3.26763654154376
181.5,0.162470070096281,1.13247612622406,0.345378625465676,3.2673315476045
181.6,0.16263613560072,1.13319211540226,0.3453376207316,3.26702707701651
181.7,0.162801896183156,1.13390700986113,0.345296597364447,3.26672312949879
181.8,0.162967352170588,1.13462081066192,0.345255555973498,3.26641970474536
181.9,0.163132503871893,1.13533351882933,0.345214497168511,3.2661168024814
182,0.163297351617536,1.13604513543094,0.345173421549922,3.26581442239057
182.1,0.163461895727312,1.13675566151263,0.345132329716857,3.26551256417411
182.2,0.163626136521262,1.13746509812048,0.34509122226445,3.26521122753086
182.3,0.163790074331734,1.13817344632492,0.345050099780828,3.26491041213507
182.4,0.163953709473078,1.13888070715997,0.345008962854719,3.26461011769199
182.5,0.164117042280986,1.13958688170217,0.344967812065641,3.26431034386588
182.6,0.164280073080537,1.14029197100646,0.344926647991927,3.26401109033852
182.7,0.164442802197005,1.14099597612787,0.344885471208041,3.26371235678949
182.8,0.164551472096448,1.14169889814558,0.344844282281547,3.26341414287407
182.9,0.164463085329424,1.14240073810246,0.344803081780739,3.26311644827846
183,0.164375527852842,1.14310149708363,0.344761870264809,3.26281927264831
183.1,0.164288794809112,1.14380117615262,0.344720648291903,3.2625226156469
183.2,0.16420288136607,1.14449977637301,0.344679416416419,3.26222647693538
183.3,0.164117782710658,1.14519729883226,0.344638175185947,3.26193085615096
183.4,0.164033494064614,1.14589374458172,0.344596925148892,3.26163575296145
183.5,0.163950010663729,1.1465891147146,0.34455566684471,3.26134116699477
183.6,0.163867327774396,1.14728341030264,0.344514400811898,3.2610470978963
183.7,0.163785440687816,1.1479766324175,0.34447312758531,3.26075354530949
183.8,0.163704344713931,1.14866878215454,0.34443184769313,3.26046050885419
183.9,0.163624035196248,1.14935986057318,0.344390561664567,3.26016798818113
184,0.163544507492404,1.15004986877434,0.34434927001988,3.25987598290119
184.1,0.163465756989758,1.1507388078375,0.344307973278487,3.25958449264269
184.2,0.16338777909988,1.15142667884205,0.344266671956261,3.25929351703215
184.3,0.163310569252703,1.1521134828908,0.344225366562545,3.25900305567291
184.4,0.163234122910746,1.15279922105083,0.344184057607778,3.25871310819889
184.5,0.163158435550512,1.15348389443034,0.344142745593583,3.25842367420476
184.6,0.163083502677349,1.1541675041162,0.344101431020861,3.25813475330263
184.7,0.163009319820211,1.15485005119509,0.344060114387082,3.25784634510292
184.8,0.162935882526132,1.15553153677691,0.344018796183269,3.25755844919319
184.9,0.16286318637375,1.15621196193597,0.343977476901635,3.2572710651913
185,0.16279122695554,1.15689132778739,0.343936157025702,3.25698419267645
185.1,0.162719999891988,1.15756963542501,0.343894837038375,3.25669783124523
185.2,0.162649500826595,1.15824688594242,0.343853517419236,3.25641198049268
185.3,0.16257972542065,1.15892308045622,0.343812198641514,3.25612663999126
185.4,0.16251066936604,1.15959822004758,0.343770881179742,3.25584180934364
185.5,0.162442328368398,1.16027230583814,0.343729565499859,3.25555748811421
185.6,0.16237469816055,1.16094533892833,0.34368825206729,3.25527367588477
185.7,0.162307774497768,1.16161732041828,0.343646941344241,3.25499037223569
185.8,0.162241553152808,1.16228825143091,0.343605633786663,3.25470757672502
185.9,0.1621760299281,1.16295813305385,0.343564329851881,3.2544252889408
186,0.162111200639676,1.16362696641489,0.343523029988757,3.25414350843333
186.1,0.162047061129968,1.1642947526207,0.343481734645739,3.25386223477029
186.2,0.16198360726329,1.16496149277756,0.343440444268158,3.25358146751804
186.3,0.161920834921159,1.16562718801432,0.343399159295178,3.25330120622093
186.4,0.161858740013797,1.16629183942475,0.34335788016746,3.25302145045321
186.5,0.161797318464953,1.16695544814241,0.343316607317279,3.25274219975175
186.6,0.161736566224027,1.16761801527983,0.343275341176571,3.25246345367066
186.7,0.161676479261779,1.16827954194909,0.343234082174241,3.25218521176284
186.8,0.161617053565828,1.16894002928462,0.343192830733156,3.25190747355959
186.9,0.161558285151561,1.16959947838594,0.343151587277788,3.25163023862199
187,0.161500170047834,1.17025789039204,0.343110352224291,3.25135350647409
187.1,0.16144270430838,1.17091526642095,0.343069125988589,3.2510772766572
187.2,0.161385884007756,1.1715716075902,0.343027908983674,3.25080154871151
187.3,0.161329705237103,1.17222691503946,0.342986701616583,3.25052632215588
187.4,0.161274164114462,1.17288118987364,0.342945504296037,3.25025159653877
187.5,0.161219256771216,1.17353443323682,0.342904317422553,3.24997737137208
187.6,0.161164979362899,1.17418664625219,0.342863141396491,3.24970364618484
187.7,0.161111328065358,1.17483783004237,0.342821976615369,3.24943042050513
187.8,0.161058299070733,1.17548798575192,0.342780823470853,3.24915769383997
187.9,0.161005888597169,1.17613711449083,0.342739682356401,3.2488854657259
188,0.160954092876083,1.17678521740791,0.342698553657334,3.24861373566325
188.1,0.160902908162338,1.17743229563115,0.342657437758901,3.2483425031694
188.2,0.160852330730609,1.17807835028797,0.342616335043591,3.24807176776086
188.3,0.16080235687157,1.17872338252745,0.342575245888147,3.24780152893342
188.4,0.160752982901092,1.17936739346434,0.342534170671155,3.24753178621211
188.5,0.160704205148187,1.18001038425184,0.342493109763181,3.24726253908625
188.6,0.160656019964578,1.18065235602245,0.342452063534832,3.24699378706227
188.7,0.160608423721294,1.18129330990801,0.342411032354044,3.24672552964583
188.8,0.160561412805143,1.18193324706186,0.342370016583064,3.24645776632205
188.9,0.160514983627355,1.18257216860312,0.34232901658604,3.24619049660502
189,0.160469132612132,1.1832100756891,0.342288032719229,3.24592371997367
189.1,0.160423856205732,1.18384696945646,0.342247065338987,3.24565743592392
189.2,0.160379150873236,1.18448285104117,0.34220611479909,3.24539164395101
189.3,0.160335013095239,1.18511772160046,0.342165181447713,3.24512634352995
189.4,0.160291439375957,1.18575158225757,0.342124265634995,3.24486153416447
189.5,0.160248426232479,1.18638443417356,0.342083367703289,3.24459721532361
189.6,0.16020597020329,1.18701627848896,0.34204248799512,3.24433338649334
189.7,0.160164067845233,1.18764711634354,0.342001626850512,3.24407004715899
189.8,0.160122715730394,1.18827694889815,0.34196078460398,3.24380719678599
189.9,0.16008191045364,1.18890577727979,0.341919961592121,3.24354483486848
190,0.160041648622679,1.18953360265301,0.341879158143785,3.24328296086613
190.1,0.160001926865972,1.19016042616189,0.341838374588067,3.24302157425542
190.2,0.159962741829893,1.19078624894969,0.34179761125163,3.24276067451231
190.3,0.159924090175768,1.19141107218057,0.341756868455736,3.24250026109316
190.4,0.159885968586973,1.19203489698501,0.341716146523783,3.24224033348284
190.5,0.159848373759607,1.19265772453074,0.341675445771518,3.24198089113214
190.6,0.159811302409903,1.19327955596509,0.341634766515,3.2417219335086
190.7,0.159774751271552,1.19390039243452,0.341594109067935,3.24146346007935
190.8,0.159738717092954,1.1945202351062,0.341553473738713,3.24120547029214
190.9,0.159703196643813,1.19513908511382,0.34151286083793,3.2409479636231
191,0.159668186706463,1.19575694362797,0.341472270668616,3.24069093951465
191.1,0.159633684082747,1.19637381179894,0.341431703534183,3.24043439742593
191.2,0.159599685591535,1.19698969077613,0.341391159735769,3.24017833681568
191.3,0.159566188066159,1.19760458172944,0.341350639569271,3.23992275712359
191.4,0.159533188360549,1.19821848579545,0.341310143332853,3.23966765781749
191.5,0.159500683341151,1.19883140414734,0.3412696713172,3.23941303833191
191.6,0.159468669893333,1.1994433379381,0.341229223813451,3.239158898118
191.7,0.159437144919061,1.20005428831976,0.341188801110534,3.23890523662663
191.8,0.159406105334523,1.20066425646467,0.341148403492223,3.23865205328984
191.9,0.159375548075808,1.20127324351203,0.341108031244615,3.23839934756763
192,0.15934547009142,1.20188125063735,0.341067684646417,3.2381471188871
192.1,0.159315868348203,1.20248827899604,0.341027363976848,3.23789536669188
192.2,0.159286739829186,1.20309432974247,0.34098706951299,3.23764409042539
192.3,0.159258081531378,1.20369940405117,0.340946801526852,3.23739328951248
192.4,0.159229890470998,1.20430350306372,0.340906560292834,3.23714296340582
192.5,0.159202163676591,1.20490662795766,0.340866346078018,3.23689311152554
192.6,0.15917489819447,1.20550877989055,0.340826159150068,3.23664373330819
192.7,0.159148091086726,1.20610996001887,0.340785999774577,3.23639482819024
192.8,0.159121739429205,1.20671016951906,0.34074586821214,3.23614639558979
192.9,0.159095840316363,1.20730940953477,0.340705764725748,3.23589843495241
193,0.159070390854814,1.20790768124534,0.34066568957121,3.23565094569165
193.1,0.159045388168389,1.20850498581021,0.340625643004974,3.23540392723748
193.2,0.159020829396294,1.20910132438772,0.34058562528149,3.2351573790198
193.3,0.158996711691285,1.20969669815594,0.34054563665027,3.23491130045036
193.4,0.158973032224062,1.21029110826037,0.340505677363292,3.23466569096827
193.5,0.158949788177399,1.21088455588189,0.340465747665423,3.23442054998094
193.6,0.158926976750751,1.21147704218156,0.340425847802221,3.23417587691207
193.7,0.158904595158571,1.21206856831931,0.340385978017312,3.2339316711854
193.8,0.158882640628621,1.21265913547462,0.340346138549462,3.23368793220677
193.9,0.158861110405996,1.21324874479457,0.340306329639939,3.23344465940911
194,0.158840001747757,1.21383739746133,0.340266551522994,3.23320185219409
194.1,0.158819311927113,1.21442509463733,0.34022680443363,3.23295950997961
194.2,0.158799038231888,1.21501183748387,0.340187088604985,3.23271763218367
194.3,0.158779177963013,1.21559762718157,0.340147404265399,3.23247621820658
194.4,0.158759728438166,1.21618246487886,0.340107751645744,3.23223526747548
194.5,0.158740686986861,1.21676635175895,0.340068130969976,3.2319947793867
194.6,0.158722050954269,1.21734928898542,0.34002854246284,3.23175475335263
194.7,0.158703817699813,1.21793127772065,0.339988986347273,3.23151518878584
194.8,0.158685984595791,1.21851231914621,0.3399494628415,3.23127608508146
194.9,0.158668549030593,1.21909241441162,0.339909972166373,3.23103744166149
195,0.158651508404414,1.21967156470093,0.33987051453585,3.23079925791722
195.1,0.158634860132614,1.22024977117861,0.339831090164732,3.23056153325595
195.2,0.158618601644453,1.22082703500791,0.339791699266068,3.2303242670852
195.3,0.158602730381827,1.22140335737108,0.339752342048276,3.23008745879533
195.4,0.158587243802167,1.22197873941854,0.339713018722436,3.22985110780332
195.5,0.1585721393746,1.2225531823349,0.339673729492817,3.22961521349585
195.6,0.158557414582939,1.22312668728533,0.339634474564572,3.22937977527547
195.7,0.158543066924546,1.2236992554337,0.33959525414116,3.229144792545
195.8,0.158529093909212,1.22427088796276,0.339556068421486,3.22891026469036
195.9,0.158515493061712,1.22484158602354,0.339516917607147,3.2286761911239
196,0.158502261918407,1.22541135080103,0.339477801893016,3.22844257122797
196.1,0.158489398029854,1.22598018346086,0.339438721474913,3.22820940440084
196.2,0.158476898959806,1.22654808516736,0.339399676547024,3.2279766900411
196.3,0.158464762284276,1.22711505710348,0.33936066729903,3.22774442753058
196.4,0.158452985593739,1.22768110042071,0.339321693923315,3.22751261627721
196.5,0.15844156649012,1.22824621630418,0.339282756605645,3.22728125565947
196.6,0.158430502589094,1.22881040591976,0.339243855532771,3.22705034507155
196.7,0.158419791519201,1.22937367043197,0.339204990889862,3.22681988390805
196.8,0.158409430921037,1.22993601102383,0.339166162857651,3.22658987154701
196.9,0.158399418449131,1.23049742884703,0.339127371619605,3.22636030739241
197,0.158389751769362,1.23105792508663,0.339088617352657,3.22613119081908
197.1,0.158380428560919,1.23161750090854,0.33904990023476,3.2259025212175
197.2,0.15837144651553,1.23217615747729,0.339011220442343,3.22567429797858
197.3,0.158362803336776,1.23273389597572,0.338972578147462,3.22544652047693
197.4,0.158354496741624,1.23329071755554,0.338933973524976,3.22521918811298
197.5,0.158346524458328,1.23384662340154,0.338895406743248,3.22499230025827
197.6,0.158338884228023,1.23440161467947,0.338856877971703,3.22476585629983
197.7,0.158331573804069,1.23495569255365,0.338818387378284,3.2245398556252
197.8,0.158324590951471,1.23550885820654,0.338779935126645,3.22431429760585
197.9,0.158317933448127,1.23606111278967,0.338741521383259,3.22408918163887
198,0.158311599083121,1.23661245748736,0.338703146308189,3.22386450709278
198.1,0.158305585657996,1.237162893465,0.338664810062589,3.2236402733515
198.2,0.158299890986213,1.23771242188649,0.338626512806186,3.22341647979952
198.3,0.158294512892682,1.23826104393374,0.33858825469448,3.22319312580545
198.4,0.158289449214725,1.23880876075789,0.33855003588583,3.22297021076336
198.5,0.158284697800749,1.23935557354261,0.338511856532245,3.22274773403904
198.6,0.158280256511206,1.23990148345271,0.338473716786871,3.22252569501363
198.7,0.158276123218161,1.24044649165153,0.338435616801476,3.22230409306886
198.8,0.15827229580495,1.2409905993202,0.338397556723661,3.22208292757079
198.9,0.158268772166847,1.24153380760929,0.338359536703907,3.22186219791072
199,0.158265550210109,1.24207611770164,0.338321556886424,3.22164190345202
199.1,0.158262627852645,1.24261753076128,0.33828361741659,3.22142204357329
199.2,0.158260003023685,1.2431580479508,0.338245718438447,3.22120261765376
199.3,0.158257673663538,1.24369767045037,0.338207860091943,3.22098362505718
199.4,0.158255637723981,1.24423639940981,0.338170042519936,3.22076506517245
199.5,0.158253893167691,1.24477423601093,0.338132265859077,3.22054693736077
199.6,0.158252437968601,1.24531118141685,0.338094530247222,3.22032924099851
199.7,0.158251270111672,1.24584723678917,0.338056835820942,3.22011197546268
199.8,0.158250387592777,1.24638240330698,0.338019182712764,3.21989514011507
199.9,0.158249788418844,1.24691668211912,0.337981571058114,3.21967873434218
200,0.158249470607562,1.2474500744062,0.337944000986322,3.21946275750337
200.1,0.158249432187497,1.24798258133024,0.337906472627954,3.21924720897299
200.2,0.158249671197957,1.2485142040517,0.337868986112342,3.21903208812617
200.3,0.158250185689001,1.24904494374838,0.337831541564819,3.21881739432291
200.4,0.158250973721293,1.24957480156802,0.337794139113656,3.2186031269478
200.5,0.158252033366173,1.25010377868984,0.337756778881086,3.21838928535855
200.6,0.15825336270549,1.25063187627458,0.337719460990608,3.2181758689278
200.7,0.158254959831567,1.25115909548141,0.337682185564527,3.21796287702892
200.8,0.158256822847292,1.25168543748665,0.337644952721213,3.21775030902044
200.9,0.158258949865748,1.25221090343676,0.337607762581984,3.2175381642852
201,0.158261339010589,1.25273549450942,0.337570615262196,3.21732644217952
201.1,0.158263988415616,1.25325921186392,0.337533510878511,3.21711514207455
201.2,0.15826689622483,1.25378205665798,0.337496449546439,3.21690426334228
201.3,0.158270060592642,1.25430403006626,0.337459431377602,3.21669380533992
201.4,0.158273479683259,1.2548251332338,0.337422456486578,3.21648376744883
201.5,0.158277151671344,1.25534536733655,0.337385524982067,3.21627414902417
201.6,0.158281074741371,1.2558647335322,0.337348636974089,3.21606494943579
201.7,0.158285247087758,1.25638323297683,0.33731179257155,3.2158561680544
201.8,0.158289666915152,1.25690086684332,0.337274991879537,3.21564780423619
201.9,0.158294332437555,1.25741763627512,0.337238235006151,3.21543985736142
202,0.158299241879379,1.25793354244631,0.337201522053638,3.21523232678431
202.1,0.158304393474507,1.25844858651281,0.33716485312559,3.21502521187366
202.2,0.158309785466516,1.25896276962891,0.33712822832452,3.21481851199915
202.3,0.158315416109031,1.25947609296555,0.337091647749196,3.21461222651618
202.4,0.158321283664656,1.25998855766441,0.337055111501396,3.21440635480397
202.5,0.158327386406306,1.26050016489757,0.337018619677125,3.21420089621602
202.6,0.158333722616035,1.26101091581902,0.336982172373745,3.21399585012032
202.7,0.158340290585347,1.26152081158111,0.336945769687584,3.21379121588572
202.8,0.158347088615631,1.26202985335268,0.336909411711278,3.21358699286702
202.9,0.158354115016884,1.26253804227352,0.336873098540491,3.21338318044264
203,0.158361368109313,1.2630453795135,0.336836830265176,3.21317977796556
203.1,0.15836884622193,1.26355186622459,0.336800606976687,3.21297678480322
203.2,0.158376547692946,1.26405750355705,0.336764428765388,3.212774200324
203.3,0.158384470870321,1.26456229267748,0.336728295717981,3.21257202388228
203.4,0.158392614110277,1.2650662347236,0.336692207924188,3.21237025485583
203.5,0.158400975779122,1.265569330863,0.336656165468115,3.21216889259735
203.6,0.158409554251667,1.2660715822454,0.336620168435283,3.21196793647387
203.7,0.158418347911687,1.26657299001884,0.336584216910254,3.21176738585339
203.8,0.158427355152548,1.26707355534756,0.336548310973987,3.21156724009008
203.9,0.158436574375522,1.26757327936706,0.33651245071047,3.2113674985613
204,0.158446003991875,1.26807216324248,0.336476636198137,3.21116816061967
204.1,0.158455642421074,1.26857020812121,0.336440867516864,3.21096922563198
204.2,0.158465488091318,1.26906741514891,0.3364051447456,3.21077069296605
204.3,0.158475539440244,1.26956378548729,0.336369467959744,3.21057256197607
204.4,0.158485794913022,1.27005932026955,0.336333837237764,3.21037483203929
204.5,0.158496252964753,1.27055402065823,0.336298252652608,3.21017750250841
204.6,0.158506912058443,1.27104788779823,0.336262714278681,3.2099805727502
204.7,0.158517770665608,1.27154092283272,0.336227222189494,3.20978404213245
204.8,0.158528827267042,1.27203312692075,0.336191776455072,3.20958791000952
204.9,0.158540080350743,1.27252450119305,0.336156377148504,3.20939217575868
205,0.158551528414545,1.27301504680945,0.336121024337435,3.20919683873287
205.1,0.158563169963899,1.27350476491224,0.336085718090976,3.20900189829903
205.2,0.158575003512548,1.27399365664194,0.336050458477382,3.20880735382512
205.3,0.158587027583364,1.27448172315483,0.336015245561471,3.20861320466587
205.4,0.158599240706098,1.27496896557905,0.335980079411142,3.20841945019872
205.5,0.158611641420244,1.27545538507158,0.335944960088899,3.20822608977706
205.6,0.158624228272632,1.27594098277196,0.335909887658742,3.20803312276818
205.7,0.15863699981817,1.27642575981797,0.335874862183844,3.20784054854041
205.8,0.158649954620751,1.276909717363,0.335839883723987,3.20764836644904
205.9,0.158663091250832,1.27739285653243,0.335804952342038,3.2074565758718
206,0.158676408288521,1.2778751784803,0.335770068095539,3.20726517616274
206.1,0.158689904320991,1.27835668434328,0.335735231043535,3.20707416668964
206.2,0.158703577943284,1.27883737525627,0.335700441244278,3.20688354682136
206.3,0.158717427759283,1.27931725236963,0.335665698752683,3.20669331591388
206.4,0.158731452379133,1.2797963168059,0.335631003626747,3.20650347334545
206.5,0.158745650422535,1.28027456971604,0.335596355919209,3.20631401847088
206.6,0.158760020515989,1.28075201223373,0.335561755684326,3.20612495065861
206.7,0.158774561293661,1.28122864549089,0.335527202975594,3.20593626927823
206.8,0.158789271398421,1.2817044706347,0.335492697843214,3.20574797368656
206.9,0.1588041494791,1.28217948878479,0.335458240340481,3.20556006326253
207,0.158819194193997,1.28265370108888,0.335423830515483,3.20537253736185
207.1,0.158834404207954,1.28312710867758,0.335389468417846,3.20518539535381
207.2,0.158849778193279,1.28359971267966,0.335355154096462,3.20499863660883
207.3,0.158865314830845,1.28407151423908,0.335320887596979,3.20481226048475
207.4,0.158881012807187,1.28454251447239,0.335286668968153,3.20462626636135
207.5,0.158896870818228,1.285012714524,0.335252498253582,3.20444065359545
207.6,0.158912887566189,1.2854821155213,0.335218375498408,3.2042554215573
207.7,0.158929061760565,1.28595071858985,0.335184300747064,3.20407056961826
207.8,0.158945392119277,1.28641852487023,0.335150274040794,3.20388609713733
207.9,0.158961877365636,1.2868855354758,0.335116295423936,3.20370200349521
208,0.158978516232241,1.28735175154756,0.335082364935743,3.20351828804992
208.1,0.158995307457734,1.28781717420958,0.335048482617045,3.2033349501729
208.2,0.159012249787834,1.28828180458411,0.335014648508001,3.20315198923677
208.3,0.159029341976574,1.28874564380826,0.334980862645596,3.20296940460181
208.4,0.159046582783121,1.28920869299209,0.334947125069892,3.20278719564974
208.5,0.159063970975818,1.28967095327308,0.334913435815953,3.20260536174
208.6,0.159081505328824,1.29013242577186,0.33487979492042,3.20242390224525
208.7,0.159099184623192,1.29059311160726,0.334846202419282,3.20224281653935
208.8,0.159117007648155,1.29105301191282,0.334812658345414,3.20206210398405
208.9,0.159134973197802,1.2915121277952,0.334779162734776,3.20188176396232
209,0.159153080075326,1.29197046038825,0.334745715618376,3.20170179583511
209.1,0.159171327089506,1.2924280108091,0.334712317028804,3.20152219897646
209.2,0.159189713055837,1.29288478017302,0.334678966998028,3.20134297276162
209.3,0.159208236797859,1.29334076960989,0.334645665554944,3.20116411655388
209.4,0.159226897143708,1.29379598022288,0.334612412731548,3.20098562973764
209.5,0.159245692930545,1.29425041314212,0.334579208554925,3.20080751167545
209.6,0.159264623000886,1.29470406948111,0.334546053053758,3.20062976174289
209.7,0.159283686203793,1.29515695035151,0.334512946256134,3.20045237931674
209.8,0.159302881396244,1.29560905687941,0.334479888187114,3.20027536376199
209.9,0.159322207439567,1.2960603901644,0.334446878874854,3.20009871446457
210,0.159341663204023,1.29651095133281,0.334413918342657,3.19992243078877
210.1,0.159361247565019,1.29696074149441,0.334381006615429,3.1997465121118
210.2,0.159380959404335,1.29740976175712,0.334348143717498,3.19957095781209
210.3,0.159400797611543,1.2978580132432,0.33431532967022,3.19939576725644
210.4,0.15942076108032,1.29830549704856,0.334282564498035,3.19922093983236
210.5,0.159440848713195,1.29875221429559,0.334249848220593,3.19904647490604
210.6,0.159461059417626,1.29919816609029,0.334217180859153,3.19887237185644
210.7,0.159481392107277,1.29964335353675,0.334184562434427,3.1986986300638
210.8,0.159501845703484,1.30008777775328,0.334151992964188,3.19852524889681
210.9,0.159522419131457,1.30053143983202,0.334119472469298,3.19835222774477
211,0.159543111325167,1.30097434089138,0.334087000965876,3.19817956597582
211.1,0.159563921223317,1.30141648203344,0.334054578471658,3.19800726297081
211.2,0.159584847770648,1.30185786435841,0.334022205003855,3.19783531811182
211.3,0.159605889919455,1.30229848898057,0.333989880576782,3.19766373076962
211.4,0.159627046625675,1.30273835698818,0.333957605207849,3.19749250033534
211.5,0.159648316853923,1.3031774694956,0.333925378909768,3.19732162617923
211.6,0.159669699573348,1.30361582760091,0.33389320169688,3.19715110768413
211.7,0.159691193758975,1.30405343240036,0.333861073583024,3.19698094423416
211.8,0.15971279839327,1.30449028500408,0.333828994579182,3.1968111352022
211.9,0.159734512462134,1.30492638649642,0.333796964699395,3.19664167998125
212,0.159756334960048,1.30536173798755,0.333764983953092,3.19647257794377
212.1,0.159778264885828,1.30579634057151,0.333733052351336,3.19630382847469
212.2,0.159800301244013,1.30623019534047,0.333701169904713,3.19613543096025
212.3,0.159822443046472,1.30666330340038,0.333669336620982,3.19596738477557
212.4,0.159844689308292,1.30709566583156,0.33363755251097,3.19579968931574
212.5,0.159867039053058,1.30752728373994,0.333605817580934,3.1956323439555
212.6,0.159889491308502,1.30795815821543,0.333574131838771,3.19546534808198
212.7,0.159912045107931,1.30838829034605,0.333542495291919,3.1952987010836
212.8,0.159934699491867,1.30881768123348,0.333510907945035,3.19513240233783
212.9,0.159957453503841,1.30924633195393,0.333479369805827,3.19496645124188
213,0.1599803061958,1.30967424360903,0.333447880877493,3.19480084717288
213.1,0.160003256623654,1.31010141728447,0.333416441164881,3.19463558952027
213.2,0.160026303848736,1.31052785406406,0.333385050672405,3.19447067767479
213.3,0.16004944693949,1.31095355504512,0.333353709401725,3.19430611101632
213.4,0.160072684967171,1.3113785212997,0.333322417357538,3.19414188894431
213.5,0.160096017011363,1.31180275392502,0.333291174540095,3.19397801083837
213.6,0.160119442155438,1.3122262540025,0.333259980951293,3.19381447609027
213.7,0.16014295948805,1.31264902261165,0.33322883659261,3.19365128409312
213.8,0.160166568104848,1.31307106084536,0.333197741462818,3.19348843422931
213.9,0.160190267104086,1.31349236977147,0.333166695563749,3.19332592590073
214,0.160214055592276,1.31391295048273,0.333135698892808,3.19316375848955
214.1,0.160237932679553,1.3143328040562,0.333104751449048,3.19300193139
214.2,0.160261897481191,1.31475193156701,0.333073853231121,3.19284044399762
214.3,0.160285949119346,1.31517033410359,0.333043004235019,3.19267929569743
214.4,0.160310086718595,1.31558801272945,0.333012204459781,3.19251848589374
214.5,0.160334309411691,1.31600496853282,0.332981453900071,3.19235801397135
214.6,0.160358616334841,1.31642120258634,0.332950752552201,3.19219787932703
214.7,0.160383006629256,1.3168367159607,0.332920100412098,3.19203808135884
214.8,0.160407479442923,1.31725150973978,0.332889497473073,3.1918786194545
214.9,0.160432033926069,1.31766558498271,0.332858943731471,3.19171949302079
215,0.160456669237016,1.31807894277313,0.332828439179314,3.19156070144525
215.1,0.160481384537369,1.31849158417919,0.332797983810286,3.19140224412731
215.2,0.160506178993601,1.3189035102671,0.332767577617714,3.19124412046774
215.3,0.16053105177887,1.31931472211611,0.332737220592323,3.19108632985701
215.4,0.160556002068398,1.31972522078092,0.33270691272785,3.19092887170442
215.5,0.160581029045414,1.32013500734051,0.332676654013778,3.19077174540034
215.6,0.160606131896276,1.32054408285847,0.332646444441249,3.19061495034688
215.7,0.160631309812082,1.32095244839647,0.332616284001064,3.19045848594752
215.8,0.160656561990507,1.32136010502908,0.332586172681459,3.19030235159555
215.9,0.160681887631125,1.32176705380647,0.332556110473668,3.19014654670291
216,0.160707285941433,1.32217329580293,0.332526097364727,3.18999107066286
216.1,0.160732756131907,1.32257883207743,0.332496133343329,3.18983592288026
216.2,0.160758297417635,1.32298366368703,0.332466218397841,3.18968110276137
216.3,0.160783909020181,1.32338779170156,0.332436352514104,3.18952660970238
216.4,0.160809590162833,1.32379121716665,0.332406535680971,3.18937244311806
216.5,0.160835340076733,1.3241939411518,0.332376767883117,3.18921860240458
216.6,0.160861157995853,1.32459596471133,0.332347049106875,3.18906508696965
216.7,0.160887043158655,1.3249972888976,0.332317379338267,3.18891189622233
216.8,0.160912994809975,1.32539791477567,0.332287758560832,3.18875902956181
216.9,0.160939012196215,1.32579784338653,0.332258186761103,3.18860648640564
217,0.16096509457155,1.32619707579488,0.332228663921489,3.18845426615299
217.1,0.160991241192842,1.32659561305029,0.332199190026052,3.18830236821449
217.2,0.161017451321322,1.32699345620042,0.33216976505856,3.18815079200209
217.3,0.161043724224499,1.32739060630545,0.332140389000334,3.18799953691801
217.4,0.161070059171291,1.32778706440174,0.332111061835683,3.18784860238267
217.5,0.161096455438312,1.32818283154908,0.332081783544831,3.18769798779832
217.6,0.161122912304723,1.32857790879229,0.332052554109664,3.18754769257855
217.7,0.161149429053934,1.32897229717422,0.332023373511785,3.18739771613831
217.8,0.16117600497554,1.32936599775019,0.331994241730383,3.18724805788291
217.9,0.161202639360394,1.32975901155182,0.331965158747621,3.18709871723569
218,0.161229331506969,1.33015133963396,0.331936124541629,3.18694969360204
218.1,0.161256080716147,1.33054298303661,0.33190713909219,3.18680098639858
218.2,0.161282886292947,1.3309339427978,0.331878202378827,3.18665259504327
218.3,0.161309747548477,1.33132421996791,0.331849314378679,3.18650451894459
218.4,0.16133666379496,1.33171381557375,0.331820475071844,3.18635675752885
218.5,0.16136363435216,1.33210273066524,0.331791684434436,3.18620931020461
218.6,0.161390658542119,1.33249096627748,0.331762942444223,3.18606217639158
218.7,0.161417735690904,1.33287852344363,0.331734249078722,3.18591535551083
218.8,0.16144486513058,1.33326540320907,0.331705604313101,3.18576884697401
218.9,0.161472046194182,1.33365160659581,0.331677008125486,3.18562265021052
219,0.161499278222213,1.33403713464873,0.331648460490052,3.18547676463215
219.1,0.161526560557327,1.33442198839801,0.331619961382633,3.18533118966176
219.2,0.16155389254609,1.33480616887191,0.331591510778826,3.18518592472357
219.3,0.161581273540981,1.33518967711075,0.331563108651909,3.18504096923251
219.4,0.161608702895316,1.33557251413168,0.331534754978077,3.18489632262096
219.5,0.161636179969796,1.33595468097451,0.33150644972965,3.18475198430401
219.6,0.161663704127151,1.33633617866446,0.331478192880602,3.18460795370773
219.7,0.161691274733915,1.33671700822482,0.331449984404688,3.18446423025954
219.8,0.161718891162447,1.33709717069084,0.331421824273366,3.18432081337768
219.9,0.161746552785811,1.33747666707475,0.33139371246101,3.18417770249769
220,0.161774258984383,1.33785549841127,0.331365648938155,3.184034897038
220.1,0.161802009140445,1.3382336657206,0.331337633676986,3.18389239642791
220.2,0.161829802639985,1.33861117002103,0.331309666649483,3.1837502000981
220.3,0.161857638874724,1.33898801234269,0.331281747825362,3.18360830747012
220.4,0.161885517236959,1.33936419369286,0.331253877177233,3.1834667179827
220.5,0.16191343712623,1.3397397151011,0.331226054673919,3.18332543105765
220.6,0.161941397943861,1.34011457758259,0.331198280285896,3.18318444612758
220.7,0.161969399094781,1.34048878215056,0.331170553983446,3.18304376262645
220.8,0.161997439989568,1.34086232982998,0.331142875734613,3.18290337997924
220.9,0.162025520039259,1.34123522162315,0.331115245510315,3.18276329762786
221,0.16205363866205,1.34160745855444,0.331087663277732,3.18262351499756
221.1,0.162081795277817,1.34197904163393,0.331060129005689,3.18248403152422
221.2,0.162109989309939,1.34234997186978,0.331032642662826,3.18234484664513
221.3,0.162138220187359,1.34272025028177,0.331005204215584,3.18220595978868
221.4,0.16216648733935,1.34308987786717,0.330977813633291,3.18206737040018
221.5,0.162194790202285,1.34345885564514,0.330950470881551,3.18192907790831
221.6,0.162223128214102,1.34382718462064,0.330923175927607,3.18179108175234
221.7,0.162251500816146,1.3441948657967,0.33089592873853,3.18165338137287
221.8,0.162279907455245,1.34456190018788,0.330868729279228,3.1815159762018
221.9,0.162308347578442,1.34492828878639,0.330841577517475,3.18137886568772
222,0.162336820639804,1.34529403260612,0.330814473417367,3.18124204926283
222.1,0.162365326094859,1.3456591326469,0.330787416944632,3.18110552636977
222.2,0.162393863402452,1.34602358990658,0.330760408064836,3.18096929645254
222.3,0.162422432026822,1.34638740539447,0.330733446741416,3.18083335894655
222.4,0.162451031432318,1.34675058009767,0.330706532940656,3.18069771330371
222.5,0.162479661090238,1.34711311502482,0.330679666625209,3.18056235895976
222.6,0.16250832047324,1.34747501117054,0.330652847759365,3.18042729536082
222.7,0.162537009057199,1.34783626952751,0.330626076307269,3.1802925219544
222.8,0.162565726323315,1.34819689109975,0.330599352230949,3.18015803817945
222.9,0.162594471752786,1.34855687686923,0.330572675495253,3.18002384349119
223,0.162623244833691,1.34891622783926,0.330546046061457,3.17988993732897
223.1,0.162652045055362,1.34927494499925,0.330519463892462,3.17975631914236
223.2,0.162680871910269,1.34963302933668,0.330492928951037,3.17962298838234
223.3,0.162709724896119,1.34999048185023,0.330466441197863,3.17948994449141
223.4,0.162738603510521,1.35034730351673,0.330440000596422,3.17935718692823
223.5,0.162767507257887,1.35070349533413,0.330413607106668,3.1792247151357
223.6,0.162796435643791,1.3510590582866,0.330387260690175,3.17909252856693
223.7,0.162825388176856,1.35141399335637,0.330360961308396,3.17896062667636
223.8,0.162854364370865,1.35176830153679,0.330334708920724,3.17882900891013
223.9,0.162883363739399,1.35212198379949,0.330308503489359,3.17869767473039
224,0.162912385802775,1.35247504113706,0.330282344972992,3.1785666235837
224.1,0.162941430082382,1.35282747452841,0.330256233331926,3.17843585492667
224.2,0.162970496102567,1.35317928495049,0.330230168526352,3.17830536821725
224.3,0.162999583392765,1.35353047339126,0.330204150514433,3.1781751629052
224.4,0.163028691482111,1.35388104081716,0.330178179257123,3.17804523845617
224.5,0.163057819906408,1.35423098821538,0.330152254711907,3.17791559432036
224.6,0.163086968202439,1.35458031655952,0.330126376837876,3.17778622995791
224.7,0.163116135909861,1.35492902682124,0.330100545594016,3.17765714483034
224.8,0.163145322573348,1.35527711998311,0.33007476093732,3.17752833839107
224.9,0.163174527737178,1.35562459700632,0.330049022827548,3.17739981010923
225,0.163203750952228,1.35597145887265,0.330023331221033,3.17727155943869
225.1,0.163232991770267,1.35631770655039,0.32999768607572,3.17714358584322
225.2,0.163262249745861,1.35666334100588,0.329972087349459,3.17701588878796
225.3,0.163291524438513,1.35700836321626,0.329946534998122,3.17688846773001
225.4,0.163320815407245,1.35735277413747,0.329921028980324,3.17676132214198
225.5,0.163350122217609,1.35769657474586,0.329895569251305,3.17663445148146
225.6,0.163379444435965,1.35803976600435,0.329870155767906,3.17650785521581
225.7,0.163408781631387,1.35838234887394,0.329844788486882,3.17638153281378
225.8,0.16343813337782,1.35872432432636,0.329819467363039,3.17625548373616
225.9,0.163467499248636,1.35906569331225,0.329794192353905,3.17612970745911
226,0.163496878823673,1.35940645680248,0.329768963413676,3.17600420344393
226.1,0.163526271683491,1.35974661575463,0.329743780498142,3.17587897116162
226.2,0.163555677411293,1.36008617112435,0.329718643563019,3.17575401008455
226.3,0.163585095595075,1.36042512387788,0.329693552562094,3.17562931967725
226.4,0.163614525822183,1.36076347496058,0.32966850745187,3.17550489941943
226.5,0.163643967686356,1.36110122533785,0.329643508185546,3.17538074877616
226.6,0.163673420781979,1.36143837596187,0.329618554717913,3.17525686722209
226.7,0.163702884706006,1.36177492778291,0.329593647003693,3.17513325423321
226.8,0.163732359060112,1.36211088176174,0.32956878499571,3.17500990927779
226.9,0.163761843445242,1.3624462388384,0.329543968649475,3.17488683183914
227,0.163791337468668,1.36278099997278,0.329519197917245,3.17476402138606
227.1,0.163820840738231,1.36311516611167,0.329494472752859,3.17464147739688
227.2,0.163850352864266,1.36344873819996,0.329469793110103,3.17451919935128
227.3,0.163879873461765,1.36378171719291,0.32944515894088,3.17439718672128
227.4,0.163909402144908,1.36411410402522,0.329420570199772,3.17427543899382
227.5,0.163938938534138,1.36444589965129,0.32939602683814,3.17415395564148
227.6,0.163968482250393,1.36477710501248,0.329371528808909,3.17403273614623
227.7,0.163998032917034,1.36510772104824,0.329347076064956,3.17391177999137
227.8,0.164027590162008,1.36543774870835,0.32932266855731,3.17379108665271
227.9,0.16405715361238,1.36576718892215,0.329298306239678,3.17367065562084
228,0.16408672290141,1.36609604263851,0.329273989062561,3.17355048637212
228.1,0.164116297662783,1.36642431079336,0.329249716978032,3.17343057839222
228.2,0.164145877532535,1.36675199432074,0.329225489938118,3.17331093116816
228.3,0.164175462151225,1.36707909416489,0.329201307893025,3.17319154417954
228.4,0.164205051158454,1.36740561124979,0.329177170795609,3.17307241692055
228.5,0.164234644199958,1.36773154651877,0.329153078595568,3.17295354887136
228.6,0.164264240921824,1.36805690090231,0.329129031244157,3.17283493952136
228.7,0.164293840972425,1.36838167532902,0.32910502869259,3.17271658836124
228.8,0.164323444004591,1.36870587073759,0.329081070890291,3.1725984948744
228.9,0.164353049670125,1.36902948804663,0.329057157789327,3.17248065855874
229,0.164382657626902,1.36935252819392,0.32903328933863,3.17236307889821
229.1,0.164412267533078,1.36967499210449,0.329009465488679,3.17224575538593
229.2,0.164441879049032,1.36999688070148,0.328985686189922,3.17212868751627
229.3,0.164471491839531,1.37031819491804,0.328961951391042,3.17201187477644
229.4,0.164501105568256,1.37063893566739,0.328938261043333,3.17189531666796
229.5,0.16453071990489,1.37095910388173,0.328914615095006,3.17177901267859
229.6,0.164560334519335,1.37127870048066,0.328891013495818,3.1716629623052
229.7,0.164589949083653,1.37159772638183,0.32886745619551,3.171547165046
229.8,0.164619563274229,1.37191618251286,0.328843943142062,3.17143162039197
229.9,0.164649176766297,1.37223406978154,0.328820474286043,3.17131632784826
230,0.16467878924103,1.37255138911452,0.328797049574983,3.17120128690649
230.1,0.164708400379759,1.37286814142591,0.328773668957948,3.17108649706724
230.2,0.164738009865912,1.37318432762788,0.328750332383991,3.17097195783242
230.3,0.164767617387178,1.37349994864251,0.32872703980043,3.17085766869687
230.4,0.164797222630032,1.37381500537216,0.328703791157163,3.1707436291694
230.5,0.16482682528683,1.3741294987379,0.328680586401076,3.17062983874549
230.6,0.164856425050021,1.37444342964836,0.328657425480582,3.17051629692945
230.7,0.164886021614089,1.37475679901023,0.328634308344083,3.17040300322691
230.8,0.164915614677721,1.37506960774001,0.328611234938279,3.17028995713652
230.9,0.16494520393833,1.37538185673465,0.328588205212431,3.17017715817083
231,0.164974789099149,1.37569354690964,0.32856521911282,3.17006460582913
231.1,0.165004369863443,1.3760046791681,0.328542276587245,3.16995229961948
231.2,0.165033945936457,1.37631525441125,0.328519377583503,3.16984023905127
231.3,0.165063517027574,1.37662527355,0.328496522047709,3.16972842362699
231.4,0.165093082844851,1.37693473747589,0.328473709928526,3.16961685286287
231.5,0.165122643102099,1.3772436470988,0.328450941171666,3.16950552626206
231.6,0.165152197513108,1.37755200331635,0.328428215724347,3.16939444333635
231.7,0.165181745793587,1.37785980702429,0.328405533533791,3.16928360359888
231.8,0.165211287663326,1.37816705912792,0.328382894545565,3.16917300655594
231.9,0.165240822840736,1.37847376051336,0.32836029870777,3.16906265172751
232,0.165270351049917,1.37877991208489,0.328337745965586,3.16895253862056
232.1,0.165299872014899,1.37908551473464,0.328315236265693,3.16884266675067
232.2,0.165329385461571,1.37939056935285,0.328292769554787,3.16873303563476
232.3,0.165358891119847,1.37969507683925,0.328270345777919,3.16862364478296
232.4,0.165388388718203,1.37999903807448,0.328247964882638,3.16851449371885
232.5,0.165417877990753,1.38030245395727,0.328225626813628,3.16840558195325
232.6,0.165447358671483,1.38060532537421,0.328203331517066,3.16829690900554
232.7,0.165476830496184,1.38090765321005,0.328181078939148,3.16818847439638
232.8,0.165506293204616,1.38120943835893,0.328158869024445,3.16808027763974
232.9,0.165535746535051,1.38151068169606,0.328136701720016,3.16797231826293
233,0.165565190231338,1.38181138411454,0.328114576970077,3.16786459578063
233.1,0.165594624037149,1.38211154649548,0.328092494720334,3.16775710971595
233.2,0.165624047697907,1.38241116971811,0.328070454916512,3.16764985959332
233.3,0.165653460962945,1.38271025467098,0.328048457502739,3.16754284493055
233.4,0.165682863580063,1.38300880222386,0.328026502425599,3.16743606525864
233.5,0.165712255302578,1.38330681326425,0.328004589628879,3.16732952009608
233.6,0.165741635883581,1.38360428866774,0.327982719057847,3.1672232089698
233.7,0.165771005077864,1.38390122930807,0.327960890657799,3.16711713140799
233.8,0.165800362644073,1.38419763606818,0.327939104372446,3.16701128693232
233.9,0.165829708339269,1.3844935098124,0.327917360147934,3.16690567507741
234,0.165859041925978,1.38478885142263,0.327895657927646,3.16680029536565
234.1,0.16588836316645,1.38508366176894,0.327873997656436,3.16669514732768
234.2,0.165917671824586,1.38537794171956,0.327852379279187,3.16659023049542
234.3,0.165946967668084,1.38567169215185,0.327830802739224,3.16648554439435
234.4,0.165976250463025,1.3859649139247,0.327809267982316,3.16638108856293
234.5,0.166005519980885,1.38625760791439,0.327787774951476,3.16627686252737
234.6,0.166034775992823,1.38654977498551,0.327766323591173,3.16617286582206
234.7,0.166064018271593,1.38684141600075,0.327744913845909,3.16606909798264
234.8,0.166093246593701,1.38713253183189,0.32772354565866,3.16596555853844
234.9,0.166122460733986,1.38742312333237,0.327702218974812,3.1658622470316
235,0.166151660472632,1.38771319137288,0.327680933737038,3.16575916299216
235.1,0.166180845589458,1.38800273681249,0.327659689889456,3.16565630595825
235.2,0.166210015865834,1.38829176050839,0.327638487376229,3.16555367546931
235.3,0.166239171086825,1.38858026332677,0.327617326140002,3.16545127105847
235.4,0.166268311035789,1.38886824611562,0.327596206125814,3.16534909227154
235.5,0.166297435501372,1.38915570974004,0.327575127276021,3.1652471386424
235.6,0.166326544271815,1.38944265505358,0.327554089534425,3.16514540971294
235.7,0.166355637136864,1.38972908290795,0.32753309284487,3.16504390502635
235.8,0.166384713889903,1.39001499416374,0.327512137149704,3.16494262411959
235.9,0.166413774322577,1.39030038966349,0.327491222393648,3.16484156654215
236,0.166442818231759,1.39058527026673,0.327470348518775,3.16474073183174
236.1,0.166471845413878,1.39086963682148,0.327449515468592,3.16464011953402
236.2,0.16650085566682,1.39115349017395,0.327428723186656,3.16453972919591
236.3,0.166529848792062,1.39143683117917,0.327407971615043,3.16443956035821
236.4,0.166558824589297,1.39171966067423,0.327387260698175,3.16433961257403
236.5,0.166587782863399,1.39200197951306,0.327366590377863,3.16423988538491
236.6,0.166616723418755,1.39228378853818,0.32734596059735,3.16414037834026
236.7,0.166645646061167,1.39256508859033,0.327325371299934,3.16404109099075
236.8,0.166674550599975,1.39284588051893,0.32730482242744,3.16394202288099
236.9,0.166703436842704,1.39312616515566,0.32728431392404,3.16384317356781
237,0.166732304602003,1.39340594334886,0.327263845731314,3.16374454259657
237.1,0.166761153689991,1.39368521593555,0.327243417792249,3.16364612952038
237.2,0.166789983920162,1.39396398375097,0.32722303004989,3.16354793389357
237.3,0.166818795109498,1.39424224763897,0.327202682445848,3.16344995526456
237.4,0.166847587073139,1.39452000842581,0.32718237492406,3.16335219319389
237.5,0.166876359631286,1.39479726695424,0.327162107425896,3.16325464723072
237.6,0.166905112603581,1.39507402405581,0.327141879894127,3.16315731693188
237.7,0.166933845810996,1.39535028056024,0.327121692271589,3.16306020185547
237.8,0.16696255907794,1.39562603730586,0.327101544499696,3.16296330155367
237.9,0.16699125222695,1.39590129511347,0.327081436522169,3.1628666155907
238,0.167019925085571,1.39617605482026,0.327061368280192,3.1627701435195
238.1,0.167048577480752,1.39645031725229,0.327041339716343,3.16267388490062
238.2,0.16707720924073,1.39672408323382,0.327021350773259,3.16257783929586
238.3,0.167105820197134,1.3969973535976,0.327001401392184,3.16248200626118
238.4,0.167134410179693,1.39727012915902,0.326981491516655,3.16238638536448
238.5,0.167162979023087,1.3975424107497,0.326961621087693,3.16229097616249
238.6,0.167191526561367,1.39781419919024,0.326941790047706,3.16219577821949
238.7,0.167220052629836,1.39808549529942,0.32692199833917,3.16210079110098
238.8,0.167248557067135,1.39835629990443,0.326902245903178,3.16200601436671
238.9,0.167277039709974,1.39862661381526,0.32688253268308,3.16191144758815
239,0.167305500399967,1.39889643785798,0.326862858619761,3.16181709032581
239.1,0.167333938978068,1.3991657728477,0.32684322365548,3.16172294214767
239.2,0.167362355286442,1.39943461959774,0.326823627732572,3.16162900262295
239.3,0.167390749170548,1.39970297892976,0.326804070791999,3.16153527131515
239.4,0.167419120473884,1.39997085164835,0.326784552776971,3.16144174779941
239.5,0.167447469044803,1.40023823857402,0.326765073628254,3.16134843164
239.6,0.167475794730962,1.40050514051642,0.326745633287983,3.16125532240859
239.7,0.167504097381193,1.40077155828344,0.326726231698364,3.16116241967808
239.8,0.167532376847578,1.40103749269118,0.326706868800255,3.16106972301572
239.9,0.167560632980211,1.40130294453884,0.326687544536735,3.16097723200025
240,0.167588865633986,1.40156791464141,0.326668258848473,3.16088494619971
240.1,0.167617074663079,1.40183240380308,0.326649011677501,3.16079286518946
240.2,0.167645259922803,1.40209641282627,0.326629802965927,3.16070098854609
240.3,0.16767342127167,1.40235994252161,0.326610632654521,3.16060931584059
240.4,0.167701558566178,1.40262299368287,0.326591500686252,3.16051784665529
240.5,0.167729671667583,1.40288556711952,0.326572407001715,3.16042658056197
240.6,0.167757760436385,1.40314766363032,0.326553351542847,3.16033551713965
240.7,0.167785824734188,1.40340928401226,0.326534334251668,3.16024465596854
240.8,0.167813864425751,1.40367042907044,0.326515355068879,3.16015399662336
240.9,0.16784187937381,1.40393109959327,0.326496413937389,3.16006353869013
241,0.167869869445794,1.40419129638471,0.326477510797729,3.15997328174436
241.1,0.167897834508348,1.40445102023807,0.326458645591769,3.15988322536871
241.2,0.167925774429187,1.40471027194494,0.32643981826146,3.15979336914701
241.3,0.167953689079138,1.40496905230489,0.326421028747459,3.15970371265771
241.4,0.167981578326985,1.405227362101,0.3264022769926,3.15961425549042
241.5,0.16800944204615,1.4054852021317,0.326383562937379,3.15952499722433
241.6,0.168037280109254,1.40574257318489,0.326364886523616,3.15943593744576
241.7,0.168065092389948,1.40599947604675,0.326346247693221,3.15934707574221
241.8,0.168092878764956,1.40625591151136,0.326327646386821,3.1592584116958
241.9,0.168120639108928,1.40651188035644,0.326309082547197,3.15916994489969
242,0.168148373301112,1.40676738337494,0.326290556114822,3.1590816749368
242.1,0.16817608121993,1.40702242134935,0.326272067031492,3.15899360139707
242.2,0.168203762744797,1.40727699506043,0.326253615239087,3.15890572387163
242.3,0.16823141775816,1.40753110529682,0.326235200678224,3.15881804194629
242.4,0.168259046140375,1.40778475283088,0.326216823291653,3.15873055521778
242.5,0.168286647776345,1.40803793845008,0.326198483019847,3.15864326327269
242.6,0.168314222550123,1.40829066293152,0.326180179804588,3.1585561657046
242.7,0.168341770346724,1.40854292705058,0.326161913587749,3.15846926210825
242.8,0.168369291054151,1.40879473159043,0.326143684309951,3.15838255207311
242.9,0.168396784558296,1.4090460773181,0.326125491913925,3.15829603519943
243,0.168424250749554,1.40929696501559,0.326107336340157,3.1582097110775
243.1,0.168451689517444,1.40954739545464,0.326089217530434,3.15812357930448
243.2,0.168479100752421,1.40979736940523,0.326071135426639,3.15803763947871
243.3,0.168506484347881,1.41004688764509,0.326053089969415,3.15795189119333
243.4,0.1685338401951,1.41029595093595,0.326035081101503,3.15786633405217
243.5,0.168561168189801,1.41054456005435,0.326017108763423,3.15778096764916
243.6,0.16858846822681,1.41079271576665,0.325999172896972,3.15769579158502
243.7,0.168615740201853,1.41104041883749,0.325981273444045,3.15761080546163
243.8,0.168642984013564,1.41128767003915,0.325963410345325,3.15752600887577
243.9,0.168670199558445,1.41153447012806,0.32594558354358,3.15744140143481
244,0.168697386737392,1.41178081987534,0.325927792979371,3.15735698273632
244.1,0.168724545450385,1.41202672004199,0.325910038594533,3.15727275238461
244.2,0.168751675598274,1.41227217138729,0.325892320331006,3.15718870998513
244.3,0.168778777084777,1.41251717467812,0.325874638129521,3.15710485513826
244.4,0.168805849811464,1.41276173066561,0.325856991932884,3.1570211874549
244.5,0.168832893684252,1.41300584011547,0.325839381681714,3.15693770653624
244.6,0.168859908608123,1.41324950378335,0.325821807317898,3.15685441199013
244.7,0.168886894488898,1.41349272242321,0.325804268783421,3.15677130342555
244.8,0.168913851235229,1.41373549679653,0.325786766019088,3.15668838044649
244.9,0.168940778753609,1.41397782764915,0.325769298967755,3.15660564266738
245,0.168967676954828,1.41421971574139,0.325751867570118,3.15652308969299
245.1,0.168994545748724,1.41446116182357,0.325734471768132,3.15644072113473
245.2,0.169021385045945,1.41470216664434,0.325717111503853,3.15635853660512
245.3,0.169048194759932,1.41494273095979,0.325699786718165,3.15627653571176
245.4,0.169074974801944,1.41518285551051,0.325682497353976,3.15619471807246
245.5,0.169101725087502,1.41542254105142,0.325665243352074,3.15611308329561
245.6,0.169128445531154,1.41566178832753,0.325648024654491,3.15603163099614
245.7,0.169155136048237,1.41590059808221,0.325630841203369,3.15595036079009
245.8,0.169181796556832,1.41613897106616,0.325613692939687,3.15586927228863
245.9,0.169208426972838,1.41637690801473,0.325596579806435,3.15578836511305
246,0.169235027216362,1.41661440967749,0.325579501744502,3.15570763887531
246.1,0.169261597206524,1.41685147679414,0.325562458696015,3.15562709319384
246.2,0.169288136863203,1.41708811010277,0.325545450603207,3.15554672768818
246.3,0.169314646108989,1.41732431034873,0.325528477407169,3.15546654197305
246.4,0.169341124864273,1.41756007826215,0.325511539050976,3.15538653567317
246.5,0.169367573053617,1.41779541458722,0.325494635475634,3.15530670840405
246.6,0.169393990600574,1.41803032005841,0.325477766623378,3.15522705978763
246.7,0.169420377429436,1.4182647954085,0.325460932436552,3.15514758944692
246.8,0.169446733467165,1.41849884137753,0.325444132856367,3.1550682970002
246.9,0.169473058638509,1.41873245869041,0.325427367826001,3.15498918207558
247,0.169499352872348,1.41896564808601,0.325410637286585,3.15491024429212
247.1,0.169525616096537,1.41919841029352,0.325393941180469,3.1548314832752
247.2,0.16955184823964,1.41943074604048,0.325377279450113,3.15475289865128
247.3,0.169578049232858,1.41966265606162,0.32536065203686,3.15467449004213
247.4,0.169604219005185,1.41989414107666,0.32534405888402,3.15459625707937
247.5,0.169630357489687,1.42012520181913,0.325327499932864,3.15451819938556
247.6,0.169656464618388,1.42035583901301,0.325310975125869,3.15444031658952
247.7,0.169682540323997,1.4205860533806,0.325294484405623,3.15436260832113
247.8,0.169708584541828,1.42081584565132,0.325278027713617,3.15428507420568
247.9,0.169734597204979,1.42104521653972,0.325261604993284,3.15420771387815
248,0.169760578250574,1.42127416677405,0.325245216186047,3.15413052696461
248.1,0.169786527614687,1.42150269707303,0.325228861234524,3.15405351309729
248.2,0.169812445234052,1.42173080815378,0.325212540081451,3.15397667190954
248.3,0.16983833104797,1.42195850074042,0.325196252668472,3.1539000030301
248.4,0.169864184993515,1.42218577554236,0.325179998939157,3.15382350609731
248.5,0.169890007011748,1.42241263328256,0.32516377883509,3.15374718074071
248.6,0.169915797042668,1.42263907467454,0.325147592299045,3.15367102659598
248.7,0.169941555026911,1.42286510043022,0.325131439273911,3.15359504329984
248.8,0.169967280907643,1.42309071126848,0.3251153197015,3.15351923048451
248.9,0.169992974625798,1.42331590789356,0.325099233525532,3.15344358779169
249,0.170018636126256,1.42354069102318,0.325083180687765,3.15336811485436
249.1,0.170044265352819,1.42376506136568,0.325067161131137,3.15329281131161
249.2,0.170069862249907,1.42398901962779,0.325051174798703,3.15321767680356
249.3,0.170095426764431,1.42421256652316,0.325035221632453,3.15314271096585
249.4,0.170120958841066,1.42443570275091,0.32501930157626,3.1530679134435
249.5,0.17014645842839,1.42465842902351,0.325003414572067,3.15299328387294
249.6,0.170171925473896,1.42488074604414,0.324987560562985,3.15291882189661
249.7,0.170197359925669,1.42510265451438,0.324971739492247,3.15284452715802
249.8,0.170222761734254,1.42532415514265,0.324955951302029,3.15277039929625
249.9,0.170248130847956,1.42554524862298,0.324940195936384,3.15269643795963
250,0.170273467218941,1.42576593566261,0.324924473337444,3.15262264278802
250.1,0.17029877079827,1.42598621695958,0.324908783448501,3.15254901342721
250.2,0.170324041537577,1.42620609321033,0.324893126212962,3.152475549524
250.3,0.170349279390927,1.42642556511808,0.324877501573203,3.15240225072086
250.4,0.170374484310147,1.42664463337178,0.32486190947346,3.15232911666948
250.5,0.170399656250874,1.42686329867348,0.324846349856067,3.15225614701308
250.6,0.170424795167635,1.42708156171608,0.32483082266451,3.15218334140079
250.7,0.170449901015509,1.4272994231909,0.324815327842392,3.15211069948277
250.8,0.170474973751972,1.427516883796,0.324799865332294,3.15203822090485
250.9,0.170500013332255,1.42773394421526,0.324784435078643,3.15196590532199
251,0.170525019715363,1.42795060514554,0.324769037023983,3.15189375238081
251.1,0.170549992859179,1.42816686727465,0.324753671112,3.15182176173372
251.2,0.170574932722118,1.42838273128882,0.324738337286496,3.15174993303419
251.3,0.170599839264956,1.42859819788093,0.324723035490271,3.15167826593142
251.4,0.170624712446237,1.42881326772983,0.324707765667953,3.15160676008364
251.5,0.170649552228223,1.42902794152723,0.324692527762308,3.15153541514083
251.6,0.170674358572047,1.42924221995584,0.324677321717229,3.1514642307587
251.7,0.170699131439353,1.42945610369682,0.324662147476727,3.15139320659397
251.8,0.170723870794119,1.42966959343792,0.324647004983824,3.15132234229918
251.9,0.170748576598079,1.42988268985296,0.324631894183348,3.15125163753578
252,0.170773248816656,1.43009539362852,0.324616815018292,3.15118109195706
252.1,0.170797887414137,1.43030770544224,0.324601767432774,3.15111070522206
252.2,0.170822492355306,1.43051962597024,0.324586751371035,3.15104047699079
252.3,0.17084706360724,1.43073115589515,0.324571766776328,3.15097040691911
252.4,0.170871601134764,1.43094229588578,0.324556813593687,3.15090049467165
252.5,0.17089610490636,1.43115304662359,0.324541891766345,3.15083073990504
252.6,0.170920574889365,1.43136340878121,0.324527001238644,3.15076114228155
252.7,0.170945011051591,1.4315733830297,0.324512141955047,3.15069170146442
252.8,0.170969413363116,1.43178297004659,0.324497313859048,3.15062241711281
252.9,0.170993781791772,1.43199217049574,0.324482516895908,3.15055328889457
253,0.171018116309001,1.4322009850535,0.324467751009102,3.15048431646961
253.1,0.171042416885091,1.43240941438748,0.324453016143204,3.15041549950343
253.2,0.171066683490789,1.43261745916372,0.32443831224291,3.15034683766248
253.3,0.171090916099075,1.4328251200547,0.32442363925196,3.1502783306092
253.4,0.171115114680692,1.43303239771931,0.324408997115847,3.15020997801461
253.5,0.171139279209945,1.43323929282883,0.324394385778296,3.15014177954192
253.6,0.171163409659985,1.43344580604587,0.324379805184122,3.1500737348598
253.7,0.171187506004398,1.4336519380315,0.324365255278264,3.15000584363794
253.8,0.17121156821898,1.43385768945312,0.324350736004714,3.14993810554202
253.9,0.171235596277285,1.4340630609647,0.324336247309207,3.14987052024624
254,0.171259590156394,1.43426805323249,0.324321789135724,3.14980308741703
254.1,0.171283549832223,1.4344726669141,0.324307361429327,3.14973580672627
254.2,0.171307475281106,1.43467690266562,0.324292964135198,3.1496686778468
254.3,0.171331366481561,1.43488076114947,0.32427859719759,3.14960170044752
254.4,0.171355223409867,1.43508424301466,0.324264260562484,3.1495348742058
254.5,0.171379046045789,1.43528734892244,0.324249954174126,3.14946819879128
254.6,0.171402834367924,1.43549007952546,0.324235677977833,3.14940167387903
254.7,0.171426588355272,1.43569243547488,0.324221431919049,3.14933529914506
254.8,0.171450307988981,1.43589441742808,0.324207215942292,3.1492690742615
254.9,0.171473993247957,1.43609602602922,0.324193029993782,3.14920299890874
255,0.171497644114562,1.43629726193452,0.324178874018034,3.14913707275967
255.1,0.171521260569986,1.43649812579171,0.32416474796063,3.14907129549248
255.2,0.171544842595807,1.43669861824703,0.324150651767274,3.14900566678636
255.3,0.171568390175719,1.43689873995288,0.324136585382757,3.14894018631659
255.4,0.17159190329118,1.43709849154854,0.324122548753559,3.14887485376669
255.5,0.171615381927064,1.43729787368526,0.324108541824472,3.14880966881273
255.6,0.171638826067067,1.43749688700587,0.324094564541343,3.14874463113602
255.7,0.171662235695257,1.43769553215169,0.324080616850143,3.14867974041886
255.8,0.171685610797793,1.43789380977019,0.324066698695944,3.14861499633971
255.9,0.171708951358595,1.43809172049578,0.324052810025481,3.14855039858514
256,0.171732257364969,1.43828926497477,0.324038950783831,3.14848594683437
256.1,0.171755528803034,1.4384864438451,0.324025120917114,3.14842164077185
256.2,0.171778765659272,1.43868325774321,0.324011320371575,3.14835748008295
256.3,0.171801967922222,1.43887970731164,0.32399754909257,3.14829346444929
256.4,0.171825135578193,1.43907579317999,0.323983807027106,3.1482295935605
256.5,0.171848268616837,1.43927151598961,0.323970094120546,3.14816586709895
256.6,0.171871367026617,1.4394668763736,0.323956410319285,3.14810228475213
256.7,0.171894430796337,1.43966187496355,0.32394275556984,3.14803884620849
256.8,0.171917459916838,1.43985651239707,0.323929129817854,3.14797555115274
256.9,0.171940454376743,1.44005078929898,0.323915533010616,3.14791239927759
257,0.171963414167971,1.44024470630572,0.323901965093776,3.14784939026848
257.1,0.171986339281252,1.44043826404554,0.323888426014013,3.147786523816
257.2,0.172009229707645,1.44063146314521,0.323874915718131,3.14772379961165
257.3,0.172032085440215,1.44082430423745,0.323861434152068,3.14766121734323
257.4,0.172054906469814,1.44101678794231,0.323847981263387,3.14759877670645
257.5,0.172077692790554,1.44120891489134,0.323834556998038,3.14753647738987
257.6,0.172100444395356,1.44140068570799,0.323821161302987,3.1474743190871
257.7,0.172123161277453,1.4415921010142,0.323807794125323,3.14741230149264
257.8,0.172145843432062,1.44178316143786,0.323794455411282,3.1473504242974
257.9,0.172168490852193,1.44197386759424,0.323781145108716,3.14728868720009
258,0.172191103534079,1.44216422011004,0.323767863163877,3.14722708989233
258.1,0.172213681472754,1.44235421960391,0.32375460952402,3.14716563207073
258.2,0.172236224663553,1.44254386669304,0.323741384136527,3.14710431343282
258.3,0.172258733103768,1.44273316200045,0.323728186947937,3.14704313367254
258.4,0.172281206788489,1.44292210613668,0.323715017906382,3.14698209249154
258.5,0.172303645715993,1.44311069972363,0.323701876958421,3.14692118958449
258.6,0.172326049883366,1.44329894337515,0.32368876405161,3.14686042465103
258.7,0.172348419287982,1.44348683770369,0.323675679133635,3.14679979739168
258.8,0.172370753929139,1.44367438332745,0.323662622151341,3.14673930750343
258.9,0.172393053803928,1.44386158085227,0.323649593053148,3.14667895469084
259,0.172415318912608,1.44404843089523,0.323636591785927,3.14661873865162
259.1,0.172437549254238,1.44423493406546,0.323623618297534,3.14655865908837
259.2,0.17245974482815,1.44442109097064,0.323610672535952,3.14649871570458
259.3,0.17248190563558,1.44460690222422,0.323597754448339,3.14643890820022
259.4,0.172504031675568,1.44479236842734,0.323584863983414,3.1463792362828
259.5,0.172526122950278,1.4449774901923,0.32357200108836,3.14631969965304
259.6,0.172548179460674,1.44516226812351,0.323559165711336,3.14626029801646
259.7,0.172570201207981,1.44534670282394,0.323546357800629,3.1462010310795
259.8,0.172592188195303,1.44553079490228,0.323533577303711,3.14614189854511
259.9,0.172614140423559,1.44571454495502,0.323520824169605,3.14608290012371
260,0.172636057896753,1.44589795358968,0.323508098345809,3.146024035519
260.1,0.172657940617691,1.44608102140598,0.323495399780792,3.14596530443943
260.2,0.172679788589426,1.44626374900224,0.32348272842315,3.14590670659436
260.3,0.172701601816867,1.44644613698237,0.323470084220674,3.14584824168969
260.4,0.172723380302743,1.44662818593824,0.32345746712269,3.14578990943875
260.5,0.172745124052837,1.44680989647265,0.323444877077018,3.14573170954818
260.6,0.172766833071727,1.44699126918065,0.323432314032438,3.14567364172934
260.7,0.172788507364228,1.44717230465588,0.323419777937854,3.14561570569445
260.8,0.17281014693699,1.44735300349755,0.323407268741378,3.14555790115237
260.9,0.172831751794492,1.44753336629292,0.323394786392648,3.1455002278193
261,0.17285332194423,1.44771339364009,0.323382330839807,3.1454426854048
261.1,0.172874857392499,1.44789308612944,0.323369902031951,3.14538527362312
261.2,0.172896358145817,1.44807244435,0.323357499918303,3.14532799218939
261.3,0.172917824212512,1.44825146889629,0.323345124447301,3.14527084081539
261.4,0.172939255598739,1.44843016035098,0.323332775568881,3.14521381922008
261.5,0.172960652313646,1.44860851930748,0.323320453231514,3.14515692711594
261.6,0.172982014365181,1.44878654635157,0.323308157384618,3.14510016422012
261.7,0.173003341761509,1.44896424206765,0.323295887977734,3.14504353025057
261.8,0.173024634512572,1.4491416070456,0.323283644959627,3.14498702492198
261.9,0.173045892626154,1.44931864186351,0.323271428280549,3.14493064795613
262,0.173067116112996,1.44949534711014,0.323259237889301,3.14487439906841
262.1,0.173088304982638,1.44967172336667,0.323247073735622,3.14481827797877
262.2,0.173109459244825,1.44984777121293,0.323234935769373,3.14476228440803
262.3,0.17313057891106,1.45002349123415,0.32322282393965,3.14470641807371
262.4,0.173151663990692,1.45019888400389,0.323210738197019,3.1446506787004
262.5,0.173172714495996,1.45037395010628,0.323198678490614,3.14459506600633
262.6,0.173193730438049,1.45054869011794,0.323186644770495,3.1445395797143
262.7,0.173214711828124,1.45072310461412,0.323174636986853,3.14448421954793
262.8,0.173235658679223,1.45089719417544,0.323162655089114,3.1444289852276
262.9,0.17325657100221,1.45107095937097,0.323150699028165,3.14437387648066
263,0.173277448810837,1.45124440078022,0.323138768753477,3.14431889302821
263.1,0.173298292117658,1.45141751897527,0.323126864215433,3.1442640345958
263.2,0.173319100935408,1.45159031452682,0.323114985364542,3.14420930090984
263.3,0.173339875278536,1.45176278801094,0.32310313215057,3.14415469169351
263.4,0.173360615159367,1.45193493999219,0.323091304524727,3.14410020667696
263.5,0.173381320593075,1.4521067710455,0.323079502436816,3.14404584558407
263.6,0.173401991593638,1.45227828173843,0.323067725837554,3.1439916081432
263.7,0.173422628175208,1.45244947263719,0.323055974677778,3.14393749408349
263.8,0.173443230353628,1.45262034431327,0.323044248907592,3.14388350313096
263.9,0.17346379814262,1.45279089732677,0.323032548478528,3.14382963501846
264,0.17348433155873,1.45296113224808,0.32302087334073,3.14377588947268
264.1,0.173504830617306,1.45313104964027,0.323009223445243,3.14372226622472
264.2,0.173525295333862,1.45330065006505,0.322997598743235,3.14366876500646
264.3,0.17354572572558,1.45346993408938,0.322985999185147,3.1436153855467
264.4,0.173566121807538,1.45363890226893,0.322974424722841,3.143562127581
264.5,0.173586483597597,1.45380755516957,0.322962875306803,3.14350899083884
264.6,0.173606811112426,1.45397589334987,0.322951350888407,3.14345597505403
264.7,0.173627104368845,1.45414391736712,0.322939851419154,3.14340307996117
264.8,0.173647363385325,1.45431162778376,0.322928376849826,3.14335030529181
264.9,0.173667588178238,1.45447902515106,0.322916927132607,3.14329765078419
265,0.173687778766713,1.45464611003035,0.322905502218326,3.14324511617052
265.1,0.173707935168692,1.4548128829758,0.322894102058696,3.14319270118734
265.2,0.173728057402265,1.45497934454024,0.322882726605556,3.14314040557198
265.3,0.173748145487142,1.45514549528165,0.322871375810031,3.14308822905871
265.4,0.173768199440936,1.45531133574689,0.32286004962463,3.14303617138841
265.5,0.173788219283997,1.45547686649285,0.322848748000529,3.14298423229605
265.6,0.173808205035486,1.45564208806925,0.322837470889774,3.14293241152082
265.7,0.173828156714705,1.45580700102454,0.32282621824454,3.14288070880274
265.8,0.173848074342552,1.45597160591222,0.322814990016295,3.14282912387878
265.9,0.173867957937849,1.45613590327481,0.322803786157881,3.14277765649247
266,0.173887807522114,1.45629989366474,0.322792606620818,3.14272630638148
266.1,0.173907623115681,1.45646357762734,0.32278145135749,3.14267507328767
266.2,0.173927404739013,1.45662695570668,0.322770320320408,3.14262395695369
266.3,0.173947152414153,1.45679002845184,0.322759213461385,3.14257295711921
266.4,0.17396686616108,1.45695279640099,0.322748130733598,3.14252207353038
266.5,0.173986546002435,1.45711526010214,0.322737072088913,3.14247130592757
266.6,0.174006191959681,1.45727742009628,0.322726037480053,3.14242065405525
266.7,0.1740258040544,1.45743927692309,0.322715026859867,3.14237011765872
266.8,0.174045382309735,1.45760083112726,0.322704040180515,3.14231969648032
266.9,0.174064926746772,1.45776208324266,0.32269307739551,3.1422693902688
267,0.174084437389235,1.45792303381289,0.322682138457064,3.14221919876718
267.1,0.174103914259666,1.45808368337461,0.322671223318242,3.14216912172255
267.2,0.174123357380719,1.45824403246317,0.322660331932227,3.1421191588828
267.3,0.174142766776592,1.45840408161888,0.32264946425153,3.14206930999293
267.4,0.174162142469439,1.45856383137134,0.322638620229998,3.14201957480427
267.5,0.174181484484019,1.45872328225976,0.322627799820194,3.14196995306246
267.6,0.174200792843915,1.45888243481649,0.322617002975523,3.14192044451721
267.7,0.174220067572815,1.45904128957259,0.322606229649514,3.14187104891901
267.8,0.174239308695929,1.45919984706401,0.322595479795026,3.14182176601547
267.9,0.174258516236422,1.45935810781609,0.322584753366233,3.14177259556044
268,0.174277690220047,1.45951607236371,0.322574050316049,3.14172353730219
268.1,0.174296830671386,1.45967374123491,0.322563370598224,3.141674590993
268.2,0.174315937615118,1.45983111495649,0.322552714166627,3.14162575638593
268.3,0.17433501107742,1.45998819406007,0.322542080974468,3.14157703323119
268.4,0.174354051082444,1.46014497906676,0.322531470976258,3.14152842128516
268.5,0.174373057656891,1.46030147050711,0.322520884125264,3.14147992029872
268.6,0.1743920308263,1.46045766890493,0.322510320375576,3.1414315300267
268.7,0.174410970616296,1.46061357478273,0.322499779681407,3.14138325022468
268.8,0.174429877053986,1.46076918866786,0.322489261996317,3.14133508064547
268.9,0.174448750164459,1.46092451107721,0.322478767275152,3.14128702104795
269,0.174467589975329,1.46107954253705,0.32246829547153,3.14123907118556
269.1,0.174486396513052,1.46123428356694,0.322457846539888,3.14119123081567
269.2,0.174505169804166,1.46138873468518,0.322447420434783,3.14114349969641
269.3,0.174523909876667,1.46154289641483,0.322437017110125,3.14109587758312
269.4,0.174542616756537,1.46169676926862,0.322426636521096,3.14104836423716
269.5,0.174561290472267,1.46185035376854,0.322416278621668,3.14100095941453
269.6,0.174579931051184,1.46200365042995,0.322405943366616,3.14095366287509
269.7,0.174598538520692,1.46215665976695,0.32239563071084,3.14090647437946
269.8,0.174617112909637,1.46230938229835,0.322385340608601,3.14085939368551
269.9,0.174635654244883,1.46246181853272,0.322375073015429,3.14081242055712
270,0.174654162555749,1.46261396898783,0.322364827885646,3.1407655547528
270.1,0.174672637870401,1.46276583417484,0.322354605174373,3.14071879603491
270.2,0.174691080217073,1.46291741460367,0.32234440483685,3.14067214416652
270.3,0.174709489625424,1.46306871078893,0.322334226827692,3.14062559890803
270.4,0.174727866123139,1.46321972323506,0.322324071102764,3.14057916002573
270.5,0.174746209740337,1.4633704524556,0.322313937616741,3.14053282728066
270.6,0.174764520505987,1.46352089895756,0.322303826325089,3.14048660043763
270.7,0.174782798449121,1.46367106324673,0.322293737183396,3.14044047926219
270.8,0.174801043600176,1.46382094583352,0.322283670146624,3.14039446351722
270.9,0.174819255987622,1.46397054721824,0.32227362517098,3.14034855297143
271,0.174837435642339,1.46411986791028,0.32226360221149,3.14030274738832
271.1,0.174855582594065,1.4642689084125,0.322253601223964,3.14025704653518
271.2,0.174873696872592,1.46441766922657,0.322243622164335,3.14021145017997
271.3,0.1748917785091,1.46456615085873,0.322233664987921,3.14016595808804
271.4,0.174909827532815,1.46471435380524,0.322223729651263,3.14012057003053
271.5,0.174927843975343,1.46486227857129,0.322213816109742,3.14007528577338
271.6,0.174945827867155,1.46500992565567,0.322203924319517,3.1400301050863
271.7,0.174963779238771,1.46515729555593,0.322194054236863,3.13998502773968
271.8,0.174981698122078,1.46530438877418,0.322184205817451,3.13994005350133
271.9,0.174999584547017,1.46545120580262,0.322174379018157,3.13989518214471
272,0.17501743854589,1.46559774714233,0.322164573794717,3.13985041343824
272.1,0.175035260149867,1.46574401328799,0.322154790103633,3.13980574715403
272.2,0.175053049390161,1.46589000473311,0.322145027901529,3.13976118306485
272.3,0.175070806299335,1.46603572197567,0.322135287144424,3.13971672094094
272.4,0.175088530908022,1.46618116550384,0.322125567789541,3.13967236055815
272.5,0.175106223249185,1.4663263358146,0.322115869792966,3.13962810168731
272.6,0.175123883354654,1.46647123339859,0.322106193111544,3.13958394410288
272.7,0.175141511256298,1.46661585874525,0.322096537702238,3.13953988758001
272.8,0.175159106987323,1.46676021234849,0.322086903521421,3.13949593189132
272.9,0.175176670579021,1.46690429469248,0.322077290526658,3.13945207681502
273,0.175194202064983,1.46704810627012,0.322067698674384,3.13940832212434
273.1,0.175211701477675,1.467191647568,0.322058127921793,3.13936466759609
273.2,0.175229168849596,1.46733491907158,0.322048578226191,3.13932111300779
273.3,0.175246604214565,1.46747792127069,0.322039049544304,3.13927765813443
273.4,0.175264007604494,1.46762065464553,0.322029541834034,3.13923430275655
273.5,0.175281379053574,1.46776311968493,0.322020055052172,3.13919104664973
273.6,0.175298718594874,1.46790531687151,0.322010589156251,3.13914788959314
273.7,0.175316026261488,1.4680472466867,0.322001144103924,3.1391048313666
273.8,0.175333302087817,1.46818890961633,0.321991719852265,3.13906187174748
273.9,0.175350546106373,1.46833030613663,0.321982316359518,3.13901901051861
274,0.175367758351911,1.46847143673242,0.321972933582825,3.13897624745795
274.1,0.175384938858076,1.46861230188233,0.321963571480065,3.13893358234697
274.2,0.175402087658534,1.46875290206383,0.321954230009236,3.1388910149678
274.3,0.175419204788237,1.46889323775874,0.321944909127764,3.13884854510017
274.4,0.17543629028025,1.46903330943938,0.321935608794224,3.13880617252913
274.5,0.175453344169871,1.46917311758654,0.321926328966109,3.13876389703499
274.6,0.17547036649129,1.46931266267493,0.321917069601644,3.13872171840152
274.7,0.175487357278715,1.46945194517807,0.321907830659171,3.13867963641316
274.8,0.17550431656762,1.46959096557379,0.321898612096463,3.13863765085191
274.9,0.175521244391609,1.46972972433051,0.321889413872439,3.13859576150513
275,0.175538140786492,1.46986822192507,0.32188023594494,3.13855396815541
275.1,0.175555005786972,1.47000645882824,0.321871078272536,3.13851227058882
275.2,0.17557183942777,1.47014443550962,0.321861940813908,3.13847066859203
275.3,0.175588641744856,1.4702821524431,0.321852823527184,3.13842916194938
275.4,0.17560541277234,1.47041961009323,0.321843726371614,3.13838775045042
275.5,0.175622152546515,1.47055680893288,0.321834649305393,3.13834643388007
275.6,0.175638861102578,1.47069374942893,0.321825592287431,3.13830521202661
275.7,0.175655538475735,1.47083043204711,0.321816555276757,3.13826408467901
275.8,0.175672184702424,1.47096685725736,0.321807538231843,3.13822305162385
275.9,0.175688799817234,1.4711030255204,0.321798541112277,3.13818211265292
276,0.175705383856915,1.47123893730516,0.321789563876603,3.13814126755337
276.1,0.175721936857123,1.47137459307467,0.321780606484072,3.13810051611575
276.2,0.175738458853521,1.47150999329078,0.32177166889405,3.13805985813121
276.3,0.175754949882988,1.47164513841953,0.321762751065359,3.1380192933886
276.4,0.175771409980583,1.47178002891782,0.32175385295793,3.13797882168192
276.5,0.175787839183484,1.4719146652507,0.321744974530654,3.1379384428006
276.6,0.175804237527784,1.47204904787732,0.321736115743123,3.13789815653736
276.7,0.175820605049573,1.47218317725573,0.321727276555043,3.13785796268558
276.8,0.17583694178615,1.47231705384807,0.321718456925584,3.13781786103633
276.9,0.175853247773001,1.47245067810746,0.321709656815009,3.13777785138579
277,0.175869523047711,1.47258405049507,0.321700876182557,3.13773793352559
277.1,0.175885767646785,1.47271717146623,0.321692114988163,3.13769810725067
277.2,0.175901981606725,1.47285004147518,0.321683373191871,3.1376583723566
277.3,0.175918164965224,1.47298266098023,0.321674650753199,3.13761872863665
277.4,0.175934317758167,1.47311503043069,0.321665947632741,3.13757917588914
277.5,0.175950440023521,1.47324715028391,0.321657263790086,3.13753971390793
277.6,0.175966531798182,1.47337902099144,0.321648599185505,3.13750034249012
277.7,0.175982593119036,1.47351064300371,0.321639953779386,3.13746106143344
277.8,0.175998624024143,1.47364201677521,0.321631327531588,3.13742187053337
277.9,0.176014624549772,1.47377314275152,0.321622720403043,3.13738276959035
278,0.17603059473425,1.47390402138616,0.321614132353682,3.13734375840044
278.1,0.176046534614835,1.47403465312691,0.321605563344119,3.13730483676289
278.2,0.176062444228778,1.47416503842044,0.321597013335077,3.13726600447757
278.3,0.176078323614484,1.47429517771746,0.321588482286762,3.13722726134213
278.4,0.176094172808576,1.47442507145981,0.321579970160434,3.13718860715914
278.5,0.176109991849716,1.47455472009723,0.321571476916372,3.13715004172679
278.6,0.176125780775507,1.47468412407375,0.321563002515524,3.13711156484648
278.7,0.176141539623539,1.47481328383231,0.321554546918954,3.13707317632022
278.8,0.176157268432539,1.47494219981984,0.32154611008721,3.1370348759478
278.9,0.176172967239473,1.4750708724745,0.321537691981888,3.13699666353389
279,0.176188636083316,1.47519930224226,0.321529292563607,3.13695853887885
279.1,0.176204275001988,1.47532748956342,0.321520911793655,3.13692050178616
279.2,0.176219884033386,1.47545543487724,0.321512549633424,3.13688255205992
279.3,0.176235463216543,1.47558313862687,0.321504206043805,3.13684468950206
279.4,0.176251012588742,1.47571060124683,0.321495880986728,3.13680691391934
279.5,0.176266532189251,1.47583782317933,0.321487574423155,3.13676922511422
279.6,0.176282022056287,1.47596480486099,0.321479286314707,3.13673162289231
279.7,0.176297482228047,1.47609154672737,0.321471016623113,3.13669410705977
279.8,0.176312912743843,1.47621804921793,0.321462765309607,3.13665667742066
279.9,0.17632831364125,1.47634431276351,0.321454532336447,3.13661933378378
280,0.176343684959808,1.47647033780264,0.321446317664935,3.13658207595372
280.1,0.176359026738012,1.47659612476825,0.321438121257028,3.13654490373812
280.2,0.176374339014331,1.47672167409226,0.321429943074787,3.13650781694524
280.3,0.176389621828338,1.47684698621042,0.321421783079784,3.13647081538121
280.4,0.176404875217886,1.47697206154997,0.321413641234609,3.13643389885687
280.5,0.176420099222764,1.47709690054572,0.321405517500903,3.13639706717892
280.6,0.176435293881727,1.477221503627,0.321397411840956,3.13636032015703
280.7,0.176450459233501,1.47734587122207,0.321389324217165,3.13632365760154
280.8,0.176465595317899,1.47747000376302,0.321381254591438,3.13628707932061
280.9,0.176480702173018,1.47759390167348,0.321373202926689,3.13625058512713
281,0.176495779838882,1.47771756538463,0.321365169184898,3.13621417482981
281.1,0.176510828354484,1.47784099532216,0.321357153328688,3.1361778482404
281.2,0.176525847758788,1.47796419191073,0.321349155320786,3.13614160517124
281.3,0.176540838091828,1.47808715557879,0.321341175123439,3.13610544543257
281.4,0.176555799391939,1.4782098867464,0.321333212699885,3.13606936883925
281.5,0.176570731699356,1.4783323858411,0.321325268012445,3.13603337520207
281.6,0.176585635053293,1.47845465328499,0.32131734102407,3.13599746433478
281.7,0.176600509492928,1.47857668949915,0.321309431697818,3.13596163605171
281.8,0.176615355058499,1.47869849490841,0.32130153999627,3.13592589016516
281.9,0.176630171788556,1.47882006992931,0.321293665882991,3.13589022649196
282,0.17664495972353,1.47894141498574,0.321285809320635,3.13585464484491
282.1,0.176659718902835,1.47906253049626,0.321277970272484,3.13581914503976
282.2,0.176674449365854,1.47918341687838,0.321270148701925,3.13578372689286
282.3,0.176689151153008,1.47930407455335,0.321262344571873,3.13574839021849
282.4,0.176703824303041,1.47942450393418,0.321254557846217,3.13571313483545
282.5,0.176718468856561,1.47954470544118,0.321246788487943,3.13567796055854
282.6,0.176733084853166,1.47966467948937,0.321239036460661,3.1356428672055
282.7,0.176747672332415,1.47978442649274,0.321231301728083,3.13560785459462
282.8,0.176762231334897,1.47990394686895,0.321223584253458,3.13557292254219
282.9,0.176776761899549,1.48002324102753,0.321215884000999,3.13553807086895
283,0.176791264067138,1.48014230938524,0.321208200934028,3.13550329939172
283.1,0.176805737877425,1.48026115235357,0.321200535016477,3.13546860793016
283.2,0.176820183370132,1.48037977034299,0.321192886212386,3.13543399630453
283.3,0.176834600585999,1.48049816376766,0.321185254485334,3.13539946433309
283.4,0.176848989564125,1.4806163330336,0.321177639799855,3.13536501183849
283.5,0.17686335034542,1.48073427855405,0.321170042119599,3.13533063863953
283.6,0.176877682969798,1.48085200073701,0.321162461408827,3.13529634455781
283.7,0.176891987477128,1.48096949998949,0.321154897631901,3.13526212941551
283.8,0.176906263908288,1.48108677672209,0.32114735075273,3.13522799303285
283.9,0.176920512302518,1.48120383133742,0.321139820736166,3.13519393523439
284,0.176934732700857,1.4813206642452,0.321132307546191,3.13515995584086
284.1,0.176948925143354,1.48143727584997,0.321124811147386,3.1351260546758
284.2,0.17696308967001,1.48155366655527,0.321117331504438,3.1350922315633
284.3,0.176977226321821,1.48166983676822,0.321109868581584,3.13505848632551
284.4,0.176991335138161,1.48178578688801,0.321102422343993,3.13502481878888
284.5,0.17700541616018,1.48190151732087,0.321094992755975,3.13499122877607
284.6,0.177019469428047,1.48201702846791,0.321087579782435,3.13495771611252
284.7,0.17703349498188,1.48213232072922,0.32108018338838,3.13492428062423
284.8,0.177047492862778,1.48224739450847,0.321072803538374,3.13489092213525
284.9,0.177061463110229,1.48236225020146,0.321065440197899,3.13485764047389
285,0.17707540576548,1.48247688821094,0.321058093331594,3.13482443546475
285.1,0.177089320868803,1.4825913089346,0.321050762904681,3.13479130693512
285.2,0.17710320846042,1.48270551276916,0.32104344888249,3.13475825471288
285.3,0.17711706858152,1.48281950011482,0.321036151229908,3.134725278624
285.4,0.177130901271696,1.48293327136401,0.321028869912735,3.13469237849865
285.5,0.177144706572277,1.48304682691605,0.321021604895933,3.13465955416329
285.6,0.177158484523621,1.48316016716526,0.321014356145043,3.13462680544711
285.7,0.177172235166032,1.48327329250493,0.321007123625709,3.13459413217982
285.8,0.177185958540773,1.48338620333189,0.320999907303141,3.13456153418925
285.9,0.17719965468753,1.48349890003519,0.320992707143454,3.13452901130742
286,0.177213323647699,1.48361138301077,0.320985523111933,3.13449656336268
286.1,0.177226965461714,1.48372365264956,0.320978355174437,3.13446419018606
286.2,0.177240580169954,1.48383570934151,0.320971203296924,3.13443189160909
286.3,0.177254167813743,1.48394755348004,0.320964067444928,3.1343996674615
286.4,0.177267728432839,1.4840591854509,0.320956947584874,3.1343675175771
286.5,0.177281262068693,1.48417060564663,0.320949843682369,3.1343354417861
286.6,0.1772947687618,1.48428181445481,0.320942755703585,3.13430343992134
286.7,0.177308248552597,1.48439281226207,0.320935683614796,3.1342715118162
286.8,0.177321701482457,1.48450359945847,0.320928627381855,3.13423965730223
286.9,0.177335127591204,1.48461417642645,0.320921586971499,3.13420787621506
287,0.17734852692033,1.48472454355518,0.320914562349653,3.13417616838673
287.1,0.177361899510376,1.48483470122895,0.320907553482804,3.1341445336519
287.2,0.177375245401823,1.48494464983106,0.320900560337536,3.13411297184572
287.3,0.17738856463608,1.48505438974823,0.32089358288002,3.13408148280159
287.4,0.177401857253012,1.48516392135963,0.3208866210773,3.1340500663569
287.5,0.17741512329414,1.4852732450511,0.320879674895617,3.13401872234551
287.6,0.177428362800047,1.48538236120362,0.320872744301772,3.13398745060388
287.7,0.177441575811257,1.48549127019723,0.320865829262664,3.13395625096896
287.8,0.177454762369197,1.48559997241531,0.320858929744779,3.13392512327597
287.9,0.177467922513765,1.48570846823379,0.320852045715465,3.13389406736403
288,0.177481056286498,1.48581675803519,0.320845177141281,3.13386308306882
288.1,0.177494163728003,1.48592484219724,0.320838323989336,3.13383217022856
288.2,0.177507244878821,1.4860327210967,0.320831486226837,3.13380132868198
288.3,0.177520299780392,1.48614039511366,0.320824663820585,3.13377055826606
288.4,0.17753332847264,1.48624786462083,0.320817856738234,3.13373985882171
288.5,0.177546330997107,1.48635512999746,0.320811064946656,3.13370923018636
288.6,0.177559307394409,1.48646219161799,0.320804288413269,3.1336786722
288.7,0.177572257705097,1.48656904985598,0.320797527105586,3.13364818470311
288.8,0.177585181970609,1.48667570508825,0.320790780990719,3.13361776753443
288.9,0.177598080230882,1.48678215768428,0.320784050036627,3.1335874205366
289,0.177610952527452,1.48688840802008,0.320777334210495,3.13355714354883
289.1,0.177623798900936,1.48699445646687,0.320770633480045,3.13352693641284
289.2,0.177636619391883,1.48710030339499,0.320763947813096,3.13349679897083
289.3,0.17764941404172,1.48720594917801,0.320757277177073,3.13346673106333
289.4,0.177662182890385,1.48731139418226,0.320750621540234,3.13343673253466
289.5,0.177674925979396,1.48741663878047,0.320743980870075,3.1334068032258
289.6,0.177687643349359,1.4875216833407,0.320737355134623,3.13337694298017
289.7,0.177700335040807,1.48762652823007,0.320730744302,3.13334715164171
289.8,0.177713001095144,1.48773117381896,0.320724148339937,3.13331742905264
289.9,0.177725641552303,1.48783562047052,0.320717567216995,3.13328777505903
290,0.177738256453771,1.48793986855427,0.320711000900976,3.13325818950355
290.1,0.177750845840135,1.48804391843511,0.320704449360211,3.13322867223135
290.2,0.177763409751908,1.48814777047698,0.320697912563126,3.13319922308806
290.3,0.177775948230461,1.48825142504707,0.320691390477758,3.13316984191765
290.4,0.177788461315695,1.48835488250539,0.320684883072962,3.1331405285678
290.5,0.177800949049062,1.48845814321829,0.320678390316846,3.13311128288293
290.6,0.177813411471117,1.4885612075475,0.320671912178044,3.13308210470987
290.7,0.177825848622343,1.48866407585383,0.320665448625281,3.13305299389595
290.8,0.177838260544067,1.48876674850129,0.320658999626899,3.13302395028682
290.9,0.177850647276161,1.4888692258468,0.320652565152049,3.13299497373183
291,0.177863008860029,1.48897150825352,0.320646145169145,3.1329660640771
291.1,0.177875345336183,1.48907359608006,0.320639739647119,3.13293722117112
291.2,0.177887656745064,1.48917548968412,0.320633348554992,3.1329084448629
291.3,0.177899943127943,1.48927718942656,0.320626971861412,3.13287973499975
291.4,0.177912204524654,1.4893786956612,0.320620609535821,3.1328510914327
291.5,0.17792444097654,1.48948000874808,0.320614261546936,3.13282251400952
291.6,0.177936652524064,1.4895811290427,0.320607927863986,3.13279400258036
291.7,0.177948839207616,1.48968205689966,0.32060160845629,3.13276555699588
291.8,0.177961001068407,1.48978279267669,0.320595303292795,3.13273717710507
291.9,0.177973138146218,1.48988333672457,0.320589012343238,3.13270886276057
292,0.17798525048233,1.48998368940019,0.320582735576635,3.13268061381183
292.1,0.17799733811714,1.49008385105599,0.320576472962509,3.13265243011064
292.2,0.178009401090973,1.4901838220435,0.320570224470473,3.13262431150926
292.3,0.178021439444967,1.49028360271735,0.320563990069771,3.13259625785834
292.4,0.178033453218852,1.49038319342526,0.320557769730432,3.13256826901214
292.5,0.178045442453828,1.49048259452105,0.320551563421771,3.13254034482176
292.6,0.178057407190226,1.4905818063541,0.320545371113602,3.13251248514059
292.7,0.178069347468301,1.49068082927287,0.320539192775833,3.13248468982252
292.8,0.178081263329112,1.49077966362894,0.320533028378005,3.13245695871985
292.9,0.178093154812318,1.490878309767,0.320526877890434,3.13242929168841
293,0.178105021959036,1.49097676803781,0.320520741282732,3.13240168858094
293.1,0.178116864809518,1.49107503878769,0.320514618525005,3.13237414925244
293.2,0.178128683403942,1.49117312236212,0.320508509587448,3.13234667355839
293.3,0.178140477783276,1.49127101910957,0.320502414439899,3.13231926135269
293.4,0.178152247987108,1.49136872937178,0.320496333052961,3.13229191249279
293.5,0.178163994056461,1.49146625349645,0.32049026539654,3.13226462683301
293.6,0.178175716031501,1.49156359182688,0.320484211441032,3.13223740422996
293.7,0.178187413952316,1.49166074470555,0.32047817115692,3.13221024454069
293.8,0.178199087859779,1.49175771247792,0.320472144514334,3.13218314762071
293.9,0.178210737793388,1.49185449548274,0.320466131484159,3.132156113329
294,0.178222363794067,1.49195109406468,0.320460132036595,3.1321291415215
294.1,0.178233965901892,1.49204750856407,0.320454146142326,3.13210223205639
294.2,0.178245544156861,1.4921437393204,0.320448173772122,3.13207538479229
294.3,0.178257098599743,1.49223978667612,0.320442214896405,3.13204859958631
294.4,0.17826862926994,1.49233565096704,0.320436269486342,3.13202187629896
294.5,0.178280136208267,1.49243133253483,0.320430337512422,3.13199521478776
294.6,0.178291619454698,1.49252683171685,0.320424418945615,3.13196861491245
294.7,0.178303079049129,1.49262214884963,0.320418513756975,3.13194207653319
294.8,0.178314515032216,1.49271728427264,0.320412621917212,3.13191559950867
294.9,0.178325927443265,1.49281223831877,0.320406743397775,3.13188918370093
295,0.178337316322976,1.49290701132669,0.320400878169441,3.13186282896905
295.1,0.178348681711212,1.49300160363085,0.320395026203461,3.13183653517432
295.2,0.178360023647757,1.49309601556482,0.320389187471174,3.13181030217842
295.3,0.17837134217315,1.49319024746513,0.320383361943576,3.13178412984159
295.4,0.17838263732659,1.49328429966174,0.320377549592393,3.13175801802739
295.5,0.178393909148655,1.49337817249039,0.32037175038869,3.13173196659647
295.6,0.178405157679093,1.4934718662826,0.320365964303999,3.1317059754116
295.7,0.178416382957572,1.49356538136903,0.320360191309941,3.13168004433602
295.8,0.178427585024505,1.49365871808326,0.320354431377793,3.1316541732315
295.9,0.178438763918978,1.49375187675239,0.320348684479561,3.13162836196309
296,0.17844991968144,1.49384485770921,0.320342950586595,3.13160261039297
296.1,0.178461052351515,1.49393766128235,0.320337229670704,3.13157691838544
296.2,0.178472161968746,1.49403028779959,0.320331521703786,3.13155128580522
296.3,0.178483248573413,1.49412273759159,0.320325826657402,3.13152571251559
296.4,0.178494312204487,1.49421501098257,0.320320144503834,3.13150019838312
296.5,0.178505352902277,1.49430710830244,0.320314475214711,3.13147474327148
296.6,0.178516370706282,1.49439902987693,0.320308818762124,3.13144934704648
296.7,0.178527365655917,1.49449077603097,0.320303175118245,3.13142400957433
296.8,0.178538337791324,1.49458234709231,0.320297544254918,3.13139873071982
296.9,0.178549287151337,1.49467374338236,0.320291926144693,3.13137351035096
297,0.178560213776127,1.49476496522812,0.32028632075948,3.13134834833294
297.1,0.178571117705057,1.49485601295248,0.320280728071646,3.13132324453303
297.2,0.178581998977409,1.49494688687751,0.320275148053637,3.13129819881893
297.3,0.178592857633178,1.49503758732811,0.320269580677575,3.13127321105692
297.4,0.178603693711069,1.49512811462287,0.320264025916283,3.13124828111647
297.5,0.178614507251104,1.49521846908591,0.320258483741949,3.13122340886425
297.6,0.178625298292505,1.49530865103731,0.32025295412721,3.13119859416898
297.7,0.178636066874411,1.4953986607963,0.320247437044789,3.13117383689984
297.8,0.178646813036667,1.49548849868495,0.320241932467082,3.13114913692457
297.9,0.178657536817837,1.49557816501903,0.320236440367179,3.13112449411408
298,0.17866823825779,1.49566766011984,0.320230960717545,3.13109990833651
298.1,0.178678917395603,1.49575698430464,0.32022549349109,3.13107537946205
298.2,0.178689574270271,1.49584613788988,0.320220038660806,3.13105090736129
298.3,0.178700208921481,1.49593512119477,0.320214596199365,3.13102649190346
298.4,0.178710821387651,1.49602393453233,0.320209166080122,3.13100213296087
298.5,0.178721411708489,1.49611257822105,0.320203748275815,3.13097783040312
298.6,0.178731979922919,1.49620105257538,0.320198342759624,3.13095358410183
298.7,0.178742526069778,1.496289357909,0.320192949504807,3.13092939392902
298.8,0.178753050188593,1.49637749453832,0.320187568484308,3.13090525975535
298.9,0.178763552317643,1.49646546277362,0.320182199671752,3.13088118145458
299,0.178774032496473,1.49655326293057,0.320176843040148,3.13085715889773
299.1,0.178784490763844,1.49664089532087,0.32017149856294,3.13083319195784
299.2,0.178794927158433,1.49672836025543,0.320166166213655,3.13080928050835
299.3,0.178805341719603,1.4968156580479,0.320160845965507,3.13078542442134
299.4,0.178815734485474,1.4969027890058,0.32015553779238,3.13076162357194
299.5,0.178826105495421,1.49698975344205,0.320150241667556,3.13073787783264
299.6,0.178836454788045,1.4970765516656,0.320144957564744,3.13071418707785
299.7,0.178846782401863,1.49716318398463,0.320139685457734,3.13069055118243
299.8,0.178857088376064,1.49724965071001,0.320134425320008,3.13066697001986
299.9,0.178867372748605,1.49733595214658,0.320129177125711,3.13064344346667
300,0.178877635558687,1.49742208860448,0.320123940848391,3.13061997139673
300.1,0.178887876844744,1.49750806038995,0.320118716462021,3.13059655368586
300.2,0.178898096645126,1.49759386780846,0.320113503940655,3.13057319021029
300.3,0.178908294998847,1.49767951116815,0.32010830325804,3.13054988084492
300.4,0.178918471943698,1.49776499077115,0.320103114388579,3.13052662546763
300.5,0.178928627518703,1.49785030692488,0.320097937306087,3.1305034239537
300.6,0.178938761762124,1.49793545993289,0.320092771984798,3.13048027618032
300.7,0.178948874712138,1.49802045009795,0.320087618399025,3.13045718202508
300.8,0.178958966407579,1.49810527772546,0.32008247652278,3.13043414136428
300.9,0.178969036886066,1.49818994311492,0.320077346330722,3.13041115407714
301,0.178979086186437,1.49827444657102,0.320072227796928,3.13038822004032
301.1,0.178989114346782,1.49835878839464,0.320067120895891,3.13036533913237
301.2,0.178999121405102,1.49844296888587,0.320062025602184,3.13034251123225
301.3,0.179009107400044,1.49852698834743,0.320056941890081,3.13031973621762
301.4,0.179019072369059,1.49861084707616,0.320051869734496,3.13029701396904
301.5,0.179029016350799,1.49869454537407,0.320046809109767,3.13027434436455
301.6,0.179038939383166,1.49877808353938,0.320041759990645,3.13025172728404
301.7,0.179048841503976,1.49886146186952,0.320036722351956,3.13022916260779
301.8,0.179058722751689,1.49894468066455,0.320031696168232,3.13020665021483
301.9,0.179068583163581,1.49902774021869,0.320026681414643,3.13018418998704
302,0.179078422778112,1.49911064083127,0.320021678065786,3.13016178180381
302.1,0.179088241633,1.49919338279787,0.320016686096667,3.13013942554637
302.2,0.179098039765878,1.49927596641331,0.320011705482365,3.13011712109634
302.3,0.179107817215013,1.49935839197498,0.320006736197672,3.13009486833407
302.4,0.179117574017498,1.4994406597745,0.320001778218007,3.13007266714277
302.5,0.179127310211597,1.49952277010857,0.319996831518225,3.13005051740315
302.6,0.17913702583484,1.49960472327013,0.319991896073584,3.13002841899777
302.7,0.17914672092467,1.49968651955141,0.319986971859415,3.13000637180955
302.8,0.179156395519157,1.49976815924716,0.319982058850764,3.12998437572018
302.9,0.179166049655214,1.49984964264643,0.319977157023303,3.12996243061417
303,0.179175683370906,1.49993097004327,0.31997226635214,3.12994053637356
303.1,0.179185296703569,1.50001214172805,0.319967386812783,3.1299186928822
303.2,0.179194889690451,1.5000931579904,0.319962518380814,3.12989690002432
303.3,0.179204462369421,1.50017401912246,0.319957661031533,3.12987515768292
303.4,0.1792140147772,1.50025472541072,0.319952814740854,3.12985346574377
303.5,0.179223546951648,1.50033527714663,0.31994797948414,3.12983182409023
303.6,0.179233058929913,1.50041567461799,0.319943155237149,3.12981023260746
303.7,0.179242550749053,1.50049591811185,0.319938341975713,3.12978869118098
303.8,0.179252022446736,1.50057600791777,0.319933539675383,3.12976719969507
303.9,0.179261474059479,1.50065594431969,0.319928748312316,3.12974575803679
304,0.179270905624944,1.50073572760648,0.319923967862128,3.12972436609079
304.1,0.179280317180075,1.50081535806339,0.319919198300822,3.1297030237435
304.2,0.17928970876173,1.50089483597493,0.319914439604475,3.12968173088171
304.3,0.179299080407369,1.50097416162807,0.319909691748888,3.12966048739099
304.4,0.17930843215332,1.50105333530426,0.319904954710462,3.12963929315967
304.5,0.179317764037034,1.50113235728978,0.31990022846506,3.12961814807366
304.6,0.179327076095252,1.50121122786736,0.31989551298893,3.12959705202067
304.7,0.179336368364628,1.50128994731897,0.319890808258394,3.12957600488873
304.8,0.179345640882412,1.50136851592906,0.319886114249498,3.12955500656471
304.9,0.179354893684736,1.50144693397655,0.319881430938887,3.12953405693817
305,0.179364126808837,1.5015252017452,0.319876758302668,3.12951315589629
305.1,0.179373340291254,1.50160331951521,0.319872096317333,3.12949230332802
305.2,0.179382534168435,1.50168128756606,0.319867444959444,3.12947149912266
305.3,0.179391708477419,1.50175910617966,0.319862804205297,3.12945074316832
305.4,0.179400863254136,1.50183677563246,0.31985817403177,3.12943003535579
305.5,0.17940999853561,1.50191429620569,0.31985355441522,3.12940937557352
305.6,0.179419114358169,1.50199166817706,0.319848945332376,3.1293887637117
305.7,0.179428210758051,1.50206889182357,0.319844346760042,3.12936819966084
305.8,0.17943728777208,1.50214596742462,0.319839758674753,3.12934768331032
305.9,0.179446345435987,1.50222289525419,0.319835181053629,3.12932721455212
306,0.179455383786576,1.50229967559102,0.319830613873266,3.12930679327597
306.1,0.179464402859968,1.50237630871034,0.319826057110634,3.12928641937325
306.2,0.179473402692192,1.50245279488668,0.319821510742775,3.12926609273572
306.3,0.179482383319855,1.50252913439697,0.319816974746466,3.12924581325398
306.4,0.179491344778471,1.50260532751274,0.319812449099058,3.12922558082121
306.5,0.179500287104626,1.50268137451024,0.319807933777388,3.12920539532836
306.6,0.179509210334228,1.50275727566227,0.319803428758664,3.12918525666803
306.7,0.179518114503099,1.50283303124091,0.319798934020163,3.12916516473319
306.8,0.179526999647622,1.50290864152059,0.319794449538901,3.12914511941565
306.9,0.179535865803103,1.50298410677046,0.319789975292463,3.1291251206098
307,0.17954471300591,1.5030594272643,0.319785511257925,3.1291051682078
307.1,0.179553541291734,1.50313460327246,0.319781057412728,3.12908526210345
307.2,0.179562350696178,1.5032096350646,0.319776613734385,3.1290654021909
307.3,0.179571141255405,1.50328452291272,0.319772180200148,3.12904558836319
307.4,0.179579913004509,1.50335926708355,0.319767756787831,3.12902582051588
307.5,0.179588665979632,1.50343386784844,0.319763343474747,3.12900609854231
307.6,0.179597400216249,1.50350832547532,0.319758940238572,3.1289864223375
307.7,0.179606115749749,1.50358264023145,0.319754547057048,3.12896679179677
307.8,0.179614812616069,1.50365681238639,0.319750163907664,3.12894720681435
307.9,0.179623490850091,1.50373084220451,0.319745790768464,3.12892766728697
308,0.179632150487732,1.50380472995472,0.319741427616994,3.12890817310918
308.1,0.179640791564244,1.50387847590257,0.319737074431161,3.12888872417714
308.2,0.179649414114791,1.50395208031292,0.319732731188935,3.12886932038735
308.3,0.179658018175084,1.50402554345294,0.319728397868038,3.12884996163522
308.4,0.179666603779795,1.50409886558461,0.319724074446741,3.12883064781864
308.5,0.179675170964611,1.50417204697447,0.319719760902824,3.12881137883334
308.6,0.179683719764563,1.50424508788567,0.31971545721442,3.12879215457663
308.7,0.179692250214595,1.50431798858073,0.319711163359731,3.12877297494617
308.8,0.179700762350191,1.50439074932441,0.319706879316707,3.12875383983855
308.9,0.179709256205801,1.50446337037636,0.319702605063846,3.1287347491528
309,0.179717731816885,1.50453585200073,0.319698340579157,3.1287157027858
309.1,0.179726189218249,1.50460819445832,0.319694085841,3.12869670063603
309.2,0.179734628444614,1.5046803980093,0.319689840827801,3.12867774260229
309.3,0.179743049531233,1.50475246291606,0.319685605517741,3.12865882858231
309.4,0.179751452512342,1.50482438943593,0.31968137988954,3.12863995847626
309.5,0.179759837423168,1.50489617783069,0.319677163921437,3.12862113218217
309.6,0.179768204298291,1.50496782835882,0.319672957592017,3.12860234959968
309.7,0.179776553172204,1.50503934127814,0.319668760879928,3.12858361062869
309.8,0.179784884079931,1.50511071684871,0.319664573763578,3.12856491516808
309.9,0.179793197055481,1.50518195532556,0.319660396221908,3.12854626311914
310,0.179801492133847,1.50525305696811,0.319656228233382,3.12852765438106
310.1,0.179809769349389,1.50532402203252,0.319652069776808,3.12850908885455
310.2,0.179818028736379,1.50539485077432,0.319647920831059,3.1284905664407
310.3,0.179826270329606,1.50546554345123,0.319643781374769,3.1284720870395
310.4,0.179834494162851,1.50553610031599,0.319639651387094,3.12845365055333
310.5,0.179842700270875,1.50560652162569,0.319635530846725,3.1284352568825
310.6,0.179850888687809,1.50567680763422,0.31963141973269,3.12841690592888
310.7,0.179859059447695,1.5057469585948,0.319627318024082,3.12839859759462
310.8,0.179867212585088,1.50581697476284,0.319623225699756,3.12838033178084
310.9,0.179875348133548,1.50588685638882,0.319619142739087,3.12836210839102
311,0.179883466127599,1.50595660372752,0.319615069120988,3.1283439273266
311.1,0.179891566601143,1.50602621703055,0.319611004824705,3.12832578849052
311.2,0.179899649587994,1.50609569654886,0.319606949829551,3.12830769178605
311.3,0.17990771512247,1.50616504253556,0.319602904114601,3.12828963711542
311.4,0.179915763237902,1.50623425523889,0.319598867659446,3.12827162438319
311.5,0.17992379396858,1.50630333491136,0.319594840443216,3.12825365349188
311.6,0.179931807348173,1.50637228180229,0.319590822445378,3.12823572434554
311.7,0.179939803410263,1.5064410961604,0.319586813645457,3.12821783684852
311.8,0.179947782188932,1.50650977823653,0.31958281402275,3.12819999090413
311.9,0.179955743717292,1.50657832827667,0.31957882355706,3.12818218641803
312,0.179963688029395,1.50664674653106,0.319574842227739,3.12816442329383
312.1,0.179971615158674,1.50671503324681,0.319570870014465,3.12814670143665
312.2,0.17997952513848,1.50678318867038,0.319566906896979,3.1281290207519
312.3,0.179987418002657,1.50685121305036,0.319562952854795,3.12811138114401
312.4,0.179995293784089,1.50691910663053,0.319559007867927,3.12809378251965
312.5,0.180003152516587,1.50698686965889,0.319555071915943,3.12807622478355
312.6,0.180010994233353,1.50705450238032,0.319551144978734,3.12805870784188
312.7,0.180018818967504,1.50712200503906,0.319547227036253,3.12804123160111
312.8,0.180026626752645,1.50718937788147,0.319543318068228,3.12802379596673
312.9,0.180034417621429,1.50725662114914,0.319539418054884,3.12800640084649
313,0.180042191607429,1.50732373508784,0.319535526976003,3.12798904614615
313.1,0.180049948743615,1.50739071994024,0.319531644811687,3.12797173177296
313.2,0.180057689062872,1.50745757594838,0.319527771542102,3.12795445763444
313.3,0.180065412598569,1.50752430335641,0.319523907147187,3.12793722363716
313.4,0.180073119383123,1.50759090240375,0.319520051607375,3.12792002968986
313.5,0.180080809449868,1.50765737333394,0.31951620490266,3.1279028756994
313.6,0.180088482831538,1.50772371638748,0.319512367013355,3.12788576157405
313.7,0.180096139560786,1.50778993180423,0.319508537919832,3.12786868722238
313.8,0.180103779670737,1.50785601982614,0.319504717602242,3.12785165255198
313.9,0.180111403193578,1.50792198069047,0.319500906041223,3.12783465747266
314,0.180119010162399,1.50798781463857,0.319497103216979,3.12781770189229
314.1,0.180126600609703,1.50805352190876,0.319493309110031,3.12780078572018
314.2,0.180134174567908,1.50811910273876,0.319489523700959,3.12778390886594
314.3,0.180141732069898,1.50818455736832,0.319485746970123,3.1277670712382
314.4,0.180149273147633,1.50824988603258,0.319481978898365,3.12775027274778
314.5,0.180156797833962,1.50831508897069,0.3194782194661,3.12773351330358
314.6,0.180164306161147,1.50838016641885,0.319474468654051,3.12771679281595
314.7,0.180171798161363,1.50844511861262,0.319470726443001,3.12770011119548
314.8,0.180179273867256,1.50850994578958,0.319466992813519,3.12768346835184
314.9,0.180186733310556,1.50857464818276,0.319463267746649,3.12766686419686
315,0.18019417652387,1.50863922602917,0.319459551223012,3.12765029864047
315.1,0.180201603539224,1.50870367956285,0.319455843223536,3.12763377159401
315.2,0.180209014388558,1.50876800901724,0.319452143729207,3.1276172829691
315.3,0.180216409104276,1.50883221462779,0.319448452720799,3.12760083267642
315.4,0.180223787717875,1.50889629662541,0.319444770179556,3.12758442062877
315.5,0.180231150261716,1.50896025524498,0.319441096086304,3.12756804673712
315.6,0.180238496767589,1.50902409071842,0.319437430422173,3.12755171091381
315.7,0.180245827267199,1.50908780327707,0.319433773168349,3.12753541307142
315.8,0.180253141792704,1.50915139315425,0.31943012430581,3.12751915312167
315.9,0.180260440375372,1.50921486057879,0.319426483815998,3.12750293097833
316,0.180267723047322,1.50927820578343,0.319422851679943,3.12748674655337
316.1,0.180274989840106,1.50934142899802,0.319419227878974,3.12747059976012
316.2,0.180282240785192,1.5094045304518,0.319415612394478,3.12745449051216
316.3,0.180289475914498,1.50946751037598,0.319412005207633,3.12743841872219
316.4,0.180296695259049,1.50953036899731,0.319408406300076,3.12742238430495
316.5,0.180303898850722,1.50959310654644,0.31940481565304,3.12740638717339
316.6,0.180311086720832,1.50965572325114,0.31940123324805,3.12739042724182
316.7,0.180318258900612,1.50971821933856,0.31939765906669,3.12737450442481
316.8,0.180325415421736,1.50978059503785,0.31939409309034,3.12735861863602
316.9,0.180332556314996,1.50984285057369,0.319390535300832,3.12734276979117
317,0.180339681612028,1.50990498617466,0.319386985679596,3.1273269578042
317.1,0.180346791343906,1.50996700206644,0.319383444208354,3.12731118259036
317.2,0.180353885541626,1.51002889847416,0.319379910868887,3.12729544406519
317.3,0.180360964236618,1.51009067562486,0.319376385642772,3.12727974214334
317.4,0.18036802745944,1.51015233374121,0.319372868512032,3.12726407674146
317.5,0.180375075241481,1.51021387304971,0.319369359458296,3.12724844777447
317.6,0.180382107613583,1.51027529377401,0.31936585846348,3.12723285515858
317.7,0.180389124606504,1.51033659613719,0.319362365509559,3.12721729881028
317.8,0.180396126251431,1.51039778036424,0.319358880578305,3.12720177864517
317.9,0.180403112578684,1.51045884667582,0.319355403651934,3.12718629458085
318,0.180410083619409,1.51051979529635,0.319351934712268,3.1271708465332
318.1,0.180417039404207,1.51058062644749,0.319348473741417,3.12715543441937
318.2,0.180423979963595,1.51064134035027,0.319345020721546,3.12714005815679
318.3,0.180430905328517,1.51070193722766,0.319341575634622,3.12712471766202
318.4,0.180437815529069,1.51076241729831,0.31933813846305,3.12710941285358
318.5,0.180444710596153,1.51082278078462,0.319334709188849,3.12709414364832
318.6,0.180451590560129,1.51088302790622,0.319331287794317,3.1270789099643
318.7,0.180458455451274,1.51094315888215,0.319327874261808,3.1270637117199
318.8,0.180465305300288,1.51100317393336,0.319324468573484,3.12704854883262
318.9,0.180472140137033,1.5110630732765,0.319321070711936,3.1270334212219
319,0.180478959992165,1.51112285713197,0.319317680659373,3.1270183288055
319.1,0.180485764895807,1.51118252571741,0.319314298398284,3.12700327150244
319.2,0.180492554878,1.51124207924986,0.319310923911212,3.12698824923201
319.3,0.180499329969201,1.51130151794826,0.319307557180506,3.12697326191263
319.4,0.180506090199036,1.51136084202732,0.319304198188945,3.12695830946467
319.5,0.18051283559792,1.51142005170543,0.319300846918929,3.12694339180682
319.6,0.180519566195735,1.51147914719823,0.319297503353133,3.126928508859
319.7,0.180526282022282,1.51153812872082,0.319294167474286,3.1269136605414
319.8,0.180532983107777,1.51159699649015,0.319290839264926,3.12689884677339
319.9,0.180539669481609,1.51165575071896,0.319287518708015,3.12688406747621
320,0.180546341173949,1.51171439162366,0.319284205786141,3.12686932256948
320.1,0.180552998214445,1.51177291941796,0.319280900482166,3.12685461197403
320.2,0.180559640632664,1.51183133431498,0.319277602779003,3.12683993561097
320.3,0.18056626845858,1.51188963652969,0.319274312659378,3.12682529340055
320.4,0.180572881721342,1.51194782627293,0.319271030106435,3.12681068526492
320.5,0.18057948045088,1.51200590375913,0.319267755102948,3.1267961111246
320.6,0.180586064676602,1.51206386920003,0.319264487631962,3.12678157090132
320.7,0.18059263442784,1.51212172280685,0.319261227676573,3.12676706451707
320.8,0.180599189734322,1.5121794647926,0.319257975219692,3.12675259189301
320.9,0.180605730624965,1.51223709536619,0.319254730244643,3.12673815295218
321,0.180612257129454,1.5122946147401,0.319251492734386,3.12672374761598
321.1,0.180618769276962,1.51235202312415,0.319248262672145,3.12670937580702
321.2,0.180625267096581,1.51240932072765,0.3192450400412,3.12669503744819
321.3,0.180631750617798,1.51246650776165,0.319241824824643,3.12668073246154
321.4,0.180638219869298,1.51252358443317,0.319238617005979,3.12666646077097
321.5,0.180644674880524,1.51258055095276,0.319235416568349,3.12665222229877
321.6,0.18065111568041,1.51263740752834,0.31923222349516,3.12663801696845
321.7,0.180657542297812,1.51269415436729,0.319229037769868,3.12662384470375
321.8,0.180663954761976,1.51275079167876,0.319225859375749,3.1266097054276
321.9,0.180670353101351,1.51280731966788,0.319222688296484,3.12659559906476
322,0.180676737345137,1.51286373854328,0.319219524515394,3.12658152553842
322.1,0.180683107522033,1.51292004851098,0.319216368016063,3.12656748477292
322.2,0.180689463660661,1.51297624977649,0.31921321878213,3.12655347669289
322.3,0.180695805790025,1.51303234254705,0.319210076797048,3.12653950122214
322.4,0.180702133938344,1.51308832702591,0.319206942044673,3.12652555828626
322.5,0.180708448134576,1.51314420341981,0.319203814508507,3.12651164780932
322.6,0.180714748407181,1.51319997193289,0.319200694172311,3.12649776971653
322.7,0.180721034784536,1.51325563276879,0.319197581019894,3.12648392393335
322.8,0.180727307295407,1.51331118613285,0.319194475034892,3.12647011038444
322.9,0.180733565967785,1.51336663222648,0.319191376201332,3.12645632899626
323,0.180739810830386,1.51342197125453,0.319188284502896,3.12644257969373
323.1,0.180746041911435,1.51347720341929,0.319185199923518,3.1264288624029
323.2,0.180752259239075,1.51353232892252,0.319182122447183,3.12641517705008
323.3,0.180758462841831,1.51358734796771,0.319179052057702,3.1264015235608
323.4,0.180764652747461,1.51364226075443,0.319175988739277,3.12638790186234
323.5,0.18077082898444,1.51369706748565,0.319172932475763,3.12637431188047
323.6,0.180776991580757,1.51375176836183,0.319169883251267,3.12636075354208
323.7,0.180783140564319,1.51380636358287,0.319166841049948,3.1263472267743
323.8,0.180789275963412,1.51386085335043,0.31916380585579,3.12633373150352
323.9,0.180795397805567,1.51391523786223,0.319160777653166,3.12632026765785
324,0.18080150611902,1.51396951731942,0.319157756426106,3.12630683516388
324.1,0.180807600931521,1.51402369192059,0.31915474215889,3.12629343394935
324.2,0.180813682270741,1.51407776186386,0.319151734835844,3.12628006394221
324.3,0.180819750164728,1.51413172734901,0.319148734441128,3.12626672506967
324.4,0.180825804640775,1.51418558857198,0.31914574095928,3.12625341726066
324.5,0.180831845726879,1.51423934573206,0.319142754374503,3.1262401404426
324.6,0.180837873450561,1.51429299902606,0.319139774671248,3.12622689454406
324.7,0.180843887839268,1.51434654865026,0.319136801834014,3.1262136794938
324.8,0.180849888920806,1.51439999480263,0.319133835847127,3.12620049521987
324.9,0.180855876722232,1.51445333767732,0.319130876695296,3.12618734165199
325,0.180861851271306,1.51450657747181,0.319127924362893,3.12617421871842
325.1,0.180867812595315,1.51455971438108,0.319124978834537,3.12616112634851
325.2,0.180873760721469,1.51461274859964,0.319122040094893,3.12614806447186
325.3,0.180879695677338,1.51466568032364,0.31911910812846,3.12613503301732
325.4,0.180885617489754,1.51471850974547,0.319116182920108,3.1261220319154
325.5,0.180891526186237,1.51477123706078,0.319113264454382,3.12610906109518
325.6,0.180897421793841,1.5148238624628,0.319110352716065,3.12609612048682
325.7,0.180903304339539,1.51487638614423,0.319107447689988,3.12608321002071
325.8,0.180909173850665,1.51492880829945,0.319104549360819,3.1260703296265
325.9,0.180915030353823,1.51498112911908,0.319101657713592,3.12605747923551
326,0.180920873876299,1.51503334879698,0.319098772733017,3.12604465877761
326.1,0.180926704444911,1.51508546752461,0.319095894404045,3.12603186818376
326.2,0.180932522086404,1.51513748549292,0.31909302271167,3.12601910738512
326.3,0.180938326827874,1.51518940289449,0.319090157640725,3.12600637631217
326.4,0.1809441186957,1.51524121991821,0.319087299176409,3.12599367489698
326.5,0.180949897716929,1.51529293675617,0.319084447303598,3.12598100307025
326.6,0.180955663918147,1.51534455359807,0.319081602007402,3.12596836076369
326.7,0.180961417325865,1.51539607063311,0.31907876327298,3.12595574790926
326.8,0.180967157966945,1.51544748805212,0.31907593108533,3.12594316443821
326.9,0.18097288586754,1.51549880604224,0.31907310542981,3.12593061028341
327,0.180978601054462,1.51555002479382,0.31907028629146,3.12591808537632
327.1,0.18098430355407,1.51560114449481,0.319067473655555,3.12590558964945
327.2,0.180989993392646,1.51565216533269,0.319064667507414,3.12589312303553
327.3,0.180995670596817,1.51570308749652,0.319061867832197,3.12588068546659
327.4,0.1810013351925,1.51575391117175,0.31905907461542,3.12586827687624
327.5,0.181006987206272,1.51580463654697,0.319056287842287,3.12585589719673
327.6,0.181012626664265,1.51585526380842,0.319053507498231,3.12584354636134
327.7,0.181018253592533,1.51590579314184,0.319050733568731,3.12583122430356
327.8,0.18102386801747,1.51595622473459,0.319047966039109,3.12581893095618
327.9,0.181029469964769,1.5160065587704,0.319045204895039,3.1258066662536
328,0.181035059460775,1.51605679543612,0.319042450121885,3.12579443012882
328.1,0.181040636531387,1.5161069349163,0.319039701705238,3.12578222251587
328.2,0.181046201202432,1.51615697739499,0.319036959630737,3.12577004334901
328.3,0.181051753500072,1.51620692305781,0.319034223883862,3.1257578925618
328.4,0.181057293449771,1.5162567720868,0.319031494450443,3.12574577008936
328.5,0.181062821077642,1.51630652466712,0.319028771316003,3.12573367586547
328.6,0.181068336409359,1.51635618098161,0.319026054466291,3.1257216098249
328.7,0.181073839470522,1.51640574121263,0.319023343887101,3.12570957190267
328.8,0.18107933028706,1.51645520554409,0.319020639564072,3.12569756203308
328.9,0.181084808884218,1.51650457415639,0.319017941483189,3.125685580152
329,0.181090275287876,1.51655384723297,0.319015249630133,3.12567362619397
329.1,0.181095729523477,1.51660302495499,0.319012563990806,3.12566170009449
329.2,0.181101171616389,1.51665210750314,0.319009884551158,3.12564980178931
329.3,0.181106601592312,1.51670109505965,0.319007211296984,3.12563793121349
329.4,0.181112019476272,1.51674998780325,0.31900454421442,3.12562608830362
329.5,0.181117425293917,1.5167987859157,0.319001883289305,3.12561427299498
329.6,0.181122819070464,1.5168474895765,0.318999228507696,3.12560248522383
329.7,0.181128200831058,1.51689609896468,0.318996579855694,3.12559072492663
329.8,0.181133570601169,1.5169446142608,0.318993937319249,3.12557899203918
329.9,0.181138928405598,1.51699303564194,0.318991300884651,3.1255672864988
330,0.181144274269764,1.51704136328819,0.318988670537892,3.12555560824151
330.1,0.181149608218659,1.51708959737741,0.31898604626518,3.12554395720427
330.2,0.181154930277203,1.51713773808698,0.318983428052768,3.12553233332429
330.3,0.181160240470637,1.51718578559579,0.318980815886761,3.12552073653808
330.4,0.181165538823545,1.51723374007931,0.318978209753598,3.1255091667837
330.5,0.181170825361117,1.51728160171597,0.318975609639423,3.12549762399787
330.6,0.18117610010812,1.51732937068199,0.318973015530596,3.1254861081183
330.7,0.181181363089247,1.51737704715312,0.31897042741352,3.12547461908288
330.8,0.181186614329512,1.51742463130661,0.318967845274451,3.12546315682887
330.9,0.181191853853275,1.5174721233163,0.318965269099975,3.12545172129499
331,0.181197081685497,1.51751952335901,0.318962698876388,3.12544031241873
331.1,0.181202297850727,1.51756683160931,0.318960134590199,3.12542893013848
331.2,0.181207502373443,1.51761404824135,0.318957576227963,3.12541757439285
331.3,0.181212695278431,1.51766117343075,0.318955023776083,3.12540624511982
331.4,0.181217876589825,1.51770820734975,0.318952477221294,3.12539494225881
331.5,0.181223046332364,1.51775515017352,0.318949936550041,3.12538366574801
331.6,0.181228204530372,1.51780200207505,0.318947401748981,3.12537241552651
331.7,0.181233351208103,1.51784876322689,0.318944872804814,3.12536119153363
331.8,0.18123848639012,1.51789543380302,0.318942349704094,3.12534999370805
331.9,0.18124361010034,1.51794201397411,0.318939832433699,3.12533882198989
332,0.181248722363277,1.51798850391372,0.318937320980224,3.12532767631801
332.1,0.181253823203033,1.51803490379324,0.318934815330472,3.12531655663223
332.2,0.181258912643644,1.51808121378362,0.318932315471289,3.12530546287255
332.3,0.181263990709448,1.51812743405727,0.318929821389376,3.12529439497835
332.4,0.181269057424142,1.51817356478326,0.318927333071755,3.12528335289042
332.5,0.181274112812014,1.51821960613356,0.318924850505167,3.12527233654834
332.6,0.181279156896949,1.51826555827799,0.318922373676559,3.1252613458926
332.7,0.181284189702761,1.51831142138592,0.318919902572922,3.12525038086387
332.8,0.181289211253563,1.51835719562816,0.318917437181103,3.12523944140224
332.9,0.181294221572847,1.51840288117224,0.318914977488266,3.12522852744918
333,0.181299220684677,1.51844847818853,0.318912523481299,3.12521763894495
333.1,0.181304208612716,1.5184939868453,0.318910075147293,3.12520677583072
333.2,0.181309185380559,1.51853940731034,0.318907632473377,3.12519593804785
333.3,0.181314151012097,1.5185847397529,0.318905195446547,3.1251851255371
333.4,0.181319105530607,1.51862998433896,0.318902764054106,3.12517433824059
333.5,0.181324048959931,1.51867514123733,0.318900338283085,3.12516357609929
333.6,0.181328981323515,1.51872021061471,0.318897918120717,3.12515283905502
333.7,0.181333902644734,1.51876519263736,0.318895503554274,3.12514212704982
333.8,0.181338812947261,1.51881008747296,0.318893094570892,3.12513144002511
333.9,0.181343712254156,1.51885489528596,0.318890691158014,3.1251207779237
334,0.181348600589041,1.51889961624361,0.318888293302815,3.12511014068719
334.1,0.181353477975148,1.51894425051107,0.318885900992667,3.1250995282581
334.2,0.18135834443564,1.51898879825308,0.318883514214983,3.12508894057912
334.3,0.181363199993972,1.51903325963577,0.318881132957042,3.12507837759234
334.4,0.181368044672986,1.51907763482206,0.318878757206422,3.12506783924123
334.5,0.181372878496085,1.51912192397766,0.318876386950441,3.12505732546804
334.6,0.181377701486286,1.51916612726622,0.318874022176608,3.12504683621596
334.7,0.18138251366654,1.51921024485094,0.318871662872476,3.12503637142832
334.8,0.181387315060079,1.51925427689642,0.318869309025461,3.12502593104789
334.9,0.181392105689534,1.51929822356409,0.318866960623282,3.12501551501875
335,0.181396885578089,1.51934208501813,0.318864617653391,3.12500512328384
335.1,0.181401654748549,1.51938586142066,0.318862280103439,3.12499475578699
335.2,0.181406413223652,1.51942955293338,0.318859947961114,3.12498441247217
335.3,0.181411161026417,1.51947315971938,0.318857621213972,3.1249740932828
335.4,0.181415898179264,1.51951668193858,0.318855299849865,3.12496379816363
335.5,0.181420624705164,1.51956011975366,0.318852983856387,3.12495352705823
335.6,0.181425340626704,1.51960347332524,0.318850673221324,3.12494327991107
335.7,0.181430045966404,1.51964674281352,0.318848367932496,3.12493305666676
335.8,0.181434740747065,1.51968992838009,0.318846067977597,3.12492285726936
335.9,0.181439424990907,1.51973303018339,0.318843773344615,3.12491268166425
336,0.181444098720683,1.51977604838459,0.318841484021279,3.12490252979565
336.1,0.181448761958768,1.51981898314283,0.318839199995508,3.12489240160866
336.2,0.181453414727473,1.51986183461683,0.31883692125526,3.12488229704854
336.3,0.181458057049388,1.51990460296669,0.318834647788363,3.12487221605997
336.4,0.181462688946519,1.51994728834938,0.318832379582938,3.12486215858896
336.5,0.181467310441406,1.51998989092458,0.318830116626849,3.12485212458038
336.6,0.181471921556215,1.52003241084996,0.318827858908147,3.12484211397993
336.7,0.181476522313045,1.52007484828278,0.318825606414924,3.1248321267335
336.8,0.181481112734273,1.52011720338163,0.318823359135142,3.12482216278642
336.9,0.181485692841703,1.52015947630206,0.318821117057054,3.12481222208531
337,0.18149026265766,1.52020166720226,0.318818880168655,3.12480230457566
337.1,0.181494822204103,1.52024377623844,0.318816648458133,3.12479241020381
337.2,0.181499371502924,1.52028580356642,0.318814421913708,3.12478253891626
337.3,0.181503910576289,1.5203277493433,0.318812200523476,3.12477269065896
337.4,0.181508439445786,1.52036961372321,0.318809984275816,3.12476286537913
337.5,0.181512958133531,1.52041139686286,0.318807773158861,3.1247530630229
337.6,0.181517466661277,1.52045309891703,0.318805567160924,3.1247432835372
337.7,0.18152196505071,1.52049472004007,0.318803366270359,3.12473352686917
337.8,0.181526453323785,1.52053626038766,0.318801170475393,3.12472379296536
337.9,0.18153093150189,1.52057772011248,0.318798979764532,3.1247140817736
338,0.181535399606928,1.5206190993698,0.318796794126042,3.12470439324064
338.1,0.181539857660446,1.52066039831296,0.318794613548364,3.12469472731401
338.2,0.181544305683925,1.52070161709489,0.31879243801998,3.12468508394145
338.3,0.181548743699109,1.52074275586981,0.318790267529249,3.12467546307013
338.4,0.181553171727181,1.52078381478901,0.318788102064803,3.12466586464847
338.5,0.181557589789839,1.52082479400631,0.318785941615037,3.12465628862382
338.6,0.181561997908424,1.52086569367362,0.318783786168521,3.12464673494434
338.7,0.181566396104216,1.52090651394247,0.318781635713865,3.12463720355833
338.8,0.18157078439875,1.52094725496565,0.318779490239555,3.12462769441361
338.9,0.181575162813005,1.52098791689303,0.318777349734351,3.12461820745915
339,0.18157953136847,1.52102849987701,0.318775214186773,3.12460874264291
339.1,0.181583890086282,1.52106900406811,0.318773083585521,3.12459929991364
339.2,0.181588238987514,1.52110942961644,0.318770957919328,3.12458987922026
339.3,0.181592578093495,1.52114977667338,0.318768837176809,3.12458048051113
339.4,0.181596907425015,1.5211900453874,0.318766721346848,3.12457110373585
339.5,0.181601227003355,1.5212302359095,0.318764610418094,3.12456174884298
339.6,0.181605536849449,1.5212703483888,0.31876250437937,3.12455241578183
339.7,0.181609836984163,1.52131038297401,0.318760403219535,3.12454310450191
339.8,0.181614127428624,1.52135033981511,0.318758306927329,3.12453381495219
339.9,0.18161840820342,1.5213902190592,0.318756215491761,3.12452454708283
340,0.181622679329628,1.52143002085589,0.318754128901604,3.12451530084298
340.1,0.181626940827979,1.52146974535288,0.318752047145806,3.12450607618253
340.2,0.181631192719143,1.52150939269753,0.318749970213348,3.12449687305157
340.3,0.181635435024043,1.52154896303843,0.318747898093096,3.12448769139964
340.4,0.181639667763068,1.52158845652131,0.318745830774179,3.12447853117749
340.5,0.181643890957094,1.52162787329437,0.318743768245498,3.12446939233484
340.6,0.18164810462665,1.52166721350397,0.31874171049612,3.12446027482217
340.7,0.181652308792205,1.52170647729608,0.318739657515151,3.12445117859011
340.8,0.181656503474478,1.52174566481792,0.318737609291578,3.12444210358881
340.9,0.181660688693664,1.52178477621386,0.318735565814652,3.12443304976957
341,0.181664864470432,1.52182381163074,0.318733527073396,3.12442401708267
341.1,0.181669030825119,1.52186277121356,0.318731493056999,3.12441500547917
341.2,0.181673187778,1.52190165510692,0.318729463754688,3.12440601491028
341.3,0.181677335349594,1.52194046345668,0.318727439155573,3.1243970453267
341.4,0.181681473559895,1.52197919640587,0.318725419249025,3.1243880966803
341.5,0.181685602429374,1.52201785409996,0.318723404024186,3.12437916892193
341.6,0.181689721978169,1.5220564366826,0.318721393470369,3.12437026200321
341.7,0.181693832226359,1.52209494429708,0.318719387576917,3.1243613758759
341.8,0.181697933194262,1.52213337708786,0.318717386333063,3.12435251049127
341.9,0.181702024901679,1.52217173519667,0.318715389728294,3.12434366580174
342,0.181706107368881,1.52221001876762,0.318713397751874,3.12433484175872
342.1,0.181710180615811,1.52224822794302,0.318711410393233,3.12432603831437
342.2,0.181714244662349,1.52228636286483,0.318709427641834,3.12431725542103
342.3,0.181718299528619,1.52232442367618,0.318707449487029,3.12430849303051
342.4,0.181722345234232,1.52236241051746,0.318705475918423,3.12429975109578
342.5,0.181726381799262,1.52240032353146,0.3187035069254,3.12429102956881
342.6,0.181730409243458,1.52243816285917,0.318701542497506,3.12428232840233
342.7,0.181734427586503,1.52247592864121,0.318699582624322,3.12427364754918
342.8,0.181738436848324,1.52251362101939,0.318697627295318,3.12426498696176
342.9,0.181742437048342,1.5225512401328,0.318695676500214,3.12425634659355
343,0.181746428206435,1.52258878612289,0.318693730228512,3.1242477263971
343.1,0.181750410342156,1.52262625912934,0.318691788469875,3.12423912632564
343.2,0.181754383474995,1.52266365929147,0.318689851213999,3.12423054633259
343.3,0.181758347624684,1.52270098674977,0.318687918450472,3.12422198637087
343.4,0.181762302810459,1.52273824164204,0.318685990169127,3.12421344639451
343.5,0.181766249052,1.5227754241084,0.318684066359586,3.12420492635659
343.6,0.181770186368672,1.52281253428724,0.318682147011624,3.12419642621089
343.7,0.181774114779777,1.52284957231659,0.318680232115054,3.12418794591137
343.8,0.181778034304853,1.52288653833562,0.31867832165958,3.12417948541147
343.9,0.181781944962935,1.52292343248084,0.318676415635147,3.12417104466575
344,0.181785846773515,1.52296025489109,0.31867451403149,3.12416262362783
344.1,0.181789739755765,1.52299700570346,0.318672616838501,3.12415422225203
344.2,0.181793623928803,1.52303368505469,0.318670724046106,3.12414584049281
344.3,0.181797499311971,1.52307029308266,0.318668835644122,3.12413747830417
344.4,0.181801365924123,1.52310682992261,0.318666951622609,3.12412913564119
344.5,0.181805223784555,1.52314329571208,0.318665071971414,3.12412081245801
344.6,0.181809072912252,1.5231796905869,0.318663196680544,3.12411250870947
344.7,0.181812913326142,1.52321601468251,0.318661325740035,3.12410422435057
344.8,0.181816745045376,1.52325226813553,0.318659459139819,3.12409595933584
344.9,0.18182056808862,1.52328845107994,0.318657596870065,3.12408771362084
345,0.181824382474982,1.52332456365199,0.318655738920736,3.12407948716028
345.1,0.181828188223258,1.52336060598623,0.318653885281947,3.12407127990948
345.2,0.181831985352193,1.52339657821686,0.318652035943848,3.12406309182399
345.3,0.181835773880749,1.52343248047922,0.318650190896481,3.12405492285883
345.4,0.181839553827407,1.52346831290604,0.318648350130128,3.1240467729701
345.5,0.181843325211088,1.52350407563231,0.31864651363486,3.124038642113
345.6,0.181847088050398,1.52353976879131,0.318644681400907,3.1240305302434
345.7,0.181850842363891,1.52357539251601,0.318642853418524,3.12402243731731
345.8,0.181854588170341,1.52361094694047,0.318641029677866,3.1240143632903
345.9,0.181858325488054,1.52364643219618,0.318639210169322,3.12400630811896
346,0.181862054335757,1.52368184841688,0.318637394883077,3.12399827175902
346.1,0.181865774731876,1.52371719573462,0.318635583809467,3.12399025416683
346.2,0.18186948669478,1.52375247428111,0.318633776938858,3.12398225529894
346.3,0.181873190243058,1.52378768418916,0.318631974261514,3.1239742751114
346.4,0.181876885394832,1.52382282558906,0.318630175767932,3.12396631356131
346.5,0.181880572168643,1.52385789861327,0.318628381448406,3.1239583706049
346.6,0.181884250582733,1.52389290339263,0.318626591293381,3.12395044619904
346.7,0.181887920655289,1.52392784005761,0.318624805293328,3.12394254030075
346.8,0.181891582404712,1.52396270873979,0.318623023438622,3.12393465286661
346.9,0.181895235848951,1.52399750956823,0.318621245719865,3.1239267838542
347,0.18189888100636,1.52403224267417,0.318619472127461,3.12391893322026
347.1,0.181902517894998,1.52406690818722,0.31861770265196,3.12391110092214
347.2,0.181906146532869,1.52410150623664,0.318615937283941,3.12390328691738
347.3,0.181909766938192,1.52413603695277,0.318614176013886,3.12389549116302
347.4,0.181913379128728,1.52417050046348,0.318612418832503,3.12388771361717
347.5,0.181916983122651,1.52420489689878,0.318610665730299,3.12387995423702
347.6,0.181920578937844,1.52423922638706,0.318608916697933,3.12387221298044
347.7,0.181924166592137,1.52427348905639,0.31860717172609,3.12386448980544
347.8,0.181927746103564,1.52430768503589,0.318605430805359,3.12385678466959
347.9,0.181931317489706,1.52434181445222,0.318603693926549,3.12384909753145
348,0.181934880768555,1.52437587743418,0.318601961080277,3.1238414283487
348.1,0.181938435957814,1.52440987410899,0.318600232257304,3.12383377707972
348.2,0.181941983075132,1.52444380460348,0.31859850744842,3.12382614368297
348.3,0.181945522138365,1.52447766904559,0.318596786644317,3.12381852811652
348.4,0.181949053164917,1.5245114675608,0.31859506983591,3.1238109303394
348.5,0.181952576172601,1.52454520027671,0.318593357013918,3.12380335030979
348.6,0.181956091178943,1.52457886731932,0.318591648169208,3.12379578798653
348.7,0.181959598201414,1.52461246881431,0.318589943292672,3.12378824332858
348.8,0.18196309725769,1.52464600488842,0.318588242375108,3.12378071629448
348.9,0.181966588365,1.52467947566594,0.318586545407529,3.12377320684372
349,0.181970071540976,1.52471288127328,0.318584852380762,3.12376571493497
349.1,0.181973546802966,1.52474622183528,0.318583163285773,3.12375824052755
349.2,0.181977014168267,1.52477949747642,0.318581478113557,3.12375078358087
349.3,0.181980473654374,1.52481270832227,0.318579796855015,3.12374334405395
349.4,0.181983925278352,1.52484585449597,0.318578119501262,3.12373592190677
349.5,0.181987369057655,1.52487893612274,0.318576446043226,3.12372851709847
349.6,0.181990805009455,1.52491195332623,0.318574776471976,3.12372112958881
349.7,0.18199423315087,1.5249449062298,0.318573110778608,3.1237137593377
349.8,0.181997653499221,1.52497779495781,0.318571448954123,3.12370640630461
349.9,0.182001066071401,1.52501061963226,0.318569790989737,3.12369907044998
350,0.182004470884686,1.52504338037719,0.31856813687648,3.12369175173342
350.1,0.182007867956074,1.52507607731512,0.31856648660552,3.12368445011517
350.2,0.18201125730251,1.52510871056823,0.318564840168052,3.12367716555557
350.3,0.182014638941141,1.52514128025973,0.31856319755518,3.12366989801458
350.4,0.182018012888686,1.52517378651047,0.318561558758217,3.12366264745308
350.5,0.182021379162246,1.52520622944334,0.318559923768293,3.12365541383116
350.6,0.182024737778651,1.52523860917971,0.318558292576677,3.12364819710949
350.7,0.182028088754678,1.5252709258406,0.318556665174662,3.1236409972489
350.8,0.182031432107299,1.5253031795481,0.318555041553452,3.12363381420979
350.9,0.182034767853061,1.5253353704219,0.318553421704458,3.1236266479535
351,0.182038096008891,1.52536749858375,0.31855180561891,3.12361949844057
351.1,0.18204141659145,1.52539956415389,0.318550193288172,3.12361236563213
351.2,0.182044729617343,1.52543156725221,0.318548584703638,3.12360524948944
351.3,0.182048035103371,1.52546350799963,0.318546979856609,3.12359814997339
351.4,0.182051333065908,1.52549538651475,0.318545378738592,3.12359106704572
351.5,0.182054623521712,1.52552720291818,0.318543781340915,3.12358400066746
351.6,0.182057906487274,1.52555895732901,0.318542187655042,3.12357695080017
351.7,0.182061181979034,1.52559064986602,0.318540597672459,3.12356991740556
351.8,0.18206445001362,1.52562228064901,0.318539011384569,3.12356290044496
351.9,0.182067710607246,1.52565384979545,0.318537428782973,3.12355589988059
352,0.182070963776498,1.52568535742482,0.318535849859098,3.12354891567389
352.1,0.182074209537694,1.52571680365512,0.3185342746045,3.12354194778686
352.2,0.182077447907102,1.52574818860399,0.318532703010764,3.12353499618167
352.3,0.182080678901181,1.52577951239012,0.318531135069388,3.12352806082008
352.4,0.182083902535984,1.52581077512989,0.318529570772066,3.12352114166474
352.5,0.182087118827927,1.52584197694164,0.318528010110323,3.12351423867753
352.6,0.182090327793163,1.52587311794226,0.31852645307581,3.12350735182093
352.7,0.182093529447796,1.52590419824833,0.318524899660207,3.1235004810575
352.8,0.182096723808114,1.52593521797738,0.318523349855106,3.12349362634945
352.9,0.182099910890008,1.52596617724471,0.318521803652297,3.12348678765987
353,0.182103090709724,1.52599707616758,0.318520261043398,3.12347996495108
353.1,0.182106263283249,1.52602791486175,0.318518722020155,3.12347315818597
353.2,0.182109428626523,1.52605869344272,0.318517186574341,3.12346636732756
353.3,0.182112586755668,1.52608941202692,0.318515654697642,3.12345959233847
353.4,0.182115737686416,1.52612007072858,0.318514126381941,3.12345283318223
353.5,0.182118881434848,1.52615066966383,0.318512601618951,3.12344608982159
353.6,0.182122018016786,1.52618120894738,0.31851108040051,3.12343936221986
353.7,0.182125147448001,1.52621168869362,0.318509562718484,3.12343265034049
353.8,0.182128269744452,1.52624210901791,0.318508048564651,3.12342595414654
353.9,0.182131384921704,1.52627247003338,0.318506537930987,3.12341927360193
354,0.182134492995671,1.5263027718551,0.318505030809297,3.12341260866986
354.1,0.18213759398202,1.52633301459669,0.318503527191511,3.12340595931406
354.2,0.182140687896369,1.52636319837147,0.318502027069587,3.12339932549841
354.3,0.182143774754512,1.52639332329371,0.318500530435398,3.12339270718638
354.4,0.182146854571846,1.5264233894755,0.318499037281007,3.12338610434232
354.5,0.182149927364126,1.52645339703081,0.318497547598312,3.12337951692985
354.6,0.182152993146854,1.5264833460722,0.318496061379335,3.12337294491311
354.7,0.182156051935487,1.52651323671192,0.318494578616124,3.12336638825638
354.8,0.182159103745655,1.52654306906319,0.318493099300642,3.12335984692359
354.9,0.182162148592601,1.52657284323702,0.318491623425042,3.12335332087947
355,0.182165186491916,1.52660255934633,0.318490150981315,3.12334681008806
355.1,0.182168217458944,1.52663221750261,0.318488681961571,3.12334031451393
355.2,0.182171241508984,1.52666181781708,0.318487216357948,3.12333383412177
355.3,0.182174258657504,1.52669136040186,0.318485754162501,3.1233273688759
355.4,0.182177268919586,1.52672084536695,0.318484295367471,3.12332091874149
355.5,0.182180272310663,1.52675027282419,0.318482839964937,3.12331448368297
355.6,0.182183268845916,1.52677964288404,0.318481387947099,3.12330806366531
355.7,0.182186258540486,1.52680895565665,0.318479939306184,3.12330165865363
355.8,0.182189241409682,1.52683821125312,0.318478494034335,3.12329526861264
355.9,0.182192217468441,1.5268674097824,0.318477052123883,3.12328889350793
356,0.182195186732034,1.52689655135528,0.318475613566995,3.12328253330433
356.1,0.182198149215485,1.52692563608118,0.31847417835596,3.12327618796723
356.2,0.182201104933774,1.52695466406923,0.318472746483092,3.12326985746213
356.3,0.182204053902054,1.52698363542947,0.318471317940623,3.12326354175416
356.4,0.182206996135104,1.52701255026982,0.318469892720969,3.12325724080929
356.5,0.182209931648037,1.52704140870005,0.318468470816387,3.12325095459277
356.6,0.182212860455723,1.52707021082855,0.318467052219253,3.12324468307039
356.7,0.182215782572988,1.52709895676341,0.318465636921965,3.12323842620803
356.8,0.182218698014828,1.52712764661364,0.318464224916845,3.12323218397124
356.9,0.182221606795871,1.52715628048615,0.318462816196394,3.12322595632638
357,0.182224508931071,1.52718485848968,0.318461410752957,3.12321974323909
357.1,0.182227404435145,1.5272133807316,0.318460008578994,3.12321354467555
357.2,0.182230293322762,1.52724184731898,0.318458609666992,3.12320736060204
357.3,0.182233175608763,1.52727025835981,0.318457214009357,3.12320119098452
357.4,0.182236051307622,1.52729861396,0.318455821598674,3.12319503578971
357.5,0.182238920434139,1.52732691422726,0.318454432427377,3.12318889498367
357.6,0.182241783002881,1.52735515926794,0.31845304648801,3.12318276853296
357.7,0.182244639028369,1.52738334918812,0.318451663773144,3.12317665640425
357.8,0.182247488525288,1.52741148409477,0.318450284275272,3.1231705585639
357.9,0.182250331507959,1.52743956409281,0.318448907987064,3.123164474979
358,0.182253167991029,1.52746758928892,0.318447534901037,3.123158405616
358.1,0.182255997988912,1.52749555978847,0.318446165009819,3.12315235044186
358.2,0.182258821515979,1.52752347569653,0.318444798306067,3.12314630942364
358.3,0.182261638586762,1.52755133711907,0.318443434782359,3.12314028252805
358.4,0.182264449215432,1.52757914416001,0.318442074431445,3.1231342697226
358.5,0.182267253416482,1.52760689692505,0.318440717245926,3.1231282709741
358.6,0.182270051204178,1.52763459551854,0.318439363218517,3.1231222862499
358.7,0.18227284259274,1.52766224004458,0.318438012341955,3.12311631551743
358.8,0.182275627596548,1.52768983060815,0.318436664608902,3.12311035874381
358.9,0.182278406229626,1.52771736731217,0.318435320012192,3.12310441589689
359,0.182281178506316,1.52774485026136,0.318433978544509,3.12309848694389
359.1,0.182283944440735,1.52777227955909,0.318432640198649,3.12309257185252
359.2,0.182286704046959,1.52779965530847,0.318431304967433,3.1230866705906
359.3,0.182289457339217,1.52782697761349,0.318429972843605,3.12308078312561
359.4,0.182292204331388,1.52785424657612,0.31842864382008,3.12307490942579
359.5,0.182294945037665,1.52788146230008,0.318427317889625,3.12306904945874
359.6,0.182297679472014,1.52790862488777,0.318425995045118,3.12306320319253
359.7,0.182300407648357,1.52793573444133,0.318424675279459,3.12305737059535
359.8,0.182303129580773,1.52796279106376,0.318423358585475,3.12305155163504
359.9,0.182305845283005,1.52798979485609,0.318422044956161,3.12304574628024
360,0.182308554769094,1.52801674592104,0.318420734384366,3.12303995449889
360.1,0.182311258052862,1.52804364436007,0.318419426863049,3.12303417625946
360.2,0.182313955148084,1.52807049027434,0.31841812238519,3.12302841153047
360.3,0.182316646068697,1.5280972837659,0.318416820943697,3.12302266028018
360.4,0.182319330828293,1.5281240249348,0.318415522531645,3.12301692247754
360.5,0.182322009440768,1.52815071388281,0.318414227141964,3.12301119809091
360.6,0.182324681919798,1.52817735071043,0.318412934767691,3.12300548708907
360.7,0.182327348279015,1.52820393551788,0.318411645401887,3.12299978944095
360.8,0.182330008532207,1.52823046840622,0.318410359037539,3.12299410511514
360.9,0.182332662692831,1.52825694947459,0.318409075667802,3.12298843408098
361,0.182335310774637,1.52828337882378,0.318407795285685,3.12298277630717
361.1,0.182337952791154,1.52830975655335,0.318406517884305,3.12297713176287
361.2,0.182340588755869,1.52833608276257,0.3184052434568,3.12297150041735
361.3,0.182343218682425,1.52836235755156,0.318403971996236,3.12296588223957
361.4,0.182345842584132,1.52838858101851,0.318402703495847,3.12296027719922
361.5,0.182348460474595,1.52841475326327,0.318401437948719,3.12295468526536
361.6,0.182351072367208,1.52844087438446,0.318400175348049,3.1229491064075
361.7,0.182353678275323,1.52846694448041,0.318398915687052,3.12294354059529
361.8,0.182356278212439,1.5284929636503,0.318397658958874,3.12293798779804
361.9,0.182358872191719,1.52851893199139,0.318396405156824,3.12293244798578
362,0.182361460226628,1.5285448496026,0.318395154274067,3.12292692112791
362.1,0.182364042330416,1.52857071658161,0.318393906303877,3.12292140719434
362.2,0.182366618516293,1.52859653302582,0.318392661239545,3.12291590615502
362.3,0.182369188797617,1.52862229903349,0.318391419074296,3.12291041797964
362.4,0.182371753187416,1.52864801470095,0.318390179801513,3.12290494263857
362.5,0.182374311699012,1.52867368012619,0.31838894341444,3.12289948010157
362.6,0.182376864345513,1.52869929540597,0.318387709906426,3.12289403033888
362.7,0.182379411139989,1.52872486063678,0.318386479270839,3.12288859332081
362.8,0.182381952095655,1.52875037591592,0.318385251500981,3.12288316901739
362.9,0.182384487225406,1.52877584133885,0.318384026590309,3.12287775739935
363,0.182387016542422,1.52880125700262,0.318382804532144,3.12287235843678
363.1,0.182389540059674,1.52882662300307,0.31838158531991,3.12286697210028
363.2,0.182392057790093,1.52885193943578,0.318380368947052,3.12286159836048
363.3,0.182394569746756,1.52887720639716,0.318379155406945,3.12285623718778
363.4,0.182397075942423,1.52890242398173,0.318377944693122,3.12285088855323
363.5,0.182399576390134,1.52892759228565,0.318376736798981,3.12284555242729
363.6,0.182402071102721,1.52895271140384,0.318375531718019,3.12284022878085
363.7,0.182404560092976,1.528977781431,0.318374329443754,3.12283491758494
363.8,0.182407043373838,1.5290028024626,0.318373129969639,3.12282961881026
363.9,0.182409520957935,1.5290277745923,0.318371933289278,3.1228243324282
364,0.182411992858168,1.52905269791532,0.318370739396145,3.12281905840957
364.1,0.182414459087238,1.52907757252571,0.31836954828381,3.12281379672561
364.2,0.182416919657802,1.52910239851725,0.318368359945868,3.12280854734766
364.3,0.182419374582663,1.52912717598454,0.318367174375841,3.12280331024677
364.4,0.182421823874304,1.52915190502033,0.31836599156741,3.12279808539465
364.5,0.18242426754549,1.52917658571895,0.318364811514119,3.12279287276245
364.6,0.18242670560879,1.52920121817357,0.318363634209615,3.12278767232175
364.7,0.182429138076729,1.52922580247708,0.31836245964756,3.12278248404421
364.8,0.182431564961973,1.52925033872318,0.318361287821556,3.12277730790121
364.9,0.182433986276876,1.52927482700374,0.318360118725351,3.12277214386481
365,0.182436402034069,1.52929926741222,0.318358952352565,3.12276699190648
365.1,0.182438812245983,1.52932366004089,0.318357788696916,3.12276185199811
365.2,0.182441216925012,1.52934800498176,0.318356627752139,3.12275672411172
365.3,0.182443616083687,1.52937230232766,0.318355469511908,3.12275160821901
365.4,0.18244600973423,1.52939655216959,0.318354313970042,3.12274650429235
365.5,0.182448397889136,1.52942075460012,0.318353161120233,3.12274141230354
365.6,0.182450780560707,1.52944490971065,0.318352010956269,3.12273633222482
365.7,0.182453157761207,1.52946901759233,0.31835086347196,3.1227312640285
365.8,0.182455529503033,1.5294930783371,0.318349718661048,3.12272620768663
365.9,0.182457895798279,1.5295170920351,0.318348576517425,3.12272116317189
366,0.182460256659309,1.52954105877803,0.318347437034855,3.12271613045642
366.1,0.182462612098289,1.52956497865642,0.318346300207196,3.12271110951275
366.2,0.182464962127348,1.52958885176058,0.318345166028325,3.12270610031354
366.3,0.182467306758751,1.52961267818155,0.318344034492058,3.12270110283113
366.4,0.182469646004468,1.52963645800864,0.318342905592356,3.12269611703855
366.5,0.182471979876731,1.52966019133267,0.318341779323052,3.12269114290823
366.6,0.182474308387577,1.52968387824333,0.318340655678076,3.12268618041304
366.7,0.182476631549007,1.52970751883006,0.318339534651375,3.12268122952595
366.8,0.182478949373156,1.52973111318305,0.318338416236834,3.12267629021962
366.9,0.182481261871864,1.52975466139076,0.318337300428483,3.12267136246739
367,0.182483569057232,1.52977816354315,0.318336187220225,3.12266644624201
367.1,0.182485870941169,1.52980161972907,0.31833507660606,3.12266154151667
367.2,0.182488167535548,1.5298250300371,0.318333968580002,3.12265664826463
367.3,0.182490458852374,1.52984839455659,0.318332863136007,3.1226517664589
367.4,0.182492744903365,1.52987171337516,0.318331760268172,3.12264689607308
367.5,0.182495025700494,1.52989498658192,0.318330659970471,3.12264203708029
367.6,0.18249730125554,1.52991821426486,0.318329562236969,3.12263718945399
367.7,0.182499571580246,1.52994139651175,0.318328467061751,3.12263235316777
367.8,0.182501836686489,1.52996453341108,0.318327374438841,3.12262752819493
367.9,0.18250409658586,1.52998762504965,0.318326284362402,3.12262271450941
368,0.1825063512902,1.53001067151573,0.318325196826477,3.1226179120846
368.1,0.182508600811169,1.53003367289646,0.318324111825199,3.12261312089428
368.2,0.182510845160392,1.53005662927879,0.31832302935272,3.12260834091236
368.3,0.182513084349618,1.53007954075037,0.318321949403132,3.12260357211245
368.4,0.182515318390306,1.53010240739718,0.318320871970665,3.12259881446877
368.5,0.182517547294174,1.53012522930665,0.31831979704943,3.12259406795502
368.6,0.182519771072756,1.53014800656511,0.318318724633625,3.12258933254531
368.7,0.18252198973755,1.53017073925867,0.318317654717471,3.12258460821383
368.8,0.182524203300179,1.53019342747415,0.318316587295125,3.12257989493448
368.9,0.182526411771984,1.53021607129673,0.318315522360884,3.1225751926818
369,0.182528615164555,1.530238670813,0.318314459908925,3.1225705014298
369.1,0.182530813489304,1.53026122610849,0.318313399933512,3.12256582115288
369.2,0.182533006757605,1.53028373726847,0.318312342428933,3.12256115182551
369.3,0.182535194980959,1.53030620437896,0.31831128738941,3.12255649342193
369.4,0.182537378170579,1.53032862752432,0.318310234809306,3.12255184591694
369.5,0.182539556337934,1.53035100679032,0.318309184682864,3.12254720928486
369.6,0.18254172949431,1.53037334226168,0.318308137004414,3.12254258350039
369.7,0.18254389765096,1.53039563402288,0.318307091768307,3.12253796853829
369.8,0.18254606081926,1.53041788215911,0.318306048968832,3.12253336437309
369.9,0.182548219010312,1.53044008675392,0.318305008600417,3.12252877097991
370,0.18255037223546,1.53046224789229,0.318303970657369,3.12252418833335
370.1,0.182552520505869,1.53048436565812,0.318302935134085,3.12251961640839
370.2,0.182554663832668,1.5305064401351,0.318301902024978,3.12251505518011
370.3,0.18255680222711,1.53052847140761,0.318300871324404,3.12251050462332
370.4,0.18255893570018,1.53055045955842,0.318299843026853,3.12250596471342
370.5,0.182561064263098,1.53057240467168,0.318298817126697,3.1225014354253
370.6,0.182563187926908,1.53059430683052,0.318297793618397,3.12249691673426
370.7,0.182565306702621,1.53061616611782,0.31829677249643,3.12249240861563
370.8,0.182567420601367,1.53063798261716,0.318295753755215,3.12248791104452
370.9,0.182569529634011,1.53065975641053,0.318294737389305,3.12248342399663
371,0.182571633811654,1.5306814875813,0.318293723393137,3.12247894744714
371.1,0.182573733145224,1.53070317621178,0.318292711761234,3.1224744813716
371.2,0.182575827645614,1.53072482238408,0.318291702488138,3.12247002574568
371.3,0.182577917323839,1.530746426181,0.318290695568331,3.12246558054475
371.4,0.182580002190639,1.53076798768374,0.318289690996427,3.12246114574479
371.5,0.182582082256999,1.53078950697487,0.318288688766928,3.12245672132126
371.6,0.182584157533727,1.53081098413594,0.318287688874419,3.12245230725002
371.7,0.1825862280316,1.53083241924827,0.318286691313502,3.12244790350698
371.8,0.182588293761512,1.53085381239387,0.318285696078725,3.12244351006784
371.9,0.182590354734088,1.53087516365318,0.318284703164761,3.12243912690882
372,0.18259241096019,1.53089647310799,0.318283712566175,3.12243475400569
372.1,0.182594462450515,1.53091774083906,0.318282724277614,3.12243039133457
372.2,0.182596509215724,1.53093896692696,0.318281738293742,3.12242603887166
372.3,0.182598551266595,1.53096015145291,0.318280754609169,3.12242169659293
372.4,0.18260058861364,1.53098129449658,0.31827977321863,3.12241736447489
372.5,0.182602621267607,1.53100239613899,0.318278794116751,3.12241304249359
372.6,0.182604649239071,1.53102345646015,0.31827781729824,3.12240873062542
372.7,0.182606672538572,1.53104447553985,0.318276842757821,3.12240442884685
372.8,0.182608691176771,1.53106545345853,0.318275870490166,3.12240013713414
372.9,0.182610705164075,1.53108639029513,0.31827490049007,3.12239585546406
373,0.182612714511112,1.53110728612989,0.31827393275222,3.12239158381293
373.1,0.182614719228344,1.53112814104204,0.318272967271385,3.12238732215742
373.2,0.182616719326199,1.53114895511064,0.31827200404235,3.1223830704743
373.3,0.182618714815224,1.53116972841536,0.318271043059846,3.12237882874006
373.4,0.182620705705709,1.53119046103439,0.318270084318728,3.12237459693176
373.5,0.182622692008168,1.5312111530472,0.318269127813745,3.12237037502601
373.6,0.18262467373295,1.53123180453228,0.318268173539724,3.12236616299973
373.7,0.18262665089037,1.53125241556793,0.31826722149151,3.12236196082996
373.8,0.182628623490859,1.53127298623308,0.318266271663894,3.12235776849346
373.9,0.182630591544601,1.53129351660516,0.318265324051791,3.12235358596757
374,0.182632555061994,1.53131400676289,0.318264378650008,3.12234941322914
374.1,0.182634514053278,1.53133445678403,0.318263435453432,3.1223452502554
374.2,0.182636468528656,1.53135486674611,0.318262494456967,3.12234109702362
374.3,0.182638418498447,1.53137523672733,0.318261555655464,3.12233695351085
374.4,0.182640363972715,1.53139556680437,0.318260619043895,3.12233281969469
374.5,0.182642304961748,1.53141585705522,0.318259684617126,3.12232869555225
374.6,0.182644241475674,1.53143610755689,0.318258752370103,3.12232458106102
374.7,0.18264617352459,1.53145631838618,0.318257822297788,3.12232047619853
374.8,0.182648101118701,1.53147648962054,0.31825689439509,3.12231638094211
374.9,0.182650024267964,1.53149662133593,0.31825596865704,3.1223122952696
375,0.182651942982554,1.5315167136096,0.318255045078561,3.1223082191584
375.1,0.18265385727249,1.53153676651782,0.318254123654659,3.12230415258624
375.2,0.182655767147761,1.53155678013666,0.318253204380351,3.12230009553093
375.3,0.182657672618461,1.53157675454285,0.318252287250608,3.12229604797005
375.4,0.182659573694439,1.53159668981161,0.318251372260513,3.1222920098817
375.5,0.182661470385762,1.53161658601947,0.318250459405051,3.12228798124354
375.6,0.182663362702337,1.53163644324196,0.318249548679282,3.12228396203355
375.7,0.182665250654039,1.53165626155445,0.318248640078282,3.12227995222981
375.8,0.182667134250853,1.53167604103291,0.318247733597076,3.12227595181015
375.9,0.182669013502526,1.53169578175187,0.318246829230807,3.12227196075292
376,0.182670888419014,1.53171548378712,0.318245926974515,3.12226797903604
376.1,0.182672759010116,1.53173514721349,0.318245026823318,3.12226400663776
376.2,0.182674625285601,1.53175477210561,0.318244128772348,3.1222600435364
376.3,0.182676487255346,1.53177435853875,0.318243232816687,3.12225608971004
376.4,0.182678344928993,1.53179390658671,0.318242338951533,3.1222521451373
376.5,0.18268019831639,1.53181341632458,0.318241447171983,3.12224820979635
376.6,0.18268204742723,1.53183288782646,0.318240557473211,3.12224428366569
376.7,0.182683892271171,1.53185232116628,0.318239669850403,3.12224036672388
376.8,0.182685732857983,1.5318717164186,0.3182387842987,3.12223645894927
376.9,0.182687569197201,1.53189107365652,0.318237900813352,3.12223256032072
377,0.182689401298564,1.53191039295439,0.318237019389513,3.12222867081665
377.1,0.182691229171662,1.53192967438563,0.318236140022412,3.1222247904158
377.2,0.182693052826058,1.53194891802347,0.318235262707292,3.122220919097
377.3,0.182694872271413,1.53196812394175,0.318234387439347,3.12221705683884
377.4,0.182696687517153,1.53198729221288,0.318233514213883,3.12221320362042
377.5,0.182698498572912,1.5320064229105,0.318232643026109,3.12220935942041
377.6,0.182700305448175,1.53202551610734,0.318231773871309,3.12220552421782
377.7,0.182702108152399,1.53204457187591,0.318230906744779,3.12220169799169
377.8,0.182703906695138,1.53206359028937,0.318230041641769,3.12219788072089
377.9,0.18270570108572,1.53208257141943,0.318229178557638,3.12219407238473
378,0.182707491333672,1.53210151533904,0.318228317487651,3.12219027296216
378.1,0.182709277448378,1.53212042212022,0.318227458427145,3.1221864824324
378.2,0.18271105943919,1.53213929183482,0.318226601371469,3.12218270077475
378.3,0.182712837315561,1.53215812455528,0.318225746315929,3.12217892796832
378.4,0.18271461108671,1.53217692035264,0.318224893255937,3.12217516399269
378.5,0.182716380762063,1.53219567929914,0.318224042186812,3.122171408827
378.6,0.1827181463509,1.53221440146614,0.318223193103942,3.12216766245074
378.7,0.182719907862469,1.53223308692478,0.318222346002733,3.12216392484346
378.8,0.182721665306119,1.53225173574682,0.318221500878541,3.12216019598448
378.9,0.182723418690979,1.53227034800263,0.318220657726832,3.12215647585363
379,0.182725168026371,1.53228892376376,0.318219816542979,3.12215276443031
379.1,0.182726913321469,1.53230746310089,0.318218977322424,3.12214906169424
379.2,0.182728654585421,1.53232596608449,0.318218140060624,3.12214536762519
379.3,0.182730391827473,1.53234443278562,0.318217304752989,3.12214168220274
379.4,0.182732125056655,1.53236286327399,0.318216471395037,3.12213800540695
379.5,0.182733854282184,1.53238125762048,0.318215639982192,3.12213433721745
379.6,0.182735579513137,1.53239961589507,0.31821481050995,3.12213067761419
379.7,0.182737300758558,1.53241793816758,0.318213982973819,3.12212702657718
379.8,0.182739018027594,1.5324362245084,0.318213157369261,3.12212338408625
379.9,0.182740731329173,1.53245447498655,0.318212333691847,3.12211975012166
380,0.182742440672412,1.53247268967226,0.318211511937052,3.1221161246633
380.1,0.182744146066291,1.53249086863483,0.318210692100424,3.12211250769135
380.2,0.18274584751976,1.53250901194342,0.318209874177523,3.12210889918606
380.3,0.182747545041865,1.53252711966775,0.318209058163864,3.12210529912747
380.4,0.182749238641431,1.53254519187618,0.318208244055066,3.12210170749609
380.5,0.182750928327478,1.53256322863827,0.318207431846658,3.12209812427203
380.6,0.182752614108886,1.53258123002267,0.318206621534238,3.12209454943571
380.7,0.182754295994507,1.53259919609787,0.318205813113417,3.12209098296759
380.8,0.182755973993288,1.53261712693293,0.318205006579761,3.12208742484797
380.9,0.182757648113955,1.53263502259557,0.318204201928939,3.12208387505757
381,0.182759318365429,1.53265288315466,0.318203399156533,3.12208033357672
381.1,0.182760984756493,1.53267070867822,0.318202598258188,3.12207680038607
381.2,0.182762647295906,1.53268849923407,0.318201799229569,3.12207327546633
381.3,0.182764305992515,1.53270625489063,0.318201002066291,3.12206975879799
381.4,0.182765960854956,1.53272397571496,0.318200206764073,3.12206625036202
381.5,0.182767611892051,1.53274166177529,0.318199413318547,3.12206275013899
381.6,0.182769259112484,1.53275931313899,0.31819862172541,3.12205925810975
381.7,0.182770902524909,1.53277692987322,0.318197831980373,3.12205577425524
381.8,0.182772542138079,1.53279451204575,0.318197044079103,3.12205229855618
381.9,0.182774177960538,1.53281205972301,0.31819625801737,3.12204883099374
382,0.182775810001012,1.53282957297257,0.318195473790853,3.12204537154875
382.1,0.18277743826809,1.53284705186115,0.318194691395299,3.12204192020225
382.2,0.182779062770333,1.5328644964553,0.31819391082647,3.12203847693542
382.3,0.182780683516397,1.53288190682212,0.318193132080081,3.1220350417292
382.4,0.18278230051473,1.53289928302742,0.318192355151951,3.12203161456498
382.5,0.182783913773963,1.53291662513812,0.318191580037808,3.1220281954238
382.6,0.182785523302589,1.53293393322031,0.31819080673345,3.12202478428694
382.7,0.182787129109075,1.53295120733989,0.318190035234683,3.12202138113577
382.8,0.182788731201982,1.53296844756333,0.318189265537276,3.12201798595147
382.9,0.182790329589672,1.53298565395581,0.318188497637093,3.12201459871565
383,0.182791924280678,1.53300282658362,0.318187731529912,3.12201121940956
383.1,0.1827935152834,1.53301996551221,0.318186967211579,3.12200784801471
383.2,0.182795102606208,1.53303707080686,0.318186204677949,3.12200448451267
383.3,0.182796686257568,1.5330541425334,0.318185443924837,3.12200112888484
383.4,0.182798266245745,1.53307118075639,0.318184684948156,3.12199778111305
383.5,0.182799842579179,1.53308818554148,0.318183927743733,3.12199444117875
383.6,0.182801415266181,1.53310515695351,0.31818317230746,3.12199110906367
383.7,0.18280298431504,1.53312209505714,0.318182418635242,3.12198778474962
383.8,0.182804549734127,1.53313899991755,0.31818166672294,3.1219844682182
383.9,0.182806111531608,1.53315587159871,0.318180916566514,3.12198115945144
384,0.182807669715832,1.53317271016563,0.31818016816184,3.12197785843102
384.1,0.182809224295019,1.53318951568252,0.318179421504857,3.12197456513888
384.2,0.182810775277362,1.53320628821344,0.318178676591514,3.12197127955703
384.3,0.182812322671141,1.53322302782295,0.318177933417724,3.12196800166729
384.4,0.182813866484438,1.5332397345744,0.318177191979491,3.1219647314519
384.5,0.182815406725508,1.53325640853219,0.318176452272739,3.12196146889274
384.6,0.182816943402478,1.53327304975991,0.318175714293451,3.12195821397197
384.7,0.182818476523449,1.53328965832101,0.318174978037626,3.12195496667181
384.8,0.182820006096609,1.53330623427943,0.318174243501221,3.12195172697428
384.9,0.182821532129954,1.53332277769792,0.318173510680288,3.12194849486184
385,0.182823054631648,1.53333928864026,0.318172779570796,3.12194527031658
385.1,0.182824573609727,1.53335576716945,0.318172050168776,3.12194205332085
385.2,0.182826089072205,1.53337221334831,0.318171322470273,3.12193884385709
385.3,0.182827601027179,1.5333886272402,0.318170596471289,3.12193564190753
385.4,0.182829109482558,1.53340500890724,0.318169872167921,3.12193244745482
385.5,0.182830614446416,1.53342135841262,0.318169149556186,3.12192926048127
385.6,0.1828321159267,1.53343767581873,0.318168428632159,3.12192608096944
385.7,0.182833613931329,1.53345396118779,0.31816770939193,3.12192290890196
385.8,0.182835108468313,1.53347021458255,0.318166991831548,3.12191974426126
385.9,0.182836599545478,1.53348643606456,0.318166275947156,3.12191658703021
386,0.182838087170807,1.53350262569639,0.318165561734814,3.12191343719131
386.1,0.182839571352162,1.53351878353983,0.318164849190644,3.12191029472734
386.2,0.182841052097378,1.53353490965652,0.318164138310781,3.12190715962111
386.3,0.182842529414376,1.53355100410861,0.318163429091319,3.12190403185528
386.4,0.182844003310884,1.53356706695704,0.318162721528444,3.1219009114129
386.5,0.182845473794798,1.53358309826381,0.318162015618262,3.12189779827667
386.6,0.182846940873893,1.5335990980901,0.318161311356939,3.12189469242957
386.7,0.182848404555924,1.53361506649698,0.318160608740656,3.12189159385462
386.8,0.182849864848722,1.53363100354598,0.31815990776555,3.12188850253467
386.9,0.182851321759931,1.53364690929749,0.318159208427851,3.12188541845297
387,0.18285277529736,1.53366278381289,0.318158510723711,3.12188234159243
387.1,0.182854225468699,1.53367862715279,0.31815781464934,3.12187927193621
387.2,0.182855672281614,1.53369443937767,0.318157120200961,3.12187620946754
387.3,0.182857115743849,1.53371022054849,0.318156427374759,3.12187315416947
387.4,0.182858555862964,1.53372597072503,0.318155736167003,3.12187010602544
387.5,0.182859992646682,1.53374168996811,0.318155046573892,3.12186706501856
387.6,0.182861426102607,1.53375737833777,0.318154358591679,3.12186403113219
387.7,0.182862856238323,1.53377303589388,0.318153672216629,3.12186100434974
387.8,0.18286428306149,1.53378866269684,0.318152987444971,3.12185798465447
387.9,0.182865706579584,1.53380425880585,0.31815230427302,3.12185497203
388,0.182867126800243,1.53381982428115,0.318151622697015,3.12185196645965
388.1,0.182868543730984,1.5338353591822,0.318150942713254,3.12184896792696
388.2,0.182869957379301,1.53385086356832,0.318150264318045,3.12184597641555
388.3,0.18287136775277,1.5338663374993,0.318149587507659,3.12184299190885
388.4,0.182872774858788,1.53388178103381,0.318148912278453,3.12184001439068
388.5,0.182874178704909,1.53389719423149,0.318148238626711,3.12183704384456
388.6,0.182875579298566,1.53391257715124,0.318147566548772,3.12183408025421
388.7,0.182876976647173,1.53392792985181,0.318146896040987,3.12183112360345
388.8,0.182878370758221,1.53394325239242,0.31814622709967,3.1218281738759
388.9,0.182879761639023,1.53395854483118,0.31814555972122,3.12182523105557
389,0.182881149297049,1.53397380722715,0.318144893901964,3.12182229512616
389.1,0.182882533739651,1.53398903963869,0.318144229638283,3.1218193660716
389.2,0.182883914974158,1.53400424212396,0.31814356692657,3.12181644387587
389.3,0.182885293007979,1.53401941474164,0.318142905763179,3.12181352852279
389.4,0.182886667848351,1.53403455754926,0.318142246144554,3.12181061999657
389.5,0.182888039502659,1.53404967060535,0.318141588067063,3.12180771828109
389.6,0.182889407978174,1.53406475396767,0.318140931527127,3.12180482336046
389.7,0.18289077328214,1.53407980769384,0.31814027652118,3.12180193521886
389.8,0.182892135421883,1.53409483184199,0.318139623045622,3.12179905384029
389.9,0.182893494404557,1.5341098264691,0.318138971096935,3.12179617920913
390,0.182894850237464,1.53412479163312,0.318138320671527,3.12179331130946
390.1,0.182896202927799,1.53413972739127,0.318137671765863,3.12179045012557
390.2,0.182897552482731,1.53415463380064,0.318137024376419,3.12178759564183
390.3,0.182898898909507,1.53416951091876,0.318136378499634,3.12178474784242
390.4,0.182900242215193,1.53418435880209,0.31813573413203,3.12178190671191
390.5,0.182901582407013,1.53419917750803,0.318135091270059,3.12177907223456
390.6,0.18290291949208,1.53421396709325,0.318134449910224,3.12177624439484
390.7,0.182904253477483,1.53422872761427,0.318133810049043,3.12177342317729
390.8,0.182905584370386,1.53424345912812,0.318133171682995,3.1217706085663
390.9,0.182906912177781,1.53425816169067,0.318132534808643,3.1217678005466
391,0.182908236906812,1.53427283535879,0.318131899422479,3.12176499910263
391.1,0.18290955856451,1.53428748018861,0.318131265521047,3.12176220421905
391.2,0.18291087715789,1.53430209623612,0.318130633100904,3.12175941588058
391.3,0.182912192694034,1.53431668355777,0.31813000215857,3.12175663407179
391.4,0.182913505179853,1.53433124220893,0.318129372690648,3.12175385877758
391.5,0.182914814622411,1.53434577224591,0.31812874469367,3.12175108998258
391.6,0.182916121028663,1.53436027372431,0.318128118164219,3.12174832767162
391.7,0.18291742440554,1.53437474669958,0.318127493098893,3.1217455718296
391.8,0.182918724760049,1.53438919122762,0.318126869494251,3.12174282244126
391.9,0.182920022099031,1.53440360736329,0.318126247346935,3.1217400794917
392,0.182921316429472,1.53441799516235,0.318125626653517,3.12173734296571
392.1,0.182922607758246,1.53443235467986,0.318125007410621,3.1217346128483
392.2,0.182923896092206,1.53444668597075,0.318124389614882,3.12173188912455
392.3,0.182925181438281,1.53446098909039,0.3181237732629,3.12172917177936
392.4,0.182926463803236,1.5344752640931,0.318123158351355,3.12172646079802
392.5,0.182927743193977,1.53448951103412,0.318122544876858,3.12172375616549
392.6,0.182929019617304,1.53450372996797,0.318121932836073,3.12172105786696
392.7,0.182930293079991,1.53451792094906,0.318121322225671,3.12171836588767
392.8,0.182931563588889,1.53453208403224,0.318120713042294,3.12171568021271
392.9,0.182932831150688,1.5345462192713,0.318120105282659,3.12171300082753
393,0.182934095772216,1.53456032672094,0.318119498943417,3.12171032771726
393.1,0.182935357460199,1.53457440643518,0.318118894021268,3.12170766086728
393.2,0.182936616221341,1.53458845846789,0.318118290512925,3.12170500026299
393.3,0.182937872062418,1.53460248287341,0.318117688415066,3.12170234588966
393.4,0.182939124990037,1.534616479705,0.318117087724447,3.1216996977329
393.5,0.182940375010954,1.53463044901685,0.318116488437757,3.12169705577803
393.6,0.182941622131819,1.53464439086245,0.318115890551734,3.12169442001057
393.7,0.182942866359262,1.53465830529518,0.318115294063129,3.12169179041611
393.8,0.182944107699981,1.53467219236882,0.318114698968657,3.12168916698009
393.9,0.182945346160508,1.53468605213615,0.318114105265113,3.12168654968828
394,0.182946581747524,1.53469988465082,0.318113512949222,3.12168393852617
394.1,0.182947814467605,1.53471368996584,0.318112922017762,3.12168133347945
394.2,0.182949044327311,1.53472746813403,0.31811233246752,3.12167873453388
394.3,0.182950271333263,1.5347412192087,0.318111744295251,3.12167614167507
394.4,0.182951495491926,1.5347549432421,0.318111157497784,3.12167355488896
394.5,0.182952716809906,1.53476864028739,0.318110572071884,3.1216709741612
394.6,0.182953935293703,1.53478231039703,0.318109988014365,3.12166839947766
394.7,0.182955150949793,1.53479595362338,0.318109405322051,3.12166583082425
394.8,0.182956363784727,1.5348095700192,0.318108823991733,3.12166326818674
394.9,0.182957573804903,1.53482315963626,0.318108244020278,3.12166071155124
395,0.182958781016851,1.53483672252721,0.318107665404488,3.12165816090357
395.1,0.182959985426999,1.534850258744,0.318107088141214,3.12165561622976
395.2,0.182961187041753,1.53486376833849,0.318106512227316,3.12165307751589
395.3,0.182962385867592,1.53487725136295,0.318105937659623,3.12165054474791
395.4,0.182963581910839,1.53489070786864,0.318105364435038,3.12164801791207
395.5,0.18296477517795,1.53490413790769,0.318104792550398,3.12164549699435
395.6,0.182965965675283,1.53491754153159,0.318104222002592,3.12164298198096
395.7,0.182967153409171,1.53493091879168,0.318103652788517,3.12164047285813
395.8,0.182968338386019,1.53494426973972,0.318103084905035,3.12163796961196
395.9,0.182969520612084,1.53495759442649,0.318102518349088,3.12163547222888
396,0.182970700093751,1.53497089290362,0.318101953117548,3.12163298069504
396.1,0.182971876837304,1.53498416522211,0.318101389207341,3.12163049499679
396.2,0.182973050849011,1.53499741143279,0.318100826615397,3.12162801512054
396.3,0.182974222135202,1.53501063158695,0.318100265338619,3.12162554105254
396.4,0.182975390702058,1.53502382573487,0.318099705373979,3.12162307277938
396.5,0.182976556555891,1.53503699392769,0.318099146718389,3.12162061028735
396.6,0.182977719702918,1.5350501362159,0.318098589368807,3.12161815356299
396.7,0.182978880149337,1.53506325264988,0.318098033322201,3.12161570259284
396.8,0.18298003790141,1.53507634328039,0.318097478575508,3.12161325736333
396.9,0.182981192965246,1.53508940815725,0.318096925125736,3.12161081786119
397,0.182982345347088,1.5351024473311,0.318096372969832,3.1216083840729
397.1,0.182983495053084,1.53511546085196,0.318095822104789,3.12160595598512
397.2,0.182984642089363,1.5351284487697,0.318095272527611,3.12160353358457
397.3,0.182985786462117,1.53514141113463,0.318094724235269,3.12160111685782
397.4,0.182986928177388,1.53515434799606,0.318094177224807,3.12159870579178
397.5,0.18298806724135,1.53516725940416,0.318093631493207,3.12159630037306
397.6,0.182989203660079,1.53518014540847,0.318093087037496,3.12159390058848
397.7,0.182990337439631,1.53519300605837,0.318092543854711,3.12159150642493
397.8,0.182991468586128,1.5352058414037,0.31809200194186,3.12158911786912
397.9,0.182992597105551,1.53521865149329,0.318091461296019,3.12158673490812
398,0.182993723004001,1.53523143637684,0.318090921914206,3.12158435752868
398.1,0.182994846287487,1.5352441961034,0.318090383793483,3.1215819857178
398.2,0.182995966961999,1.53525693072189,0.318089846930921,3.1215796194625
398.3,0.182997085033589,1.53526964028165,0.318089311323561,3.12157725874965
398.4,0.182998200508173,1.53528232483107,0.318088776968515,3.12157490356647
398.5,0.182999313391785,1.53529498441935,0.318088243862834,3.12157255389988
398.6,0.183000423690366,1.53530761909507,0.318087712003615,3.12157020973702
398.7,0.183001531409833,1.5353202289067,0.31808718138796,3.12156787106505
398.8,0.183002636556174,1.53533281390309,0.318086652012948,3.121565537871
398.9,0.183003739135232,1.53534537413217,0.318086123875721,3.12156321014224
399,0.183004839152976,1.53535790964267,0.318085596973365,3.12156088786584
399.1,0.183005936615281,1.53537042048271,0.318085071303009,3.12155857102907
399.2,0.183007031528007,1.53538290670028,0.318084546861792,3.12155625961928
399.3,0.183008123897073,1.53539536834377,0.318084023646824,3.12155395362364
399.4,0.183009213728252,1.53540780546065,0.318083501655281,3.12155165302964
399.5,0.183010301027445,1.53542021809918,0.318082980884283,3.12154935782452
399.6,0.183011385800462,1.53543260630701,0.318082461330991,3.12154706799571
399.7,0.183012468053097,1.53544497013168,0.318081942992578,3.12154478353068
399.8,0.183013547791199,1.53545730962112,0.318081425866186,3.12154250441676
399.9,0.183014625020481,1.53546962482233,0.318080909949026,3.12154023064159
400,0.183015699746777,1.53548191578311,0.318080395238247,3.12153796219255
400.1,0.183016771975833,1.53549418255067,0.318079881731046,3.12153569905722
400.2,0.183017841713376,1.53550642517207,0.318079369424629,3.12153344122322
400.3,0.183018908965192,1.53551864369479,0.318078858316169,3.12153118867802
400.4,0.183019973736926,1.53553083816538,0.31807834840291,3.12152894140941
400.5,0.183021036034345,1.53554300863118,0.318077839682035,3.12152669940491
400.6,0.183022095863132,1.53555515513894,0.318077332150772,3.12152446265225
400.7,0.183023153228947,1.53556727773528,0.318076825806358,3.12152223113918
400.8,0.183024208137511,1.53557937646722,0.318076320646001,3.12152000485333
400.9,0.183025260594413,1.53559145138086,0.318075816666975,3.12151778378264
401,0.183026310605358,1.53560350252309,0.318075313866497,3.12151556791476
401.1,0.18302735817596,1.53561552994021,0.318074812241826,3.12151335723756
401.2,0.183028403311814,1.53562753367838,0.318074311790232,3.12151115173895
401.3,0.183029446018578,1.53563951378418,0.318073812508954,3.12150895140669
401.4,0.183030486301778,1.53565147030327,0.318073314395298,3.12150675622885
401.5,0.183031524167053,1.53566340328207,0.318072817446513,3.12150456619325
401.6,0.183032559619954,1.53567531276646,0.318072321659891,3.12150238128788
401.7,0.183033592666014,1.53568719880215,0.31807182703273,3.1215002015008
401.8,0.183034623310825,1.53569906143527,0.318071333562304,3.12149802681991
401.9,0.183035651559851,1.53571090071103,0.318070841245948,3.12149585723341
402,0.183036677418666,1.53572271667543,0.318070350080945,3.12149369272927
402.1,0.183037700892763,1.53573450937388,0.318069860064616,3.12149153329563
402.2,0.183038721987615,1.53574627885167,0.318069371194292,3.12148937892066
402.3,0.183039740708753,1.53575802515447,0.318068883467278,3.12148722959243
402.4,0.183040757061573,1.53576974832708,0.31806839688094,3.12148508529927
402.5,0.18304177105159,1.53578144841503,0.31806791143259,3.12148294602929
402.6,0.183042782684233,1.53579312546332,0.318067427119582,3.12148081177075
402.7,0.183043791964913,1.53580477951679,0.318066943939279,3.12147868251198
402.8,0.1830447988991,1.53581641062068,0.318066461889015,3.12147655824118
402.9,0.183045803492126,1.53582801881934,0.318065980966186,3.12147443894681
403,0.183046805749442,1.53583960415789,0.318065501168138,3.12147232461711
403.1,0.183047805676419,1.53585116668087,0.318065022492252,3.1214702152405
403.2,0.183048803278412,1.53586270643271,0.318064544935923,3.12146811080544
403.3,0.183049798560824,1.53587422345821,0.318064068496516,3.12146601130025
403.4,0.183050791528935,1.53588571780129,0.318063593171458,3.12146391671355
403.5,0.183051782188134,1.53589718950663,0.318063118958124,3.1214618270337
403.6,0.183052770543726,1.53590863861836,0.318062645853926,3.12145974224926
403.7,0.183053756600999,1.53592006518046,0.318062173856289,3.12145766234881
403.8,0.183054740365299,1.53593146923731,0.318061702962607,3.12145558732082
403.9,0.183055721841848,1.53594285083241,0.318061233170339,3.12145351715404
404,0.183056701035974,1.53595421001003,0.318060764476888,3.12145145183697
404.1,0.183057677952925,1.53596554681383,0.318060296879697,3.12144939135829
404.2,0.18305865259793,1.53597686128741,0.318059830376222,3.12144733570673
404.3,0.183059624976273,1.5359881534747,0.318059364963886,3.12144528487088
404.4,0.183060595093117,1.53599942341879,0.318058900640176,3.12144323883962
404.5,0.18306156295373,1.5360106711635,0.318058437402528,3.12144119760159
404.6,0.1830625285633,1.53602189675212,0.318057975248414,3.12143916114561
404.7,0.183063491926995,1.53603310022779,0.318057514175315,3.12143712946052
404.8,0.183064453050042,1.53604428163402,0.318057054180689,3.12143510253506
404.9,0.18306541193755,1.53605544101351,0.31805659526205,3.12143308035823
405,0.183066368594728,1.53606657840965,0.318056137416862,3.12143106291882
405.1,0.183067323026703,1.53607769386529,0.318055680642629,3.12142905020574
405.2,0.183068275238581,1.53608878742317,0.31805522493686,3.121427042208
405.3,0.183069225235531,1.5360998591264,0.318054770297041,3.12142503891445
405.4,0.183070173022599,1.53611090901725,0.318054316720717,3.12142304031424
405.5,0.183071118604934,1.53612193713869,0.31805386420538,3.12142104639624
405.6,0.18307206198761,1.53613294353316,0.318053412748562,3.12141905714954
405.7,0.183073003175687,1.53614392824301,0.318052962347803,3.12141707256326
405.8,0.183073942174273,1.53615489131091,0.318052513000617,3.12141509262639
405.9,0.18307487898835,1.53616583277872,0.318052064704577,3.12141311732818
406,0.18307581362301,1.53617675268902,0.318051617457204,3.12141114665766
406.1,0.183076746083271,1.53618765108383,0.31805117125606,3.12140918060403
406.2,0.183077676374131,1.53619852800508,0.318050726098711,3.12140721915654
406.3,0.183078604500641,1.53620938349505,0.318050281982702,3.1214052623043
406.4,0.183079530467732,1.53622021759519,0.318049838905631,3.12140331003669
406.5,0.183080454280439,1.53623103034766,0.318049396865051,3.12140136234287
406.6,0.183081375943718,1.53624182179409,0.318048955858549,3.12139941921218
406.7,0.183082295462511,1.536252591976,0.318048515883723,3.12139748063396
406.8,0.183083212841811,1.53626334093526,0.318048076938142,3.12139554659747
406.9,0.183084128086496,1.53627406871293,0.318047639019435,3.12139361709221
407,0.183085041201543,1.53628477535076,0.318047202125182,3.12139169210748
407.1,0.183085952191854,1.53629546088998,0.318046766252998,3.12138977163271
407.2,0.183086861062313,1.5363061253717,0.318046331400508,3.12138785565739
407.3,0.183087767817859,1.53631676883741,0.318045897565311,3.1213859441709
407.4,0.183088672463315,1.53632739132775,0.318045464745063,3.12138403716286
407.5,0.183089575003604,1.53633799288408,0.31804503293737,3.12138213462269
407.6,0.183090475443568,1.53634857354723,0.318044602139877,3.12138023653995
407.7,0.183091373788034,1.53635913335792,0.318044172350235,3.12137834290426
407.8,0.183092270041884,1.53636967235723,0.318043743566071,3.1213764537051
407.9,0.183093164209893,1.53638019058542,0.318043315785067,3.12137456893223
408,0.183094056296924,1.53639068808345,0.318042889004859,3.12137268857519
408.1,0.18309494630777,1.53640116489176,0.318042463223117,3.12137081262366
408.2,0.183095834247206,1.53641162105067,0.318042038437521,3.12136894106736
408.3,0.183096720120058,1.53642205660085,0.318041614645724,3.12136707389594
408.4,0.183097603931034,1.5364324715822,0.318041191845437,3.12136521109924
408.5,0.183098485684945,1.53644286603528,0.318040770034321,3.12136335266692
408.6,0.183099365386531,1.53645324000012,0.318040349210073,3.1213614985888
408.7,0.183100243040516,1.53646359351667,0.318039929370401,3.12135964885472
408.8,0.183101118651671,1.53647392662522,0.318039510512983,3.12135780345442
408.9,0.183101992224652,1.53648423936526,0.318039092635559,3.1213559623779
409,0.183102863764218,1.53649453177696,0.318038675735816,3.12135412561491
409.1,0.183103733275052,1.53650480389999,0.318038259811478,3.1213522931554
409.2,0.183104600761824,1.5365150557739,0.318037844860279,3.12135046498933
409.3,0.183105466229251,1.53652528743859,0.318037430879925,3.12134864110656
409.4,0.183106329681937,1.53653549893316,0.31803701786818,3.12134682149719
409.5,0.183107191124584,1.53654569029742,0.318036605822759,3.12134500615111
409.6,0.183108050561825,1.53655586157063,0.318036194741413,3.12134319505837
409.7,0.18310890799828,1.53656601279198,0.3180357846219,3.12134138820906
409.8,0.183109763438613,1.53657614400097,0.318035375461955,3.12133958559315
409.9,0.183110616887375,1.53658625523634,0.318034967259367,3.12133778720087
410,0.183111468349217,1.53659634653749,0.318034560011877,3.12133599302221
410.1,0.183112317828716,1.53660641794333,0.318034153717262,3.12133420304734
410.2,0.183113165330433,1.53661646949266,0.318033748373307,3.12133241726647
410.3,0.183114010858979,1.53662650122459,0.318033343977771,3.12133063566968
410.4,0.18311485441886,1.53663651317751,0.31803294052847,3.1213288582473
410.5,0.183115696014674,1.53664650539043,0.318032538023172,3.12132708498947
410.6,0.183116535650945,1.53665647790187,0.318032136459678,3.12132531588646
410.7,0.183117373332186,1.53666643075027,0.318031735835799,3.12132355092858
410.8,0.183118209062954,1.53667636397437,0.318031336149321,3.12132179010604
410.9,0.183119042847703,1.53668627761218,0.318030937398084,3.12132003340929
411,0.183119874690978,1.53669617170232,0.318030539579882,3.12131828082856
411.1,0.183120704597253,1.53670604628298,0.318030142692542,3.12131653235426
411.2,0.183121532570986,1.53671590139219,0.318029746733901,3.12131478797679
411.3,0.183122358616687,1.53672573706833,0.318029351701769,3.12131304768648
411.4,0.183123182738761,1.53673555334904,0.318028957594011,3.1213113114739
411.5,0.183124004941701,1.53674535027259,0.318028564408448,3.12130957932939
411.6,0.18312482522993,1.53675512787676,0.318028172142932,3.12130785124346
411.7,0.183125643607853,1.53676488619925,0.318027780795323,3.12130612720664
411.8,0.183126460079928,1.53677462527806,0.318027390363458,3.12130440720937
411.9,0.183127274650507,1.53678434515046,0.318027000845227,3.12130269124231
412,0.183128087324031,1.53679404585436,0.318026612238475,3.12130097929593
412.1,0.183128898104876,1.53680372742717,0.318026224541078,3.12129927136084
412.2,0.183129706997407,1.53681338990622,0.318025837750924,3.12129756742769
412.3,0.183130514006028,1.53682303332916,0.318025451865873,3.12129586748703
412.4,0.183131319135037,1.53683265773289,0.31802506688384,3.12129417152962
412.5,0.183132122388826,1.53684226315494,0.318024682802693,3.12129247954605
412.6,0.183132923771722,1.5368518496324,0.318024299620336,3.12129079152705
412.7,0.183133723288035,1.53686141720221,0.318023917334678,3.12128910746335
412.8,0.183134520942123,1.53687096590165,0.318023535943606,3.12128742734563
412.9,0.183135316738235,1.53688049576729,0.318023155445058,3.12128575116476
413,0.183136110680715,1.53689000683629,0.318022775836927,3.12128407891142
413.1,0.183136902773839,1.53689949914536,0.318022397117142,3.12128241057645
413.2,0.183137693021871,1.53690897273111,0.318022019283635,3.12128074615072
413.3,0.183138481429118,1.53691842763045,0.318021642334318,3.12127908562498
413.4,0.183139267999778,1.5369278638796,0.318021266267152,3.12127742899022
413.5,0.183140052738145,1.53693728151536,0.318020891080057,3.12127577623724
413.6,0.183140835648447,1.53694668057409,0.318020516770983,3.12127412735698
413.7,0.183141616734898,1.53695606109204,0.318020143337887,3.12127248234039
413.8,0.183142396001754,1.53696542310577,0.318019770778705,3.12127084117836
413.9,0.183143173453177,1.53697476665114,0.318019399091422,3.12126920386199
414,0.183143949093411,1.53698409176461,0.318019028273982,3.12126757038216
414.1,0.183144722926633,1.53699339848218,0.318018658324359,3.12126594072992
414.2,0.183145494957007,1.53700268683976,0.318018289240533,3.12126431489635
414.3,0.183146265188743,1.53701195687354,0.318017921020465,3.12126269287243
414.4,0.183147033625953,1.53702120861905,0.318017553662163,3.12126107464934
414.5,0.183147800272833,1.53703044211239,0.318017187163593,3.12125946021811
414.6,0.183148565133513,1.53703965738921,0.318016821522754,3.12125784956987
414.7,0.183149328212108,1.53704885448508,0.318016456737649,3.1212562426958
414.8,0.183150089512781,1.53705803343584,0.318016092806263,3.12125463958699
414.9,0.183150849039595,1.53706719427668,0.318015729726626,3.12125304023473
415,0.183151606796699,1.53707633704334,0.318015367496728,3.12125144463014
415.1,0.183152362788177,1.53708546177114,0.318015006114592,3.12124985276446
415.2,0.183153117018105,1.5370945684953,0.318014645578244,3.12124826462898
415.3,0.183153869490595,1.53710365725132,0.318014285885691,3.12124668021489
415.4,0.183154620209662,1.53711272807403,0.318013927034987,3.12124509951358
415.5,0.183155369179406,1.53712178099885,0.318013569024147,3.12124352251626
415.6,0.183156116403869,1.53713081606075,0.318013211851213,3.1212419492143
415.7,0.183156861887075,1.5371398332946,0.318012855514236,3.12124037959907
415.8,0.183157605633093,1.53714883273558,0.318012500011246,3.12123881366187
415.9,0.183158347645887,1.53715781441817,0.31801214534032,3.12123725139418
416,0.183159087929512,1.53716677837744,0.318011791499493,3.12123569278733
416.1,0.183159826487965,1.53717572464804,0.318011438486833,3.12123413783277
416.2,0.183160563325227,1.53718465326449,0.318011086300413,3.12123258652198
416.3,0.18316129844532,1.53719356426163,0.318010734938285,3.12123103884637
416.4,0.183162031852168,1.53720245767361,0.318010384398549,3.12122949479751
416.5,0.183162763549781,1.53721133353518,0.318010034679262,3.12122795436684
416.6,0.183163493542102,1.53722019188062,0.318009685778516,3.1212264175459
416.7,0.183164221833065,1.53722903274414,0.318009337694403,3.12122488432627
416.8,0.183164948426643,1.53723785616025,0.318008990425001,3.12122335469945
416.9,0.183165673326723,1.53724666216275,0.31800864396843,3.12122182865712
417,0.183166396537267,1.53725545078607,0.31800829832277,3.12122030619082
417.1,0.183167118062176,1.53726422206415,0.318007953486135,3.12121878729219
417.2,0.183167837905338,1.53727297603088,0.318007609456639,3.12121727195291
417.3,0.183168556070683,1.53728171272041,0.318007266232383,3.12121576016456
417.4,0.183169272562051,1.53729043216626,0.318006923811508,3.12121425191895
417.5,0.183169987383359,1.53729913440248,0.318006582192117,3.12121274720768
417.6,0.183170700538464,1.53730781946271,0.318006241372345,3.12121124602252
417.7,0.183171412031207,1.5373164873805,0.318005901350329,3.12120974835522
417.8,0.183172121865475,1.53732513818969,0.31800556212419,3.12120825419749
417.9,0.183172830045066,1.53733377192345,0.318005223692091,3.1212067635412
418,0.183173536573854,1.53734238861551,0.31800488605216,3.12120527637807
418.1,0.183174241455652,1.5373509882992,0.318004549202549,3.12120379269996
418.2,0.183174944694259,1.53735957100773,0.318004213141421,3.12120231249872
418.3,0.183175646293518,1.53736813677462,0.318003877866916,3.12120083576614
418.4,0.183176346257175,1.53737668563271,0.31800354337722,3.12119936249421
418.5,0.18317704458906,1.53738521761542,0.31800320967048,3.12119789267473
418.6,0.183177741292943,1.53739373275574,0.318002876744872,3.12119642629966
418.7,0.183178436372586,1.53740223108658,0.318002544598578,3.12119496336093
418.8,0.183179129831784,1.53741071264111,0.31800221322976,3.12119350385045
418.9,0.183179821674244,1.53741917745187,0.318001882636627,3.12119204776029
419,0.183180511903751,1.53742762555196,0.318001552817346,3.12119059508235
419.1,0.183181200524034,1.53743605697405,0.318001223770115,3.12118914580866
419.2,0.183181887538808,1.53744447175071,0.318000895493136,3.12118769993128
419.3,0.183182572951828,1.53745286991482,0.318000567984595,3.1211862574422
419.4,0.183183256766755,1.5374612514986,0.318000241242717,3.12118481833357
419.5,0.183183938987333,1.53746961653482,0.317999915265693,3.1211833825974
419.6,0.183184619617249,1.53747796505583,0.317999590051742,3.12118195022582
419.7,0.18318529866018,1.5374862970939,0.317999265599086,3.12118052121097
419.8,0.183185976119836,1.53749461268158,0.317998941905933,3.12117909554492
419.9,0.183186651999833,1.53750291185078,0.317998618970528,3.12117767321994
420,0.183187326303873,1.53751119463396,0.317998296791082,3.12117625422811
420.1,0.183187999035599,1.53751946106315,0.317997975365837,3.12117483856165
420.2,0.183188670198641,1.53752771117033,0.317997654693034,3.1211734262128
420.3,0.183189339796669,1.53753594498771,0.317997334770901,3.12117201717373
420.4,0.18319000783327,1.53754416254689,0.317997015597704,3.12117061143679
420.5,0.1831906743121,1.53755236388003,0.317996697171678,3.12116920899416
420.6,0.183191339236759,1.53756054901885,0.317996379491079,3.12116780983814
420.7,0.183192002610836,1.53756871799501,0.317996062554173,3.12116641396108
420.8,0.183192664437956,1.53757687084042,0.317995746359208,3.12116502135522
420.9,0.183193324721665,1.53758500758638,0.317995430904469,3.121163632013
421,0.183193983465576,1.53759312826471,0.317995116188212,3.1211622459267
421.1,0.183194640673251,1.53760123290686,0.317994802208713,3.12116086308871
421.2,0.183195296348236,1.53760932154415,0.317994488964258,3.12115948349145
421.3,0.183195950494118,1.53761739420821,0.317994176453115,3.12115810712728
421.4,0.183196603114401,1.53762545093002,0.31799386467359,3.12115673398872
421.5,0.18319725421266,1.53763349174111,0.317993553623958,3.12115536406812
421.6,0.183197903792411,1.5376415166726,0.317993243302516,3.12115399735799
421.7,0.183198551857159,1.53764952575553,0.31799293370757,3.12115263385081
421.8,0.183199198410451,1.5376575190212,0.317992624837406,3.12115127353904
421.9,0.183199843455749,1.53766549650032,0.317992316690353,3.12114991641528
422,0.183200486996585,1.5376734582241,0.317992009264701,3.12114856247198
422.1,0.183201129036442,1.53768140422335,0.317991702558772,3.12114721170172
422.2,0.183201769578788,1.53768933452883,0.317991396570889,3.12114586409711
422.3,0.18320240862713,1.53769724917153,0.317991091299358,3.12114451965064
422.4,0.183203046184884,1.53770514818185,0.317990786742528,3.12114317835504
422.5,0.183203682255545,1.53771303159071,0.31799048289871,3.12114184020283
422.6,0.183204316842554,1.53772089942862,0.317990179766242,3.12114050518668
422.7,0.18320494994934,1.53772875172605,0.317989877343469,3.12113917329928
422.8,0.183205581579369,1.53773658851367,0.317989575628717,3.12113784453323
422.9,0.183206211736018,1.53774440982161,0.317989274620352,3.1211365188813
423,0.183206840422742,1.53775221568047,0.317988974316705,3.12113519633614
423.1,0.183207467642942,1.53776000612049,0.317988674716136,3.12113387689048
423.2,0.183208093400006,1.53776778117182,0.317988375817006,3.1211325605371
423.3,0.18320871769736,1.53777554086485,0.317988077617661,3.12113124726869
423.4,0.183209340538351,1.5377832852294,0.317987780116487,3.12112993707811
423.5,0.183209961926393,1.5377910142958,0.317987483311835,3.12112862995809
423.6,0.183210581864846,1.53779872809398,0.317987187202081,3.12112732590145
423.7,0.18321120035706,1.53780642665379,0.317986891785608,3.12112602490104
423.8,0.18321181740642,1.53781411000535,0.31798659706078,3.12112472694965
423.9,0.183212433016235,1.53782177817818,0.317986303026002,3.12112343204022
424,0.18321304718988,1.53782943120231,0.317986009679643,3.12112214016555
424.1,0.183213659930675,1.53783706910738,0.3179857170201,3.12112085131856
424.2,0.18321427124193,1.53784469192297,0.317985425045773,3.12111956549218
424.3,0.183214881126992,1.53785229967889,0.317985133755045,3.12111828267927
424.4,0.183215489589136,1.53785989240438,0.31798484314634,3.12111700287287
424.5,0.183216096631697,1.53786747012918,0.317984553218046,3.12111572606587
424.6,0.18321670225796,1.53787503288265,0.317984263968578,3.12111445225125
424.7,0.1832173064712,1.53788258069407,0.317983975396355,3.12111318142203
424.8,0.183217909274727,1.53789011359297,0.317983687499781,3.12111191357117
424.9,0.183218510671765,1.53789763160831,0.317983400277294,3.12111064869177
425,0.183219110665613,1.53790513476953,0.317983113727303,3.1211093867768
425.1,0.183219709259522,1.53791262310571,0.317982827848241,3.12110812781934
425.2,0.18322030645673,1.53792009664586,0.317982542638545,3.12110687181248
425.3,0.183220902260508,1.53792755541921,0.317982258096637,3.12110561874927
425.4,0.183221496674047,1.53793499945444,0.317981974220975,3.12110436862287
425.5,0.183222089700609,1.53794242878072,0.317981691009986,3.12110312142636
425.6,0.183222681343405,1.53794984342683,0.31798140846212,3.12110187715288
425.7,0.183223271605636,1.53795724342151,0.317981126575833,3.12110063579561
425.8,0.183223860490535,1.5379646287937,0.317980845349566,3.12109939734767
425.9,0.183224448001256,1.53797199957181,0.317980564781792,3.12109816180233
426,0.183225034141023,1.53797935578471,0.317980284870959,3.12109692915271
426.1,0.183225618913012,1.53798669746094,0.317980005615535,3.12109569939205
426.2,0.183226202320389,1.53799402462891,0.317979727013993,3.12109447251362
426.3,0.183226784366351,1.53800133731733,0.31797944906479,3.1210932485106
426.4,0.183227365054018,1.5380086355543,0.317979171766421,3.12109202737634
426.5,0.183227944386576,1.53801591936843,0.31797889511735,3.12109080910406
426.6,0.183228522367162,1.53802318878796,0.317978619116061,3.12108959368706
426.7,0.1832290989989,1.53803044384106,0.317978343761047,3.12108838111869
426.8,0.183229674284951,1.53803768455613,0.317978069050782,3.12108717139222
426.9,0.183230248228404,1.53804491096101,0.31797779498378,3.12108596450107
427,0.183230820832408,1.53805212308405,0.31797752155852,3.12108476043852
427.1,0.183231392100064,1.53805932095319,0.317977248773506,3.12108355919799
427.2,0.183231962034461,1.53806650459633,0.317976976627246,3.12108236077288
427.3,0.183232530638724,1.53807367404161,0.317976705118235,3.12108116515653
427.4,0.183233097915907,1.5380808293166,0.317976434245002,3.12107997234245
427.5,0.183233663869124,1.53808797044935,0.317976164006044,3.12107878232402
427.6,0.18323422850144,1.53809509746756,0.317975894399882,3.1210775950947
427.7,0.183234791815911,1.53810221039886,0.317975625425043,3.12107641064798
427.8,0.183235353815626,1.53810930927108,0.317975357080038,3.12107522897729
427.9,0.183235914503597,1.53811639411156,0.317975089363412,3.1210740500762
428,0.183236473882902,1.53812346494807,0.317974822273681,3.12107287393816
428.1,0.183237031956574,1.53813052180804,0.317974555809384,3.12107170055673
428.2,0.183237588727635,1.53813756471882,0.317974289969064,3.12107052992545
428.3,0.183238144199138,1.53814459370799,0.317974024751248,3.12106936203785
428.4,0.183238698374061,1.53815160880261,0.3179737601545,3.12106819688756
428.5,0.183239251255447,1.53815861003019,0.317973496177352,3.12106703446812
428.6,0.183239802846296,1.53816559741789,0.317973232818361,3.12106587477314
428.7,0.183240353149596,1.53817257099279,0.317972970076085,3.12106471779627
428.8,0.183240902168367,1.53817953078223,0.317972707949071,3.12106356353109
428.9,0.183241449905546,1.53818647681297,0.317972446435897,3.12106241197131
429,0.183241996364145,1.53819340911227,0.317972185535113,3.12106126311055
429.1,0.183242541547124,1.53820032770703,0.317971925245292,3.12106011694248
429.2,0.183243085457438,1.53820723262408,0.31797166556501,3.12105897346084
429.3,0.183243628098068,1.53821412389046,0.31797140649283,3.12105783265927
429.4,0.183244169471933,1.5382210015327,0.317971148027347,3.12105669453157
429.5,0.183244709582005,1.53822786557779,0.317970890167127,3.12105555907143
429.6,0.183245248431211,1.53823471605237,0.317970632910762,3.12105442627259
429.7,0.183245786022468,1.53824155298299,0.317970376256841,3.12105329612886
429.8,0.183246322358726,1.53824837639645,0.317970120203946,3.12105216863396
429.9,0.183246857442865,1.53825518631903,0.317969864750688,3.12105104378176
430,0.183247391277825,1.53826198277743,0.317969609895651,3.12104992156601
430.1,0.183247923866501,1.53826876579805,0.317969355637438,3.12104880198055
430.2,0.183248455211776,1.53827553540718,0.317969101974661,3.12104768501924
430.3,0.183248985316567,1.53828229163137,0.317968848905915,3.12104657067589
430.4,0.183249514183722,1.53828903449662,0.317968596429827,3.12104545894443
430.5,0.183250041816147,1.53829576402941,0.317968344544998,3.12104434981868
430.6,0.183250568216702,1.53830248025584,0.317968093250048,3.12104324329256
430.7,0.183251093388232,1.53830918320198,0.317967842543603,3.12104213936
430.8,0.183251617333622,1.5383158728941,0.317967592424276,3.12104103801487
430.9,0.183252140055693,1.53832254935796,0.31796734289071,3.12103993925119
431,0.183252661557317,1.53832921261977,0.317967093941521,3.12103884306284
431.1,0.183253181841323,1.5383358627054,0.317966845575347,3.12103774944381
431.2,0.183253700910529,1.53834249964065,0.317966597790829,3.12103665838812
431.3,0.183254218767786,1.53834912345154,0.317966350586595,3.12103556988969
431.4,0.183254735415868,1.53835573416359,0.317966103961305,3.12103448394261
431.5,0.183255250857615,1.53836233180274,0.317965857913591,3.12103340054084
431.6,0.183255765095827,1.53836891639461,0.317965612442106,3.12103231967844
431.7,0.183256278133293,1.53837548796476,0.317965367545508,3.12103124134949
431.8,0.183256789972828,1.53838204653895,0.31796512322244,3.12103016554799
431.9,0.183257300617181,1.53838859214246,0.317964879471577,3.12102909226809
432,0.183257810069157,1.53839512480096,0.317964636291568,3.12102802150383
432.1,0.183258318331522,1.53840164453985,0.317964393681082,3.12102695324934
432.2,0.183258825407032,1.53840815138443,0.31796415163879,3.12102588749876
432.3,0.183259331298469,1.5384146453602,0.317963910163354,3.12102482424616
432.4,0.183259836008555,1.5384211264922,0.317963669253463,3.12102376348577
432.5,0.183260339540064,1.53842759480587,0.317963428907781,3.12102270521169
432.6,0.183260841895728,1.53843405032634,0.317963189124993,3.12102164941812
432.7,0.18326134307827,1.53844049307866,0.317962949903787,3.12102059609926
432.8,0.183261843090441,1.53844692308811,0.317962711242838,3.12101954524927
432.9,0.183262341934931,1.53845334037946,0.317962473140851,3.12101849686244
433,0.183262839614482,1.53845974497793,0.317962235596507,3.12101745093293
433.1,0.183263336131794,1.53846613690838,0.317961998608504,3.121016407455
433.2,0.183263831489557,1.53847251619564,0.317961762175547,3.12101536642294
433.3,0.183264325690492,1.53847888286472,0.317961526296325,3.12101432783096
433.4,0.183264818737262,1.53848523694018,0.317961290969559,3.12101329167342
433.5,0.183265310632577,1.53849157844696,0.317961056193945,3.12101225794456
433.6,0.183265801379105,1.53849790740971,0.317960821968196,3.1210112266387
433.7,0.183266290979504,1.538504223853,0.317960588291032,3.12101019775018
433.8,0.183266779436463,1.53851052780161,0.317960355161158,3.1210091712733
433.9,0.18326726675261,1.53851681927985,0.317960122577309,3.12100814720248
434,0.183267752930623,1.53852309831243,0.317959890538196,3.12100712553201
434.1,0.183268237973145,1.53852936492375,0.317959659042548,3.1210061062563
434.2,0.18326872188281,1.53853561913815,0.317959428089098,3.12100508936976
434.3,0.183269204662277,1.53854186098017,0.317959197676567,3.12100407486673
434.4,0.183269686314134,1.53854809047388,0.317958967803706,3.12100306274171
434.5,0.183270166841035,1.53855430764375,0.31795873846924,3.12100205298906
434.6,0.183270646245589,1.53856051251394,0.317958509671912,3.12100104560324
434.7,0.183271124530397,1.53856670510856,0.317958281410471,3.12100004057874
434.8,0.183271601698087,1.53857288545191,0.317958053683653,3.12099903790996
434.9,0.183272077751223,1.53857905356782,0.317957826490221,3.12099803759147
435,0.183272552692425,1.53858520948053,0.317957599828917,3.12099703961768
435.1,0.183273026524273,1.53859135321397,0.317957373698498,3.12099604398314
435.2,0.183273499249341,1.538597484792,0.317957148097727,3.12099505068237
435.3,0.183273970870226,1.53860360423871,0.317956923025355,3.12099405970987
435.4,0.183274441389459,1.53860971157767,0.317956698480162,3.12099307106025
435.5,0.183274910809629,1.5386158068329,0.3179564744609,3.120992084728
435.6,0.183275379133288,1.53862189002811,0.317956250966344,3.12099110070772
435.7,0.183275846362975,1.53862796118691,0.31795602799527,3.120990118994
435.8,0.18327631250126,1.53863402033314,0.317955805546442,3.1209891395814
435.9,0.183276777550654,1.53864006749019,0.317955583618657,3.1209881624646
436,0.183277241513715,1.53864610268181,0.317955362210679,3.12098718763815
436.1,0.183277704392963,1.53865212593147,0.317955141321299,3.12098621509671
436.2,0.183278166190907,1.53865813726259,0.317954920949307,3.12098524483495
436.3,0.183278626910088,1.53866413669875,0.317954701093483,3.12098427684748
436.4,0.183279086552984,1.53867012426312,0.317954481752632,3.12098331112903
436.5,0.183279545122126,1.53867609997922,0.31795426292554,3.12098234767424
436.6,0.183280002620004,1.5386820638703,0.317954044611007,3.12098138647781
436.7,0.183280459049101,1.53868801595954,0.317953826807838,3.12098042753448
436.8,0.183280914411927,1.5386939562703,0.317953609514826,3.12097947083892
436.9,0.183281368710934,1.53869988482552,0.317953392730794,3.12097851638593
437,0.183281821948622,1.53870580164849,0.317953176454539,3.1209775641702
437.1,0.183282274127453,1.53871170676224,0.317952960684874,3.12097661418651
437.2,0.183282725249877,1.53871760018972,0.317952745420621,3.12097566642964
437.3,0.183283175318375,1.53872348195408,0.317952530660586,3.12097472089433
437.4,0.183283624335376,1.538729352078,0.317952316403603,3.12097377757544
437.5,0.183284072303351,1.53873521058459,0.317952102648486,3.12097283646773
437.6,0.183284519224734,1.53874105749662,0.317951889394061,3.12097189756603
437.7,0.183284965101953,1.53874689283683,0.317951676639164,3.1209709608652
437.8,0.183285409937459,1.53875271662814,0.317951464382613,3.12097002636002
437.9,0.18328585373364,1.53875852889302,0.317951252623259,3.12096909404542
438,0.183286296492942,1.53876432965435,0.317951041359926,3.12096816391622
438.1,0.183286738217773,1.53877011893468,0.317950830591456,3.1209672359673
438.2,0.183287178910534,1.53877589675654,0.317950620316697,3.12096631019358
438.3,0.183287618573647,1.53878166314261,0.317950410534482,3.12096538658992
438.4,0.183288057209478,1.53878741811515,0.317950201243675,3.12096446515129
438.5,0.183288494820441,1.53879316169681,0.317949992443113,3.12096354587258
438.6,0.183288931408917,1.53879889390994,0.317949784131653,3.12096262874873
438.7,0.183289366977279,1.53880461477682,0.317949576308155,3.12096171377472
438.8,0.183289801527921,1.53881032431994,0.317949368971466,3.12096080094547
438.9,0.183290235063179,1.53881602256133,0.317949162120463,3.12095989025601
439,0.183290667585442,1.53882170952343,0.317948955753997,3.12095898170127
439.1,0.183291099097063,1.53882738522835,0.317948749870938,3.12095807527627
439.2,0.18329152960039,1.53883304969818,0.317948544470158,3.12095717097604
439.3,0.18329195909779,1.53883870295517,0.31794833955052,3.12095626879556
439.4,0.183292387591574,1.53884434502116,0.317948135110912,3.12095536872992
439.5,0.183292815084103,1.53884997591834,0.3179479311502,3.12095447077412
439.6,0.183293241577701,1.53885559566864,0.317947727667264,3.12095357492322
439.7,0.183293667074681,1.53886120429391,0.317947524660994,3.12095268117232
439.8,0.183294091577385,1.53886680181619,0.317947322130262,3.12095178951645
439.9,0.183294515088102,1.53887238825712,0.31794712007397,3.12095089995076
440,0.183294937609165,1.53887796363866,0.317946918490997,3.1209500124703
440.1,0.183295359142871,1.53888352798253,0.317946717380239,3.1209491270702
440.2,0.18329577969151,1.53888908131037,0.317946516740593,3.12094824374562
440.3,0.183296199257395,1.53889462364401,0.31794631657095,3.12094736249163
440.4,0.183296617842788,1.53890015500486,0.317946116870221,3.12094648330346
440.5,0.183297035449994,1.5389056754147,0.3179459176373,3.1209456061762
440.6,0.183297452081285,1.53891118489501,0.317945718871095,3.12094473110504
440.7,0.183297867738922,1.53891668346723,0.317945520570517,3.12094385808519
440.8,0.183298282425194,1.53892217115299,0.317945322734467,3.1209429871118
440.9,0.183298696142339,1.53892764797347,0.317945125361873,3.12094211818013
441,0.183299108892638,1.53893311395025,0.317944928451637,3.12094125128535
441.1,0.183299520678333,1.5389385691046,0.317944732002682,3.12094038642269
441.2,0.183299931501657,1.53894401345776,0.317944536013933,3.12093952358742
441.3,0.183300341364872,1.53894944703113,0.317944340484302,3.12093866277475
441.4,0.183300750270187,1.53895486984571,0.317944145412728,3.12093780397998
441.5,0.183301158219856,1.53896028192285,0.317943950798131,3.12093694719835
441.6,0.183301565216099,1.53896568328362,0.317943756639441,3.12093609242516
441.7,0.183301971261132,1.53897107394905,0.317943562935598,3.12093523965571
441.8,0.18330237635719,1.53897645394033,0.317943369685526,3.12093438888527
441.9,0.18330278050645,1.53898182327827,0.317943176888178,3.12093354010921
442,0.183303183711141,1.53898718198399,0.317942984542483,3.12093269332281
442.1,0.183303585973458,1.53899253007838,0.317942792647389,3.12093184852142
442.2,0.183303987295589,1.53899786758225,0.317942601201842,3.12093100570041
442.3,0.183304387679743,1.5390031945166,0.317942410204783,3.12093016485511
442.4,0.183304787128075,1.53900851090201,0.317942219655175,3.12092932598093
442.5,0.183305185642788,1.53901381675942,0.317942029551961,3.1209284890732
442.6,0.183305583226051,1.5390191121095,0.317941839894098,3.12092765412734
442.7,0.18330597988003,1.53902439697287,0.317941650680548,3.12092682113877
442.8,0.183306375606906,1.53902967137032,0.317941461910263,3.12092599010286
442.9,0.183306770408806,1.53903493532223,0.317941273582218,3.12092516101509
443,0.18330716428791,1.53904018884934,0.317941085695367,3.12092433387085
443.1,0.18330755724636,1.53904543197212,0.317940898248681,3.12092350866559
443.2,0.183307949286293,1.53905066471098,0.317940711241134,3.1209226853948
443.3,0.183308340409868,1.53905588708651,0.317940524671688,3.12092186405389
443.4,0.183308730619198,1.5390610991189,0.317940338539333,3.12092104463841
443.5,0.183309119916432,1.53906630082869,0.317940152843033,3.12092022714379
443.6,0.18330950830369,1.53907149223614,0.317939967581771,3.12091941156555
443.7,0.18330989578308,1.53907667336147,0.317939782754534,3.12091859789921
443.8,0.183310282356738,1.53908184422506,0.317939598360296,3.12091778614025
443.9,0.183310668026749,1.53908700484692,0.317939414398057,3.12091697628427
444,0.183311052795239,1.53909215524737,0.317939230866796,3.12091616832675
444.1,0.183311436664302,1.53909729544649,0.317939047765506,3.12091536226326
444.2,0.183311819636025,1.53910242546429,0.317938865093185,3.12091455808938
444.3,0.183312201712518,1.53910754532097,0.31793868284882,3.12091375580064
444.4,0.183312582895843,1.53911265503633,0.317938501031423,3.12091295539267
444.5,0.183312963188102,1.5391177546305,0.317938319639984,3.12091215686104
444.6,0.183313342591362,1.53912284412335,0.317938138673508,3.12091136020134
444.7,0.183313721107685,1.53912792353471,0.317937958131005,3.12091056540922
444.8,0.183314098739155,1.53913299288459,0.317937778011473,3.12090977248025
444.9,0.183314475487816,1.53913805219258,0.317937598313936,3.12090898141013
445,0.183314851355744,1.53914310147861,0.317937419037395,3.12090819219446
445.1,0.183315226344987,1.53914814076239,0.317937240180868,3.1209074048289
445.2,0.183315600457583,1.53915317006353,0.317937061743376,3.12090661930913
445.3,0.183315973695594,1.53915818940185,0.317936883723928,3.12090583563079
445.4,0.183316346061028,1.53916319879674,0.31793670612156,3.12090505378962
445.5,0.183316717555938,1.53916819826796,0.317936528935285,3.12090427378127
445.6,0.18331708818235,1.53917318783501,0.317936352164131,3.12090349560145
445.7,0.183317457942283,1.53917816751732,0.317936175807131,3.12090271924591
445.8,0.183317826837774,1.5391831373345,0.317935999863306,3.12090194471031
445.9,0.183318194870808,1.53918809730577,0.317935824331703,3.12090117199046
446,0.183318562043418,1.53919304745069,0.317935649211345,3.12090040108206
446.1,0.183318928357603,1.53919798778857,0.317935474501274,3.12089963198087
446.2,0.183319293815358,1.53920291833865,0.317935300200533,3.12089886468268
446.3,0.183319658418696,1.53920783912035,0.317935126308155,3.12089809918321
446.4,0.18332002216958,1.53921275015271,0.317934952823196,3.12089733547832
446.5,0.183320385070018,1.53921765145509,0.317934779744692,3.12089657356374
446.6,0.183320747121988,1.53922254304662,0.317934607071697,3.1208958134353
446.7,0.183321108327465,1.53922742494634,0.317934434803263,3.12089505508883
446.8,0.183321468688437,1.5392322971735,0.317934262938434,3.12089429852012
446.9,0.183321828206847,1.53923715974694,0.31793409147628,3.12089354372504
447,0.18332218688468,1.53924201268584,0.317933920415846,3.12089279069941
447.1,0.183322544723888,1.53924685600913,0.317933749756197,3.12089203943908
447.2,0.183322901726416,1.53925168973569,0.317933579496396,3.12089128993994
447.3,0.183323257894232,1.53925651388455,0.3179334096355,3.12089054219782
447.4,0.18332361322926,1.5392613284744,0.317933240172587,3.12088979620866
447.5,0.183323967733462,1.53926613352421,0.317933071106716,3.1208890519683
447.6,0.183324321408767,1.53927092905273,0.317932902436959,3.12088830947267
447.7,0.1833246742571,1.53927571507866,0.317932734162394,3.12088756871768
447.8,0.183325026280406,1.53928049162085,0.317932566282087,3.12088682969922
447.9,0.183325377480586,1.5392852586978,0.317932398795127,3.12088609241328
448,0.183325727859578,1.53929001632829,0.317932231700583,3.12088535685574
448.1,0.183326077419289,1.53929476453091,0.31793206499754,3.12088462302258
448.2,0.183326426161622,1.53929950332416,0.317931898685084,3.12088389090977
448.3,0.183326774088498,1.53930423272671,0.317931732762294,3.12088316051324
448.4,0.183327121201802,1.53930895275687,0.317931567228268,3.12088243182901
448.5,0.183327467503448,1.53931366343326,0.317931402082087,3.12088170485304
448.6,0.183327812995322,1.53931836477426,0.317931237322846,3.12088097958133
448.7,0.183328157679299,1.53932305679822,0.317931072949642,3.1208802560099
448.8,0.183328501557281,1.53932773952361,0.317930908961565,3.12087953413474
448.9,0.183328844631124,1.53933241296856,0.317930745357722,3.12087881395192
449,0.183329186902722,1.53933707715153,0.317930582137207,3.12087809545742
449.1,0.183329528373943,1.5393417320907,0.317930419299125,3.12087737864731
449.2,0.183329869046647,1.53934637780423,0.317930256842582,3.12087666351766
449.3,0.183330208922715,1.53935101431045,0.317930094766678,3.12087595006449
449.4,0.183330548003974,1.53935564162729,0.317929933070534,3.12087523828392
449.5,0.183330886292298,1.53936025977301,0.317929771753251,3.12087452817199
449.6,0.183331223789532,1.53936486876565,0.317929610813945,3.1208738197248
449.7,0.183331560497515,1.53936946862318,0.317929450251735,3.12087311293847
449.8,0.183331896418103,1.53937405936374,0.317929290065729,3.12087240780907
449.9,0.183332231553108,1.5393786410051,0.317929130255059,3.12087170433276
450,0.183332565904379,1.53938321356534,0.317928970818835,3.12087100250564
450.1,0.183332899473742,1.53938777706231,0.317928811756186,3.12087030232384
450.2,0.183333232263015,1.53939233151383,0.317928653066238,3.12086960378352
450.3,0.183333564274032,1.53939687693784,0.317928494748112,3.12086890688082
450.4,0.183333895508581,1.53940141335194,0.317928336800949,3.12086821161192
450.5,0.183334225968491,1.53940594077405,0.317928179223871,3.12086751797297
450.6,0.183334555655564,1.53941045922184,0.317928022016014,3.12086682596016
450.7,0.183334884571597,1.53941496871294,0.317927865176517,3.12086613556969
450.8,0.183335212718402,1.53941946926514,0.31792770870451,3.12086544679773
450.9,0.183335540097756,1.53942396089586,0.317927552599144,3.12086475964052
451,0.183335866711466,1.53942844362283,0.317927396859551,3.12086407409426
451.1,0.183336192561312,1.53943291746357,0.317927241484877,3.12086339015517
451.2,0.183336517649066,1.53943738243552,0.317927086474272,3.12086270781949
451.3,0.183336841976522,1.53944183855631,0.317926931826876,3.12086202708345
451.4,0.183337165545434,1.53944628584318,0.317926777541848,3.12086134794333
451.5,0.183337488357586,1.53945072431371,0.317926623618332,3.12086067039536
451.6,0.183337810414741,1.53945515398521,0.317926470055484,3.12085999443582
451.7,0.183338131718649,1.53945957487499,0.317926316852463,3.120859320061
451.8,0.183338452271086,1.53946398700048,0.317926164008419,3.12085864726715
451.9,0.183338772073783,1.53946839037877,0.317926011522521,3.12085797605062
452,0.183339091128508,1.53947278502726,0.317925859393923,3.12085730640767
452.1,0.183339409436997,1.53947717096309,0.317925707621791,3.12085663833461
452.2,0.183339727000981,1.53948154820341,0.317925556205294,3.1208559718278
452.3,0.183340043822212,1.53948591676547,0.317925405143591,3.12085530688351
452.4,0.183340359902408,1.5394902766662,0.317925254435861,3.12085464349815
452.5,0.183340675243315,1.53949462792282,0.317925104081269,3.12085398166801
452.6,0.183340989846652,1.53949897055232,0.317924954078989,3.12085332138946
452.7,0.183341303714133,1.53950330457167,0.317924804428199,3.12085266265889
452.8,0.18334161684749,1.53950762999796,0.31792465512807,3.12085200547262
452.9,0.183341929248409,1.53951194684795,0.317924506177791,3.12085134982709
453,0.183342240918617,1.5395162551387,0.317924357576535,3.12085069571865
453.1,0.183342551859814,1.53952055488703,0.317924209323485,3.1208500431437
453.2,0.183342862073699,1.53952484610973,0.317924061417831,3.12084939209867
453.3,0.183343171561981,1.53952912882374,0.317923913858752,3.12084874257993
453.4,0.18334348032633,1.53953340304566,0.317923766645446,3.12084809458397
453.5,0.183343788368454,1.53953766879237,0.317923619777095,3.12084744810715
453.6,0.183344095690032,1.53954192608053,0.317923473252895,3.12084680314596
453.7,0.18334440229274,1.53954617492678,0.317923327072043,3.12084615969683
453.8,0.18334470817827,1.53955041534788,0.317923181233727,3.1208455177562
453.9,0.183345013348271,1.53955464736027,0.317923035737155,3.12084487732057
454,0.18334531780443,1.53955887098067,0.31792289058152,3.12084423838639
454.1,0.183345621548409,1.53956308622558,0.317922745766025,3.12084360095013
454.2,0.183345924581868,1.53956729311147,0.317922601289876,3.12084296500831
454.3,0.183346226906478,1.53957149165494,0.317922457152273,3.1208423305574
454.4,0.183346528523871,1.53957568187227,0.317922313352432,3.12084169759394
454.5,0.183346829435715,1.53957986378001,0.317922169889555,3.12084106611441
454.6,0.183347129643649,1.53958403739452,0.317922026762854,3.12084043611533
454.7,0.183347429149307,1.53958820273209,0.317921883971546,3.12083980759327
454.8,0.183347727954343,1.53959235980916,0.317921741514839,3.12083918054471
454.9,0.183348026060374,1.53959650864186,0.317921599391958,3.12083855496626
455,0.183348323469048,1.53960064924657,0.317921457602114,3.12083793085443
455.1,0.183348620181986,1.53960478163949,0.31792131614453,3.12083730820579
455.2,0.183348916200806,1.53960890583677,0.317921175018431,3.12083668701693
455.3,0.18334921152714,1.53961302185467,0.317921034223032,3.1208360672844
455.4,0.183349506162587,1.53961712970916,0.317920893757571,3.12083544900483
455.5,0.183349800108775,1.53962122941648,0.317920753621266,3.12083483217476
455.6,0.183350093367306,1.53962532099266,0.317920613813349,3.12083421679083
455.7,0.183350385939777,1.53962940445368,0.317920474333053,3.12083360284965
455.8,0.183350677827805,1.53963347981567,0.317920335179606,3.12083299034781
455.9,0.183350969032972,1.53963754709442,0.31792019635225,3.12083237928197
456,0.183351259556888,1.53964160630603,0.317920057850215,3.12083176964875
456.1,0.183351549401135,1.53964565746635,0.317919919672742,3.12083116144479
456.2,0.18335183856729,1.53964970059123,0.317919781819072,3.12083055466675
456.3,0.183352127056948,1.53965373569663,0.317919644288441,3.12082994931126
456.4,0.183352414871671,1.53965776279819,0.317919507080104,3.12082934537503
456.5,0.18335270201305,1.53966178191184,0.317919370193295,3.1208287428547
456.6,0.183352988482652,1.5396657930533,0.317919233627266,3.12082814174696
456.7,0.183353274282044,1.53966979623825,0.317919097381266,3.1208275420485
456.8,0.183353559412803,1.53967379148248,0.317918961454542,3.12082694375602
456.9,0.183353843876465,1.53967777880151,0.317918825846354,3.12082634686623
457,0.183354127674604,1.53968175821109,0.317918690555949,3.12082575137583
457.1,0.183354410808769,1.5396857297268,0.317918555582586,3.12082515728155
457.2,0.183354693280507,1.53968969336415,0.317918420925523,3.12082456458011
457.3,0.183354975091376,1.5396936491388,0.317918286584014,3.12082397326824
457.4,0.183355256242898,1.5396975970661,0.31791815255733,3.12082338334272
457.5,0.183355536736628,1.53970153716166,0.317918018844725,3.12082279480025
457.6,0.183355816574098,1.53970546944089,0.317917885445467,3.12082220763761
457.7,0.183356095756836,1.53970939391917,0.317917752358824,3.12082162185158
457.8,0.183356374286384,1.539713310612,0.317917619584057,3.1208210374389
457.9,0.183356652164242,1.53971721953457,0.317917487120446,3.1208204543964
458,0.183356929391948,1.53972112070235,0.317917354967255,3.12081987272083
458.1,0.183357205971013,1.53972501413059,0.317917223123758,3.12081929240899
458.2,0.183357481902949,1.53972889983453,0.317917091589233,3.12081871345769
458.3,0.183357757189279,1.5397327778295,0.317916960362951,3.12081813586374
458.4,0.183358031831494,1.53973664813057,0.317916829444197,3.12081755962397
458.5,0.183358305831113,1.53974051075304,0.317916698832246,3.1208169847352
458.6,0.183358579189631,1.53974436571202,0.31791656852638,3.12081641119425
458.7,0.183358851908536,1.53974821302259,0.317916438525886,3.12081583899797
458.8,0.183359123989336,1.53975205269994,0.317916308830041,3.1208152681432
458.9,0.183359395433503,1.53975588475899,0.317916179438142,3.12081469862683
459,0.183359666242538,1.53975970921489,0.317916050349469,3.12081413044569
459.1,0.183359936417919,1.53976352608261,0.317915921563314,3.12081356359665
459.2,0.183360205961119,1.53976733537708,0.317915793078972,3.1208129980766
459.3,0.183360474873627,1.53977113711334,0.317915664895729,3.12081243388241
459.4,0.1833607431569,1.53977493130615,0.31791553701289,3.12081187101101
459.5,0.183361010812422,1.53977871797054,0.317915409429742,3.12081130945926
459.6,0.18336127784165,1.53978249712131,0.317915282145588,3.12081074922408
459.7,0.183361544246038,1.53978626877324,0.317915155159729,3.12081019030238
459.8,0.183361810027059,1.53979003294125,0.317915028471461,3.12080963269108
459.9,0.183362075186157,1.53979378963996,0.317914902080094,3.12080907638714
460,0.183362339724797,1.53979753888421,0.317914775984927,3.12080852138745
460.1,0.183362603644424,1.53980128068869,0.317914650185268,3.12080796768897
460.2,0.183362866946477,1.53980501506804,0.317914524680427,3.12080741528867
460.3,0.183363129632412,1.53980874203702,0.317914399469708,3.12080686418347
460.4,0.183363391703643,1.5398124616101,0.317914274552432,3.12080631437038
460.5,0.183363653161621,1.53981617380199,0.317914149927903,3.12080576584633
460.6,0.183363914007776,1.53981987862723,0.317914025595438,3.12080521860832
460.7,0.183364174243533,1.53982357610032,0.317913901554355,3.12080467265333
460.8,0.18336443387033,1.53982726623587,0.317913777803967,3.12080412797834
460.9,0.183364692889568,1.53983094904821,0.3179136543436,3.12080358458039
461,0.18336495130268,1.53983462455192,0.317913531172569,3.12080304245645
461.1,0.183365209111079,1.53983829276139,0.317913408290198,3.12080250160353
461.2,0.183365466316173,1.53984195369097,0.317913285695814,3.12080196201869
461.3,0.183365722919382,1.53984560735513,0.317913163388736,3.12080142369891
461.4,0.183365978922091,1.53984925376807,0.3179130413683,3.12080088664126
461.5,0.183366234325716,1.53985289294422,0.317912919633826,3.12080035084277
461.6,0.183366489131655,1.53985652489783,0.317912798184649,3.12079981630048
461.7,0.183366743341301,1.53986014964311,0.317912677020102,3.12079928301146
461.8,0.18336699695606,1.5398637671944,0.317912556139512,3.12079875097276
461.9,0.183367249977299,1.53986737756574,0.317912435542222,3.12079822018146
462,0.183367502406422,1.53987098077144,0.317912315227563,3.12079769063463
462.1,0.183367754244805,1.5398745768256,0.317912195194875,3.12079716232936
462.2,0.18336800549382,1.53987816574229,0.317912075443499,3.12079663526273
462.3,0.183368256154854,1.53988174753571,0.317911955972771,3.12079610943183
462.4,0.183368506229269,1.53988532221977,0.317911836782042,3.1207955848338
462.5,0.183368755718448,1.53988888980863,0.317911717870649,3.12079506146571
462.6,0.183369004623751,1.53989245031626,0.317911599237939,3.12079453932469
462.7,0.183369252946537,1.53989600375659,0.317911480883264,3.12079401840787
462.8,0.18336950068818,1.53989955014369,0.317911362805966,3.12079349871237
462.9,0.183369747850019,1.53990308949132,0.317911245005402,3.12079298023535
463,0.183369994433423,1.53990662181351,0.31791112748092,3.12079246297393
463.1,0.183370240439738,1.5399101471241,0.317911010231872,3.12079194692526
463.2,0.183370485870306,1.53991366543687,0.317910893257618,3.12079143208652
463.3,0.183370730726481,1.53991717676576,0.317910776557508,3.12079091845484
463.4,0.183370975009597,1.53992068112439,0.317910660130907,3.12079040602743
463.5,0.183371218721004,1.53992417852667,0.317910543977169,3.12078989480144
463.6,0.183371461862031,1.53992766898627,0.317910428095656,3.12078938477406
463.7,0.183371704434001,1.53993115251688,0.317910312485732,3.12078887594249
463.8,0.183371946438255,1.53993462913226,0.317910197146758,3.1207883683039
463.9,0.183372187876104,1.53993809884594,0.317910082078105,3.12078786185554
464,0.183372428748884,1.53994156167166,0.317909967279134,3.12078735659457
464.1,0.183372669057912,1.53994501762297,0.317909852749216,3.12078685251824
464.2,0.183372908804505,1.53994846671343,0.317909738487721,3.12078634962377
464.3,0.183373147989986,1.53995190895667,0.317909624494017,3.12078584790836
464.4,0.183373386615645,1.53995534436607,0.317909510767483,3.12078534736929
464.5,0.183373624682805,1.53995877295523,0.317909397307489,3.12078484800378
464.6,0.183373862192766,1.53996219473761,0.317909284113411,3.12078434980908
464.7,0.183374099146827,1.53996560972659,0.317909171184628,3.12078385278244
464.8,0.183374335546298,1.5399690179357,0.317909058520513,3.12078335692113
464.9,0.183374571392455,1.53997241937817,0.317908946120456,3.12078286222243
465,0.183374806686606,1.53997581406748,0.31790883398383,3.12078236868359
465.1,0.183375041430036,1.53997920201695,0.31790872211002,3.1207818763019
465.2,0.18337527562403,1.53998258323983,0.317908610498413,3.12078138507466
465.3,0.183375509269883,1.53998595774952,0.31790849914839,3.12078089499915
465.4,0.183375742368852,1.53998932555912,0.317908388059345,3.12078040607268
465.5,0.18337597492223,1.53999268668198,0.317908277230663,3.12077991829255
465.6,0.183376206931287,1.53999604113128,0.317908166661732,3.12077943165607
465.7,0.183376438397292,1.53999938892016,0.317908056351949,3.12077894616057
465.8,0.183376669321523,1.54000273006187,0.3179079463007,3.12077846180336
465.9,0.183376899705233,1.5400060645694,0.317907836507388,3.12077797858179
466,0.1833771295497,1.54000939245595,0.317907726971401,3.12077749649319
466.1,0.183377358856177,1.54001271373459,0.31790761769214,3.1207770155349
466.2,0.183377587625914,1.54001602841832,0.317907508669005,3.12077653570428
466.3,0.183377815860178,1.54001933652026,0.31790739990139,3.12077605699867
466.4,0.183378043560204,1.54002263805327,0.317907291388705,3.12077557941546
466.5,0.183378270727254,1.54002593303045,0.317907183130347,3.12077510295199
466.6,0.183378497362568,1.54002922146471,0.317907075125721,3.12077462760565
466.7,0.183378723467383,1.54003250336892,0.317906967374235,3.12077415337382
466.8,0.183378949042951,1.5400357787561,0.317906859875292,3.12077368025389
466.9,0.183379174090494,1.54003904763896,0.317906752628307,3.12077320824325
467,0.183379398611258,1.54004231003048,0.317906645632683,3.1207727373393
467.1,0.183379622606468,1.54004556594345,0.317906538887834,3.12077226753945
467.2,0.183379846077345,1.54004881539062,0.317906432393175,3.12077179884111
467.3,0.183380069025122,1.54005205838485,0.317906326148114,3.12077133124167
467.4,0.183380291451016,1.54005529493877,0.317906220152074,3.12077086473861
467.5,0.183380513356257,1.5400585250652,0.317906114404466,3.12077039932932
467.6,0.183380734742058,1.54006174877681,0.317906008904708,3.12076993501125
467.7,0.183380955609627,1.54006496608623,0.317905903652224,3.12076947178184
467.8,0.183381175960187,1.54006817700621,0.317905798646428,3.12076900963853
467.9,0.183381395794925,1.54007138154924,0.317905693886751,3.1207685485788
468,0.183381615115059,1.54007457972801,0.317905589372609,3.12076808860007
468.1,0.183381833921789,1.54007777155508,0.317905485103429,3.12076762969983
468.2,0.183382052216315,1.54008095704295,0.31790538107864,3.12076717187556
468.3,0.183382269999841,1.54008413620424,0.317905277297663,3.12076671512471
468.4,0.183382487273546,1.54008730905132,0.317905173759935,3.12076625944479
468.5,0.183382704038632,1.54009047559677,0.317905070464881,3.12076580483328
468.6,0.183382920296286,1.54009363585301,0.317904967411933,3.12076535128767
468.7,0.183383136047689,1.54009678983242,0.317904864600526,3.12076489880548
468.8,0.183383351294036,1.54009993754751,0.31790476203009,3.12076444738419
468.9,0.183383566036487,1.54010307901052,0.317904659700068,3.12076399702134
469,0.183383780276234,1.5401062142339,0.317904557609889,3.12076354771442
469.1,0.183383994014448,1.54010934322996,0.317904455758995,3.12076309946098
469.2,0.183384207252301,1.54011246601096,0.317904354146827,3.12076265225855
469.3,0.183384419990973,1.54011558258927,0.317904252772819,3.12076220610464
469.4,0.183384632231613,1.54011869297703,0.317904151636422,3.12076176099683
469.5,0.183384843975399,1.54012179718657,0.317904050737073,3.12076131693264
469.6,0.183385055223486,1.54012489523006,0.317903950074219,3.12076087390962
469.7,0.183385265977025,1.54012798711966,0.317903849647307,3.12076043192536
469.8,0.183385476237182,1.54013107286761,0.317903749455781,3.12075999097739
469.9,0.183385686005101,1.54013415248592,0.317903649499094,3.12075955106331
470,0.183385895281942,1.54013722598681,0.317903549776693,3.12075911218068
470.1,0.183386104068849,1.54014029338235,0.317903450288029,3.12075867432708
470.2,0.183386312366962,1.54014335468455,0.317903351032557,3.1207582375001
470.3,0.183386520177434,1.54014640990554,0.317903252009726,3.12075780169734
470.4,0.18338672750139,1.54014945905723,0.317903153218997,3.1207573669164
470.5,0.18338693433998,1.5401525021517,0.317903054659822,3.12075693315488
470.6,0.183387140694334,1.5401555392009,0.317902956331659,3.12075650041039
470.7,0.183387346565577,1.54015857021674,0.31790285823397,3.12075606868055
470.8,0.183387551954848,1.54016159521123,0.317902760366209,3.12075563796296
470.9,0.183387756863267,1.54016461419615,0.317902662727845,3.12075520825528
471,0.183387961291968,1.54016762718347,0.317902565318335,3.12075477955513
471.1,0.183388165242066,1.54017063418502,0.317902468137144,3.12075435186014
471.2,0.183388368714672,1.54017363521259,0.317902371183739,3.12075392516797
471.3,0.183388571710911,1.54017663027808,0.317902274457583,3.12075349947624
471.4,0.183388774231885,1.54017961939315,0.317902177958149,3.12075307478264
471.5,0.183388976278714,1.54018260256966,0.317902081684901,3.12075265108481
471.6,0.183389177852506,1.54018557981932,0.31790198563731,3.12075222838041
471.7,0.183389378954366,1.54018855115381,0.31790188981485,3.12075180666714
471.8,0.183389579585406,1.5401915165849,0.317901794216989,3.12075138594263
471.9,0.183389779746708,1.54019447612414,0.317901698843207,3.12075096620462
472,0.183389979439382,1.54019742978328,0.317901603692973,3.12075054745075
472.1,0.183390178664521,1.54020037757392,0.317901508765767,3.12075012967873
472.2,0.183390377423215,1.54020331950761,0.317901414061066,3.12074971288627
472.3,0.183390575716564,1.54020625559603,0.317901319578345,3.12074929707104
472.4,0.18339077354564,1.54020918585059,0.317901225317091,3.1207488822308
472.5,0.18339097091154,1.54021211028294,0.317901131276779,3.12074846836322
472.6,0.183391167815344,1.54021502890456,0.317901037456894,3.12074805546603
472.7,0.183391364258131,1.54021794172689,0.317900943856921,3.12074764353698
472.8,0.183391560240987,1.54022084876149,0.317900850476339,3.12074723257376
472.9,0.183391755764969,1.54022375001968,0.317900757314643,3.12074682257415
473,0.183391950831161,1.54022664551297,0.317900664371313,3.12074641353585
473.1,0.183392145440629,1.54022953525274,0.31790057164584,3.12074600545663
473.2,0.18339233959444,1.54023241925032,0.317900479137714,3.12074559833425
473.3,0.183392533293666,1.54023529751715,0.317900386846423,3.12074519216642
473.4,0.183392726539361,1.54023817006443,0.317900294771464,3.12074478695097
473.5,0.183392919332596,1.54024103690358,0.317900202912327,3.12074438268562
473.6,0.183393111674423,1.54024389804586,0.317900111268505,3.12074397936816
473.7,0.183393303565893,1.54024675350249,0.317900019839498,3.12074357699636
473.8,0.183393495008068,1.54024960328478,0.317899928624796,3.120743175568
473.9,0.183393686001986,1.54025244740386,0.317899837623905,3.12074277508089
474,0.183393876548707,1.54025528587101,0.317899746836318,3.1207423755328
474.1,0.183394066649271,1.54025811869737,0.317899656261537,3.12074197692154
474.2,0.183394256304717,1.54026094589407,0.317899565899066,3.12074157924492
474.3,0.183394445516096,1.54026376747231,0.317899475748402,3.12074118250072
474.4,0.183394634284434,1.5402665834431,0.317899385809055,3.1207407866868
474.5,0.183394822610778,1.54026939381761,0.317899296080526,3.12074039180094
474.6,0.183395010496156,1.54027219860688,0.317899206562321,3.12073999784098
474.7,0.18339519794159,1.54027499782193,0.317899117253951,3.12073960480475
474.8,0.183395384948119,1.54027779147385,0.317899028154919,3.12073921269007
474.9,0.183395571516764,1.54028057957353,0.317898939264741,3.12073882149481
475,0.183395757648557,1.54028336213205,0.317898850582922,3.12073843121679
475.1,0.183395943344517,1.54028613916033,0.317898762108975,3.12073804185386
475.2,0.183396128605659,1.54028891066927,0.317898673842416,3.1207376534039
475.3,0.183396313433009,1.54029167666988,0.317898585782753,3.12073726586473
475.4,0.183396497827562,1.54029443717293,0.31789849792951,3.12073687923425
475.5,0.183396681790342,1.54029719218938,0.317898410282196,3.12073649351031
475.6,0.183396865322356,1.54029994173007,0.317898322840331,3.12073610869079
475.7,0.183397048424611,1.54030268580577,0.317898235603436,3.12073572477357
475.8,0.18339723109812,1.54030542442739,0.317898148571025,3.12073534175653
475.9,0.18339741334387,1.54030815760559,0.317898061742627,3.12073495963758
476,0.183397595162873,1.54031088535124,0.317897975117757,3.12073457841459
476.1,0.183397776556122,1.54031360767504,0.31789788869594,3.12073419808547
476.2,0.183397957524613,1.54031632458769,0.317897802476703,3.12073381864812
476.3,0.183398138069345,1.54031903609998,0.317897716459567,3.12073344010045
476.4,0.183398318191294,1.54032174222246,0.317897630644063,3.12073306244039
476.5,0.183398497891458,1.54032444296589,0.317897545029716,3.12073268566584
476.6,0.183398677170824,1.54032713834089,0.317897459616054,3.12073230977473
476.7,0.183398856030375,1.54032982835804,0.31789737440261,3.12073193476499
476.8,0.183399034471101,1.54033251302801,0.317897289388909,3.12073156063455
476.9,0.183399212493967,1.54033519236126,0.31789720457449,3.12073118738136
477,0.183399390099961,1.54033786636846,0.317897119958883,3.12073081500335
477.1,0.183399567290053,1.54034053506009,0.31789703554162,3.12073044349847
477.2,0.183399744065209,1.54034319844666,0.317896951322241,3.12073007286469
477.3,0.183399920426409,1.54034585653871,0.317896867300277,3.12072970309994
477.4,0.183400096374612,1.54034850934663,0.317896783475271,3.12072933420222
477.5,0.183400271910793,1.54035115688095,0.317896699846757,3.12072896616945
477.6,0.183400447035911,1.54035379915208,0.317896616414276,3.12072859899964
477.7,0.183400621750924,1.54035643617039,0.317896533177371,3.12072823269075
477.8,0.1834007960568,1.54035906794636,0.31789645013558,3.12072786724076
477.9,0.183400969954483,1.54036169449024,0.31789636728845,3.12072750264768
478,0.18340114344494,1.54036431581247,0.31789628463552,3.12072713890948
478.1,0.183401316529116,1.54036693192336,0.317896202176339,3.12072677602415
478.2,0.183401489207959,1.54036954283319,0.317896119910452,3.12072641398971
478.3,0.183401661482424,1.54037214855232,0.317896037837404,3.12072605280414
478.4,0.183401833353451,1.54037474909091,0.317895955956747,3.12072569246548
478.5,0.183402004821992,1.54037734445929,0.317895874268027,3.12072533297172
478.6,0.183402175888984,1.54037993466768,0.317895792770795,3.12072497432089
478.7,0.183402346555358,1.54038251972625,0.317895711464604,3.12072461651102
478.8,0.183402516822059,1.54038509964525,0.317895630349003,3.12072425954013
478.9,0.183402686690012,1.54038767443476,0.31789554942355,3.12072390340625
479,0.183402856160158,1.54039024410501,0.317895468687796,3.12072354810743
479.1,0.183403025233425,1.5403928086661,0.317895388141297,3.1207231936417
479.2,0.183403193910743,1.54039536812811,0.317895307783612,3.12072284000711
479.3,0.183403362193046,1.5403979225012,0.317895227614293,3.12072248720171
479.4,0.18340353008124,1.54040047179533,0.317895147632906,3.12072213522357
479.5,0.183403697576258,1.54040301602064,0.317895067839006,3.12072178407074
479.6,0.183403864679017,1.54040555518714,0.317894988232154,3.12072143374127
479.7,0.183404031390433,1.5404080893048,0.317894908811914,3.12072108423326
479.8,0.183404197711428,1.54041061838369,0.317894829577844,3.12072073554476
479.9,0.183404363642904,1.54041314243367,0.317894750529515,3.12072038767387
480,0.183404529185782,1.54041566146477,0.317894671666485,3.12072004061865
480.1,0.183404694340966,1.54041817548691,0.317894592988323,3.1207196943772
480.2,0.18340485910936,1.54042068450996,0.317894514494597,3.12071934894762
480.3,0.183405023491874,1.5404231885439,0.317894436184871,3.12071900432798
480.4,0.183405187489403,1.54042568759848,0.317894358058718,3.12071866051642
480.5,0.183405351102855,1.54042818168365,0.317894280115705,3.12071831751101
480.6,0.183405514333127,1.54043067080921,0.317894202355404,3.12071797530988
480.7,0.183405677181109,1.54043315498495,0.317894124777388,3.12071763391114
480.8,0.183405839647705,1.54043563422074,0.317894047381225,3.1207172933129
480.9,0.183406001733798,1.54043810852625,0.317893970166497,3.1207169535133
481,0.183406163440286,1.54044057791132,0.317893893132772,3.12071661451046
481.1,0.183406324768053,1.54044304238566,0.317893816279628,3.1207162763025
481.2,0.183406485717978,1.54044550195897,0.317893739606644,3.12071593888758
481.3,0.183406646290952,1.54044795664101,0.317893663113393,3.12071560226382
481.4,0.183406806487853,1.54045040644136,0.317893586799461,3.12071526642938
481.5,0.183406966309569,1.54045285136976,0.317893510664421,3.1207149313824
481.6,0.183407125756974,1.54045529143584,0.317893434707856,3.12071459712104
481.7,0.183407284830939,1.54045772664918,0.31789335892935,3.12071426364345
481.8,0.183407443532348,1.54046015701947,0.317893283328481,3.1207139309478
481.9,0.183407601862054,1.54046258255618,0.31789320790484,3.12071359903226
482,0.183407759820938,1.54046500326896,0.317893132658005,3.120713267895
482.1,0.183407917409866,1.54046741916735,0.317893057587565,3.12071293753417
482.2,0.183408074629701,1.54046983026083,0.317892982693107,3.12071260794799
482.3,0.183408231481315,1.54047223655899,0.317892907974214,3.12071227913462
482.4,0.183408387965555,1.54047463807122,0.317892833430482,3.12071195109225
482.5,0.183408544083291,1.54047703480708,0.317892759061495,3.12071162381908
482.6,0.183408699835378,1.54047942677599,0.317892684866845,3.1207112973133
482.7,0.183408855222668,1.54048181398736,0.317892610846125,3.12071097157311
482.8,0.183409010246022,1.54048419645068,0.317892536998924,3.12071064659672
482.9,0.183409164906279,1.54048657417524,0.317892463324841,3.12071032238234
483,0.183409319204296,1.54048894717052,0.317892389823465,3.12070999892818
483.1,0.18340947314092,1.54049131544584,0.317892316494393,3.12070967623245
483.2,0.183409626717,1.54049367901051,0.317892243337222,3.1207093542934
483.3,0.183409779933384,1.54049603787395,0.317892170351546,3.12070903310922
483.4,0.183409932790895,1.54049839204534,0.31789209753697,3.12070871267817
483.5,0.183410085290384,1.54050074153406,0.317892024893086,3.12070839299846
483.6,0.183410237432684,1.54050308634936,0.317891952419498,3.12070807406834
483.7,0.183410389218629,1.54050542650046,0.317891880115806,3.12070775588607
483.8,0.183410540649059,1.54050776199666,0.317891807981611,3.12070743844985
483.9,0.183410691724801,1.54051009284708,0.317891736016518,3.12070712175798
484,0.183410842446694,1.54051241906099,0.317891664220128,3.12070680580869
484.1,0.183410992815559,1.54051474064756,0.317891592592047,3.12070649060025
484.2,0.183411142832218,1.54051705761591,0.317891521131882,3.12070617613091
484.3,0.183411292497502,1.54051936997525,0.317891449839236,3.12070586239895
484.4,0.183411441812226,1.54052167773462,0.31789137871372,3.12070554940264
484.5,0.183411590777217,1.54052398090319,0.317891307754941,3.12070523714024
484.6,0.183411739393292,1.54052627949004,0.317891236962506,3.12070492561004
484.7,0.183411887661262,1.54052857350421,0.31789116633603,3.12070461481034
484.8,0.183412035581951,1.54053086295481,0.317891095875119,3.12070430473939
484.9,0.183412183156157,1.54053314785079,0.31789102557939,3.12070399539552
485,0.1834123303847,1.54053542820125,0.317890955448453,3.120703686777
485.1,0.183412477268387,1.54053770401515,0.317890885481921,3.12070337888214
485.2,0.183412623808023,1.54053997530147,0.317890815679411,3.12070307170924
485.3,0.18341277000442,1.54054224206921,0.317890746040536,3.12070276525661
485.4,0.183412915858368,1.54054450432725,0.317890676564917,3.12070245952256
485.5,0.183413061370679,1.54054676208458,0.317890607252167,3.12070215450541
485.6,0.183413206542149,1.5405490153501,0.317890538101906,3.12070185020346
485.7,0.183413351373576,1.54055126413266,0.317890469113754,3.12070154661506
485.8,0.183413495865761,1.54055350844122,0.317890400287328,3.12070124373852
485.9,0.183413640019482,1.54055574828454,0.317890331622254,3.12070094157218
486,0.18341378383554,1.54055798367154,0.317890263118151,3.12070064011436
486.1,0.183413927314726,1.54056021461102,0.317890194774641,3.12070033936341
486.2,0.183414070457827,1.54056244111175,0.317890126591349,3.12070003931769
486.3,0.183414213265638,1.5405646631826,0.317890058567898,3.12069973997551
486.4,0.18341435573893,1.54056688083224,0.317889990703916,3.12069944133525
486.5,0.183414497878497,1.54056909406951,0.317889922999028,3.12069914339526
486.6,0.183414639685113,1.54057130290312,0.31788985545286,3.12069884615388
486.7,0.183414781159553,1.54057350734176,0.317889788065042,3.12069854960949
486.8,0.1834149223026,1.5405757073942,0.317889720835201,3.12069825376044
486.9,0.183415063115025,1.54057790306904,0.31788965376297,3.12069795860513
487,0.183415203597608,1.54058009437502,0.317889586847976,3.1206976641419
487.1,0.183415343751118,1.54058228132078,0.317889520089852,3.12069737036914
487.2,0.18341548357632,1.54058446391491,0.317889453488232,3.12069707728524
487.3,0.183415623073991,1.5405866421661,0.317889387042745,3.12069678488856
487.4,0.183415762244888,1.54058881608287,0.317889320753031,3.12069649317753
487.5,0.183415901089784,1.54059098567386,0.317889254618719,3.1206962021505
487.6,0.183416039609438,1.54059315094764,0.317889188639449,3.12069591180589
487.7,0.183416177804606,1.54059531191271,0.317889122814857,3.1206956221421
487.8,0.183416315676053,1.54059746857768,0.317889057144577,3.12069533315752
487.9,0.183416453224537,1.54059962095098,0.317888991628253,3.12069504485058
488,0.18341659045082,1.54060176904117,0.31788892626552,3.12069475721967
488.1,0.18341672735565,1.54060391285672,0.317888861056019,3.12069447026321
488.2,0.18341686393977,1.54060605240607,0.317888795999392,3.12069418397962
488.3,0.18341700020394,1.54060818769774,0.317888731095278,3.12069389836732
488.4,0.183417136148899,1.54061031874007,0.317888666343325,3.12069361342476
488.5,0.183417271775401,1.54061244554154,0.317888601743172,3.12069332915033
488.6,0.183417407084192,1.54061456811053,0.317888537294464,3.12069304554249
488.7,0.183417542076016,1.54061668645541,0.317888472996847,3.12069276259967
488.8,0.183417676751622,1.54061880058461,0.317888408849964,3.12069248032031
488.9,0.183417811111734,1.54062091050638,0.317888344853467,3.12069219870286
489,0.183417945157099,1.54062301622913,0.317888281006999,3.12069191774576
489.1,0.183418078888453,1.54062511776116,0.317888217310209,3.12069163744746
489.2,0.183418212306529,1.54062721511074,0.31788815376275,3.12069135780643
489.3,0.183418345412066,1.54062930828623,0.317888090364266,3.12069107882112
489.4,0.183418478205786,1.5406313972958,0.317888027114414,3.12069080048999
489.5,0.183418610688426,1.54063348214777,0.317887964012842,3.12069052281152
489.6,0.183418742860711,1.54063556285037,0.317887901059203,3.12069024578415
489.7,0.183418874723363,1.54063763941178,0.317887838253152,3.12068996940639
489.8,0.183419006277114,1.54063971184027,0.317887775594339,3.12068969367668
489.9,0.183419137522678,1.54064178014394,0.317887713082425,3.12068941859354
490,0.183419268460785,1.54064384433104,0.317887650717061,3.12068914415543
490.1,0.183419399092151,1.5406459044097,0.317887588497904,3.12068887036083
490.2,0.183419529417491,1.54064796038803,0.317887526424615,3.12068859720825
490.3,0.183419659437527,1.54065001227422,0.317887464496847,3.12068832469618
490.4,0.183419789152968,1.54065206007629,0.317887402714263,3.12068805282311
490.5,0.183419918564534,1.54065410380239,0.31788734107652,3.12068778158756
490.6,0.183420047672931,1.5406561434606,0.31788727958328,3.12068751098801
490.7,0.183420176478862,1.54065817905893,0.317887218234206,3.12068724102299
490.8,0.183420304983042,1.5406602106055,0.317887157028955,3.120686971691
490.9,0.183420433186175,1.54066223810824,0.317887095967197,3.12068670299056
491,0.183420561088972,1.54066426157525,0.31788703504859,3.12068643492019
491.1,0.183420688692134,1.54066628101448,0.3178869742728,3.12068616747842
491.2,0.183420815996358,1.54066829643391,0.317886913639494,3.12068590066377
491.3,0.183420943002351,1.54067030784155,0.317886853148334,3.12068563447475
491.4,0.183421069710797,1.54067231524526,0.317886792798993,3.12068536890993
491.5,0.1834211961224,1.54067431865306,0.317886732591134,3.12068510396782
491.6,0.183421322237854,1.54067631807284,0.317886672524426,3.12068483964697
491.7,0.183421448057853,1.54067831351247,0.317886612598541,3.12068457594592
491.8,0.183421573583092,1.54068030497991,0.317886552813144,3.12068431286321
491.9,0.183421698814252,1.54068229248294,0.317886493167912,3.12068405039741
492,0.183421823752027,1.54068427602948,0.317886433662511,3.12068378854706
492.1,0.183421948397104,1.54068625562735,0.317886374296615,3.12068352731072
492.2,0.183422072750165,1.54068823128436,0.317886315069899,3.12068326668695
492.3,0.1834221968119,1.54069020300836,0.317886255982034,3.1206830066743
492.4,0.183422320582978,1.54069217080709,0.317886197032697,3.12068274727137
492.5,0.183422444064088,1.54069413468837,0.317886138221562,3.1206824884767
492.6,0.183422567255909,1.54069609465995,0.317886079548305,3.12068223028888
492.7,0.183422690159121,1.54069805072956,0.317886021012603,3.12068197270648
492.8,0.183422812774404,1.54070000290499,0.317885962614133,3.12068171572808
492.9,0.183422935102414,1.54070195119387,0.317885904352576,3.12068145935227
493,0.183423057143832,1.54070389560396,0.317885846227608,3.12068120357763
493.1,0.183423178899328,1.54070583614295,0.317885788238911,3.12068094840275
493.2,0.183423300369568,1.54070777281848,0.317885730386165,3.12068069382624
493.3,0.183423421555224,1.54070970563825,0.31788567266905,3.12068043984667
493.4,0.183423542456962,1.54071163460984,0.317885615087251,3.12068018646267
493.5,0.183423663075452,1.54071355974093,0.317885557640449,3.12067993367283
493.6,0.183423783411353,1.54071548103912,0.317885500328326,3.12067968147575
493.7,0.183423903465321,1.54071739851198,0.31788544315057,3.12067942987004
493.8,0.183424023238023,1.54071931216715,0.317885386106863,3.12067917885432
493.9,0.183424142730111,1.54072122201211,0.317885329196893,3.12067892842722
494,0.183424261942247,1.54072312805448,0.317885272420345,3.12067867858734
494.1,0.183424380875085,1.54072503030178,0.317885215776906,3.12067842933331
494.2,0.183424499529275,1.54072692876151,0.317885159266267,3.12067818066375
494.3,0.183424617905474,1.54072882344123,0.317885102888113,3.1206779325773
494.4,0.183424736004331,1.54073071434836,0.317885046642137,3.12067768507259
494.5,0.183424853826499,1.54073260149043,0.317884990528025,3.12067743814826
494.6,0.183424971372622,1.5407344848749,0.317884934545472,3.12067719180293
494.7,0.18342508864334,1.54073636450918,0.317884878694168,3.12067694603527
494.8,0.183425205639304,1.54073824040076,0.317884822973804,3.1206767008439
494.9,0.183425322361151,1.54074011255699,0.317884767384077,3.12067645622749
495,0.183425438809527,1.54074198098534,0.317884711924677,3.12067621218468
495.1,0.183425554985074,1.54074384569317,0.3178846565953,3.12067596871412
495.2,0.18342567088843,1.54074570668783,0.317884601395641,3.12067572581449
495.3,0.183425786520238,1.54074756397675,0.317884546325396,3.12067548348442
495.4,0.183425901881121,1.54074941756719,0.317884491384263,3.12067524172261
495.5,0.18342601697172,1.54075126746655,0.317884436571937,3.1206750005277
495.6,0.183426131792668,1.54075311368212,0.317884381888117,3.12067475989837
495.7,0.183426246344594,1.54075495622119,0.317884327332503,3.1206745198333
495.8,0.183426360628134,1.54075679509109,0.317884272904792,3.12067428033116
495.9,0.183426474643904,1.54075863029903,0.317884218604689,3.12067404139063
496,0.183426588392541,1.54076046185232,0.31788416443189,3.12067380301039
496.1,0.183426701874667,1.54076228975821,0.317884110386097,3.12067356518914
496.2,0.183426815090907,1.54076411402388,0.317884056467016,3.12067332792556
496.3,0.183426928041888,1.54076593465661,0.317884002674346,3.12067309121834
496.4,0.183427040728219,1.54076775166354,0.317883949007793,3.12067285506618
496.5,0.183427153150525,1.5407695650519,0.317883895467062,3.12067261946777
496.6,0.183427265309423,1.54077137482886,0.317883842051856,3.12067238442182
496.7,0.183427377205529,1.54077318100156,0.317883788761882,3.12067214992704
496.8,0.183427488839462,1.54077498357719,0.317883735596846,3.12067191598213
496.9,0.183427600211832,1.54077678256281,0.317883682556456,3.1206716825858
497,0.183427711323257,1.5407785779656,0.317883629640419,3.12067144973677
497.1,0.183427822174346,1.54078036979264,0.317883576848444,3.12067121743375
497.2,0.183427932765703,1.54078215805101,0.317883524180241,3.12067098567546
497.3,0.183428043097943,1.54078394274782,0.317883471635516,3.12067075446062
497.4,0.183428153171666,1.54078572389008,0.317883419213985,3.12067052378798
497.5,0.183428262987485,1.54078750148488,0.317883366915357,3.12067029365624
497.6,0.183428372545999,1.54078927553924,0.317883314739342,3.12067006406413
497.7,0.183428481847807,1.54079104606017,0.317883262685656,3.12066983501041
497.8,0.183428590893515,1.54079281305472,0.317883210754009,3.1206696064938
497.9,0.183428699683717,1.54079457652981,0.317883158944118,3.12066937851305
498,0.183428808219018,1.54079633649247,0.317883107255696,3.12066915106689
498.1,0.183428916500011,1.54079809294966,0.317883055688458,3.12066892415407
498.2,0.18342902452729,1.54079984590831,0.317883004242121,3.12066869777335
498.3,0.183429132301452,1.5408015953754,0.3178829529164,3.12066847192348
498.4,0.183429239823086,1.54080334135778,0.317882901711015,3.12066824660321
498.5,0.183429347092788,1.54080508386243,0.317882850625682,3.1206680218113
498.6,0.183429454111146,1.54080682289622,0.31788279966012,3.12066779754651
498.7,0.183429560878742,1.54080855846602,0.317882748814048,3.12066757380761
498.8,0.183429667396169,1.54081029057875,0.317882698087186,3.12066735059335
498.9,0.183429773664012,1.54081201924118,0.317882647479256,3.12066712790253
499,0.18342987968286,1.54081374446023,0.317882596989977,3.1206669057339
499.1,0.183429985453294,1.54081546624269,0.317882546619071,3.12066668408623
499.2,0.183430090975893,1.54081718459538,0.317882496366262,3.12066646295832
499.3,0.183430196251241,1.54081889952513,0.317882446231272,3.12066624234894
499.4,0.183430301279908,1.54082061103867,0.317882396213828,3.12066602225687
499.5,0.183430406062475,1.54082231914283,0.31788234631365,3.12066580268091
499.6,0.18343051059952,1.54082402384436,0.317882296530465,3.12066558361983
499.7,0.183430614891617,1.54082572514997,0.317882246864,3.12066536507244
499.8,0.183430718939345,1.54082742306647,0.317882197313979,3.12066514703753
499.9,0.183430822743265,1.54082911760049,0.317882147880132,3.1206649295139
500,0.183430926303955,1.5408308087588,0.317882098562184,3.12066471250035
500.1,0.183431029621984,1.54083249654809,0.317882049359865,3.12066449599569
500.2,0.183431132697919,1.54083418097501,0.317882000272904,3.12066427999871
500.3,0.18343123553233,1.54083586204628,0.317881951301028,3.12066406450823
500.4,0.183431338125774,1.5408375397685,0.317881902443972,3.12066384952307
500.5,0.18343144047882,1.54083921414835,0.317881853701463,3.12066363504204
500.6,0.183431542592034,1.54084088519245,0.317881805073233,3.12066342106394
500.7,0.183431644465977,1.54084255290741,0.317881756559015,3.12066320758762
500.8,0.183431746101215,1.54084421729986,0.317881708158541,3.12066299461189
500.9,0.183431847498292,1.54084587837633,0.317881659871546,3.12066278213558
501,0.183431948657773,1.54084753614346,0.317881611697763,3.1206625701575
501.1,0.183432049580211,1.54084919060779,0.317881563636926,3.12066235867651
501.2,0.183432150266161,1.54085084177585,0.317881515688771,3.12066214769143
501.3,0.183432250716179,1.54085248965424,0.317881467853034,3.12066193720109
501.4,0.183432350930819,1.54085413424941,0.317881420129452,3.12066172720435
501.5,0.183432450910635,1.54085577556792,0.317881372517761,3.12066151770003
501.6,0.183432550656174,1.54085741361626,0.317881325017698,3.120661308687
501.7,0.18343265016798,1.5408590484009,0.317881277629004,3.12066110016409
501.8,0.183432749446606,1.54086067992836,0.317881230351415,3.12066089213015
501.9,0.183432848492593,1.54086230820504,0.317881183184673,3.12066068458405
502,0.18343294730649,1.54086393323743,0.317881136128517,3.12066047752462
502.1,0.183433045888841,1.54086555503196,0.317881089182687,3.12066027095075
502.2,0.183433144240184,1.54086717359504,0.317881042346927,3.12066006486128
502.3,0.183433242361065,1.54086878893311,0.317880995620975,3.12065985925508
502.4,0.183433340252016,1.54087040105251,0.317880949004578,3.12065965413102
502.5,0.18343343791358,1.54087200995968,0.317880902497477,3.12065944948796
502.6,0.183433535346293,1.54087361566099,0.317880856099415,3.12065924532479
502.7,0.18343363255069,1.54087521816276,0.317880809810139,3.12065904164036
502.8,0.183433729527311,1.54087681747139,0.317880763629391,3.12065883843357
502.9,0.18343382627668,1.54087841359316,0.317880717556919,3.12065863570329
503,0.183433922799336,1.54088000653443,0.317880671592468,3.1206584334484
503.1,0.183434019095809,1.54088159630151,0.317880625735785,3.12065823166779
503.2,0.183434115166628,1.54088318290067,0.317880579986617,3.12065803036035
503.3,0.183434211012327,1.54088476633824,0.317880534344712,3.12065782952497
503.4,0.183434306633419,1.54088634662043,0.317880488809821,3.12065762916054
503.5,0.183434402030437,1.54088792375356,0.31788044338169,3.12065742926595
503.6,0.183434497203906,1.54088949774386,0.31788039806007,3.12065722984011
503.7,0.183434592154352,1.54089106859754,0.317880352844711,3.12065703088192
503.8,0.183434686882301,1.54089263632087,0.317880307735363,3.12065683239027
503.9,0.183434781388266,1.54089420092001,0.31788026273178,3.12065663436408
504,0.183434875672773,1.54089576240119,0.317880217833713,3.12065643680226
504.1,0.183434969736337,1.5408973207706,0.317880173040914,3.12065623970371
504.2,0.183435063579471,1.54089887603439,0.317880128353137,3.12065604306735
504.3,0.183435157202695,1.54090042819877,0.317880083770135,3.12065584689209
504.4,0.183435250606522,1.54090197726981,0.317880039291664,3.12065565117686
504.5,0.183435343791471,1.54090352325373,0.317879994917477,3.12065545592058
504.6,0.183435436758052,1.54090506615661,0.31787995064733,3.12065526112216
504.7,0.183435529506773,1.54090660598457,0.317879906480981,3.12065506678054
504.8,0.183435622038148,1.54090814274374,0.317879862418183,3.12065487289464
504.9,0.183435714352683,1.54090967644016,0.317879818458698,3.1206546794634
505,0.18343580645089,1.54091120707995,0.31787977460228,3.12065448648575
505.1,0.183435898333272,1.54091273466916,0.317879730848689,3.12065429396063
505.2,0.183435990000332,1.54091425921382,0.317879687197684,3.12065410188698
505.3,0.183436081452578,1.54091578072004,0.317879643649024,3.12065391026372
505.4,0.183436172690514,1.54091729919376,0.317879600202471,3.12065371908982
505.5,0.183436263714647,1.54091881464107,0.317879556857781,3.12065352836422
505.6,0.183436354525473,1.54092032706794,0.317879513614719,3.12065333808587
505.7,0.183436445123484,1.54092183648037,0.317879470473048,3.12065314825371
505.8,0.183436535509184,1.54092334288437,0.317879427432526,3.1206529588667
505.9,0.183436625683065,1.54092484628585,0.31787938449292,3.1206527699238
506,0.183436715645627,1.54092634669083,0.317879341653992,3.12065258142397
506.1,0.183436805397366,1.54092784410523,0.317879298915505,3.12065239336616
506.2,0.183436894938778,1.54092933853497,0.317879256277224,3.12065220574935
506.3,0.183436984270359,1.54093082998603,0.317879213738914,3.12065201857249
506.4,0.183437073392589,1.54093231846424,0.317879171300342,3.12065183183456
506.5,0.183437162305964,1.54093380397556,0.317879128961273,3.12065164553452
506.6,0.183437251010974,1.54093528652587,0.317879086721474,3.12065145967136
506.7,0.183437339508105,1.54093676612102,0.317879044580713,3.12065127424404
506.8,0.183437427797848,1.54093824276692,0.317879002538755,3.12065108925153
506.9,0.183437515880684,1.54093971646937,0.317878960595373,3.12065090469284
507,0.1834376037571,1.54094118723425,0.317878918750332,3.12065072056693
507.1,0.183437691427579,1.54094265506739,0.317878877003403,3.12065053687279
507.2,0.183437778892599,1.54094411997458,0.317878835354357,3.12065035360942
507.3,0.183437866152645,1.54094558196168,0.317878793802962,3.12065017077578
507.4,0.183437953208195,1.54094704103441,0.317878752348992,3.1206499883709
507.5,0.18343804005973,1.54094849719863,0.317878710992217,3.12064980639375
507.6,0.183438126707728,1.54094995046007,0.317878669732409,3.12064962484333
507.7,0.183438213152662,1.5409514008245,0.317878628569342,3.12064944371865
507.8,0.183438299395012,1.5409528482977,0.317878587502787,3.12064926301869
507.9,0.18343838543525,1.54095429288534,0.317878546532521,3.12064908274248
508,0.183438471273854,1.54095573459322,0.317878505658315,3.12064890288901
508.1,0.183438556911292,1.54095717342702,0.317878464879944,3.1206487234573
508.2,0.183438642348029,1.54095860939245,0.317878424197187,3.12064854444635
508.3,0.183438727584541,1.54096004249522,0.317878383609816,3.12064836585518
508.4,0.183438812621297,1.54096147274098,0.317878343117611,3.12064818768281
508.5,0.183438897458769,1.54096290013543,0.317878302720345,3.12064800992824
508.6,0.183438982097422,1.54096432468423,0.317878262417797,3.1206478325905
508.7,0.18343906653772,1.540965746393,0.317878222209745,3.12064765566863
508.8,0.183439150780132,1.54096716526743,0.317878182095967,3.12064747916163
508.9,0.183439234825109,1.54096858131308,0.317878142076244,3.12064730306854
509,0.183439318673121,1.54096999453562,0.317878102150355,3.12064712738838
509.1,0.183439402324627,1.54097140494064,0.317878062318078,3.1206469521202
509.2,0.18343948578009,1.54097281253372,0.317878022579195,3.12064677726302
509.3,0.183439569039972,1.54097421732047,0.317877982933486,3.12064660281587
509.4,0.183439652104723,1.54097561930641,0.317877943380735,3.1206464287778
509.5,0.183439734974804,1.54097701849716,0.317877903920722,3.12064625514785
509.6,0.183439817650673,1.54097841489824,0.31787786455323,3.12064608192506
509.7,0.183439900132781,1.54097980851518,0.317877825278042,3.12064590910848
509.8,0.183439982421588,1.54098119935354,0.317877786094942,3.12064573669715
509.9,0.183440064517537,1.54098258741879,0.317877747003715,3.12064556469013
510,0.183440146421084,1.54098397271648,0.317877708004144,3.12064539308645
510.1,0.18344022813268,1.54098535525209,0.317877669096015,3.12064522188519
510.2,0.183440309652777,1.54098673503108,0.317877630279114,3.1206450510854
510.3,0.183440390981828,1.54098811205898,0.317877591553225,3.12064488068613
510.4,0.183440472120271,1.54098948634119,0.317877552918137,3.12064471068645
510.5,0.183440553068559,1.54099085788319,0.317877514373637,3.12064454108541
510.6,0.183440633827134,1.54099222669043,0.31787747591951,3.12064437188209
510.7,0.183440714396437,1.54099359276832,0.317877437555549,3.12064420307555
510.8,0.183440794776915,1.54099495612231,0.317877399281538,3.12064403466486
510.9,0.183440874969008,1.54099631675776,0.317877361097269,3.1206438666491
511,0.183440954973161,1.54099767468011,0.31787732300253,3.12064369902733
511.1,0.183441034789812,1.54099902989474,0.317877284997111,3.12064353179864
511.2,0.183441114419397,1.54100038240701,0.317877247080805,3.12064336496209
511.3,0.183441193862358,1.54100173222231,0.3178772092534,3.12064319851678
511.4,0.183441273119131,1.54100307934596,0.31787717151469,3.12064303246178
511.5,0.183441352190155,1.54100442378334,0.317877133864466,3.12064286679619
511.6,0.183441431075865,1.54100576553977,0.31787709630252,3.12064270151908
511.7,0.183441509776692,1.54100710462057,0.317877058828646,3.12064253662954
511.8,0.183441588293074,1.54100844103108,0.317877021442637,3.12064237212667
511.9,0.183441666625433,1.54100977477655,0.317876984144288,3.12064220800956
512,0.183441744774207,1.54101110586232,0.317876946933392,3.12064204427731
512.1,0.183441822739823,1.54101243429366,0.317876909809746,3.120641880929
512.2,0.183441900522712,1.54101376007582,0.317876872773143,3.12064171796375
512.3,0.183441978123305,1.5410150832141,0.317876835823381,3.12064155538066
512.4,0.18344205554202,1.5410164037137,0.317876798960256,3.12064139317883
512.5,0.183442132779289,1.54101772157991,0.317876762183564,3.12064123135735
512.6,0.183442209835538,1.54101903681794,0.317876725493103,3.12064106991535
512.7,0.183442286711191,1.54102034943299,0.317876688888671,3.12064090885194
512.8,0.183442363406677,1.54102165943032,0.317876652370064,3.12064074816621
512.9,0.183442439922403,1.54102296681506,0.317876615937085,3.1206405878573
513,0.183442516258798,1.54102427159246,0.317876579589531,3.12064042792432
513.1,0.18344259241628,1.54102557376767,0.317876543327202,3.12064026836637
513.2,0.183442668395267,1.54102687334585,0.317876507149898,3.1206401091826
513.3,0.18344274419618,1.54102817033219,0.31787647105742,3.1206399503721
513.4,0.183442819819435,1.5410294647318,0.317876435049569,3.12063979193403
513.5,0.183442895265454,1.54103075654984,0.317876399126146,3.12063963386749
513.6,0.183442970534648,1.54103204579144,0.317876363286954,3.12063947617162
513.7,0.183443045627426,1.5410333324617,0.317876327531795,3.12063931884555
513.8,0.183443120544208,1.54103461656577,0.317876291860472,3.12063916188841
513.9,0.183443195285402,1.54103589810867,0.31787625627279,3.12063900529934
514,0.183443269851423,1.54103717709556,0.317876220768551,3.12063884907747
514.1,0.183443344242679,1.54103845353149,0.317876185347559,3.12063869322194
514.2,0.183443418459579,1.54103972742151,0.317876150009621,3.12063853773189
514.3,0.183443492502532,1.54104099877071,0.317876114754539,3.12063838260647
514.4,0.183443566371946,1.5410422675841,0.317876079582123,3.12063822784483
514.5,0.183443640068231,1.54104353386675,0.317876044492177,3.1206380734461
514.6,0.183443713591789,1.54104479762368,0.317876009484506,3.12063791940944
514.7,0.18344378694302,1.54104605885989,0.317875974558921,3.120637765734
514.8,0.183443860122331,1.54104731758041,0.317875939715226,3.12063761241893
514.9,0.183443933130122,1.54104857379021,0.317875904953232,3.12063745946339
515,0.183444005966798,1.54104982749431,0.317875870272745,3.12063730686653
515.1,0.18344407863276,1.54105107869766,0.317875835673576,3.12063715462751
515.2,0.18344415112841,1.54105232740524,0.317875801155532,3.1206370027455
515.3,0.183444223454148,1.54105357362202,0.317875766718424,3.12063685121965
515.4,0.183444295610365,1.54105481735292,0.317875732362063,3.12063670004913
515.5,0.183444367597463,1.5410560586029,0.317875698086259,3.12063654923311
515.6,0.183444439415837,1.54105729737688,0.317875663890823,3.12063639877076
515.7,0.183444511065884,1.54105853367978,0.317875629775567,3.12063624866125
515.8,0.183444582548,1.54105976751652,0.317875595740301,3.12063609890374
515.9,0.18344465386257,1.54106099889197,0.317875561784842,3.12063594949742
516,0.183444725009992,1.54106222781106,0.317875527908999,3.12063580044146
516.1,0.183444795990655,1.54106345427864,0.317875494112586,3.12063565173504
516.2,0.183444866804949,1.54106467829958,0.317875460395419,3.12063550337734
516.3,0.183444937453267,1.54106589987878,0.317875426757308,3.12063535536754
516.4,0.183445007935997,1.54106711902103,0.317875393198073,3.12063520770483
516.5,0.183445078253529,1.54106833573122,0.317875359717525,3.12063506038839
516.6,0.183445148406249,1.54106955001417,0.317875326315481,3.12063491341742
516.7,0.183445218394539,1.54107076187468,0.317875292991757,3.12063476679109
516.8,0.183445288218789,1.54107197131761,0.317875259746168,3.12063462050861
516.9,0.183445357879381,1.5410731783477,0.317875226578534,3.12063447456916
517,0.183445427376701,1.5410743829698,0.317875193488669,3.12063432897195
517.1,0.183445496711129,1.54107558518867,0.317875160476392,3.12063418371616
517.2,0.183445565883042,1.54107678500908,0.317875127541522,3.120634038801
517.3,0.183445634892823,1.54107798243582,0.317875094683876,3.12063389422567
517.4,0.183445703740855,1.54107917747361,0.317875061903274,3.12063374998938
517.5,0.18344577242752,1.54108037012723,0.317875029199534,3.12063360609132
517.6,0.183445840953193,1.5410815604014,0.317874996572477,3.12063346253071
517.7,0.183445909318251,1.54108274830085,0.317874964021924,3.12063331930675
517.8,0.183445977523074,1.54108393383032,0.317874931547693,3.12063317641866
517.9,0.183446045568027,1.54108511699447,0.317874899149607,3.12063303386564
518,0.183446113453489,1.54108629779804,0.317874866827489,3.12063289164692
518.1,0.183446181179835,1.54108747624572,0.317874834581157,3.1206327497617
518.2,0.183446248747438,1.54108865234217,0.317874802410437,3.12063260820921
518.3,0.183446316156673,1.5410898260921,0.317874770315149,3.12063246698865
518.4,0.183446383407903,1.54109099750011,0.317874738295118,3.12063232609928
518.5,0.183446450501503,1.54109216657091,0.317874706350167,3.12063218554029
518.6,0.183446517437843,1.54109333330913,0.317874674480119,3.12063204531091
518.7,0.183446584217289,1.54109449771939,0.317874642684801,3.12063190541038
518.8,0.183446650840213,1.54109565980635,0.317874610964034,3.12063176583791
518.9,0.183446717306974,1.54109681957458,0.317874579317647,3.12063162659276
519,0.18344678361794,1.54109797702872,0.317874547745463,3.12063148767413
519.1,0.18344684977348,1.54109913217336,0.31787451624731,3.12063134908127
519.2,0.183446915773961,1.54110028501309,0.317874484823013,3.12063121081343
519.3,0.183446981619749,1.54110143555251,0.317874453472398,3.12063107286982
519.4,0.183447047311191,1.54110258379614,0.317874422195296,3.1206309352497
519.5,0.183447112848657,1.54110372974859,0.31787439099153,3.1206307979523
519.6,0.183447178232504,1.54110487341441,0.317874359860932,3.12063066097686
519.7,0.183447243463092,1.54110601479812,0.317874328803328,3.12063052432265
519.8,0.183447308540782,1.54110715390428,0.317874297818548,3.12063038798888
519.9,0.183447373465936,1.54110829073739,0.317874266906421,3.12063025197483
520,0.183447438238912,1.541109425302,0.317874236066776,3.12063011627974
520.1,0.183447502860065,1.54111055760259,0.317874205299444,3.12062998090285
520.2,0.183447567329746,1.54111168764367,0.317874174604255,3.12062984584343
520.3,0.183447631648312,1.54111281542976,0.317874143981039,3.12062971110073
520.4,0.183447695816119,1.54111394096528,0.31787411342963,3.12062957667401
520.5,0.18344775983352,1.54111506425475,0.317874082949857,3.12062944256252
520.6,0.183447823700867,1.54111618530263,0.317874052541553,3.12062930876552
520.7,0.183447887418511,1.54111730411335,0.317874022204551,3.12062917528229
520.8,0.183447950986806,1.5411184206914,0.317873991938681,3.12062904211209
520.9,0.183448014406094,1.54111953504117,0.317873961743781,3.12062890925417
521,0.183448077676729,1.54112064716712,0.317873931619681,3.12062877670781
521.1,0.183448140799057,1.54112175707366,0.317873901566217,3.12062864447228
521.2,0.183448203773428,1.5411228647652,0.317873871583222,3.12062851254684
521.3,0.183448266600189,1.54112397024616,0.31787384167053,3.12062838093077
521.4,0.183448329279682,1.54112507352089,0.31787381182798,3.12062824962336
521.5,0.183448391812254,1.54112617459383,0.317873782055404,3.12062811862386
521.6,0.183448454198252,1.54112727346933,0.317873752352639,3.12062798793156
521.7,0.183448516438018,1.54112837015174,0.317873722719521,3.12062785754574
521.8,0.183448578531897,1.54112946464547,0.317873693155886,3.12062772746568
521.9,0.183448640480222,1.54113055695481,0.317873663661575,3.12062759769067
522,0.183448702283337,1.54113164708415,0.317873634236421,3.12062746821999
522.1,0.183448763941584,1.54113273503781,0.317873604880264,3.12062733905291
522.2,0.183448825455306,1.5411338208201,0.317873575592942,3.12062721018874
522.3,0.183448886824844,1.54113490443536,0.317873546374292,3.12062708162677
522.4,0.183448948050529,1.54113598588787,0.317873517224156,3.12062695336627
522.5,0.183449009132703,1.54113706518195,0.31787348814237,3.12062682540656
522.6,0.183449070071699,1.5411381423219,0.317873459128776,3.12062669774692
522.7,0.183449130867848,1.54113921731197,0.317873430183214,3.12062657038665
522.8,0.183449191521488,1.54114029015647,0.317873401305525,3.12062644332503
522.9,0.183449252032953,1.54114136085963,0.317873372495548,3.12062631656139
523,0.183449312402579,1.54114242942574,0.317873343753125,3.12062619009502
523.1,0.183449372630697,1.54114349585903,0.317873315078098,3.12062606392521
523.2,0.183449432717635,1.54114456016373,0.31787328647031,3.12062593805128
523.3,0.183449492663728,1.54114562234412,0.317873257929601,3.12062581247252
523.4,0.183449552469303,1.54114668240435,0.317873229455816,3.12062568718827
523.5,0.183449612134693,1.5411477403487,0.317873201048796,3.1206255621978
523.6,0.183449671660223,1.54114879618134,0.317873172708386,3.12062543750044
523.7,0.183449731046218,1.54114984990648,0.31787314443443,3.12062531309551
523.8,0.183449790293008,1.54115090152833,0.317873116226772,3.12062518898231
523.9,0.183449849400921,1.54115195105103,0.317873088085255,3.12062506516017
524,0.183449908370284,1.54115299847878,0.317873060009726,3.12062494162839
524.1,0.183449967201421,1.54115404381575,0.317873032000028,3.1206248183863
524.2,0.183450025894654,1.54115508706607,0.317873004056009,3.12062469543323
524.3,0.183450084450309,1.54115612823393,0.317872976177514,3.12062457276848
524.4,0.183450142868701,1.54115716732343,0.317872948364389,3.12062445039139
524.5,0.183450201150154,1.54115820433872,0.317872920616482,3.12062432830128
524.6,0.183450259294991,1.54115923928394,0.317872892933639,3.12062420649748
524.7,0.183450317303531,1.54116027216317,0.317872865315707,3.12062408497932
524.8,0.183450375176097,1.54116130298057,0.317872837762535,3.12062396374612
524.9,0.183450432913001,1.54116233174017,0.317872810273971,3.12062384279722
525,0.183450490514562,1.54116335844612,0.317872782849864,3.12062372213195
525.1,0.1834505479811,1.54116438310249,0.317872755490061,3.12062360174965
525.2,0.183450605312933,1.54116540571334,0.317872728194413,3.12062348164966
525.3,0.183450662510377,1.54116642628276,0.317872700962768,3.1206233618313
525.4,0.183450719573743,1.54116744481478,0.317872673794978,3.12062324229392
525.5,0.18345077650335,1.54116846131347,0.317872646690892,3.12062312303687
525.6,0.183450833299507,1.54116947578288,0.31787261965036,3.12062300405948
525.7,0.183450889962525,1.54117048822703,0.317872592673235,3.1206228853611
525.8,0.183450946492718,1.54117149864996,0.317872565759367,3.12062276694108
525.9,0.183451002890397,1.54117250705567,0.317872538908608,3.12062264879876
526,0.183451059155875,1.5411735134482,0.317872512120809,3.12062253093349
526.1,0.18345111528946,1.54117451783154,0.317872485395824,3.12062241334462
526.2,0.183451171291457,1.54117552020967,0.317872458733506,3.1206222960315
526.3,0.183451227162179,1.54117652058661,0.317872432133705,3.12062217899349
526.4,0.183451282901935,1.54117751896631,0.317872405596279,3.12062206222994
526.5,0.183451338511034,1.54117851535276,0.317872379121078,3.12062194574021
526.6,0.183451393989778,1.54117950974991,0.317872352707957,3.12062182952366
526.7,0.183451449338469,1.54118050216173,0.317872326356771,3.12062171357964
526.8,0.183451504557415,1.54118149259217,0.317872300067375,3.12062159790751
526.9,0.183451559646916,1.54118248104515,0.317872273839625,3.12062148250664
527,0.183451614607278,1.54118346752462,0.317872247673374,3.1206213673764
527.1,0.183451669438805,1.54118445203451,0.31787222156848,3.12062125251615
527.2,0.183451724141801,1.54118543457871,0.317872195524798,3.12062113792525
527.3,0.183451778716569,1.54118641516117,0.317872169542184,3.12062102360306
527.4,0.183451833163402,1.54118739378575,0.317872143620496,3.12062090954898
527.5,0.183451887482602,1.54118837045638,0.317872117759591,3.12062079576236
527.6,0.183451941674471,1.54118934517693,0.317872091959326,3.12062068224258
527.7,0.183451995739305,1.54119031795126,0.317872066219559,3.120620568989
527.8,0.183452049677404,1.54119128878328,0.317872040540149,3.12062045600102
527.9,0.183452103489061,1.54119225767682,0.317872014920953,3.120620343278
528,0.183452157174574,1.54119322463576,0.31787198936183,3.12062023081932
528.1,0.18345221073424,1.54119418966393,0.317871963862641,3.12062011862436
528.2,0.183452264168356,1.54119515276517,0.317871938423243,3.12062000669251
528.3,0.183452317477216,1.54119611394334,0.317871913043497,3.12061989502315
528.4,0.183452370661105,1.54119707320222,0.317871887723264,3.12061978361566
528.5,0.183452423720322,1.54119803054567,0.317871862462403,3.12061967246943
528.6,0.183452476655155,1.54119898597748,0.317871837260775,3.12061956158384
528.7,0.183452529465898,1.54119993950145,0.317871812118243,3.12061945095829
528.8,0.183452582152843,1.5412008911214,0.317871787034666,3.12061934059217
528.9,0.183452634716279,1.54120184084107,0.317871762009908,3.12061923048485
529,0.183452687156499,1.54120278866428,0.317871737043828,3.12061912063575
529.1,0.183452739473791,1.5412037345948,0.317871712136291,3.12061901104426
529.2,0.183452791668438,1.54120467863637,0.317871687287159,3.12061890170976
529.3,0.183452843740731,1.54120562079278,0.317871662496295,3.12061879263166
529.4,0.183452895690957,1.54120656106775,0.317871637763563,3.12061868380935
529.5,0.183452947519403,1.54120749946504,0.317871613088826,3.12061857524224
529.6,0.183452999226353,1.54120843598838,0.317871588471947,3.12061846692973
529.7,0.183453050812088,1.5412093706415,0.317871563912793,3.12061835887122
529.8,0.183453102276894,1.54121030342813,0.317871539411227,3.12061825106611
529.9,0.183453153621054,1.54121123435196,0.317871514967114,3.12061814351382
530,0.183453204844851,1.54121216341671,0.31787149058032,3.12061803621374
530.1,0.183453255948569,1.54121309062609,0.317871466250709,3.1206179291653
530.2,0.183453306932489,1.54121401598376,0.317871441978149,3.12061782236788
530.3,0.183453357796895,1.54121493949344,0.317871417762505,3.12061771582091
530.4,0.183453408542059,1.54121586115878,0.317871393603644,3.12061760952381
530.5,0.183453459168266,1.54121678098346,0.317871369501433,3.12061750347598
530.6,0.183453509675794,1.54121769897114,0.317871345455738,3.12061739767684
530.7,0.183453560064922,1.54121861512547,0.317871321466428,3.1206172921258
530.8,0.183453610335929,1.54121952945012,0.317871297533369,3.12061718682229
530.9,0.183453660489082,1.54122044194869,0.317871273656432,3.12061708176573
531,0.183453710524662,1.54122135262485,0.317871249835483,3.12061697695553
531.1,0.183453760442946,1.54122226148221,0.317871226070392,3.12061687239112
531.2,0.183453810244212,1.54122316852439,0.317871202361027,3.12061676807192
531.3,0.183453859928734,1.54122407375501,0.317871178707258,3.12061666399736
531.4,0.183453909496783,1.54122497717765,0.317871155108954,3.12061656016686
531.5,0.183453958948635,1.54122587879593,0.317871131565986,3.12061645657985
531.6,0.18345400828456,1.54122677861344,0.317871108078223,3.12061635323576
531.7,0.183454057504824,1.54122767663375,0.317871084645536,3.12061625013403
531.8,0.183454106609702,1.54122857286046,0.317871061267797,3.12061614727406
531.9,0.183454155599466,1.5412294672971,0.317871037944877,3.12061604465532
532,0.183454204474386,1.54123035994727,0.317871014676646,3.12061594227723
532.1,0.183454253234731,1.5412312508145,0.317870991462977,3.12061584013922
532.2,0.183454301880766,1.54123213990235,0.31787096830374,3.12061573824073
532.3,0.183454350412763,1.54123302721436,0.317870945198811,3.1206156365812
532.4,0.183454398830986,1.54123391275405,0.31787092214806,3.12061553516008
532.5,0.183454447135705,1.54123479652496,0.317870899151361,3.12061543397679
532.6,0.183454495327184,1.54123567853062,0.317870876208586,3.12061533303079
532.7,0.183454543405685,1.54123655877451,0.317870853319611,3.12061523232151
532.8,0.183454591371476,1.54123743726018,0.317870830484307,3.1206151318484
532.9,0.183454639224824,1.54123831399108,0.31787080770255,3.12061503161092
533,0.183454686965997,1.54123918897073,0.317870784974214,3.12061493160849
533.1,0.183454734595252,1.54124006220262,0.317870762299172,3.12061483184058
533.2,0.183454782112845,1.54124093369021,0.317870739677303,3.12061473230664
533.3,0.183454829519041,1.541241803437,0.317870717108479,3.12061463300611
533.4,0.183454876814099,1.54124267144641,0.317870694592578,3.12061453393845
533.5,0.183454923998282,1.54124353772193,0.317870672129474,3.1206144351031
533.6,0.183454971071851,1.54124440226701,0.317870649719044,3.12061433649954
533.7,0.183455018035068,1.54124526508507,0.317870627361165,3.12061423812721
533.8,0.183455064888194,1.54124612617959,0.317870605055711,3.12061413998557
533.9,0.183455111631478,1.54124698555395,0.317870582802563,3.12061404207409
534,0.183455158265182,1.5412478432116,0.317870560601596,3.12061394439221
534.1,0.183455204789561,1.54124869915596,0.317870538452689,3.1206138469394
534.2,0.183455251204874,1.54124955339043,0.317870516355719,3.12061374971514
534.3,0.183455297511376,1.54125040591842,0.317870494310563,3.12061365271887
534.4,0.183455343709319,1.54125125674331,0.317870472317102,3.12061355595006
534.5,0.183455389798959,1.54125210586852,0.317870450375214,3.12061345940819
534.6,0.183455435780551,1.5412529532974,0.317870428484777,3.12061336309271
534.7,0.18345548165435,1.54125379903334,0.317870406645672,3.1206132670031
534.8,0.18345552742061,1.54125464307973,0.317870384857776,3.12061317113883
534.9,0.183455573079575,1.54125548543989,0.317870363120973,3.12061307549938
535,0.183455618631497,1.54125632611721,0.31787034143514,3.1206129800842
535.1,0.183455664076629,1.54125716511503,0.317870319800159,3.12061288489278
535.2,0.183455709415219,1.54125800243668,0.31787029821591,3.1206127899246
535.3,0.183455754647521,1.54125883808552,0.317870276682274,3.12061269517912
535.4,0.183455799773783,1.54125967206486,0.317870255199134,3.12061260065583
535.5,0.183455844794258,1.54126050437803,0.317870233766369,3.1206125063542
535.6,0.18345588970919,1.54126133502835,0.317870212383862,3.12061241227372
535.7,0.183455934518824,1.54126216401912,0.317870191051495,3.12061231841387
535.8,0.183455979223409,1.54126299135367,0.317870169769151,3.12061222477412
535.9,0.18345602382319,1.54126381703525,0.317870148536713,3.12061213135397
536,0.183456068318415,1.54126464106719,0.317870127354063,3.1206120381529
536.1,0.183456112709328,1.54126546345276,0.317870106221084,3.1206119451704
536.2,0.183456156996171,1.54126628419523,0.317870085137661,3.12061185240594
536.3,0.183456201179191,1.54126710329789,0.317870064103677,3.12061175985903
536.4,0.18345624525863,1.54126792076398,0.317870043119016,3.12061166752915
536.5,0.183456289234735,1.54126873659677,0.317870022183562,3.12061157541579
536.6,0.183456333107744,1.54126955079952,0.3178700012972,3.12061148351844
536.7,0.183456376877895,1.54127036337546,0.317869980459816,3.12061139183661
536.8,0.183456420545432,1.54127117432785,0.317869959671293,3.12061130036977
536.9,0.183456464110594,1.54127198365988,0.317869938931519,3.12061120911744
537,0.183456507573622,1.54127279137482,0.317869918240378,3.1206111180791
537.1,0.183456550934756,1.54127359747587,0.317869897597756,3.12061102725425
537.2,0.183456594194238,1.54127440196624,0.317869877003539,3.1206109366424
537.3,0.183456637352306,1.54127520484915,0.317869856457614,3.12061084624303
537.4,0.183456680409192,1.54127600612777,0.317869835959869,3.12061075605566
537.5,0.183456723365136,1.54127680580533,0.317869815510189,3.12061066607979
537.6,0.183456766220377,1.541277603885,0.317869795108462,3.12061057631492
537.7,0.183456808975149,1.54127840036996,0.317869774754576,3.12061048676056
537.8,0.18345685162969,1.5412791952634,0.317869754448417,3.12061039741622
537.9,0.18345689418423,1.54127998856846,0.317869734189876,3.12061030828139
538,0.183456936639004,1.54128078028832,0.31786971397884,3.1206102193556
538.1,0.183456978994246,1.54128157042614,0.317869693815197,3.12061013063834
538.2,0.183457021250192,1.54128235898506,0.317869673698837,3.12061004212913
538.3,0.183457063407075,1.54128314596824,0.317869653629648,3.12060995382749
538.4,0.18345710546512,1.54128393137879,0.317869633607521,3.12060986573292
538.5,0.183457147424562,1.54128471521986,0.317869613632344,3.12060977784494
538.6,0.183457189285634,1.54128549749458,0.317869593704008,3.12060969016307
538.7,0.183457231048569,1.54128627820604,0.317869573822403,3.12060960268682
538.8,0.1834572727136,1.54128705735739,0.317869553987418,3.12060951541571
538.9,0.183457314280949,1.5412878349517,0.317869534198946,3.12060942834926
539,0.183457355750851,1.5412886109921,0.317869514456876,3.12060934148699
539.1,0.18345739712353,1.54128938548168,0.3178694947611,3.12060925482842
539.2,0.183457438399211,1.5412901584235,0.31786947511151,3.12060916837307
539.3,0.183457479578123,1.54129092982068,0.317869455507996,3.12060908212047
539.4,0.183457520660494,1.54129169967626,0.317869435950453,3.12060899607014
539.5,0.183457561646553,1.54129246799334,0.317869416438769,3.12060891022161
539.6,0.183457602536523,1.54129323477497,0.317869396972841,3.1206088245744
539.7,0.183457643330628,1.5412940000242,0.317869377552559,3.12060873912804
539.8,0.183457684029095,1.5412947637441,0.317869358177815,3.12060865388206
539.9,0.183457724632146,1.54129552593768,0.317869338848506,3.120608568836
540,0.183457765140008,1.54129628660803,0.317869319564522,3.12060848398937
540.1,0.183457805552901,1.54129704575814,0.317869300325758,3.12060839934172
540.2,0.183457845871046,1.54129780339106,0.317869281132108,3.12060831489257
540.3,0.183457886094666,1.54129855950981,0.317869261983466,3.12060823064147
540.4,0.183457926223989,1.54129931411739,0.317869242879728,3.12060814658794
540.5,0.183457966259235,1.54130006721682,0.317869223820785,3.12060806273153
540.6,0.183458006200623,1.54130081881111,0.317869204806535,3.12060797907177
540.7,0.183458046048366,1.54130156890324,0.317869185836873,3.1206078956082
540.8,0.183458085802686,1.54130231749622,0.317869166911693,3.12060781234036
540.9,0.183458125463802,1.54130306459302,0.317869148030893,3.12060772926779
541,0.183458165031931,1.54130381019663,0.317869129194368,3.12060764639004
541.1,0.183458204507296,1.54130455431002,0.317869110402013,3.12060756370664
541.2,0.183458243890115,1.54130529693615,0.317869091653725,3.12060748121715
541.3,0.183458283180607,1.541306038078,0.317869072949401,3.12060739892109
541.4,0.183458322378981,1.5413067777385,0.317869054288937,3.12060731681804
541.5,0.183458361485456,1.54130751592063,0.317869035672233,3.12060723490752
541.6,0.183458400500247,1.54130825262731,0.317869017099183,3.12060715318909
541.7,0.18345843942357,1.54130898786149,0.317868998569686,3.1206070716623
541.8,0.183458478255641,1.54130972162611,0.317868980083639,3.1206069903267
541.9,0.183458516996671,1.54131045392407,0.317868961640942,3.12060690918185
542,0.183458555646876,1.54131118475831,0.317868943241493,3.12060682822728
542.1,0.183458594206466,1.54131191413176,0.317868924885189,3.12060674746256
542.2,0.183458632675652,1.54131264204729,0.31786890657193,3.12060666688724
542.3,0.183458671054648,1.54131336850785,0.317868888301615,3.12060658650088
542.4,0.183458709343664,1.54131409351629,0.317868870074143,3.12060650630303
542.5,0.183458747542914,1.54131481707554,0.317868851889414,3.12060642629326
542.6,0.183458785652606,1.54131553918847,0.317868833747327,3.12060634647112
542.7,0.183458823672948,1.54131625985795,0.317868815647784,3.12060626683617
542.8,0.183458861604154,1.54131697908689,0.317868797590682,3.12060618738797
542.9,0.183458899446431,1.54131769687812,0.317868779575924,3.12060610812608
543,0.18345893719999,1.54131841323452,0.31786876160341,3.12060602905008
543.1,0.183458974865036,1.54131912815896,0.317868743673041,3.12060595015952
543.2,0.183459012441772,1.54131984165427,0.317868725784718,3.12060587145396
543.3,0.183459049930407,1.54132055372332,0.317868707938343,3.12060579293297
543.4,0.183459087331152,1.54132126436893,0.317868690133817,3.12060571459613
543.5,0.183459124644215,1.54132197359394,0.317868672371042,3.12060563644299
543.6,0.183459161869799,1.54132268140119,0.317868654649919,3.12060555847313
543.7,0.183459199008109,1.54132338779349,0.317868636970353,3.12060548068613
543.8,0.183459236059352,1.54132409277368,0.317868619332243,3.12060540308153
543.9,0.183459273023724,1.54132479634454,0.317868601735495,3.12060532565893
544,0.18345930990143,1.54132549850891,0.317868584180011,3.1206052484179
544.1,0.183459346692676,1.54132619926957,0.317868566665694,3.120605171358
544.2,0.183459383397666,1.54132689862932,0.317868549192448,3.12060509447882
544.3,0.183459420016602,1.54132759659096,0.317868531760175,3.12060501777992
544.4,0.183459456549683,1.54132829315726,0.317868514368782,3.1206049412609
544.5,0.183459492997111,1.54132898833102,0.31786849701817,3.12060486492132
544.6,0.183459529359088,1.541329682115,0.317868479708245,3.12060478876076
544.7,0.183459565635814,1.54133037451197,0.317868462438912,3.12060471277881
544.8,0.18345960182749,1.5413310655247,0.317868445210074,3.12060463697505
544.9,0.18345963793431,1.54133175515592,0.317868428021638,3.12060456134905
545,0.183459673956476,1.54133244340842,0.317868410873509,3.12060448590041
545.1,0.183459709894186,1.54133313028494,0.317868393765592,3.1206044106287
545.2,0.183459745747642,1.54133381578819,0.317868376697792,3.12060433553351
545.3,0.183459781517042,1.54133449992095,0.317868359670015,3.12060426061443
545.4,0.183459817202579,1.5413351826859,0.317868342682169,3.12060418587104
545.5,0.183459852804453,1.54133586408581,0.317868325734157,3.12060411130294
545.6,0.183459888322857,1.54133654412339,0.317868308825889,3.1206040369097
545.7,0.183459923757985,1.54133722280133,0.317868291957271,3.12060396269093
545.8,0.183459959110032,1.54133790012236,0.31786827512821,3.1206038886462
545.9,0.183459994379195,1.54133857608917,0.317868258338612,3.12060381477512
546,0.18346002956567,1.54133925070448,0.317868241588385,3.12060374107728
546.1,0.183460064669648,1.54133992397096,0.317868224877438,3.12060366755226
546.2,0.183460099691321,1.54134059589131,0.317868208205677,3.12060359419967
546.3,0.183460134630883,1.54134126646821,0.317868191573011,3.1206035210191
546.4,0.183460169488528,1.54134193570433,0.317868174979349,3.12060344801015
546.5,0.183460204264451,1.54134260360235,0.317868158424598,3.12060337517241
546.6,0.183460238958842,1.54134327016493,0.317868141908668,3.12060330250549
546.7,0.18346027357189,1.54134393539473,0.317868125431467,3.12060323000897
546.8,0.183460308103788,1.54134459929442,0.317868108992905,3.12060315768247
546.9,0.183460342554722,1.54134526186662,0.317868092592892,3.12060308552559
547,0.183460376924883,1.541345923114,0.317868076231336,3.12060301353791
547.1,0.18346041121446,1.5413465830392,0.317868059908148,3.12060294171906
547.2,0.183460445423644,1.54134724164483,0.317868043623238,3.12060287006864
547.3,0.183460479552624,1.54134789893356,0.317868027376515,3.12060279858624
547.4,0.183460513601584,1.54134855490797,0.317868011167891,3.12060272727147
547.5,0.183460547570713,1.54134920957071,0.317867994997276,3.12060265612395
547.6,0.1834605814602,1.54134986292438,0.317867978864581,3.12060258514328
547.7,0.183460615270234,1.54135051497159,0.317867962769717,3.12060251432906
547.8,0.183460649001003,1.54135116571495,0.317867946712594,3.12060244368091
547.9,0.183460682652684,1.54135181515704,0.317867930693126,3.12060237319845
548,0.183460716225465,1.54135246330048,0.317867914711224,3.12060230288126
548.1,0.18346074971953,1.54135311014784,0.317867898766799,3.12060223272899
548.2,0.183460783135064,1.5413537557017,0.317867882859764,3.12060216274123
548.3,0.183460816472251,1.54135439996466,0.31786786699003,3.12060209291759
548.4,0.183460849731279,1.54135504293925,0.317867851157512,3.12060202325771
548.5,0.183460882912332,1.54135568462808,0.317867835362119,3.12060195376118
548.6,0.183460916015589,1.54135632503369,0.317867819603766,3.12060188442762
548.7,0.183460949041232,1.54135696415864,0.317867803882368,3.12060181525667
548.8,0.183460981989442,1.5413576020055,0.317867788197836,3.12060174624793
548.9,0.183461014860404,1.54135823857679,0.317867772550085,3.12060167740103
549,0.183461047654298,1.54135887387506,0.317867756939026,3.12060160871558
549.1,0.183461080371304,1.54135950790286,0.317867741364576,3.1206015401912
549.2,0.1834611130116,1.5413601406627,0.317867725826648,3.12060147182752
549.3,0.18346114557537,1.54136077215713,0.317867710325156,3.12060140362416
549.4,0.183461178062791,1.54136140238865,0.317867694860015,3.12060133558075
549.5,0.183461210474047,1.5413620313598,0.31786767943114,3.12060126769691
549.6,0.183461242809311,1.54136265907308,0.317867664038445,3.12060119997226
549.7,0.183461275068759,1.54136328553098,0.317867648681846,3.12060113240644
549.8,0.18346130725257,1.54136391073604,0.317867633361259,3.12060106499906
549.9,0.183461339360921,1.54136453469072,0.317867618076599,3.12060099774977
550,0.18346137139399,1.54136515739753,0.317867602827781,3.12060093065818
550.1,0.183461403351954,1.54136577885896,0.317867587614722,3.12060086372393
550.2,0.183461435234992,1.54136639907747,0.317867572437337,3.12060079694665
550.3,0.183461467043279,1.54136701805557,0.317867557295543,3.12060073032597
550.4,0.183461498776986,1.54136763579571,0.317867542189257,3.12060066386153
550.5,0.18346153043629,1.54136825230036,0.317867527118395,3.12060059755295
550.6,0.183461562021366,1.54136886757199,0.317867512082874,3.12060053139987
550.7,0.183461593532389,1.54136948161305,0.317867497082612,3.12060046540193
550.8,0.183461624969534,1.541370094426,0.317867482117525,3.12060039955876
550.9,0.183461656332968,1.54137070601327,0.317867467187531,3.12060033387001
551,0.183461687622865,1.54137131637733,0.317867452292548,3.1206002683353
551.1,0.183461718839399,1.5413719255206,0.317867437432495,3.12060020295428
551.2,0.18346174998274,1.54137253344551,0.317867422607288,3.12060013772659
551.3,0.183461781053061,1.54137314015451,0.317867407816846,3.12060007265186
551.4,0.183461812050536,1.54137374565,0.317867393061089,3.12060000772974
551.5,0.183461842975335,1.54137434993441,0.317867378339933,3.12059994295987
551.6,0.183461873827627,1.54137495301015,0.317867363653298,3.1205998783419
551.7,0.183461904607582,1.54137555487963,0.317867349001104,3.12059981387546
551.8,0.183461935315369,1.54137615554527,0.317867334383269,3.1205997495602
551.9,0.183461965951158,1.54137675500944,0.317867319799714,3.12059968539578
552,0.183461996515121,1.54137735327455,0.317867305250357,3.12059962138182
552.1,0.183462027007421,1.541377950343,0.317867290735118,3.12059955751799
552.2,0.183462057428224,1.54137854621716,0.317867276253918,3.12059949380392
552.3,0.183462087777699,1.54137914089942,0.317867261806676,3.12059943023927
552.4,0.183462118056017,1.54137973439214,0.317867247393314,3.12059936682369
552.5,0.183462148263346,1.54138032669772,0.317867233013751,3.12059930355683
552.6,0.183462178399852,1.5413809178185,0.317867218667908,3.12059924043834
552.7,0.183462208465699,1.54138150775685,0.317867204355706,3.12059917746786
552.8,0.183462238461057,1.54138209651515,0.317867190077065,3.12059911464506
552.9,0.183462268386081,1.54138268409571,0.31786717583191,3.12059905196959
553,0.183462298240941,1.5413832705009,0.317867161620159,3.1205989894411
553.1,0.183462328025801,1.54138385573307,0.317867147441735,3.12059892705924
553.2,0.183462357740827,1.54138443979454,0.31786713329656,3.12059886482368
553.3,0.183462387386184,1.54138502268767,0.317867119184554,3.12059880273407
553.4,0.18346241696203,1.54138560441476,0.317867105105643,3.12059874079007
553.5,0.183462446468532,1.54138618497815,0.317867091059746,3.12059867899134
553.6,0.183462475905851,1.54138676438016,0.317867077046788,3.12059861733753
553.7,0.18346250527415,1.5413873426231,0.31786706306669,3.12059855582831
553.8,0.183462534573592,1.5413879197093,0.317867049119375,3.12059849446333
553.9,0.183462563804333,1.54138849564103,0.317867035204768,3.12059843324227
554,0.183462592966537,1.54138907042062,0.31786702132279,3.12059837216477
554.1,0.183462622060366,1.54138964405036,0.317867007473366,3.12059831123051
554.2,0.183462651085985,1.54139021653254,0.317866993656419,3.12059825043915
554.3,0.183462680043555,1.54139078786945,0.317866979871872,3.12059818979035
554.4,0.183462708933224,1.54139135806337,0.317866966119651,3.12059812928378
554.5,0.183462737755154,1.54139192711658,0.317866952399679,3.12059806891911
554.6,0.183462766509504,1.54139249503136,0.317866938711881,3.120598008696
554.7,0.183462795196433,1.54139306180997,0.317866925056182,3.12059794861412
554.8,0.183462823816098,1.54139362745469,0.317866911432505,3.12059788867314
554.9,0.183462852368662,1.54139419196776,0.317866897840777,3.12059782887273
555,0.183462880854283,1.54139475535145,0.31786688428092,3.12059776921256
555.1,0.183462909273117,1.54139531760801,0.317866870752862,3.1205977096923
555.2,0.183462937625314,1.54139587873969,0.317866857256528,3.12059765031163
555.3,0.183462965911035,1.54139643874873,0.317866843791843,3.12059759107021
555.4,0.183462994130436,1.54139699763736,0.317866830358732,3.12059753196771
555.5,0.183463022283672,1.54139755540783,0.317866816957123,3.12059747300383
555.6,0.1834630503709,1.54139811206236,0.317866803586941,3.12059741417821
555.7,0.183463078392272,1.54139866760317,0.317866790248112,3.12059735549056
555.8,0.183463106347945,1.5413992220325,0.317866776940563,3.12059729694053
555.9,0.183463134238068,1.54139977535254,0.31786676366422,3.12059723852781
556,0.183463162062797,1.54140032756553,0.317866750419012,3.12059718025208
556.1,0.183463189822285,1.54140087867365,0.317866737204863,3.12059712211301
556.2,0.183463217516686,1.54140142867912,0.317866724021702,3.12059706411029
556.3,0.183463245146153,1.54140197758414,0.317866710869456,3.12059700624358
556.4,0.183463272710835,1.54140252539089,0.317866697748052,3.12059694851259
556.5,0.183463300210887,1.54140307210157,0.317866684657419,3.12059689091698
556.6,0.18346332764646,1.54140361771837,0.317866671597484,3.12059683345644
556.7,0.183463355017707,1.54140416224346,0.317866658568174,3.12059677613065
556.8,0.18346338232478,1.54140470567903,0.317866645569418,3.1205967189393
556.9,0.183463409567821,1.54140524802723,0.317866632601145,3.12059666188207
557,0.183463436746983,1.54140578929026,0.317866619663283,3.12059660495865
557.1,0.183463463862416,1.54140632947026,0.317866606755762,3.12059654816872
557.2,0.183463490914275,1.5414068685694,0.317866593878508,3.12059649151197
557.3,0.18346351790271,1.54140740658984,0.317866581031452,3.12059643498809
557.4,0.183463544827865,1.54140794353372,0.317866568214522,3.12059637859677
557.5,0.183463571689891,1.54140847940318,0.317866555427648,3.12059632233768
557.6,0.183463598488934,1.54140901420039,0.31786654267076,3.12059626621054
557.7,0.183463625225137,1.54140954792746,0.317866529943787,3.12059621021502
557.8,0.18346365189865,1.54141008058655,0.31786651724666,3.12059615435082
557.9,0.183463678509622,1.54141061217976,0.317866504579309,3.12059609861763
558,0.1834637050582,1.54141114270924,0.317866491941662,3.12059604301514
558.1,0.18346373154453,1.5414116721771,0.317866479333651,3.12059598754304
558.2,0.183463757968755,1.54141220058546,0.317866466755206,3.12059593220103
558.3,0.183463784331024,1.54141272793645,0.317866454206259,3.12059587698881
558.4,0.18346381063148,1.54141325423214,0.317866441686738,3.12059582190607
558.5,0.183463836870271,1.54141377947466,0.317866429196577,3.12059576695251
558.6,0.183463863047538,1.54141430366612,0.317866416735706,3.12059571212782
558.7,0.183463889163424,1.54141482680859,0.317866404304056,3.1205956574317
558.8,0.183463915218073,1.54141534890419,0.317866391901559,3.12059560286384
558.9,0.183463941211633,1.54141586995498,0.317866379528146,3.12059554842397
559,0.183463967144249,1.54141638996306,0.317866367183749,3.12059549411176
559.1,0.183463993016062,1.54141690893052,0.3178663548683,3.12059543992691
559.2,0.183464018827214,1.54141742685941,0.317866342581731,3.12059538586914
559.3,0.183464044577847,1.54141794375182,0.317866330323974,3.12059533193815
559.4,0.1834640702681,1.54141845960981,0.317866318094964,3.12059527813362
559.5,0.183464095898114,1.54141897443544,0.317866305894629,3.12059522445528
559.6,0.183464121468032,1.54141948823078,0.317866293722906,3.12059517090282
559.7,0.183464146977997,1.54142000099787,0.317866281579726,3.12059511747595
559.8,0.183464172428149,1.54142051273878,0.317866269465022,3.12059506417437
559.9,0.183464197818625,1.54142102345554,0.317866257378728,3.12059501099779
560,0.183464223149567,1.5414215331502,0.317866245320776,3.12059495794591
560.1,0.183464248421115,1.5414220418248,0.317866233291101,3.12059490501845
560.2,0.183464273633409,1.54142254948137,0.317866221289637,3.12059485221512
560.3,0.183464298786587,1.54142305612195,0.317866209316315,3.12059479953561
560.4,0.183464323880785,1.54142356174855,0.317866197371072,3.12059474697965
560.5,0.183464348916143,1.54142406636321,0.317866185453842,3.12059469454694
560.6,0.183464373892799,1.54142456996794,0.317866173564557,3.12059464223719
560.7,0.183464398810896,1.54142507256475,0.317866161703153,3.12059459005011
560.8,0.183464423670572,1.54142557415567,0.317866149869565,3.12059453798541
560.9,0.183464448471953,1.54142607474268,0.317866138063727,3.12059448604282
561,0.18346447321518,1.5414265743278,0.317866126285574,3.12059443422204
561.1,0.183464497900389,1.54142707291302,0.317866114535042,3.12059438252279
561.2,0.183464522527715,1.54142757050034,0.317866102812066,3.12059433094478
561.3,0.183464547097294,1.54142806709176,0.317866091116581,3.12059427948772
561.4,0.183464571609266,1.54142856268924,0.317866079448522,3.12059422815135
561.5,0.183464596063767,1.54142905729479,0.317866067807825,3.12059417693536
561.6,0.183464620460929,1.54142955091037,0.317866056194426,3.12059412583948
561.7,0.183464644800884,1.54143004353796,0.317866044608261,3.12059407486342
561.8,0.183464669083767,1.54143053517955,0.317866033049265,3.12059402400692
561.9,0.183464693309713,1.54143102583707,0.317866021517377,3.12059397326968
562,0.183464717478856,1.54143151551252,0.317866010012531,3.12059392265142
562.1,0.183464741591329,1.54143200420783,0.317865998534665,3.12059387215188
562.2,0.183464765647263,1.54143249192497,0.317865987083715,3.12059382177076
562.3,0.183464789646791,1.5414329786659,0.317865975659618,3.12059377150778
562.4,0.183464813590048,1.54143346443255,0.317865964262311,3.12059372136269
562.5,0.183464837477167,1.54143394922687,0.317865952891731,3.12059367133519
562.6,0.183464861308277,1.5414344330508,0.317865941547815,3.12059362142502
562.7,0.183464885083506,1.54143491590628,0.317865930230503,3.12059357163189
562.8,0.183464908802984,1.54143539779524,0.31786591893973,3.12059352195554
562.9,0.183464932466845,1.5414358787196,0.317865907675434,3.12059347239568
563,0.183464956075218,1.54143635868129,0.317865896437554,3.12059342295204
563.1,0.183464979628235,1.54143683768224,0.317865885226028,3.12059337362436
563.2,0.183465003126028,1.54143731572435,0.317865874040793,3.12059332441236
563.3,0.183465026568727,1.54143779280956,0.317865862881787,3.12059327531577
563.4,0.183465049956456,1.54143826893974,0.31786585174895,3.12059322633432
563.5,0.183465073289346,1.54143874411682,0.317865840642221,3.12059317746773
563.6,0.183465096567525,1.54143921834271,0.317865829561537,3.12059312871575
563.7,0.183465119791123,1.54143969161929,0.317865818506839,3.12059308007809
563.8,0.183465142960268,1.54144016394846,0.317865807478063,3.1205930315545
563.9,0.183465166075085,1.54144063533211,0.317865796475152,3.12059298314471
564,0.183465189135703,1.54144110577213,0.317865785498042,3.12059293484843
564.1,0.18346521214225,1.5414415752704,0.317865774546674,3.12059288666543
564.2,0.183465235094853,1.54144204382879,0.317865763620988,3.12059283859541
564.3,0.18346525799364,1.5414425114492,0.317865752720923,3.12059279063813
564.4,0.183465280838729,1.54144297813347,0.31786574184642,3.12059274279332
564.5,0.183465303630248,1.54144344388349,0.317865730997418,3.12059269506071
564.6,0.183465326368324,1.54144390870112,0.317865720173859,3.12059264744004
564.7,0.183465349053088,1.54144437258822,0.31786570937568,3.12059259993105
564.8,0.183465371684664,1.54144483554665,0.317865698602824,3.12059255253347
564.9,0.183465394263174,1.54144529757824,0.317865687855231,3.12059250524704
565,0.183465416788746,1.54144575868487,0.317865677132841,3.12059245807152
565.1,0.183465439261499,1.54144621886838,0.317865666435596,3.12059241100662
565.2,0.183465461681556,1.54144667813059,0.317865655763437,3.1205923640521
565.3,0.183465484049039,1.54144713647337,0.317865645116305,3.12059231720769
565.4,0.183465506364077,1.54144759389853,0.317865634494141,3.12059227047314
565.5,0.183465528626792,1.54144805040791,0.317865623896886,3.12059222384819
565.6,0.183465550837305,1.54144850600334,0.317865613324483,3.12059217733258
565.7,0.183465572995739,1.54144896068663,0.317865602776873,3.12059213092606
565.8,0.183465595102214,1.54144941445963,0.317865592253998,3.12059208462836
565.9,0.183465617156855,1.54144986732413,0.3178655817558,3.12059203843925
566,0.183465639159783,1.54145031928195,0.31786557128222,3.12059199235845
566.1,0.183465661111118,1.5414507703349,0.317865560833202,3.12059194638572
566.2,0.183465683010978,1.54145122048478,0.317865550408687,3.1205919005208
566.3,0.183465704859485,1.54145166973341,0.317865540008619,3.12059185476344
566.4,0.183465726656764,1.54145211808257,0.31786552963294,3.12059180911339
566.5,0.183465748402936,1.54145256553406,0.317865519281592,3.1205917635704
566.6,0.183465770098118,1.54145301208968,0.317865508954518,3.12059171813421
566.7,0.183465791742431,1.54145345775121,0.317865498651662,3.12059167280457
566.8,0.183465813335994,1.54145390252043,0.317865488372967,3.12059162758124
566.9,0.183465834878921,1.54145434639913,0.317865478118376,3.12059158246397
567,0.183465856371333,1.54145478938908,0.317865467887833,3.1205915374525
567.1,0.183465877813348,1.54145523149207,0.317865457681281,3.12059149254659
567.2,0.183465899205087,1.54145567270984,0.317865447498665,3.120591447746
567.3,0.183465920546668,1.54145611304419,0.317865437339927,3.12059140305046
567.4,0.183465941838205,1.54145655249686,0.317865427205012,3.12059135845974
567.5,0.183465963079817,1.54145699106961,0.317865417093865,3.1205913139736
567.6,0.183465984271621,1.54145742876422,0.317865407006429,3.12059126959178
567.7,0.183466005413735,1.54145786558241,0.317865396942648,3.12059122531405
567.8,0.183466026506276,1.54145830152596,0.317865386902468,3.12059118114015
567.9,0.183466047549356,1.54145873659659,0.317865376885833,3.12059113706985
568,0.183466068543092,1.54145917079605,0.317865366892687,3.1205910931029
568.1,0.183466089487602,1.54145960412609,0.317865356922976,3.12059104923905
568.2,0.183466110383006,1.54146003658844,0.317865346976645,3.12059100547808
568.3,0.183466131229418,1.54146046818483,0.317865337053638,3.12059096181973
568.4,0.183466152026945,1.54146089891697,0.317865327153901,3.12059091826377
568.5,0.183466172775703,1.54146132878662,0.31786531727738,3.12059087480995
568.6,0.183466193475808,1.54146175779548,0.317865307424021,3.12059083145804
568.7,0.183466214127373,1.54146218594526,0.317865297593768,3.12059078820779
568.8,0.183466234730511,1.54146261323771,0.317865287786568,3.12059074505897
568.9,0.183466255285341,1.5414630396745,0.317865278002367,3.12059070201134
569,0.183466275791976,1.54146346525737,0.31786526824111,3.12059065906467
569.1,0.183466296250528,1.541463889988,0.317865258502744,3.12059061621871
569.2,0.183466316661106,1.5414643138681,0.317865248787216,3.12059057347323
569.3,0.183466337023824,1.54146473689938,0.317865239094471,3.120590530828
569.4,0.183466357338795,1.54146515908351,0.317865229424455,3.12059048828278
569.5,0.183466377606133,1.54146558042221,0.317865219777118,3.12059044583733
569.6,0.183466397825947,1.54146600091715,0.317865210152403,3.12059040349142
569.7,0.183466417998347,1.54146642057001,0.31786520055026,3.12059036124482
569.8,0.183466438123447,1.54146683938248,0.317865190970634,3.1205903190973
569.9,0.183466458201359,1.54146725735623,0.317865181413473,3.12059027704862
570,0.183466478232194,1.54146767449295,0.317865171878723,3.12059023509854
570.1,0.183466498216061,1.54146809079429,0.317865162366334,3.12059019324685
570.2,0.183466518153065,1.54146850626193,0.317865152876252,3.12059015149331
570.3,0.183466538043318,1.54146892089755,0.317865143408426,3.12059010983768
570.4,0.18346655788693,1.54146933470277,0.317865133962802,3.12059006827975
570.5,0.183466577684011,1.54146974767928,0.317865124539329,3.12059002681927
570.6,0.18346659743467,1.54147015982873,0.317865115137955,3.12058998545602
570.7,0.18346661713902,1.54147057115276,0.317865105758628,3.12058994418978
570.8,0.183466636797169,1.54147098165303,0.317865096401295,3.12058990302031
570.9,0.183466656409221,1.54147139133117,0.317865087065907,3.1205898619474
571,0.183466675975285,1.54147180018884,0.317865077752411,3.1205898209708
571.1,0.183466695495469,1.54147220822767,0.317865068460756,3.1205897800903
571.2,0.183466714969882,1.54147261544928,0.31786505919089,3.12058973930567
571.3,0.183466734398632,1.54147302185532,0.317865049942763,3.12058969861669
571.4,0.183466753781823,1.54147342744742,0.317865040716323,3.12058965802313
571.5,0.183466773119563,1.54147383222719,0.31786503151152,3.12058961752477
571.6,0.18346679241196,1.54147423619626,0.317865022328303,3.12058957712138
571.7,0.183466811659121,1.54147463935625,0.317865013166622,3.12058953681274
571.8,0.183466830861152,1.54147504170877,0.317865004026425,3.12058949659863
571.9,0.183466850018152,1.54147544325544,0.317864994907663,3.12058945647884
572,0.183466869130229,1.54147584399786,0.317864985810285,3.12058941645313
572.1,0.183466888197489,1.54147624393764,0.317864976734242,3.12058937652129
572.2,0.183466907220042,1.54147664307639,0.317864967679483,3.12058933668309
572.3,0.183466926197994,1.5414770414157,0.317864958645957,3.12058929693832
572.4,0.183466945131445,1.54147743895716,0.317864949633616,3.12058925728676
572.5,0.183466964020502,1.54147783570237,0.317864940642409,3.12058921772818
572.6,0.183466982865268,1.54147823165293,0.317864931672288,3.12058917826238
572.7,0.183467001665842,1.54147862681041,0.317864922723202,3.12058913888913
572.8,0.183467020422328,1.54147902117641,0.317864913795103,3.12058909960822
572.9,0.183467039134835,1.54147941475249,0.317864904887941,3.12058906041943
573,0.183467057803464,1.54147980754024,0.317864896001667,3.12058902132254
573.1,0.183467076428319,1.54148019954124,0.317864887136232,3.12058898231734
573.2,0.183467095009499,1.54148059075705,0.317864878291587,3.12058894340361
573.3,0.183467113547108,1.54148098118924,0.317864869467684,3.12058890458114
573.4,0.183467132041249,1.54148137083937,0.317864860664473,3.12058886584972
573.5,0.183467150492025,1.54148175970902,0.317864851881907,3.12058882720913
573.6,0.183467168899536,1.54148214779973,0.317864843119937,3.12058878865915
573.7,0.18346718726388,1.54148253511306,0.317864834378514,3.12058875019958
573.8,0.18346720558516,1.54148292165056,0.317864825657592,3.12058871183021
573.9,0.183467223863481,1.54148330741379,0.31786481695712,3.12058867355082
574,0.183467242098944,1.54148369240429,0.317864808277051,3.1205886353612
574.1,0.18346726029165,1.5414840766236,0.317864799617338,3.12058859726113
574.2,0.183467278441696,1.54148446007325,0.317864790977933,3.12058855925042
574.3,0.183467296549186,1.5414848427548,0.317864782358787,3.12058852132885
574.4,0.183467314614213,1.54148522466977,0.317864773759854,3.12058848349622
574.5,0.183467332636877,1.5414856058197,0.317864765181087,3.1205884457523
574.6,0.18346735061728,1.5414859862061,0.317864756622438,3.1205884080969
574.7,0.183467368555522,1.54148636583051,0.31786474808386,3.12058837052982
574.8,0.183467386451702,1.54148674469445,0.317864739565305,3.12058833305083
574.9,0.183467404305916,1.54148712279943,0.317864731066727,3.12058829565973
575,0.183467422118264,1.54148750014697,0.31786472258808,3.12058825835633
575.1,0.183467439888844,1.54148787673859,0.317864714129315,3.1205882211404
575.2,0.183467457617755,1.54148825257579,0.317864705690387,3.12058818401175
575.3,0.183467475305094,1.54148862766009,0.317864697271248,3.12058814697018
575.4,0.183467492950957,1.54148900199298,0.317864688871854,3.12058811001547
575.5,0.18346751055544,1.54148937557596,0.317864680492157,3.12058807314743
575.6,0.183467528118643,1.54148974841054,0.317864672132111,3.12058803636585
575.7,0.183467545640667,1.5414901204982,0.31786466379167,3.12058799967052
575.8,0.183467563121608,1.54149049184044,0.317864655470788,3.12058796306126
575.9,0.183467580561554,1.54149086243874,0.317864647169419,3.12058792653785
576,0.183467597960604,1.5414912322946,0.317864638887518,3.12058789010009
576.1,0.183467615318853,1.5414916014095,0.317864630625039,3.12058785374779
576.2,0.183467632636396,1.54149196978491,0.317864622381937,3.12058781748074
576.3,0.183467649913331,1.54149233742232,0.317864614158165,3.12058778129873
576.4,0.183467667149755,1.54149270432318,0.317864605953678,3.12058774520158
576.5,0.183467684345764,1.54149307048899,0.317864597768432,3.12058770918909
576.6,0.183467701501452,1.5414934359212,0.317864589602381,3.12058767326105
576.7,0.183467718616909,1.54149380062129,0.31786458145548,3.12058763741727
576.8,0.183467735692231,1.54149416459071,0.317864573327684,3.12058760165754
576.9,0.183467752727515,1.54149452783091,0.317864565218949,3.12058756598168
577,0.183467769722853,1.54149489034337,0.31786455712923,3.12058753038948
577.1,0.18346778667834,1.54149525212953,0.317864549058481,3.12058749488076
577.2,0.183467803594066,1.54149561319084,0.317864541006659,3.12058745945531
577.3,0.183467820470127,1.54149597352876,0.31786453297372,3.12058742411293
577.4,0.183467837306617,1.54149633314471,0.317864524959619,3.12058738885344
577.5,0.18346785410363,1.54149669204016,0.317864516964311,3.12058735367664
577.6,0.183467870861256,1.54149705021653,0.317864508987752,3.12058731858233
577.7,0.183467887579584,1.54149740767527,0.317864501029901,3.12058728357033
577.8,0.183467904258707,1.5414977644178,0.31786449309071,3.12058724864043
577.9,0.183467920898717,1.54149812044556,0.317864485170139,3.12058721379245
578,0.183467937499707,1.54149847575997,0.317864477268142,3.12058717902619
578.1,0.183467954061769,1.54149883036246,0.317864469384676,3.12058714434147
578.2,0.183467970584997,1.54149918425446,0.317864461519697,3.12058710973809
578.3,0.183467987069482,1.54149953743738,0.317864453673162,3.12058707521586
578.4,0.183468003515311,1.54149988991262,0.317864445845028,3.12058704077459
578.5,0.183468019922575,1.54150024168163,0.317864438035253,3.12058700641409
578.6,0.183468036291366,1.54150059274579,0.317864430243791,3.12058697213416
578.7,0.183468052621774,1.54150094310652,0.317864422470601,3.12058693793464
578.8,0.183468068913889,1.54150129276523,0.317864414715641,3.12058690381531
578.9,0.1834680851678,1.54150164172331,0.317864406978866,3.120586869776
579,0.183468101383597,1.54150198998217,0.317864399260235,3.12058683581652
579.1,0.183468117561369,1.54150233754321,0.317864391559705,3.12058680193668
579.2,0.183468133701208,1.54150268440781,0.317864383877234,3.1205867681363
579.3,0.183468149803203,1.54150303057737,0.317864376212778,3.12058673441517
579.4,0.183468165867435,1.54150337605327,0.317864368566297,3.12058670077314
579.5,0.183468181893994,1.54150372083691,0.317864360937748,3.12058666720999
579.6,0.183468197882971,1.54150406492966,0.317864353327088,3.12058663372556
579.7,0.183468213834459,1.54150440833291,0.317864345734276,3.12058660031966
579.8,0.183468229748544,1.54150475104804,0.31786433815927,3.1205865669921
579.9,0.183468245625313,1.5415050930764,0.317864330602028,3.12058653374269
580,0.183468261464855,1.54150543441939,0.317864323062508,3.12058650057126
580.1,0.183468277267255,1.54150577507837,0.317864315540668,3.12058646747762
580.2,0.183468293032595,1.5415061150547,0.317864308036469,3.1205864344616
580.3,0.183468308760965,1.54150645434976,0.317864300549868,3.120586401523
580.4,0.183468324452454,1.54150679296488,0.317864293080824,3.12058636866165
580.5,0.183468340107149,1.54150713090146,0.317864285629296,3.12058633587736
580.6,0.183468355725136,1.54150746816082,0.317864278195242,3.12058630316996
580.7,0.183468371306497,1.54150780474433,0.317864270778622,3.12058627053926
580.8,0.183468386851322,1.54150814065334,0.317864263379394,3.12058623798509
580.9,0.183468402359695,1.54150847588919,0.317864255997519,3.12058620550726
581,0.183468417831703,1.54150881045323,0.317864248632955,3.1205861731056
581.1,0.183468433267429,1.54150914434681,0.317864241285662,3.12058614077993
581.2,0.183468448666957,1.54150947757125,0.317864233955598,3.12058610853006
581.3,0.183468464030371,1.54150981012791,0.317864226642725,3.12058607635582
581.4,0.183468479357762,1.54151014201811,0.317864219347001,3.12058604425704
581.5,0.183468494649214,1.54151047324318,0.317864212068386,3.12058601223354
581.6,0.18346850990481,1.54151080380445,0.31786420480684,3.12058598028513
581.7,0.183468525124634,1.54151113370325,0.317864197562324,3.12058594841165
581.8,0.183468540308771,1.54151146294091,0.317864190334796,3.12058591661292
581.9,0.183468555457298,1.54151179151874,0.317864183124218,3.12058588488876
582,0.183468570570302,1.54151211943806,0.317864175930549,3.120585853239
582.1,0.183468585647866,1.54151244670019,0.317864168753751,3.12058582166347
582.2,0.183468600690075,1.54151277330644,0.317864161593782,3.12058579016198
582.3,0.183468615697012,1.54151309925813,0.317864154450605,3.12058575873437
582.4,0.183468630668758,1.54151342455655,0.317864147324179,3.12058572738047
582.5,0.183468645605395,1.54151374920302,0.317864140214465,3.12058569610009
582.6,0.183468660507007,1.54151407319883,0.317864133121425,3.12058566489307
582.7,0.183468675373676,1.54151439654529,0.317864126045018,3.12058563375924
582.8,0.183468690205484,1.5415147192437,0.317864118985206,3.12058560269842
582.9,0.18346870500251,1.54151504129535,0.317864111941951,3.12058557171044
583,0.183468719764837,1.54151536270152,0.317864104915213,3.12058554079514
583.1,0.183468734492547,1.54151568346353,0.317864097904953,3.12058550995233
583.2,0.183468749185726,1.54151600358263,0.317864090911133,3.12058547918186
583.3,0.183468763844454,1.54151632306014,0.317864083933714,3.12058544848355
583.4,0.183468778468805,1.54151664189731,0.317864076972657,3.12058541785724
583.5,0.183468793058861,1.54151696009545,0.317864070027926,3.12058538730274
583.6,0.183468807614702,1.54151727765582,0.317864063099481,3.12058535681991
583.7,0.183468822136408,1.54151759457969,0.317864056187283,3.12058532640855
583.8,0.18346883662406,1.54151791086834,0.317864049291296,3.12058529606853
583.9,0.183468851077742,1.54151822652304,0.317864042411481,3.12058526579965
584,0.183468865497533,1.54151854154506,0.317864035547799,3.12058523560175
584.1,0.183468879883512,1.54151885593565,0.317864028700213,3.12058520547468
584.2,0.183468894235754,1.54151916969609,0.317864021868686,3.12058517541826
584.3,0.18346890855434,1.54151948282763,0.317864015053179,3.12058514543232
584.4,0.18346892283935,1.54151979533152,0.317864008253656,3.12058511551671
584.5,0.183468937090864,1.54152010720903,0.317864001470078,3.12058508567126
584.6,0.183468951308959,1.54152041846139,0.317863994702408,3.12058505589579
584.7,0.183468965493713,1.54152072908987,0.31786398795061,3.12058502619016
584.8,0.183468979645203,1.54152103909572,0.317863981214644,3.12058499655419
584.9,0.183468993763511,1.54152134848016,0.317863974494476,3.12058496698772
585,0.183469007848715,1.54152165724445,0.317863967790066,3.12058493749059
585.1,0.183469021900891,1.54152196538982,0.317863961101379,3.12058490806264
585.2,0.183469035920111,1.54152227291752,0.317863954428379,3.1205848787037
585.3,0.183469049906455,1.54152257982877,0.317863947771028,3.12058484941361
585.4,0.183469063859999,1.5415228861248,0.317863941129289,3.12058482019221
585.5,0.183469077780822,1.54152319180686,0.317863934503126,3.12058479103934
585.6,0.183469091669001,1.54152349687616,0.317863927892502,3.12058476195485
585.7,0.183469105524616,1.54152380133393,0.31786392129738,3.12058473293855
585.8,0.183469119347742,1.5415241051814,0.317863914717725,3.12058470399031
585.9,0.183469133138451,1.54152440841977,0.317863908153499,3.12058467510995
586,0.183469146896822,1.54152471105027,0.317863901604668,3.12058464629733
586.1,0.183469160622929,1.54152501307411,0.317863895071194,3.12058461755227
586.2,0.18346917431685,1.54152531449251,0.317863888553042,3.12058458887463
586.3,0.183469187978661,1.54152561530669,0.317863882050176,3.12058456026424
586.4,0.183469201608433,1.54152591551782,0.31786387556256,3.12058453172094
586.5,0.183469215206244,1.54152621512714,0.317863869090157,3.12058450324459
586.6,0.18346922877217,1.54152651413584,0.317863862632934,3.12058447483501
586.7,0.183469242306285,1.54152681254513,0.317863856190853,3.12058444649206
586.8,0.183469255808666,1.5415271103562,0.31786384976388,3.12058441821559
586.9,0.183469269279379,1.54152740757023,0.317863843351979,3.12058439000542
587,0.183469282718501,1.54152770418844,0.317863836955115,3.12058436186141
587.1,0.183469296126107,1.54152800021201,0.317863830573252,3.12058433378341
587.2,0.183469309502275,1.54152829564213,0.317863824206356,3.12058430577125
587.3,0.18346932284708,1.54152859047999,0.31786381785439,3.12058427782478
587.4,0.183469336160593,1.54152888472675,0.31786381151732,3.12058424994386
587.5,0.183469349442888,1.54152917838363,0.317863805195112,3.12058422212832
587.6,0.183469362694037,1.54152947145178,0.317863798887729,3.12058419437801
587.7,0.183469375914109,1.54152976393239,0.317863792595139,3.12058416669278
587.8,0.183469389103177,1.54153005582663,0.317863786317305,3.12058413907248
587.9,0.183469402261319,1.54153034713567,0.317863780054194,3.12058411151695
588,0.183469415388607,1.54153063786068,0.31786377380577,3.12058408402604
588.1,0.183469428485112,1.54153092800284,0.317863767572,3.12058405659961
588.2,0.183469441550904,1.5415312175633,0.317863761352848,3.12058402923749
588.3,0.183469454586057,1.54153150654323,0.317863755148282,3.12058400193955
588.4,0.183469467590643,1.54153179494378,0.317863748958266,3.12058397470562
588.5,0.183469480564735,1.54153208276612,0.317863742782766,3.12058394753556
588.6,0.183469493508402,1.5415323700114,0.317863736621748,3.12058392042922
588.7,0.183469506421713,1.54153265668078,0.317863730475179,3.12058389338645
588.8,0.18346951930474,1.54153294277541,0.317863724343025,3.12058386640709
588.9,0.18346953215756,1.54153322829642,0.317863718225252,3.12058383949102
589,0.183469544980242,1.54153351324499,0.317863712121824,3.12058381263806
589.1,0.183469557772857,1.54153379762224,0.31786370603271,3.12058378584807
589.2,0.183469570535475,1.54153408142932,0.317863699957876,3.12058375912092
589.3,0.183469583268167,1.54153436466737,0.317863693897287,3.12058373245644
589.4,0.183469595970998,1.54153464733752,0.317863687850912,3.12058370585449
589.5,0.18346960864404,1.54153492944092,0.317863681818717,3.12058367931494
589.6,0.183469621287362,1.54153521097869,0.317863675800667,3.12058365283762
589.7,0.183469633901037,1.54153549195196,0.317863669796731,3.1205836264224
589.8,0.183469646485134,1.54153577236188,0.317863663806875,3.12058360006912
589.9,0.183469659039721,1.54153605220955,0.317863657831065,3.12058357377765
590,0.183469671564867,1.5415363314961,0.31786365186927,3.12058354754783
590.1,0.183469684060641,1.54153661022266,0.317863645921456,3.12058352137953
590.2,0.183469696527114,1.54153688839035,0.31786363998759,3.1205834952726
590.3,0.183469708964354,1.54153716600028,0.317863634067639,3.12058346922689
590.4,0.183469721372426,1.54153744305357,0.317863628161572,3.12058344324226
590.5,0.1834697337514,1.54153771955133,0.317863622269356,3.12058341731858
590.6,0.183469746101345,1.54153799549467,0.317863616390957,3.12058339145569
590.7,0.183469758422335,1.5415382708847,0.317863610526344,3.12058336565345
590.8,0.183469770714437,1.54153854572253,0.317863604675483,3.12058333991172
590.9,0.183469782977709,1.54153882000925,0.317863598838344,3.12058331423036
591,0.183469795212223,1.54153909374598,0.317863593014894,3.12058328860923
591.1,0.183469807418045,1.54153936693381,0.3178635872051,3.12058326304818
591.2,0.183469819595242,1.54153963957383,0.317863581408932,3.12058323754708
591.3,0.183469831743882,1.54153991166716,0.317863575626357,3.12058321210578
591.4,0.183469843864036,1.54154018321487,0.317863569857342,3.12058318672415
591.5,0.183469855955771,1.54154045421806,0.317863564101856,3.12058316140205
591.6,0.183469868019152,1.54154072467782,0.317863558359867,3.12058313613932
591.7,0.183469880054243,1.54154099459523,0.317863552631343,3.12058311093584
591.8,0.18346989206111,1.54154126397138,0.317863546916255,3.12058308579147
591.9,0.183469904039823,1.54154153280734,0.317863541214569,3.12058306070607
592,0.183469915990446,1.54154180110421,0.317863535526254,3.12058303567949
592.1,0.183469927913045,1.54154206886306,0.317863529851278,3.12058301071161
592.2,0.183469939807685,1.54154233608496,0.317863524189612,3.12058298580229
592.3,0.183469951674431,1.54154260277099,0.317863518541222,3.12058296095137
592.4,0.183469963513353,1.54154286892221,0.317863512906079,3.12058293615874
592.5,0.183469975324515,1.54154313453971,0.31786350728415,3.12058291142425
592.6,0.18346998710798,1.54154339962454,0.317863501675406,3.12058288674777
592.7,0.183469998863809,1.54154366417777,0.317863496079815,3.12058286212916
592.8,0.183470010592069,1.54154392820047,0.317863490497347,3.12058283756828
592.9,0.183470022292825,1.54154419169369,0.317863484927971,3.12058281306501
593,0.183470033966141,1.54154445465849,0.317863479371655,3.1205827886192
593.1,0.183470045612083,1.54154471709593,0.31786347382837,3.12058276423071
593.2,0.183470057230717,1.54154497900707,0.317863468298084,3.12058273989942
593.3,0.183470068822109,1.54154524039295,0.317863462780768,3.1205827156252
593.4,0.183470080386317,1.54154550125463,0.31786345727639,3.1205826914079
593.5,0.183470091923406,1.54154576159316,0.317863451784921,3.12058266724739
593.6,0.183470103433441,1.54154602140958,0.31786344630633,3.12058264314355
593.7,0.183470114916485,1.54154628070493,0.317863440840587,3.12058261909623
593.8,0.183470126372603,1.54154653948027,0.317863435387661,3.12058259510531
593.9,0.183470137801854,1.54154679773661,0.317863429947524,3.12058257117065
594,0.183470149204304,1.54154705547502,0.317863424520145,3.12058254729212
594.1,0.183470160580015,1.54154731269652,0.317863419105493,3.12058252346959
594.2,0.183470171929052,1.54154756940214,0.317863413703539,3.12058249970293
594.3,0.183470183251478,1.54154782559291,0.317863408314253,3.12058247599201
594.4,0.183470194547348,1.54154808126988,0.317863402937607,3.12058245233669
594.5,0.183470205816725,1.54154833643405,0.31786339757357,3.12058242873685
594.6,0.183470217059675,1.54154859108647,0.317863392222112,3.12058240519235
594.7,0.183470228276262,1.54154884522815,0.317863386883204,3.12058238170307
594.8,0.18347023946655,1.54154909886011,0.317863381556815,3.12058235826888
594.9,0.183470250630597,1.54154935198338,0.317863376242918,3.12058233488964
595,0.183470261768466,1.54154960459896,0.317863370941482,3.12058231156523
595.1,0.183470272880218,1.54154985670789,0.317863365652479,3.12058228829553
595.2,0.183470283965909,1.54155010831115,0.31786336037588,3.12058226508039
595.3,0.183470295025601,1.54155035940979,0.317863355111655,3.1205822419197
595.4,0.183470306059359,1.54155061000479,0.317863349859776,3.12058221881332
595.5,0.183470317067244,1.54155086009717,0.317863344620213,3.12058219576113
595.6,0.183470328049316,1.54155110968793,0.317863339392937,3.120582172763
595.7,0.183470339005633,1.54155135877807,0.31786333417792,3.12058214981881
595.8,0.183470349936257,1.54155160736861,0.317863328975133,3.12058212692843
595.9,0.183470360841249,1.54155185546052,0.317863323784547,3.12058210409173
596,0.18347037172067,1.54155210305482,0.317863318606134,3.12058208130858
596.1,0.183470382574577,1.5415523501525,0.317863313439864,3.12058205857886
596.2,0.183470393403028,1.54155259675455,0.317863308285711,3.12058203590245
596.3,0.183470404206084,1.54155284286197,0.317863303143645,3.12058201327922
596.4,0.183470414983809,1.54155308847574,0.317863298013638,3.12058199070905
596.5,0.183470425736263,1.54155333359684,0.317863292895661,3.1205819681918
596.6,0.183470436463504,1.54155357822628,0.317863287789686,3.12058194572736
596.7,0.18347044716559,1.54155382236502,0.317863282695685,3.12058192331561
596.8,0.183470457842582,1.54155406601405,0.31786327761363,3.12058190095641
596.9,0.183470468494534,1.54155430917435,0.317863272543493,3.12058187864965
597,0.183470479121504,1.54155455184689,0.317863267485247,3.12058185639521
597.1,0.183470489723553,1.54155479403266,0.317863262438863,3.12058183419296
597.2,0.183470500300741,1.54155503573263,0.317863257404314,3.12058181204277
597.3,0.183470510853126,1.54155527694776,0.317863252381571,3.12058178994453
597.4,0.183470521380764,1.54155551767903,0.317863247370607,3.12058176789811
597.5,0.183470531883715,1.54155575792741,0.317863242371395,3.1205817459034
597.6,0.183470542362035,1.54155599769385,0.317863237383906,3.12058172396027
597.7,0.183470552815785,1.54155623697934,0.317863232408114,3.1205817020686
597.8,0.18347056324502,1.54155647578482,0.317863227443991,3.12058168022827
597.9,0.183470573649797,1.54155671411125,0.317863222491509,3.12058165843916
598,0.183470584030172,1.5415569519596,0.317863217550642,3.12058163670114
598.1,0.183470594386206,1.54155718933083,0.317863212621362,3.12058161501411
598.2,0.183470604717959,1.54155742622588,0.317863207703641,3.12058159337794
598.3,0.183470615025488,1.54155766264571,0.317863202797453,3.1205815717925
598.4,0.183470625308841,1.54155789859127,0.31786319790277,3.1205815502577
598.5,0.183470635568079,1.54155813406351,0.317863193019567,3.12058152877338
598.6,0.183470645803255,1.54155836906337,0.317863188147816,3.12058150733946
598.7,0.183470656014428,1.5415586035918,0.317863183287489,3.1205814859558
598.8,0.183470666201654,1.54155883764975,0.317863178438562,3.1205814646223
598.9,0.183470676364992,1.54155907123815,0.317863173601005,3.12058144333882
599,0.183470686504501,1.54155930435794,0.317863168774793,3.12058142210526
599.1,0.183470696620233,1.54155953701007,0.317863163959898,3.12058140092149
599.2,0.183470706712241,1.54155976919546,0.317863159156296,3.1205813797874
599.3,0.183470716780582,1.54156000091505,0.317863154363958,3.12058135870288
599.4,0.183470726825313,1.54156023216977,0.317863149582859,3.1205813376678
599.5,0.18347073684649,1.54156046296056,0.317863144812973,3.12058131668206
599.6,0.183470746844168,1.54156069328833,0.317863140054273,3.12058129574552
599.7,0.183470756818399,1.54156092315402,0.317863135306732,3.12058127485809
599.8,0.18347076676924,1.54156115255856,0.317863130570325,3.12058125401964
599.9,0.183470776696749,1.54156138150285,0.317863125845025,3.12058123323007
600,0.18347078660098,1.54156160998784,0.317863121130807,3.12058121248925
600.1,0.183470796481985,1.54156183801442,0.317863116427644,3.12058119179706
600.2,0.183470806339816,1.54156206558352,0.317863111735511,3.12058117115341
600.3,0.183470816174527,1.54156229269606,0.317863107054381,3.12058115055817
600.4,0.183470825986175,1.54156251935295,0.317863102384231,3.12058113001123
600.5,0.183470835774812,1.5415627455551,0.317863097725032,3.12058110951248
600.6,0.183470845540495,1.54156297130341,0.317863093076759,3.12058108906179
600.7,0.183470855283279,1.54156319659881,0.317863088439388,3.12058106865907
600.8,0.183470865003218,1.54156342144219,0.317863083812891,3.1205810483042
600.9,0.183470874700362,1.54156364583446,0.317863079197244,3.12058102799706
601,0.183470884374765,1.54156386977652,0.317863074592422,3.12058100773755
601.1,0.183470894026482,1.54156409326928,0.317863069998399,3.12058098752555
601.2,0.183470903655565,1.54156431631362,0.317863065415149,3.12058096736095
601.3,0.183470913262069,1.54156453891045,0.317863060842647,3.12058094724364
601.4,0.183470922846043,1.54156476106066,0.317863056280869,3.1205809271735
601.5,0.183470932407543,1.54156498276516,0.317863051729789,3.12058090715044
601.6,0.183470941946621,1.54156520402482,0.317863047189382,3.12058088717433
601.7,0.183470951463332,1.54156542484054,0.317863042659622,3.12058086724507
601.8,0.183470960957727,1.5415656452132,0.317863038140485,3.12058084736255
601.9,0.183470970429853,1.5415658651437,0.317863033631947,3.12058082752666
602,0.183470979879763,1.54156608463292,0.317863029133982,3.12058080773729
602.1,0.183470989307511,1.54156630368174,0.317863024646566,3.12058078799432
602.2,0.183470998713154,1.54156652229104,0.317863020169673,3.12058076829765
602.3,0.183471008096743,1.5415667404617,0.317863015703278,3.12058074864718
602.4,0.183471017458328,1.5415669581946,0.317863011247358,3.12058072904279
602.5,0.183471026797963,1.54156717549062,0.317863006801887,3.12058070948438
602.6,0.183471036115695,1.54156739235063,0.317863002366842,3.12058068997184
602.7,0.183471045411574,1.5415676087755,0.317862997942197,3.12058067050505
602.8,0.18347105468565,1.5415678247661,0.31786299352793,3.12058065108392
602.9,0.18347106393798,1.5415680403233,0.317862989124014,3.12058063170834
603,0.183471073168615,1.54156825544797,0.317862984730426,3.12058061237819
603.1,0.183471082377602,1.54156847014098,0.317862980347142,3.12058059309338
603.2,0.183471091564993,1.54156868440318,0.317862975974137,3.12058057385379
603.3,0.183471100730838,1.54156889823545,0.317862971611388,3.12058055465933
603.4,0.183471109875188,1.54156911163863,0.31786296725887,3.12058053550987
603.5,0.183471118998094,1.5415693246136,0.317862962916559,3.12058051640533
603.6,0.183471128099605,1.5415695371612,0.317862958584432,3.12058049734559
603.7,0.183471137179775,1.54156974928229,0.317862954262464,3.12058047833055
603.8,0.183471146238653,1.54156996097773,0.317862949950631,3.1205804593601
603.9,0.183471155276286,1.54157017224836,0.317862945648911,3.12058044043415
604,0.183471164292725,1.54157038309503,0.317862941357278,3.12058042155257
604.1,0.183471173288021,1.54157059351861,0.317862937075711,3.12058040271528
604.2,0.183471182262223,1.54157080351992,0.317862932804183,3.12058038392216
604.3,0.183471191215381,1.54157101309983,0.317862928542673,3.12058036517312
604.4,0.183471200147541,1.54157122225915,0.317862924291158,3.12058034646805
604.5,0.183471209058753,1.54157143099876,0.317862920049613,3.12058032780684
604.6,0.183471217949068,1.54157163931947,0.317862915818015,3.1205803091894
604.7,0.183471226818538,1.54157184722213,0.31786291159634,3.12058029061562
604.8,0.183471235667213,1.54157205470758,0.317862907384565,3.1205802720854
604.9,0.183471244495133,1.54157226177665,0.317862903182668,3.12058025359863
605,0.183471253302349,1.54157246843018,0.317862898990625,3.12058023515522
605.1,0.183471262088911,1.54157267466899,0.317862894808413,3.12058021675507
605.2,0.183471270854865,1.54157288049391,0.31786289063601,3.12058019839806
605.3,0.183471279600262,1.54157308590579,0.317862886473392,3.12058018008411
605.4,0.183471288325152,1.54157329090543,0.317862882320535,3.12058016181311
605.5,0.183471297029584,1.54157349549367,0.317862878177417,3.12058014358495
605.6,0.183471305713604,1.54157369967133,0.317862874044015,3.12058012539954
605.7,0.183471314377259,1.54157390343923,0.317862869920306,3.12058010725678
605.8,0.183471323020596,1.54157410679819,0.317862865806269,3.12058008915657
605.9,0.183471331643665,1.54157430974903,0.31786286170188,3.12058007109881
606,0.183471340246512,1.54157451229256,0.317862857607115,3.12058005308339
606.1,0.183471348829186,1.54157471442961,0.317862853521954,3.12058003511023
606.2,0.183471357391732,1.54157491616098,0.317862849446373,3.12058001717921
606.3,0.183471365934197,1.5415751174875,0.31786284538035,3.12057999929025
606.4,0.183471374456632,1.54157531840995,0.317862841323862,3.12057998144324
606.5,0.183471382959084,1.54157551892917,0.317862837276887,3.12057996363808
606.6,0.183471391441596,1.54157571904594,0.317862833239402,3.12057994587468
606.7,0.183471399904211,1.54157591876109,0.317862829211388,3.12057992815294
606.8,0.183471408346976,1.54157611807541,0.317862825192819,3.12057991047276
606.9,0.183471416769946,1.5415763169897,0.317862821183675,3.12057989283405
607,0.183471425173166,1.54157651550477,0.317862817183932,3.12057987523669
607.1,0.183471433556682,1.54157671362141,0.317862813193568,3.12057985768061
607.2,0.18347144192054,1.54157691134042,0.317862809212563,3.1205798401657
607.3,0.183471450264786,1.54157710866261,0.317862805240893,3.12057982269187
607.4,0.183471458589462,1.54157730558875,0.317862801278539,3.12057980525901
607.5,0.183471466894612,1.54157750211965,0.317862797325476,3.12057978786704
607.6,0.183471475180286,1.5415776982561,0.317862793381684,3.12057977051586
607.7,0.183471483446531,1.54157789399888,0.317862789447141,3.12057975320536
607.8,0.183471491693392,1.54157808934878,0.317862785521825,3.12057973593547
607.9,0.183471499920912,1.54157828430659,0.317862781605714,3.12057971870607
608,0.183471508129138,1.5415784788731,0.317862777698787,3.12057970151708
608.1,0.183471516318113,1.54157867304909,0.317862773801023,3.1205796843684
608.2,0.183471524487884,1.54157886683533,0.3178627699124,3.12057966725994
608.3,0.183471532638496,1.54157906023262,0.317862766032896,3.1205796501916
608.4,0.183471540769995,1.54157925324172,0.31786276216249,3.12057963316329
608.5,0.183471548882427,1.54157944586342,0.317862758301161,3.12057961617491
608.6,0.183471556975835,1.5415796380985,0.317862754448887,3.12057959922638
608.7,0.183471565050262,1.54157982994771,0.317862750605647,3.12057958231759
608.8,0.183471573105755,1.54158002141184,0.31786274677142,3.12057956544846
608.9,0.183471581142357,1.54158021249166,0.317862742946184,3.12057954861889
609,0.183471589160114,1.54158040318794,0.31786273912992,3.12057953182878
609.1,0.183471597159069,1.54158059350144,0.317862735322605,3.12057951507805
609.2,0.183471605139262,1.54158078343293,0.31786273152422,3.12057949836661
609.3,0.18347161310074,1.54158097298319,0.317862727734742,3.12057948169436
609.4,0.183471621043551,1.54158116215295,0.317862723954151,3.1205794650612
609.5,0.183471628967739,1.541581350943,0.317862720182426,3.12057944846706
609.6,0.183471636873345,1.54158153935409,0.317862716419545,3.12057943191183
609.7,0.183471644760409,1.54158172738698,0.31786271266549,3.12057941539542
609.8,0.183471652628974,1.54158191504243,0.317862708920239,3.12057939891775
609.9,0.183471660479086,1.54158210232119,0.317862705183771,3.12057938247873
610,0.183471668310786,1.54158228922401,0.317862701456066,3.12057936607825
610.1,0.18347167612412,1.54158247575166,0.317862697737102,3.12057934971624
610.2,0.183471683919135,1.54158266190487,0.31786269402686,3.1205793333926
610.3,0.183471691695872,1.5415828476844,0.317862690325319,3.12057931710724
610.4,0.183471699454371,1.541583033091,0.317862686632459,3.12057930086007
610.5,0.183471707194674,1.54158321812542,0.317862682948259,3.12057928465101
610.6,0.183471714916826,1.5415834027884,0.317862679272699,3.12057926847996
610.7,0.18347172262087,1.54158358708067,0.317862675605759,3.12057925234683
610.8,0.183471730306848,1.541583771003,0.317862671947418,3.12057923625154
610.9,0.1834717379748,1.54158395455611,0.317862668297657,3.12057922019399
611,0.18347174562477,1.54158413774074,0.317862664656455,3.1205792041741
611.1,0.183471753256801,1.54158432055764,0.317862661023792,3.12057918819179
611.2,0.183471760870937,1.54158450300753,0.317862657399648,3.12057917224695
611.3,0.18347176846722,1.54158468509117,0.317862653784003,3.12057915633951
611.4,0.183471776045683,1.54158486680926,0.317862650176838,3.12057914046937
611.5,0.183471783606369,1.54158504816256,0.317862646578133,3.12057912463645
611.6,0.183471791149324,1.54158522915179,0.317862642987867,3.12057910884067
611.7,0.183471798674593,1.54158540977767,0.31786263940602,3.12057909308192
611.8,0.183471806182223,1.541585590041,0.317862635832572,3.12057907736013
611.9,0.183471813672297,1.54158576994332,0.31786263226748,3.1205790616751
612,0.183471821144775,1.54158594948389,0.317862628710764,3.12057904602693
612.1,0.183471828599737,1.54158612866418,0.317862625162385,3.12057903041543
612.2,0.183471836037241,1.5415863074852,0.317862621622315,3.12057901484049
612.3,0.18347184345725,1.54158648594633,0.317862618090572,3.12057899930219
612.4,0.183471850859932,1.54158666405043,0.317862614567078,3.12057898380018
612.5,0.183471858245213,1.54158684179623,0.317862611051866,3.1205789683346
612.6,0.183471865613177,1.54158701918525,0.317862607544896,3.12057895290529
612.7,0.183471872963884,1.54158719621854,0.31786260404614,3.12057893751212
612.8,0.183471880297296,1.54158737289543,0.317862600555616,3.12057892215517
612.9,0.183471887613585,1.54158754921887,0.317862597073243,3.12057890683408
613,0.183471894912676,1.54158772518755,0.317862593599057,3.12057889154901
613.1,0.183471902194652,1.54158790080301,0.317862590133018,3.12057887629977
613.2,0.18347190945957,1.54158807606628,0.317862586675096,3.12057886108626
613.3,0.183471916707394,1.54158825097671,0.317862583225309,3.12057884590854
613.4,0.183471923938299,1.54158842553722,0.317862579783579,3.12057883076626
613.5,0.183471931152206,1.5415885997465,0.317862576349941,3.12057881565958
613.6,0.183471938349196,1.54158877360608,0.317862572924353,3.12057880058833
613.7,0.183471945529326,1.54158894711699,0.317862569506789,3.12057878555237
613.8,0.183471952692562,1.54158912027858,0.317862566097265,3.12057877055179
613.9,0.183471959839078,1.54158929309373,0.317862562695703,3.12057875558624
614,0.183471966968796,1.54158946556117,0.317862559302138,3.12057874065587
614.1,0.183471974081794,1.54158963768239,0.31786255591653,3.12057872576052
614.2,0.183471981178125,1.54158980945841,0.317862552538852,3.12057871090004
614.3,0.183471988257758,1.54158998088859,0.317862549169122,3.12057869607454
614.4,0.183471995320871,1.5415901519758,0.31786254580726,3.12057868128365
614.5,0.183472002367384,1.54159032271875,0.3178625424533,3.12057866652754
614.6,0.18347200939737,1.54159049311894,0.317862539107205,3.12057865180603
614.7,0.183472016410879,1.54159066317738,0.317862535768949,3.120578637119
614.8,0.183472023407882,1.54159083289343,0.317862532438548,3.12057862246653
614.9,0.183472030388565,1.54159100226991,0.317862529115921,3.12057860784827
615,0.183472037352847,1.54159117130558,0.317862525801105,3.12057859326438
615.1,0.183472044300791,1.54159134000191,0.317862522494062,3.12057857871468
615.2,0.183472051232442,1.54159150835989,0.317862519194767,3.12057856419906
615.3,0.183472058147777,1.5415916763789,0.317862515903235,3.1205785497176
615.4,0.183472065046995,1.54159184406173,0.317862512619387,3.12057853526995
615.5,0.183472071930007,1.54159201140714,0.317862509343257,3.12057852085627
615.6,0.183472078796877,1.54159217841659,0.317862506074809,3.12057850647638
615.7,0.183472085647646,1.54159234509107,0.317862502814019,3.12057849213018
615.8,0.183472092482291,1.54159251142996,0.317862499560901,3.12057847781773
615.9,0.183472099300971,1.54159267743603,0.31786249631538,3.1205784635387
616,0.183472106103617,1.54159284310804,0.31786249307749,3.12057844929325
616.1,0.183472112890316,1.54159300844744,0.317862489847192,3.1205784350812
616.2,0.183472119661129,1.54159317345522,0.317862486624458,3.12057842090243
616.3,0.183472126416016,1.54159333813074,0.317862483409306,3.12057840675702
616.4,0.183472133155127,1.54159350247677,0.317862480201663,3.12057839264465
616.5,0.183472139878397,1.54159366649208,0.31786247700156,3.12057837856545
616.6,0.183472146585878,1.54159383017763,0.317862473808974,3.12057836451932
616.7,0.18347215327764,1.54159399353474,0.317862470623867,3.1205783505061
616.8,0.183472159953694,1.5415941565636,0.317862467446237,3.12057833652577
616.9,0.183472166614092,1.54159431926503,0.31786246427606,3.12057832257824
617,0.183472173258866,1.54159448163964,0.31786246111332,3.12057830866342
617.1,0.183472179888054,1.54159464368812,0.317862457957999,3.12057829478125
617.2,0.183472186501693,1.54159480541118,0.317862454810078,3.12057828093163
617.3,0.183472193099821,1.54159496680949,0.317862451669538,3.12057826711449
617.4,0.183472199682479,1.54159512788368,0.317862448536365,3.12057825332975
617.5,0.183472206249705,1.54159528863443,0.317862445410538,3.12057823957734
617.6,0.18347221280153,1.54159544906238,0.317862442292041,3.12057822585719
617.7,0.183472219337983,1.54159560916816,0.317862439180858,3.1205782121692
617.8,0.1834722258591,1.54159576895243,0.317862436076972,3.12057819851332
617.9,0.183472232364931,1.54159592841582,0.317862432980365,3.12057818488947
618,0.18347223885551,1.54159608755898,0.317862429891019,3.12057817129756
618.1,0.183472245330898,1.54159624638304,0.317862426808905,3.12057815773746
618.2,0.183472251791112,1.54159640488829,0.317862423734014,3.12057814420916
618.3,0.183472258236138,1.54159656307451,0.317862420666354,3.12057813071267
618.4,0.183472264666108,1.5415967209442,0.317862417605858,3.12057811724769
618.5,0.183472271080963,1.54159687849624,0.317862414552555,3.12057810381436
618.6,0.18347227748078,1.54159703573197,0.31786241150641,3.12057809041252
618.7,0.183472283865611,1.54159719265227,0.3178624084674,3.12057807704208
618.8,0.183472290235423,1.5415973492566,0.317862405435538,3.12057806370308
618.9,0.183472296590354,1.54159750554752,0.317862402410758,3.12057805039524
619,0.183472302930344,1.5415976615239,0.31786239939309,3.12057803711869
619.1,0.18347230925547,1.54159781718707,0.317862396382496,3.12057802387327
619.2,0.183472315565786,1.54159797253798,0.317862393378954,3.12057801065886
619.3,0.183472321861259,1.54159812757603,0.317862390382477,3.12057799747555
619.4,0.183472328142023,1.54159828230382,0.317862387392999,3.12057798432303
619.5,0.183472334408018,1.54159843672018,0.31786238441055,3.12057797120143
619.6,0.183472340659324,1.54159859082648,0.317862381435094,3.1205779581106
619.7,0.183472346895996,1.54159874462362,0.317862378466605,3.12057794505042
619.8,0.183472353117998,1.54159889811104,0.3178623755051,3.12057793202098
619.9,0.18347235932546,1.54159905129127,0.317862372550513,3.12057791902196
620,0.183472365518323,1.54159920416321,0.317862369602873,3.1205779060535
620.1,0.18347237169667,1.54159935672816,0.317862366662143,3.12057789311545
620.2,0.183472377860558,1.54159950898704,0.317862363728299,3.12057788020771
620.3,0.183472384009949,1.54159966093928,0.317862360801358,3.12057786733033
620.4,0.183472390144963,1.54159981258741,0.317862357881254,3.12057785448303
620.5,0.183472396265546,1.54159996393031,0.317862354968016,3.12057784166593
620.6,0.183472402371786,1.54160011496929,0.317862352061608,3.12057782887888
620.7,0.18347240846374,1.54160026570526,0.317862349162005,3.12057781612178
620.8,0.18347241454137,1.54160041613764,0.317862346269223,3.12057780339469
620.9,0.183472420604791,1.54160056626895,0.317862343383198,3.12057779069733
621,0.183472426653953,1.54160071609808,0.317862340503959,3.12057777802982
621.1,0.183472432688929,1.54160086562631,0.317862337631472,3.12057776539202
621.2,0.183472438709769,1.54160101485456,0.317862334765712,3.12057775278381
621.3,0.183472444716441,1.54160116378225,0.317862331906695,3.12057774020526
621.4,0.183472450709092,1.54160131241188,0.317862329054354,3.12057772765609
621.5,0.183472456687657,1.54160146074232,0.317862326208719,3.12057771513643
621.6,0.183472462652205,1.54160160877489,0.317862323369756,3.12057770264612
621.7,0.183472468602784,1.54160175651046,0.317862320537441,3.12057769018506
621.8,0.183472474539363,1.54160190394842,0.317862317711791,3.12057767775333
621.9,0.18347248046204,1.54160205109065,0.317862314892758,3.1205776653507
622,0.183472486370817,1.54160219793715,0.31786231208034,3.12057765297718
622.1,0.18347249226573,1.54160234448856,0.317862309274521,3.12057764063269
622.2,0.183472498146816,1.54160249074553,0.317862306475284,3.12057762831716
622.3,0.183472504014107,1.54160263670864,0.317862303682614,3.12057761603052
622.4,0.183472509867636,1.54160278237855,0.317862300896493,3.1205776037727
622.5,0.183472515707436,1.54160292775584,0.317862298116907,3.12057759154363
622.6,0.183472521533542,1.54160307284112,0.317862295343839,3.12057757934323
622.7,0.183472527345988,1.54160321763497,0.317862292577274,3.12057756717145
622.8,0.183472533144806,1.541603362138,0.317862289817197,3.12057755502821
622.9,0.183472538930021,1.54160350635075,0.317862287063592,3.12057754291345
623,0.183472544701665,1.54160365027384,0.317862284316446,3.1205775308271
623.1,0.183472550459776,1.54160379390782,0.317862281575741,3.12057751876909
623.2,0.183472556204391,1.54160393725328,0.317862278841464,3.12057750673936
623.3,0.183472561935545,1.54160408031084,0.317862276113596,3.12057749473783
623.4,0.183472567653286,1.54160422308172,0.317862273392109,3.12057748276438
623.5,0.18347257335759,1.54160436556534,0.317862270677016,3.12057747081905
623.6,0.183472579048522,1.54160450776287,0.317862267968288,3.12057745890173
623.7,0.183472584726126,1.54160464967511,0.317862265265903,3.12057744701231
623.8,0.183472590390376,1.54160479130157,0.317862262569874,3.12057743515086
623.9,0.1834725960414,1.54160493264451,0.317862259880142,3.12057742331712
624,0.183472601679142,1.54160507370294,0.317862257196732,3.12057741151119
624.1,0.183472607303666,1.54160521447806,0.317862254519614,3.12057739973294
624.2,0.183472612915017,1.54160535497069,0.317862251848766,3.12057738798227
624.3,0.183472618513165,1.54160549518029,0.317862249184203,3.12057737625926
624.4,0.183472624098205,1.5416056351086,0.317862246525878,3.1205773645637
624.5,0.183472629670137,1.54160577475565,0.317862243873793,3.12057735289558
624.6,0.183472635228995,1.54160591412202,0.317862241227931,3.12057734125484
624.7,0.183472640774815,1.54160605320837,0.317862238588274,3.12057732964141
624.8,0.183472646307625,1.54160619201523,0.31786223595481,3.12057731805523
624.9,0.183472651827458,1.54160633054322,0.317862233327523,3.12057730649622
625,0.183472657334346,1.54160646879291,0.317862230706397,3.12057729496431
625.1,0.18347266282832,1.54160660676487,0.317862228091418,3.12057728345945
625.2,0.183472668309411,1.54160674445965,0.317862225482571,3.12057727198157
625.3,0.183472673777652,1.54160688187783,0.317862222879842,3.12057726053061
625.4,0.183472679233066,1.54160701901994,0.317862220283217,3.1205772491065
625.5,0.183472684675683,1.54160715588654,0.317862217692681,3.12057723770918
625.6,0.183472690105539,1.54160729247818,0.31786221510822,3.12057722633859
625.7,0.183472695522666,1.5416074287954,0.31786221252982,3.12057721499466
625.8,0.183472700927097,1.54160756483881,0.317862209957466,3.12057720367733
625.9,0.183472706318882,1.54160770060956,0.317862207391126,3.12057719238647
626,0.183472711697997,1.5416078361071,0.317862204830818,3.12057718112215
626.1,0.183472717064504,1.54160797133254,0.317862202276511,3.12057716988422
626.2,0.183472722418445,1.54160810628665,0.317862199728184,3.12057715867261
626.3,0.183472727759795,1.54160824096895,0.317862197185852,3.12057714748737
626.4,0.183472733088666,1.5416083753816,0.317862194649458,3.12057713632825
626.5,0.183472738405009,1.54160850952365,0.317862192119026,3.12057712519537
626.6,0.183472743708889,1.54160864339625,0.317862189594527,3.12057711408859
626.7,0.183472749000351,1.54160877700018,0.317862187075941,3.12057710300782
626.8,0.183472754279367,1.54160891033496,0.317862184563279,3.12057709195312
626.9,0.18347275954605,1.54160904340279,0.317862182056487,3.12057708092424
627,0.18347276480035,1.5416091762027,0.317862179555588,3.12057706992129
627.1,0.183472770042331,1.54160930873584,0.317862177060552,3.12057705894414
627.2,0.183472775272035,1.541609441003,0.31786217457136,3.1205770479927
627.3,0.183472780489436,1.54160957300369,0.317862172088025,3.12057703706702
627.4,0.18347278569465,1.5416097047401,0.317862169610489,3.12057702616687
627.5,0.183472790887627,1.54160983621126,0.317862167138779,3.12057701529233
627.6,0.183472796068428,1.54160996741831,0.317862164672863,3.1205770044433
627.7,0.183472801237098,1.54161009836204,0.317862162212723,3.12057699361968
627.8,0.183472806393609,1.54161022904196,0.31786215975837,3.12057698282151
627.9,0.183472811538075,1.54161035946024,0.31786215730975,3.12057697204857
628,0.183472816670445,1.54161048961591,0.317862154866886,3.12057696130095
628.1,0.183472821790782,1.54161061951012,0.317862152429751,3.12057695057854
628.2,0.18347282689913,1.54161074914363,0.317862149998322,3.12057693988124
628.3,0.183472831995461,1.54161087851595,0.317862147572614,3.12057692920911
628.4,0.183472837079886,1.54161100762925,0.317862145152572,3.1205769185619
628.5,0.183472842152355,1.54161113648257,0.31786214273822,3.12057690793972
628.6,0.183472847212933,1.54161126507703,0.317862140329528,3.12057689734245
628.7,0.183472852261664,1.54161139341339,0.317862137926477,3.12057688677
628.8,0.183472857298518,1.54161152149118,0.31786213552908,3.12057687622242
628.9,0.183472862323602,1.54161164931253,0.317862133137282,3.12057686569948
629,0.18347286733687,1.54161177687649,0.317862130751108,3.12057685520127
629.1,0.183472872338386,1.54161190418418,0.317862128370528,3.12057684472768
629.2,0.183472877328194,1.54161203123635,0.317862125995523,3.12057683427862
629.3,0.183472882306267,1.54161215803252,0.317862123626106,3.12057682385414
629.4,0.183472887272703,1.54161228457481,0.317862121262223,3.12057681345402
629.5,0.183472892227458,1.54161241086229,0.317862118903898,3.12057680307834
629.6,0.183472897170598,1.54161253689605,0.317862116551103,3.12057679272699
629.7,0.183472902102166,1.54161266267684,0.317862114203817,3.12057678239989
629.8,0.183472907022135,1.54161278820419,0.317862111862054,3.12057677209708
629.9,0.183472911930614,1.54161291348019,0.317862109525759,3.12057676181833
630,0.183472916827555,1.54161303850392,0.317862107194957,3.12057675156374
630.1,0.183472921713013,1.54161316327646,0.317862104869621,3.12057674133321
630.2,0.183472926587027,1.54161328779857,0.31786210254973,3.12057673112663
630.3,0.183472931449573,1.54161341206976,0.317862100235298,3.12057672094406
630.4,0.183472936300763,1.54161353609211,0.31786209792627,3.12057671078528
630.5,0.183472941140548,1.54161365986471,0.317862095622672,3.12057670065038
630.6,0.183472945968967,1.54161378338829,0.317862093324483,3.12057669053928
630.7,0.183472950786073,1.54161390666383,0.31786209103168,3.12057668045187
630.8,0.183472955591872,1.54161402969148,0.317862088744257,3.12057667038815
630.9,0.1834729603864,1.54161415247186,0.317862086462201,3.12057666034802
631,0.18347296516968,1.54161427500543,0.317862084185497,3.12057665033145
631.1,0.18347296994174,1.54161439729272,0.317862081914134,3.12057664033838
631.2,0.183472974702607,1.54161451933426,0.317862079648098,3.12057663036874
631.3,0.18347297945231,1.54161464113055,0.317862077387377,3.12057662042248
631.4,0.183472984190875,1.54161476268208,0.317862075131957,3.12057661049955
631.5,0.183472988918329,1.54161488398935,0.317862072881825,3.12057660059989
631.6,0.183472993634698,1.54161500505285,0.317862070636971,3.12057659072344
631.7,0.183472998340003,1.54161512587306,0.317862068397381,3.12057658087016
631.8,0.183473003034272,1.54161524645048,0.317862066163044,3.12057657103998
631.9,0.183473007717536,1.54161536678557,0.317862063933946,3.12057656123285
632,0.183473012389822,1.54161548687884,0.317862061710075,3.12057655144873
632.1,0.18347301705117,1.54161560673113,0.31786205949141,3.12057654168751
632.2,0.183473021701588,1.54161572634267,0.317862057277946,3.12057653194917
632.3,0.18347302634107,1.54161584571329,0.317862055069686,3.12057652223372
632.4,0.183473030969719,1.54161596484488,0.317862052866584,3.12057651254097
632.5,0.18347303558749,1.5416160837366,0.317862050668659,3.12057650287099
632.6,0.183473040194434,1.54161620238945,0.317862048475888,3.12057649322369
632.7,0.183473044790586,1.5416163208041,0.317862046288252,3.12057648359899
632.8,0.183473049375924,1.54161643898014,0.317862044105763,3.12057647399692
632.9,0.183473053950558,1.54161655691951,0.31786204192837,3.12057646441728
633,0.183473058514439,1.54161667462134,0.317862039756097,3.12057645486016
633.1,0.183473063067618,1.54161679208667,0.317862037588917,3.12057644532546
633.2,0.183473067610129,1.54161690931618,0.317862035426813,3.12057643581308
633.3,0.183473072141952,1.54161702630944,0.317862033269796,3.12057642632308
633.4,0.183473076663197,1.54161714306841,0.317862031117816,3.12057641685525
633.5,0.183473081173815,1.54161725959221,0.317862028970894,3.12057640740967
633.6,0.183473085673855,1.54161737588185,0.317862026829008,3.12057639798625
633.7,0.18347309016335,1.54161749193805,0.317862024692138,3.12057638858489
633.8,0.183473094642279,1.54161760776034,0.317862022560296,3.12057637920566
633.9,0.183473099110758,1.54161772335069,0.317862020433432,3.12057636984832
634,0.183473103568736,1.54161783870821,0.317862018311568,3.12057636051299
634.1,0.18347310801626,1.54161795383392,0.317862016194679,3.12057635119955
634.2,0.183473112453362,1.54161806872851,0.317862014082748,3.12057634190792
634.3,0.183473116880023,1.54161818339154,0.317862011975787,3.12057633263814
634.4,0.183473121296345,1.54161829782492,0.317862009873746,3.12057632339002
634.5,0.183473125702283,1.54161841202782,0.317862007776647,3.12057631416364
634.6,0.183473130097892,1.54161852600121,0.317862005684465,3.1205763049589
634.7,0.183473134483208,1.54161863974579,0.317862003597183,3.12057629577571
634.8,0.183473138858209,1.54161875326113,0.317862001514812,3.12057628661413
634.9,0.183473143222991,1.54161886654911,0.317861999437304,3.12057627747394
635,0.183473147577512,1.54161897960891,0.31786199736468,3.12057626835525
635.1,0.183473151921806,1.54161909244118,0.317861995296924,3.12057625925796
635.2,0.18347315625592,1.54161920504683,0.317861993234013,3.120576250182
635.3,0.183473160579862,1.54161931742601,0.317861991175943,3.12057624112733
635.4,0.183473164893662,1.54161942957926,0.317861989122701,3.12057623209391
635.5,0.183473169197343,1.54161954150702,0.317861987074276,3.12057622308168
635.6,0.183473173490929,1.54161965320975,0.317861985030655,3.12057621409059
635.7,0.183473177774445,1.54161976468796,0.317861982991828,3.12057620512058
635.8,0.183473182047915,1.5416198759421,0.317861980957782,3.12057619617161
635.9,0.183473186311364,1.54161998697261,0.317861978928506,3.12057618724363
636,0.183473190564817,1.54162009777996,0.317861976903989,3.12057617833658
636.1,0.183473194808294,1.54162020836459,0.317861974884219,3.12057616945043
636.2,0.183473199041818,1.54162031872693,0.317861972869186,3.12057616058511
636.3,0.183473203265413,1.54162042886745,0.317861970858879,3.12057615174058
636.4,0.183473207479106,1.54162053878657,0.317861968853286,3.12057614291679
636.5,0.18347321168292,1.54162064848474,0.317861966852395,3.1205761341137
636.6,0.183473215876893,1.54162075796275,0.31786196485619,3.12057612533122
636.7,0.183473220061033,1.54162086722081,0.317861962864663,3.12057611656932
636.8,0.183473224235333,1.54162097625874,0.317861960877819,3.12057610782801
636.9,0.183473228399887,1.54162108507828,0.317861958895615,3.12057609910713
637,0.183473232554652,1.54162119367867,0.31786195691807,3.12057609040675
637.1,0.183473236699676,1.54162130206081,0.317861954945161,3.12057608172675
637.2,0.183473240834991,1.54162141022533,0.317861952976873,3.1205760730671
637.3,0.183473244960577,1.54162151817184,0.317861951013216,3.12057606442781
637.4,0.18347324907653,1.54162162590212,0.317861949054144,3.1205760558087
637.5,0.183473253182809,1.54162173341539,0.317861947099678,3.12057604720985
637.6,0.183473257279459,1.54162184071256,0.317861945149795,3.12057603863117
637.7,0.183473261366511,1.54162194779429,0.317861943204478,3.12057603007258
637.8,0.183473265443946,1.54162205466017,0.317861941263739,3.12057602153412
637.9,0.183473269511864,1.54162216131199,0.317861939327532,3.12057601301561
638,0.18347327357022,1.54162226774895,0.317861937395876,3.12057600451712
638.1,0.183473277619059,1.54162237397198,0.31786193546875,3.12057599603855
638.2,0.18347328165841,1.54162247998172,0.317861933546138,3.12057598757985
638.3,0.183473285688255,1.54162258577776,0.31786193162805,3.12057597914105
638.4,0.183473289708697,1.54162269136188,0.31786192971444,3.12057597072195
638.5,0.183473293719691,1.54162279673329,0.317861927805328,3.12057596232265
638.6,0.183473297721276,1.5416229018929,0.317861925900694,3.12057595394305
638.7,0.183473301713482,1.54162300684136,0.317861924000521,3.12057594558307
638.8,0.183473305696292,1.54162311157825,0.31786192210482,3.12057593724276
638.9,0.183473309669813,1.54162321610534,0.317861920213543,3.12057592892192
639,0.183473313633997,1.54162332042184,0.317861918326713,3.12057592062065
639.1,0.183473317588885,1.54162342452866,0.317861916444307,3.12057591233884
639.2,0.183473321534504,1.54162352842643,0.317861914566311,3.12057590407643
639.3,0.183473325470837,1.54162363211475,0.317861912692733,3.12057589583346
639.4,0.183473329397976,1.54162373559536,0.317861910823531,3.12057588760974
639.5,0.183473333315881,1.54162383886749,0.317861908958724,3.12057587940536
639.6,0.1834733372246,1.54162394193203,0.317861907098288,3.12057587122021
639.7,0.183473341124169,1.54162404478961,0.31786190524221,3.12057586305423
639.8,0.183473345014565,1.54162414743984,0.317861903390499,3.12057585490747
639.9,0.183473348895874,1.54162424988442,0.317861901543112,3.12057584677973
640,0.183473352768058,1.54162435212261,0.317861899700068,3.12057583867109
640.1,0.183473356631148,1.541624454155,0.317861897861353,3.12057583058151
640.2,0.183473360485186,1.54162455598241,0.317861896026947,3.12057582251088
640.3,0.183473364330177,1.54162465760497,0.317861894196845,3.12057581445918
640.4,0.183473368166151,1.54162475902319,0.317861892371037,3.12057580642638
640.5,0.183473371993126,1.54162486023744,0.317861890549511,3.12057579841242
640.6,0.183473375811125,1.54162496124816,0.317861888732258,3.12057579041726
640.7,0.183473379620169,1.5416250620558,0.317861886919267,3.12057578244085
640.8,0.18347338342028,1.54162516266077,0.317861885110529,3.12057577448315
640.9,0.183473387211479,1.54162526306345,0.317861883306032,3.1205757665441
641,0.18347339099379,1.54162536326429,0.317861881505766,3.12057575862368
641.1,0.183473394767231,1.54162546326369,0.317861879709722,3.12057575072183
641.2,0.18347339853182,1.54162556306202,0.31786187791789,3.12057574283851
641.3,0.183473402287578,1.54162566265972,0.31786187613026,3.12057573497368
641.4,0.183473406034533,1.54162576205716,0.317861874346823,3.12057572712729
641.5,0.183473409772705,1.54162586125475,0.317861872567567,3.1205757192993
641.6,0.183473413502125,1.54162596025321,0.317861870792476,3.12057571148964
641.7,0.1834734172228,1.54162605905272,0.317861869021547,3.12057570369829
641.8,0.183473420934725,1.54162615765312,0.317861867254782,3.12057569592525
641.9,0.183473424637983,1.541626256056,0.317861865492143,3.12057568817037
642,0.183473428332537,1.54162635426065,0.317861863733646,3.12057568043371
642.1,0.183473432018429,1.5416264522679,0.317861861979272,3.12057567271519
642.2,0.183473435695686,1.54162655007831,0.317861860229008,3.12057566501475
642.3,0.183473439364292,1.54162664769154,0.317861858482861,3.12057565733242
642.4,0.183473443024333,1.54162674510918,0.317861856740791,3.12057564966804
642.5,0.183473446675773,1.54162684233054,0.317861855002817,3.12057564202168
642.6,0.183473450318648,1.54162693935644,0.317861853268918,3.12057563439324
642.7,0.183473453952989,1.54162703618748,0.317861851539081,3.12057562678268
642.8,0.183473457578777,1.54162713282328,0.317861849813313,3.12057561919001
642.9,0.183473461196104,1.54162722926546,0.317861848091576,3.12057561161508
643,0.183473464804929,1.5416273255133,0.317861846373886,3.12057560405796
643.1,0.183473468405289,1.54162742156766,0.317861844660224,3.12057559651856
643.2,0.183473471997212,1.54162751742908,0.317861842950576,3.12057558899681
643.3,0.18347347558068,1.54162761309723,0.31786184124495,3.12057558149277
643.4,0.183473479155786,1.54162770857369,0.317861839543307,3.12057557400624
643.5,0.183473482722488,1.54162780385776,0.317861837845665,3.12057556653732
643.6,0.183473486280829,1.54162789895027,0.317861836152003,3.12057555908591
643.7,0.183473489830836,1.54162799385178,0.317861834462308,3.12057555165196
643.8,0.183473493372493,1.54162808856194,0.317861832776587,3.12057554423549
643.9,0.183473496905875,1.54162818308233,0.317861831094805,3.12057553683634
644,0.183473500430949,1.54162827741225,0.317861829416976,3.12057552945459
644.1,0.183473503947758,1.54162837155252,0.317861827743081,3.12057552209015
644.2,0.183473507456332,1.54162846550371,0.317861826073106,3.12057551474295
644.3,0.18347351095665,1.54162855926542,0.317861824407061,3.12057550741305
644.4,0.183473514448772,1.54162865283885,0.317861822744917,3.12057550010031
644.5,0.183473517932698,1.54162874622401,0.317861821086674,3.12057549280473
644.6,0.183473521408449,1.54162883942129,0.317861819432322,3.12057548552626
644.7,0.183473524876047,1.54162893243113,0.31786181778185,3.12057547826488
644.8,0.183473528335511,1.54162902525388,0.31786181613525,3.12057547102052
644.9,0.18347353178686,1.54162911788996,0.317861814492512,3.12057546379316
645,0.183473535230113,1.54162921033975,0.317861812853627,3.12057545658274
645.1,0.183473538665293,1.54162930260364,0.317861811218585,3.12057544938924
645.2,0.183473542092419,1.54162939468199,0.317861809587378,3.12057544221261
645.3,0.183473545511511,1.54162948657519,0.317861807959995,3.1205754350528
645.4,0.183473548922582,1.54162957828359,0.317861806336429,3.12057542790979
645.5,0.183473552325653,1.54162966980758,0.31786180471667,3.12057542078352
645.6,0.183473555720743,1.54162976114752,0.317861803100711,3.12057541367397
645.7,0.183473559107869,1.54162985230377,0.317861801488541,3.1205754065811
645.8,0.183473562487052,1.54162994327674,0.317861799880151,3.12057539950485
645.9,0.183473565858335,1.5416300340672,0.317861798275523,3.12057539244516
646,0.183473569221698,1.54163012467479,0.317861796674664,3.12057538540205
646.1,0.183473572577177,1.54163021510024,0.317861795077558,3.12057537837544
646.2,0.183473575924799,1.54163030534407,0.317861793484192,3.1205753713653
646.3,0.183473579264546,1.54163039540597,0.317861791894574,3.12057536437164
646.4,0.183473582596495,1.54163048528738,0.317861790308668,3.12057535739431
646.5,0.18347358592061,1.54163057498766,0.31786178872649,3.12057535043339
646.6,0.183473589236932,1.54163066450758,0.317861787148022,3.12057534348879
646.7,0.183473592545485,1.54163075384767,0.317861785573251,3.12057533656046
646.8,0.183473595846253,1.54163084300756,0.317861784002186,3.12057532964842
646.9,0.183473599139292,1.5416309319884,0.317861782434799,3.12057532275258
647,0.183473602424604,1.54163102079017,0.317861780871091,3.12057531587291
647.1,0.183473605702207,1.54163110941328,0.317861779311052,3.12057530900939
647.2,0.183473608972122,1.54163119785811,0.317861777754672,3.12057530216196
647.3,0.183473612234365,1.54163128612502,0.317861776201943,3.12057529533061
647.4,0.183473615488959,1.5416313742144,0.317861774652856,3.12057528851527
647.5,0.18347361873592,1.54163146212662,0.317861773107401,3.12057528171592
647.6,0.183473621975267,1.54163154986203,0.317861771565572,3.12057527493251
647.7,0.183473625207015,1.54163163742099,0.317861770027357,3.12057526816501
647.8,0.183473628431183,1.54163172480388,0.317861768492751,3.12057526141338
647.9,0.183473631647793,1.54163181201101,0.317861766961743,3.12057525467758
648,0.183473634856862,1.54163189904275,0.317861765434325,3.12057524795758
648.1,0.183473638058419,1.54163198589974,0.317861763910482,3.12057524125332
648.2,0.183473641252469,1.54163207258211,0.317861762390212,3.12057523456476
648.3,0.183473644439007,1.54163215908975,0.317861760873516,3.12057522789194
648.4,0.183473647618105,1.54163224542403,0.317861759360363,3.12057522123469
648.5,0.183473650789732,1.54163233158435,0.317861757850766,3.1205752145931
648.6,0.183473653953922,1.54163241757142,0.317861756344708,3.12057520796707
648.7,0.1834736571107,1.54163250338574,0.317861754842177,3.12057520135656
648.8,0.18347366026005,1.541632589027,0.317861753343181,3.12057519476161
648.9,0.183473663402049,1.54163267449662,0.317861751847686,3.12057518818206
649,0.183473666536662,1.54163275979397,0.317861750355707,3.12057518161797
649.1,0.183473669663924,1.54163284491979,0.317861748867225,3.12057517506928
649.2,0.18347367278386,1.54163292987459,0.317861747382231,3.12057516853592
649.3,0.183473675896454,1.54163301465805,0.31786174590073,3.12057516201794
649.4,0.183473679001783,1.54163309927158,0.317861744422689,3.12057515551517
649.5,0.183473682099812,1.54163318371456,0.317861742948122,3.1205751490277
649.6,0.183473685190577,1.54163326798772,0.317861741477013,3.12057514255544
649.7,0.183473688274098,1.54163335209157,0.317861740009351,3.12057513609833
649.8,0.183473691350363,1.5416334360258,0.31786173854514,3.12057512965642
649.9,0.18347369441945,1.54163351979179,0.31786173708435,3.12057512322956
650,0.183473697481325,1.54163360338894,0.317861735626993,3.1205751168178
650.1,0.183473700536017,1.54163368681798,0.317861734173054,3.12057511042108
650.2,0.183473703583549,1.54163377007939,0.31786173272252,3.12057510403933
650.3,0.183473706623908,1.54163385317287,0.3178617312754,3.12057509767261
650.4,0.183473709657177,1.5416339360998,0.317861729831658,3.12057509132075
650.5,0.183473712683318,1.54163401885957,0.31786172839131,3.12057508498383
650.6,0.18347371570236,1.54163410145291,0.317861726954339,3.12057507866176
650.7,0.183473718714322,1.5416341838803,0.317861725520736,3.1205750723545
650.8,0.183473721719192,1.54163426614144,0.317861724090505,3.12057506606208
650.9,0.183473724717054,1.54163434823769,0.317861722663614,3.12057505978436
651,0.183473727707871,1.54163443016846,0.317861721240077,3.12057505352139
651.1,0.183473730691677,1.54163451193445,0.317861719819877,3.12057504727311
651.2,0.183473733668496,1.54163459353616,0.317861718403004,3.12057504103946
651.3,0.183473736638313,1.54163467497327,0.317861716989464,3.12057503482048
651.4,0.18347373960119,1.54163475624715,0.317861715579226,3.12057502861603
651.5,0.183473742557099,1.54163483735719,0.317861714172303,3.12057502242616
651.6,0.183473745506077,1.54163491830411,0.31786171276868,3.1205750162508
651.7,0.183473748448151,1.54163499908838,0.317861711368343,3.12057501008991
651.8,0.183473751383302,1.54163507970968,0.317861709971302,3.12057500394352
651.9,0.18347375431158,1.54163516016903,0.317861708577531,3.12057499781151
652,0.183473757232986,1.54163524046643,0.317861707187032,3.1205749916939
652.1,0.183473760147536,1.54163532060223,0.317861705799796,3.12057498559064
652.2,0.183473763055249,1.5416354005768,0.317861704415813,3.1205749795017
652.3,0.183473765956142,1.54163548039044,0.317861703035077,3.12057497342704
652.4,0.183473768850229,1.54163556004352,0.31786170165758,3.12057496736663
652.5,0.183473771737527,1.54163563953637,0.317861700283314,3.12057496132044
652.6,0.183473774618055,1.54163571886931,0.31786169891227,3.12057495528842
652.7,0.183473777491831,1.54163579804265,0.317861697544441,3.12057494927055
652.8,0.183473780358873,1.54163587705675,0.317861696179819,3.12057494326679
652.9,0.183473783219188,1.54163595591189,0.317861694818398,3.12057493727711
653,0.183473786072793,1.5416360346084,0.317861693460169,3.12057493130147
653.1,0.183473788919717,1.54163611314685,0.317861692105121,3.12057492533983
653.2,0.183473791759966,1.54163619152737,0.317861690753248,3.12057491939216
653.3,0.183473794593536,1.54163626974987,0.317861689404555,3.12057491345848
653.4,0.183473797420491,1.54163634781557,0.31786168805901,3.12057490753865
653.5,0.183473800240803,1.54163642572392,0.317861686716629,3.12057490163273
653.6,0.183473803054503,1.54163650347559,0.317861685377394,3.12057489574066
653.7,0.183473805861612,1.54163658107102,0.317861684041296,3.12057488986239
653.8,0.183473808662116,1.54163665850994,0.317861682708341,3.12057488399795
653.9,0.183473811456082,1.5416367357936,0.317861681378499,3.12057487814721
654,0.183473814243481,1.54163681292146,0.317861680051784,3.12057487231022
654.1,0.183473817024343,1.54163688989419,0.317861678728179,3.12057486648692
654.2,0.183473819798689,1.54163696671224,0.317861677407675,3.12057486067726
654.3,0.183473822566508,1.54163704337532,0.317861676090277,3.12057485488126
654.4,0.183473825327866,1.54163711988471,0.317861674775956,3.1205748490988
654.5,0.183473828082733,1.54163719623985,0.317861673464725,3.12057484332993
654.6,0.183473830831139,1.54163727244141,0.317861672156568,3.1205748375746
654.7,0.183473833573105,1.54163734848984,0.317861670851476,3.12057483183274
654.8,0.183473836308619,1.54163742438484,0.317861669549454,3.12057482610439
654.9,0.183473839037749,1.5416375001277,0.317861668250473,3.12057482038942
655,0.183473841760465,1.54163757571785,0.317861666954545,3.12057481468789
655.1,0.183473844476795,1.54163765115595,0.317861665661656,3.12057480899972
655.2,0.183473847186758,1.54163772644245,0.317861664371796,3.12057480332488
655.3,0.183473849890343,1.54163780157706,0.31786166308497,3.12057479766338
655.4,0.183473852587622,1.54163787656105,0.317861661801149,3.12057479201511
655.5,0.183473855278563,1.54163795139385,0.317861660520346,3.12057478638012
655.6,0.183473857963192,1.54163802607612,0.317861659242546,3.12057478075835
655.7,0.183473860641525,1.54163810060831,0.31786165796774,3.12057477514973
655.8,0.183473863313553,1.54163817499014,0.317861656695934,3.12057476955432
655.9,0.183473865979353,1.54163824922284,0.317861655427096,3.12057476397197
656,0.183473868638891,1.54163832330587,0.317861654161241,3.12057475840275
656.1,0.183473871292189,1.54163839723987,0.317861652898355,3.12057475284658
656.2,0.183473873939259,1.54163847102529,0.317861651638427,3.12057474730343
656.3,0.183473876580096,1.54163854466185,0.317861650381465,3.12057474177332
656.4,0.183473879214777,1.54163861815077,0.317861649127437,3.12057473625612
656.5,0.183473881843268,1.54163869149152,0.317861647876357,3.1205747307519
656.6,0.183473884465598,1.54163876468474,0.317861646628209,3.12057472526058
656.7,0.183473887081787,1.54163883773085,0.317861645382985,3.12057471978213
656.8,0.183473889691824,1.54163891062959,0.317861644140691,3.12057471431655
656.9,0.183473892295759,1.54163898338218,0.317861642901298,3.12057470886375
657,0.18347389489357,1.54163905598807,0.317861641664819,3.12057470342377
657.1,0.18347389748529,1.5416391284479,0.31786164043124,3.12057469799654
657.2,0.183473900070942,1.5416392007621,0.317861639200549,3.12057469258202
657.3,0.183473902650512,1.5416392729304,0.317861637972755,3.12057468718024
657.4,0.183473905224053,1.54163934495401,0.317861636747827,3.12057468179108
657.5,0.183473907791543,1.54163941683239,0.31786163552578,3.12057467641459
657.6,0.183473910353014,1.54163948856617,0.317861634306598,3.1205746710507
657.7,0.18347391290849,1.54163956015578,0.317861633090271,3.12057466569938
657.8,0.183473915457955,1.54163963160094,0.317861631876805,3.12057466036064
657.9,0.18347391800146,1.54163970290286,0.317861630666175,3.12057465503438
658,0.183473920538983,1.541639774061,0.31786162945839,3.12057464972064
658.1,0.183473923070558,1.54163984507598,0.317861628253437,3.12057464441935
658.2,0.18347392559621,1.54163991594824,0.317861627051306,3.12057463913049
658.3,0.183473928115923,1.54163998667749,0.317861625852003,3.12057463385406
658.4,0.183473930629746,1.54164005726493,0.317861624655501,3.12057462858996
658.5,0.183473933137656,1.54164012771004,0.317861623461812,3.12057462333824
658.6,0.183473935639686,1.54164019801342,0.317861622270923,3.12057461809882
658.7,0.183473938135857,1.54164026817549,0.317861621082822,3.12057461287169
658.8,0.183473940626155,1.541640338196,0.317861619897517,3.12057460765685
658.9,0.183473943110635,1.54164040807611,0.31786161871498,3.12057460245418
659,0.183473945589273,1.5416404778153,0.317861617535224,3.12057459726375
659.1,0.183473948062101,1.54164054741419,0.317861616358233,3.12057459208549
659.2,0.18347395052914,1.54164061687319,0.317861615183998,3.12057458691936
659.3,0.183473952990377,1.54164068619203,0.317861614012527,3.12057458176538
659.4,0.183473955445861,1.54164075537188,0.317861612843791,3.12057457662344
659.5,0.18347395789557,1.54164082441222,0.317861611677804,3.12057457149358
659.6,0.183473960339537,1.54164089331366,0.31786161051455,3.12057456637576
659.7,0.183473962777785,1.54164096207661,0.31786160935402,3.12057456126992
659.8,0.183473965210298,1.54164103070081,0.317861608196221,3.1205745561761
659.9,0.183473967637127,1.5416410991874,0.317861607041125,3.12057455109417
660,0.183473970058248,1.54164116753588,0.317861605888746,3.12057454602419
660.1,0.183473972473692,1.54164123574685,0.317861604739068,3.12057454096609
660.2,0.18347397488348,1.5416413038207,0.317861603592084,3.12057453591985
660.3,0.183473977287598,1.5416413717572,0.317861602447798,3.12057453088547
660.4,0.183473979686099,1.54164143955746,0.317861601306184,3.12057452586285
660.5,0.183473982078961,1.541641507221,0.317861600167254,3.12057452085205
660.6,0.183473984466213,1.5416415747484,0.317861599030995,3.12057451585299
660.7,0.183473986847877,1.54164164214005,0.317861597897397,3.12057451086564
660.8,0.183473989223939,1.54164170939572,0.317861596766465,3.12057450589002
660.9,0.183473991594448,1.54164177651653,0.317861595638176,3.12057450092602
661,0.183473993959382,1.54164184350197,0.317861594512538,3.12057449597369
661.1,0.183473996318772,1.54164191035263,0.317861593389541,3.12057449103298
661.2,0.183473998672641,1.54164197706891,0.317861592269173,3.12057448610384
661.3,0.183474001020973,1.54164204365056,0.31786159115144,3.12057448118629
661.4,0.183474003363815,1.54164211009869,0.317861590036319,3.12057447628023
661.5,0.183474005701146,1.54164217641282,0.317861588923819,3.1205744713857
661.6,0.183474008032998,1.54164224259351,0.317861587813929,3.12057446650265
661.7,0.183474010359391,1.54164230864117,0.317861586706637,3.12057446163104
661.8,0.183474012680312,1.54164237455554,0.31786158560195,3.12057445677089
661.9,0.183474014995812,1.54164244033773,0.317861584499843,3.12057445192208
662,0.183474017305868,1.54164250598726,0.317861583400328,3.12057444708468
662.1,0.183474019610509,1.54164257150468,0.317861582303389,3.12057444225862
662.2,0.183474021909753,1.5416426368904,0.317861581209021,3.12057443744387
662.3,0.183474024203589,1.54164270214417,0.317861580117227,3.12057443264044
662.4,0.183474026492063,1.54164276726708,0.317861579027983,3.12057442784823
662.5,0.183474028775156,1.54164283225865,0.3178615779413,3.12057442306728
662.6,0.183474031052897,1.54164289711944,0.317861576857165,3.12057441829755
662.7,0.183474033325306,1.54164296184984,0.317861575775569,3.12057441353899
662.8,0.18347403559237,1.54164302644961,0.317861574696517,3.12057440879162
662.9,0.183474037854135,1.54164309091983,0.317861573619986,3.12057440405534
663,0.18347404011058,1.54164315526001,0.317861572545987,3.12057439933019
663.1,0.183474042361737,1.54164321947074,0.317861571474505,3.12057439461613
663.2,0.183474044607625,1.54164328355237,0.317861570405532,3.1205743899131
663.3,0.183474046848232,1.54164334750468,0.317861569339074,3.12057438522114
663.4,0.183474049083602,1.54164341132874,0.317861568275107,3.12057438054014
663.5,0.183474051313715,1.54164347502407,0.317861567213641,3.12057437587015
663.6,0.183474053538599,1.54164353859122,0.317861566154664,3.1205743712111
663.7,0.183474055758272,1.54164360203058,0.317861565098168,3.12057436656296
663.8,0.183474057972723,1.54164366534191,0.317861564044157,3.12057436192577
663.9,0.183474060182001,1.54164372852626,0.317861562992608,3.1205743572994
664,0.183474062386083,1.54164379158318,0.317861561943532,3.12057435268391
664.1,0.183474064584999,1.5416438545132,0.317861560896915,3.12057434807924
664.2,0.183474066778768,1.5416439173167,0.317861559852749,3.12057434348535
664.3,0.183474068967376,1.54164397999346,0.317861558811039,3.12057433890227
664.4,0.18347407115087,1.54164404254451,0.317861557771763,3.1205743343299
664.5,0.183474073329228,1.54164410496939,0.31786155673493,3.12057432976828
664.6,0.18347407550248,1.54164416726866,0.317861555700529,3.12057432521735
664.7,0.183474077670646,1.54164422944267,0.317861554668549,3.12057432067708
664.8,0.183474079833713,1.54164429149119,0.317861553638997,3.12057431614749
664.9,0.183474081991722,1.54164435341528,0.317861552611851,3.12057431162849
665,0.183474084144654,1.54164441521446,0.317861551587119,3.1205743071201
665.1,0.18347408629254,1.54164447688927,0.317861550564791,3.12057430262229
665.2,0.183474088435398,1.54164453844008,0.317861549544856,3.12057429813501
665.3,0.183474090573216,1.54164459986667,0.31786154852732,3.12057429365829
665.4,0.18347409270604,1.54164466117005,0.317861547512162,3.12057428919202
665.5,0.18347409483385,1.54164472234978,0.317861546499389,3.12057428473626
665.6,0.183474096956672,1.54164478340639,0.317861545488992,3.12057428029094
665.7,0.183474099074523,1.54164484434024,0.31786154448096,3.12057427585603
665.8,0.183474101187392,1.5416449051511,0.3178615434753,3.12057427143155
665.9,0.183474103295323,1.54164496583999,0.31786154247199,3.12057426701742
666,0.183474105398297,1.54164502640647,0.317861541471038,3.12057426261365
666.1,0.183474107496341,1.54164508685105,0.317861540472433,3.12057425822022
666.2,0.183474109589474,1.54164514717411,0.317861539476166,3.12057425383707
666.3,0.183474111677684,1.5416452073754,0.317861538482244,3.12057424946424
666.4,0.183474113761012,1.54164526745595,0.317861537490643,3.12057424510161
666.5,0.18347411583944,1.54164532741531,0.317861536501374,3.12057424074925
666.6,0.183474117912997,1.54164538725399,0.317861535514424,3.12057423640709
666.7,0.183474119981702,1.54164544697236,0.317861534529785,3.1205742320751
666.8,0.183474122045542,1.54164550657019,0.317861533547462,3.1205742277533
666.9,0.183474124104557,1.54164556604848,0.317861532567434,3.1205742234416
667,0.183474126158731,1.54164562540679,0.31786153158971,3.12057421914003
667.1,0.183474128208087,1.54164568464563,0.317861530614279,3.12057421484855
667.2,0.183474130252645,1.54164574376536,0.317861529641133,3.12057421056712
667.3,0.183474132292392,1.54164580276576,0.317861528670275,3.12057420629576
667.4,0.183474134327374,1.54164586164782,0.317861527701686,3.12057420203438
667.5,0.183474136357571,1.54164592041109,0.317861526735373,3.12057419778302
667.6,0.183474138383008,1.5416459790561,0.317861525771327,3.12057419354162
667.7,0.183474140403705,1.54164603758318,0.317861524809538,3.12057418931016
667.8,0.183474142419648,1.54164609599212,0.317861523850011,3.12057418508866
667.9,0.18347414443088,1.54164615428391,0.317861522892726,3.12057418087701
668,0.183474146437382,1.5416462124581,0.317861521937692,3.12057417667527
668.1,0.18347414843918,1.5416462705152,0.317861520984897,3.12057417248337
668.2,0.183474150436294,1.54164632845556,0.317861520034332,3.1205741683013
668.3,0.183474152428711,1.54164638627897,0.317861519086004,3.12057416412906
668.4,0.183474154416468,1.54164644398639,0.317861518139892,3.12057415996657
668.5,0.18347415639955,1.54164650157739,0.317861517196004,3.12057415581387
668.6,0.183474158377983,1.54164655905247,0.317861516254329,3.1205741516709
668.7,0.183474160351786,1.54164661641199,0.31786151531486,3.12057414753763
668.8,0.183474162320946,1.54164667365571,0.3178615143776,3.12057414341409
668.9,0.183474164285506,1.54164673078461,0.317861513442529,3.12057413930018
669,0.183474166245447,1.54164678779825,0.317861512509657,3.12057413519594
669.1,0.183474168200794,1.54164684469714,0.317861511578973,3.12057413110133
669.2,0.183474170151562,1.54164690148161,0.317861510650468,3.1205741270163
669.3,0.183474172097741,1.54164695815145,0.317861509724147,3.12057412294089
669.4,0.183474174039372,1.54164701470761,0.31786150879999,3.12057411887499
669.5,0.183474175976437,1.54164707114968,0.317861507878006,3.12057411481866
669.6,0.18347417790896,1.54164712747813,0.317861506958183,3.12057411077183
669.7,0.183474179836961,1.54164718369331,0.317861506040514,3.12057410673448
669.8,0.183474181760426,1.54164723979502,0.317861505125005,3.12057410270663
669.9,0.183474183679395,1.54164729578418,0.317861504211634,3.12057409868819
670,0.18347418559385,1.54164735166038,0.31786150330041,3.1205740946792
670.1,0.183474187503818,1.5416474074241,0.317861502391324,3.1205740906796
670.2,0.183474189409317,1.54164746307569,0.317861501484365,3.12057408668938
670.3,0.183474191310336,1.54164751861494,0.31786150057954,3.12057408270854
670.4,0.18347419320691,1.54164757404277,0.317861499676829,3.12057407873699
670.5,0.183474195099024,1.54164762935876,0.317861498776241,3.12057407477479
670.6,0.183474196986702,1.54164768456342,0.317861497877764,3.12057407082188
670.7,0.183474198869959,1.54164773965705,0.317861496981391,3.12057406687822
670.8,0.183474200748785,1.54164779463947,0.317861496087127,3.12057406294384
670.9,0.183474202623221,1.54164784951158,0.317861495194952,3.12057405901865
671,0.18347420449325,1.54164790427298,0.317861494304874,3.12057405510269
671.1,0.183474206358895,1.54164795892415,0.317861493416884,3.12057405119591
671.2,0.183474208220173,1.54164801346541,0.317861492530973,3.12057404729828
671.3,0.183474210077073,1.54164806789657,0.317861491647145,3.12057404340982
671.4,0.183474211929633,1.54164812221852,0.317861490765383,3.12057403953044
671.5,0.183474213777837,1.54164817643088,0.317861489885694,3.12057403566018
671.6,0.183474215621708,1.5416482305341,0.317861489008067,3.120574031799
671.7,0.183474217461264,1.54164828452852,0.317861488132495,3.12057402794686
671.8,0.183474219296494,1.54164833841393,0.317861487258983,3.12057402410379
671.9,0.183474221127432,1.54164839219123,0.317861486387512,3.12057402026969
672,0.183474222954063,1.54164844586003,0.31786148551809,3.1205740164446
672.1,0.183474224776411,1.54164849942079,0.317861484650706,3.12057401262848
672.2,0.183474226594495,1.54164855287384,0.317861483785353,3.1205740088213
672.3,0.183474228408302,1.54164860621896,0.317861482922036,3.12057400502308
672.4,0.183474230217873,1.54164865945706,0.317861482060736,3.12057400123373
672.5,0.183474232023189,1.54164871258775,0.31786148120146,3.12057399745328
672.6,0.183474233824273,1.54164876561147,0.3178614803442,3.1205739936817
672.7,0.18347423562114,1.54164881852856,0.317861479488946,3.12057398991895
672.8,0.18347423741378,1.5416488713388,0.317861478635705,3.12057398616506
672.9,0.18347423920223,1.5416489240431,0.317861477784457,3.12057398241994
673,0.183474240986474,1.54164897664104,0.317861476935212,3.12057397868362
673.1,0.183474242766536,1.5416490291331,0.317861476087956,3.12057397495606
673.2,0.183474244542431,1.54164908151959,0.317861475242684,3.12057397123722
673.3,0.183474246314149,1.54164913380031,0.317861474399402,3.12057396752714
673.4,0.183474248081725,1.54164918597614,0.317861473558089,3.12057396382573
673.5,0.183474249845142,1.54164923804669,0.317861472718754,3.12057396013302
673.6,0.183474251604428,1.5416492900124,0.317861471881388,3.12057395644896
673.7,0.183474253359597,1.54164934187361,0.317861471045982,3.12057395277353
673.8,0.183474255110639,1.5416493936301,0.31786147021254,3.12057394910675
673.9,0.183474256857588,1.54164944528274,0.317861469381047,3.12057394544853
674,0.183474258600428,1.54164949683116,0.317861468551507,3.12057394179892
674.1,0.183474260339181,1.54164954827581,0.317861467723914,3.12057393815786
674.2,0.183474262073862,1.54164959961698,0.317861466898258,3.12057393452533
674.3,0.183474263804462,1.54164965085449,0.317861466074545,3.12057393090135
674.4,0.183474265531019,1.54164970198919,0.317861465252756,3.12057392728583
674.5,0.183474267253515,1.54164975302071,0.317861464432899,3.12057392367881
674.6,0.183474268971974,1.54164980394949,0.317861463614964,3.12057392008024
674.7,0.183474270686411,1.54164985477584,0.317861462798945,3.12057391649011
674.8,0.183474272396816,1.54164990549956,0.317861461984845,3.12057391290842
674.9,0.183474274103222,1.5416499561215,0.317861461172647,3.1205739093351
675,0.183474275805615,1.54165000664129,0.317861460362359,3.12057390577018
675.1,0.183474277504017,1.54165005705937,0.317861459553971,3.12057390221362
675.2,0.183474279198446,1.54165010737604,0.317861458747475,3.12057389866538
675.3,0.18347428088889,1.54165015759111,0.317861457942876,3.12057389512549
675.4,0.18347428257538,1.54165020770543,0.317861457140158,3.12057389159388
675.5,0.183474284257902,1.54165025771861,0.317861456339326,3.12057388807056
675.6,0.18347428593648,1.5416503076311,0.317861455540373,3.12057388455551
675.7,0.18347428761113,1.5416503574432,0.31786145474329,3.12057388104869
675.8,0.183474289281841,1.54165040715471,0.317861453948083,3.12057387755012
675.9,0.183474290948649,1.54165045676648,0.317861453154732,3.12057387405972
676,0.183474292611539,1.54165050627812,0.317861452363248,3.12057387057753
676.1,0.18347429427053,1.54165055569008,0.317861451573618,3.12057386710349
676.2,0.183474295925637,1.54165060500265,0.317861450785838,3.1205738636376
676.3,0.183474297576851,1.54165065421565,0.317861449999912,3.12057386017987
676.4,0.183474299224205,1.54165070332989,0.317861449215821,3.12057385673021
676.5,0.183474300867685,1.54165075234502,0.317861448433573,3.12057385328865
676.6,0.183474302507312,1.54165080126145,0.31786144765316,3.12057384985517
676.7,0.183474304143102,1.5416508500795,0.317861446874575,3.12057384642972
676.8,0.183474305775044,1.54165089879896,0.31786144609782,3.12057384301234
676.9,0.183474307403171,1.54165094742066,0.317861445322881,3.12057383960294
677,0.183474309027467,1.54165099594424,0.317861444549764,3.12057383620156
677.1,0.183474310647957,1.54165104437012,0.317861443778459,3.12057383280815
677.2,0.183474312264656,1.54165109269858,0.31786144300896,3.12057382942268
677.3,0.183474313877554,1.54165114092945,0.317861442241271,3.12057382604519
677.4,0.183474315486681,1.54165118906354,0.317861441475376,3.12057382267558
677.5,0.183474317092023,1.54165123710049,0.317861440711281,3.12057381931389
677.6,0.1834743186936,1.54165128504071,0.317861439948979,3.12057381596008
677.7,0.183474320291428,1.5416513328845,0.317861439188461,3.12057381261413
677.8,0.183474321885496,1.54165138063167,0.317861438429733,3.12057380927606
677.9,0.183474323475839,1.54165142828303,0.317861437672777,3.12057380594578
678,0.183474325062443,1.54165147583821,0.317861436917601,3.12057380262333
678.1,0.183474326645327,1.54165152329764,0.317861436164195,3.12057379930866
678.2,0.183474328224507,1.5416515706616,0.317861435412553,3.12057379600176
678.3,0.183474329799973,1.54165161792991,0.31786143466268,3.12057379270264
678.4,0.183474331371756,1.54165166510337,0.317861433914558,3.12057378941123
678.5,0.183474332939842,1.54165171218161,0.317861433168196,3.12057378612755
678.6,0.183474334504252,1.54165175916506,0.317861432423583,3.12057378285158
678.7,0.183474336065002,1.541651806054,0.317861431680714,3.12057377958328
678.8,0.183474337622082,1.54165185284824,0.317861430939592,3.12057377632267
678.9,0.18347433917552,1.54165189954858,0.317861430200202,3.12057377306966
679,0.183474340725302,1.54165194615466,0.317861429462551,3.12057376982432
679.1,0.183474342271452,1.54165199266689,0.317861428726629,3.12057376658657
679.2,0.183474343813984,1.54165203908555,0.31786142799243,3.12057376335642
679.3,0.183474345352888,1.54165208541047,0.317861427259959,3.12057376013386
679.4,0.183474346888197,1.54165213164243,0.317861426529198,3.12057375691882
679.5,0.183474348419896,1.54165217778107,0.317861425800155,3.12057375371135
679.6,0.183474349948005,1.5416522238268,0.317861425072822,3.1205737505114
679.7,0.183474351472536,1.5416522697799,0.317861424347192,3.12057374731894
679.8,0.183474352993481,1.5416523156402,0.317861423623268,3.12057374413399
679.9,0.18347435451087,1.54165236140845,0.317861422901036,3.12057374095648
680,0.18347435602469,1.54165240708434,0.317861422180502,3.12057373778644
680.1,0.183474357534962,1.54165245266824,0.317861421461658,3.12057373462384
680.2,0.1834743590417,1.54165249816043,0.317861420744497,3.12057373146864
680.3,0.183474360544894,1.54165254356075,0.317861420029023,3.12057372832086
680.4,0.183474362044573,1.54165258886996,0.317861419315221,3.12057372518044
680.5,0.183474363540723,1.54165263408771,0.317861418603096,3.1205737220474
680.6,0.183474365033368,1.5416526792144,0.317861417892642,3.1205737189217
680.7,0.183474366522521,1.54165272425031,0.317861417183851,3.12057371580333
680.8,0.183474368008173,1.54165276919525,0.317861416476727,3.12057371269229
680.9,0.183474369490351,1.54165281405,0.317861415771255,3.12057370958852
681,0.183474370969043,1.5416528588142,0.317861415067442,3.12057370649205
681.1,0.183474372444267,1.54165290348827,0.317861414365279,3.12057370340283
681.2,0.183474373916037,1.54165294807245,0.317861413664761,3.12057370032086
681.3,0.183474375384344,1.54165299256658,0.317861412965891,3.12057369724613
681.4,0.183474376849221,1.54165303697142,0.317861412268653,3.12057369417858
681.5,0.183474378310652,1.54165308128662,0.317861411573054,3.12057369111825
681.6,0.183474379768658,1.54165312551258,0.317861410879087,3.12057368806509
681.7,0.183474381223252,1.54165316964956,0.317861410186744,3.12057368501907
681.8,0.183474382674425,1.5416532136974,0.31786140949603,3.12057368198024
681.9,0.183474384122205,1.54165325765682,0.317861408806929,3.12057367894849
682,0.18347438556658,1.54165330152752,0.317861408119449,3.12057367592388
682.1,0.183474387007569,1.54165334530986,0.317861407433581,3.12057367290635
682.2,0.183474388445187,1.54165338900412,0.317861406749318,3.12057366989589
682.3,0.183474389879425,1.54165343261012,0.317861406066666,3.12057366689251
682.4,0.183474391310307,1.5416534761286,0.317861405385608,3.12057366389615
682.5,0.183474392737822,1.54165351955923,0.317861404706152,3.12057366090684
682.6,0.183474394161992,1.5416535629024,0.317861404028289,3.12057365792453
682.7,0.183474395582828,1.54165360615836,0.317861403352012,3.12057365494921
682.8,0.183474397000323,1.54165364932695,0.317861402677327,3.12057365198089
682.9,0.183474398414507,1.5416536924089,0.317861402004218,3.1205736490195
683,0.183474399825366,1.54165373540388,0.317861401332692,3.12057364606507
683.1,0.183474401232917,1.54165377831227,0.317861400662739,3.12057364311757
683.2,0.183474402637173,1.54165382113432,0.317861399994356,3.12057364017698
683.3,0.183474404038127,1.54165386386988,0.317861399327545,3.12057363724329
683.4,0.183474405435805,1.54165390651967,0.317861398662292,3.12057363431647
683.5,0.183474406830195,1.54165394908335,0.317861397998603,3.12057363139652
683.6,0.183474408221317,1.54165399156132,0.31786139733647,3.12057362848342
683.7,0.183474409609183,1.54165403395381,0.317861396675888,3.12057362557715
683.8,0.183474410993786,1.54165407626067,0.31786139601686,3.12057362267771
683.9,0.18347441237515,1.54165411848262,0.317861395359371,3.12057361978504
684,0.183474413753265,1.54165416061933,0.317861394703428,3.12057361689917
684.1,0.18347441512815,1.54165420267117,0.317861394049023,3.12057361402008
684.2,0.183474416499819,1.5416542446384,0.31786139339615,3.12057361114772
684.3,0.183474417868264,1.54165428652086,0.317861392744814,3.12057360828213
684.4,0.183474419233508,1.54165432831925,0.317861392094998,3.12057360542321
684.5,0.183474420595541,1.54165437003326,0.31786139144671,3.12057360257103
684.6,0.183474421954381,1.54165441166326,0.317861390799943,3.12057359972553
684.7,0.183474423310038,1.54165445320948,0.317861390154691,3.1205735968867
684.8,0.183474424662506,1.54165449467179,0.317861389510956,3.12057359405455
684.9,0.183474426011814,1.54165453605086,0.317861388868725,3.12057359122901
685,0.183474427357948,1.5416545773464,0.317861388228004,3.12057358841011
685.1,0.183474428700928,1.54165461855877,0.317861387588786,3.12057358559783
685.2,0.183474430040764,1.5416546596882,0.317861386951063,3.12057358279212
685.3,0.18347443137745,1.54165470073456,0.317861386314842,3.12057357999303
685.4,0.18347443271101,1.54165474169852,0.317861385680106,3.12057357720046
685.5,0.183474434041433,1.54165478257978,0.317861385046863,3.12057357441447
685.6,0.183474435368738,1.5416548233787,0.317861384415105,3.120573571635
685.7,0.183474436692938,1.54165486409552,0.317861383784826,3.12057356886205
685.8,0.183474438014024,1.54165490473009,0.31786138315603,3.12057356609562
685.9,0.18347443933202,1.54165494528309,0.317861382528702,3.12057356333565
686,0.183474440646913,1.54165498575422,0.31786138190285,3.12057356058217
686.1,0.183474441958725,1.54165502614383,0.317861381278466,3.12057355783515
686.2,0.183474443267468,1.54165506645217,0.317861380655543,3.12057355509456
686.3,0.183474444573132,1.54165510667907,0.317861380034086,3.12057355236041
686.4,0.183474445875747,1.54165514682523,0.317861379414079,3.12057354963266
686.5,0.183474447175298,1.54165518689033,0.317861378795532,3.12057354691131
686.6,0.183474448471804,1.54165522687473,0.317861378178433,3.12057354419635
686.7,0.183474449765274,1.54165526677867,0.31786137756278,3.12057354148774
686.8,0.183474451055702,1.541655306602,0.317861376948576,3.12057353878551
686.9,0.183474452343113,1.54165534634539,0.317861376335806,3.12057353608959
687,0.183474453627495,1.54165538600853,0.317861375724478,3.12057353340001
687.1,0.183474454908867,1.54165542559178,0.317861375114582,3.12057353071673
687.2,0.183474456187241,1.54165546509537,0.317861374506114,3.12057352803973
687.3,0.183474457462608,1.54165550451916,0.317861373899079,3.12057352536904
687.4,0.183474458734992,1.5416555438638,0.317861373293461,3.12057352270459
687.5,0.183474460004383,1.54165558312901,0.317861372689267,3.12057352004639
687.6,0.183474461270799,1.54165562231513,0.31786137208649,3.12057351739444
687.7,0.183474462534253,1.54165566142238,0.317861371485124,3.12057351474869
687.8,0.183474463794737,1.54165570045063,0.317861370885173,3.12057351210916
687.9,0.183474465052273,1.54165573940053,0.317861370286623,3.12057350947581
688,0.183474466306851,1.54165577827178,0.31786136968948,3.12057350684863
688.1,0.183474467558487,1.54165581706474,0.317861369093739,3.12057350422763
688.2,0.183474468807193,1.54165585577962,0.317861368499392,3.12057350161276
688.3,0.18347447005296,1.54165589441629,0.317861367906443,3.12057349900404
688.4,0.183474471295816,1.54165593297539,0.317861367314879,3.12057349640142
688.5,0.18347447253575,1.54165597145664,0.317861366724707,3.12057349380491
688.6,0.183474473772777,1.54165600986038,0.317861366135917,3.1205734912145
688.7,0.18347447500691,1.54165604818682,0.317861365548507,3.12057348863015
688.8,0.18347447623814,1.54165608643583,0.317861364962478,3.12057348605188
688.9,0.183474477466491,1.54165612460806,0.317861364377819,3.12057348347962
689,0.183474478691953,1.5416561627032,0.317861363794534,3.12057348091343
689.1,0.183474479914543,1.54165620072161,0.317861363212617,3.12057347835324
689.2,0.183474481134273,1.5416562386635,0.317861362632062,3.12057347579905
689.3,0.183474482351135,1.54165627652874,0.317861362052873,3.12057347325087
689.4,0.183474483565149,1.54165631431796,0.317861361475037,3.12057347070865
689.5,0.183474484776306,1.54165635203087,0.317861360898561,3.1205734681724
689.6,0.183474485984625,1.54165638966781,0.317861360323435,3.12057346564209
689.7,0.183474487190117,1.54165642722901,0.317861359749656,3.12057346311772
689.8,0.183474488392773,1.54165646471431,0.317861359177227,3.12057346059928
689.9,0.18347448959262,1.54165650212436,0.317861358606135,3.12057345808672
690,0.183474490789646,1.54165653945886,0.317861358036386,3.12057345558007
690.1,0.183474491983866,1.54165657671816,0.317861357467972,3.1205734530793
690.2,0.183474493175291,1.54165661390246,0.31786135690089,3.12057345058438
690.3,0.183474494363913,1.54165665101164,0.317861356335142,3.12057344809533
690.4,0.183474495549755,1.54165668804631,0.317861355770715,3.1205734456121
690.5,0.183474496732808,1.5416567250062,0.317861355207616,3.12057344313471
690.6,0.183474497913089,1.54165676189162,0.317861354645837,3.12057344066312
690.7,0.183474499090608,1.54165679870282,0.317861354085373,3.12057343819733
690.8,0.183474500265357,1.54165683543963,0.317861353526227,3.12057343573733
690.9,0.183474501437358,1.54165687210269,0.317861352968389,3.12057343328309
691,0.183474502606603,1.54165690869171,0.317861352411862,3.1205734308346
691.1,0.183474503773107,1.54165694520701,0.317861351856639,3.12057342839187
691.2,0.183474504936883,1.54165698164883,0.317861351302717,3.12057342595485
691.3,0.183474506097924,1.54165701801701,0.317861350750096,3.12057342352356
691.4,0.183474507256249,1.54165705431217,0.317861350198768,3.12057342109796
691.5,0.18347450841185,1.54165709053404,0.317861349648736,3.12057341867805
691.6,0.18347450956474,1.54165712668293,0.317861349099994,3.12057341626383
691.7,0.183474510714931,1.54165716275907,0.317861348552536,3.12057341385525
691.8,0.183474511862416,1.54165719876231,0.317861348006367,3.12057341145234
691.9,0.183474513007219,1.54165723469326,0.317861347461473,3.12057340905505
692,0.18347451414933,1.54165727055165,0.317861346917861,3.12057340666339
692.1,0.183474515288764,1.5416573063378,0.317861346375523,3.12057340427733
692.2,0.183474516425532,1.54165734205192,0.317861345834455,3.12057340189687
692.3,0.183474517559627,1.54165737769388,0.317861345294659,3.12057339952201
692.4,0.18347451869107,1.54165741326427,0.317861344756125,3.12057339715269
692.5,0.18347451981985,1.54165744876283,0.317861344218857,3.12057339478894
692.6,0.183474520945986,1.54165748418986,0.317861343682849,3.12057339243074
692.7,0.183474522069488,1.54165751954559,0.317861343148096,3.12057339007806
692.8,0.183474523190348,1.54165755482988,0.3178613426146,3.12057338773091
692.9,0.183474524308585,1.54165759004332,0.317861342082352,3.12057338538925
693,0.183474525424189,1.54165762518564,0.317861341551354,3.12057338305309
693.1,0.183474526537179,1.54165766025717,0.317861341021602,3.12057338072241
693.2,0.183474527647566,1.54165769525809,0.317861340493091,3.12057337839719
693.3,0.183474528755341,1.5416577301883,0.317861339965822,3.12057337607744
693.4,0.183474529860528,1.54165776504836,0.317861339439786,3.1205733737631
693.5,0.183474530963116,1.54165779983802,0.317861338914985,3.12057337145421
693.6,0.183474532063121,1.54165783455759,0.317861338391416,3.12057336915073
693.7,0.18347453316055,1.54165786920727,0.317861337869072,3.12057336685264
693.8,0.183474534255398,1.54165790378693,0.317861337347957,3.12057336455997
693.9,0.183474535347685,1.54165793829716,0.317861336828059,3.12057336227264
694,0.183474536437403,1.54165797273769,0.317861336309385,3.1205733599907
694.1,0.183474537524568,1.54165800710883,0.317861335791926,3.1205733577141
694.2,0.183474538609188,1.54165804141078,0.317861335275679,3.12057335544284
694.3,0.183474539691258,1.54165807564341,0.317861334760646,3.12057335317692
694.4,0.183474540770797,1.54165810980731,0.317861334246816,3.1205733509163
694.5,0.183474541847795,1.54165814390221,0.317861333734195,3.12057334866098
694.6,0.18347454292227,1.54165817792841,0.317861333222775,3.12057334641096
694.7,0.183474543994232,1.54165821188611,0.317861332712553,3.1205733441662
694.8,0.183474545063675,1.5416582457752,0.317861332203531,3.12057334192673
694.9,0.183474546130616,1.54165827959623,0.317861331695698,3.12057333969249
695,0.183474547195048,1.54165831334895,0.31786133118906,3.1205733374635
695.1,0.183474548256983,1.54165834703367,0.317861330683609,3.12057333523974
695.2,0.183474549316431,1.54165838065057,0.317861330179341,3.12057333302118
695.3,0.183474550373388,1.54165841419954,0.317861329676261,3.12057333080784
695.4,0.183474551427874,1.54165844768115,0.317861329174355,3.12057332859968
695.5,0.183474552479879,1.54165848109512,0.31786132867363,3.1205733263967
695.6,0.183474553529419,1.54165851444177,0.317861328174079,3.12057332419889
695.7,0.183474554576504,1.5416585477213,0.317861327675697,3.12057332200623
695.8,0.183474555621127,1.54165858093356,0.317861327178487,3.12057331981873
695.9,0.183474556663306,1.54165861407914,0.31786132668244,3.12057331763633
696,0.183474557703033,1.54165864715776,0.317861326187559,3.12057331545907
696.1,0.183474558740324,1.54165868016974,0.317861325693837,3.12057331328691
696.2,0.183474559775189,1.54165871311525,0.317861325201272,3.12057331111984
696.3,0.183474560807621,1.54165874599419,0.317861324709866,3.12057330895786
696.4,0.183474561837636,1.5416587788071,0.317861324219608,3.12057330680094
696.5,0.183474562865227,1.54165881155373,0.317861323730502,3.12057330464909
696.6,0.183474563890409,1.54165884423438,0.317861323242544,3.12057330250228
696.7,0.183474564913194,1.54165887684923,0.317861322755728,3.1205733003605
696.8,0.183474565933573,1.54165890939818,0.317861322270057,3.12057329822376
696.9,0.183474566951568,1.54165894188175,0.31786132178552,3.12057329609201
697,0.18347456796717,1.54165897429972,0.317861321302123,3.12057329396528
697.1,0.183474568980391,1.54165900665236,0.317861320819859,3.12057329184353
697.2,0.183474569991241,1.54165903893987,0.317861320338725,3.12057328972675
697.3,0.183474570999713,1.54165907116213,0.317861319858722,3.12057328761494
697.4,0.183474572005826,1.54165910331967,0.31786131937984,3.12057328550807
697.5,0.183474573009573,1.54165913541226,0.317861318902085,3.12057328340616
697.6,0.183474574010967,1.54165916744019,0.31786131842545,3.12057328130917
697.7,0.183474575010018,1.54165919940363,0.31786131794993,3.12057327921709
697.8,0.18347457600672,1.54165923130247,0.31786131747553,3.12057327712994
697.9,0.18347457700109,1.54165926313725,0.317861317002238,3.12057327504766
698,0.18347457799312,1.54165929490773,0.317861316530059,3.12057327297027
698.1,0.183474578982826,1.54165932661418,0.317861316058986,3.12057327089776
698.2,0.183474579970218,1.5416593582568,0.317861315589017,3.1205732688301
698.3,0.18347458095529,1.54165938983547,0.317861315120153,3.1205732667673
698.4,0.183474581938056,1.54165942135071,0.317861314652384,3.12057326470933
698.5,0.183474582918511,1.5416594528023,0.317861314185716,3.12057326265619
698.6,0.183474583896666,1.54165948419051,0.317861313720141,3.12057326060786
698.7,0.183474584872532,1.54165951551552,0.317861313255657,3.12057325856433
698.8,0.183474585846101,1.54165954677722,0.317861312792266,3.12057325652562
698.9,0.183474586817395,1.54165957797613,0.317861312329957,3.12057325449166
699,0.183474587786404,1.54165960911203,0.317861311868736,3.12057325246248
699.1,0.183474588753142,1.54165964018517,0.317861311408595,3.12057325043807
699.2,0.183474589717619,1.54165967119576,0.317861310949532,3.12057324841839
699.3,0.183474590679828,1.54165970214367,0.317861310491549,3.12057324640346
699.4,0.183474591639786,1.54165973302942,0.317861310034636,3.12057324439324
699.5,0.183474592597485,1.54165976385278,0.317861309578797,3.12057324238775
699.6,0.183474593552941,1.54165979461402,0.317861309124027,3.12057324038696
699.7,0.183474594506162,1.54165982531333,0.317861308670321,3.12057323839085
699.8,0.183474595457142,1.54165985595059,0.317861308217683,3.12057323639945
699.9,0.183474596405896,1.54165988652632,0.317861307766103,3.12057323441269
700,0.183474597352416,1.54165991704028,0.317861307315584,3.1205732324306
700.1,0.183474598296718,1.54165994749275,0.317861306866122,3.12057323045316
700.2,0.183474599238812,1.5416599778839,0.317861306417712,3.12057322848036
700.3,0.18347460017869,1.54166000821363,0.317861305970358,3.12057322651219
700.4,0.183474601116372,1.54166003848243,0.317861305524048,3.12057322454862
700.5,0.18347460205185,1.54166006869009,0.317861305078787,3.12057322258967
700.6,0.183474602985135,1.54166009883688,0.31786130463457,3.12057322063531
700.7,0.183474603916235,1.54166012892296,0.317861304191393,3.12057321868552
700.8,0.183474604845145,1.54166015894823,0.317861303749259,3.12057321674032
700.9,0.183474605771883,1.54166018891319,0.317861303308158,3.12057321479967
701,0.18347460669644,1.54166021881762,0.317861302868094,3.12057321286358
701.1,0.183474607618831,1.54166024866178,0.317861302429061,3.12057321093203
701.2,0.183474608539064,1.54166027844585,0.317861301991058,3.12057320900501
701.3,0.183474609457133,1.54166030816972,0.317861301554084,3.12057320708251
701.4,0.183474610373054,1.54166033783388,0.317861301118131,3.12057320516451
701.5,0.183474611286819,1.54166036743812,0.317861300683203,3.12057320325102
701.6,0.183474612198443,1.54166039698269,0.317861300249296,3.12057320134201
701.7,0.183474613107937,1.54166042646777,0.317861299816403,3.12057319943748
701.8,0.183474614015293,1.54166045589325,0.317861299384529,3.12057319753742
701.9,0.183474614920523,1.54166048525963,0.317861298953664,3.1205731956418
702,0.183474615823621,1.54166051456668,0.317861298523813,3.12057319375064
702.1,0.183474616724603,1.54166054381466,0.31786129809497,3.12057319186392
702.2,0.183474617623478,1.54166057300375,0.31786129766713,3.12057318998161
702.3,0.183474618520241,1.54166060213384,0.317861297240297,3.12057318810373
702.4,0.183474619414907,1.54166063120541,0.317861296814461,3.12057318623024
702.5,0.183474620307471,1.54166066021826,0.317861296389626,3.12057318436115
702.6,0.183474621197942,1.54166068917263,0.317861295965787,3.12057318249644
702.7,0.18347462208633,1.54166071806869,0.31786129554294,3.1205731806361
702.8,0.183474622972628,1.54166074690634,0.317861295121089,3.12057317878014
702.9,0.183474623856852,1.54166077568606,0.317861294700223,3.12057317692851
703,0.183474624738996,1.54166080440765,0.317861294280346,3.12057317508124
703.1,0.183474625619072,1.54166083307134,0.317861293861454,3.1205731732383
703.2,0.183474626497091,1.54166086167731,0.317861293443542,3.12057317139967
703.3,0.183474627373045,1.54166089022546,0.317861293026614,3.12057316956537
703.4,0.183474628246948,1.54166091871626,0.317861292610661,3.12057316773535
703.5,0.183474629118794,1.5416609471495,0.317861292195685,3.12057316590964
703.6,0.183474629988596,1.54166097552544,0.317861291781682,3.12057316408821
703.7,0.183474630856365,1.54166100384423,0.317861291368649,3.12057316227104
703.8,0.183474631722093,1.54166103210577,0.317861290956587,3.12057316045815
703.9,0.183474632585798,1.54166106031054,0.317861290545487,3.12057315864949
704,0.183474633447472,1.54166108845833,0.317861290135354,3.12057315684508
704.1,0.183474634307127,1.54166111654939,0.317861289726182,3.12057315504491
704.2,0.18347463516477,1.54166114458387,0.317861289317969,3.12057315324895
704.3,0.183474636020396,1.54166117256168,0.317861288910716,3.12057315145722
704.4,0.18347463687402,1.54166120048329,0.317861288504415,3.12057314966967
704.5,0.183474637725636,1.54166122834849,0.317861288099069,3.12057314788632
704.6,0.183474638575256,1.54166125615752,0.317861287694673,3.12057314610716
704.7,0.183474639422889,1.54166128391055,0.317861287291224,3.12057314433216
704.8,0.183474640268528,1.54166131160747,0.317861286888724,3.12057314256134
704.9,0.183474641112189,1.54166133924876,0.317861286487165,3.12057314079465
705,0.183474641953864,1.54166136683419,0.31786128608655,3.12057313903212
705.1,0.183474642793567,1.54166139436403,0.317861285686874,3.12057313727372
705.2,0.183474643631307,1.54166142183842,0.317861285288134,3.12057313551944
705.3,0.183474644467079,1.54166144925727,0.317861284890331,3.12057313376928
705.4,0.183474645300892,1.54166147662104,0.317861284493459,3.12057313202322
705.5,0.183474646132742,1.54166150392952,0.31786128409752,3.12057313028125
705.6,0.183474646962642,1.54166153118295,0.317861283702509,3.12057312854338
705.7,0.183474647790602,1.5416615583815,0.317861283308423,3.12057312680957
705.8,0.183474648616615,1.54166158552506,0.317861282915264,3.12057312507984
705.9,0.183474649440699,1.54166161261409,0.317861282523023,3.12057312335415
706,0.183474650262845,1.54166163964839,0.317861282131704,3.12057312163252
706.1,0.183474651083064,1.54166166662819,0.317861281741303,3.12057311991493
706.2,0.183474651901364,1.54166169355366,0.317861281351816,3.12057311820135
706.3,0.183474652717739,1.5416617204247,0.317861280963245,3.12057311649182
706.4,0.183474653532204,1.54166174724175,0.317861280575582,3.12057311478627
706.5,0.183474654344752,1.54166177400461,0.317861280188831,3.12057311308473
706.6,0.183474655155396,1.54166180071353,0.317861279802987,3.12057311138718
706.7,0.183474655964145,1.54166182736866,0.317861279418045,3.12057310969361
706.8,0.183474656770993,1.54166185396989,0.31786127903401,3.12057310800402
706.9,0.18347465757595,1.54166188051768,0.317861278650872,3.12057310631838
707,0.183474658379013,1.54166190701184,0.317861278268634,3.1205731046367
707.1,0.183474659180195,1.54166193345258,0.317861277887293,3.12057310295897
707.2,0.183474659979506,1.54166195984007,0.317861277506845,3.12057310128516
707.3,0.183474660776939,1.54166198617421,0.317861277127291,3.1205730996153
707.4,0.183474661572505,1.54166201245545,0.317861276748624,3.12057309794932
707.5,0.183474662366198,1.54166203868358,0.317861276370847,3.12057309628728
707.6,0.18347466315803,1.54166206485884,0.317861275993957,3.12057309462912
707.7,0.183474663948009,1.54166209098138,0.317861275617949,3.12057309297485
707.8,0.183474664736128,1.5416621170511,0.317861275242826,3.12057309132447
707.9,0.183474665522405,1.54166214306845,0.317861274868579,3.12057308967795
708,0.183474666306833,1.54166216903323,0.317861274495212,3.1205730880353
708.1,0.183474667089422,1.54166219494566,0.31786127412272,3.1205730863965
708.2,0.183474667870182,1.54166222080591,0.3178612737511,3.12057308476153
708.3,0.183474668649106,1.54166224661387,0.317861273380355,3.12057308313041
708.4,0.183474669426207,1.54166227236998,0.317861273010475,3.12057308150311
708.5,0.183474670201479,1.54166229807404,0.317861272641466,3.12057307987963
708.6,0.183474670974935,1.54166232372628,0.317861272273322,3.12057307825995
708.7,0.183474671746584,1.54166234932686,0.317861271906039,3.12057307664407
708.8,0.183474672516419,1.54166237487568,0.31786127153962,3.12057307503199
708.9,0.18347467328445,1.54166240037316,0.317861271174058,3.12057307342367
709,0.183474674050671,1.54166242581912,0.317861270809356,3.12057307181914
709.1,0.183474674815097,1.54166245121379,0.317861270445508,3.12057307021837
709.2,0.183474675577737,1.5416624765573,0.317861270082513,3.12057306862135
709.3,0.183474676338584,1.54166250184957,0.317861269720371,3.12057306702808
709.4,0.183474677097652,1.54166252709102,0.317861269359075,3.12057306543854
709.5,0.183474677854936,1.54166255228147,0.317861268998628,3.12057306385273
709.6,0.183474678610445,1.54166257742113,0.317861268639027,3.12057306227065
709.7,0.183474679364187,1.54166260251015,0.317861268280268,3.12057306069226
709.8,0.183474680116156,1.54166262754845,0.317861267922352,3.12057305911759
709.9,0.183474680866364,1.54166265253644,0.317861267565273,3.1205730575466
710,0.183474681614807,1.54166267747393,0.317861267209034,3.1205730559793
710.1,0.183474682361497,1.54166270236114,0.31786126685363,3.12057305441568
710.2,0.183474683106441,1.54166272719823,0.317861266499057,3.12057305285572
710.3,0.183474683849634,1.5416627519851,0.317861266145319,3.12057305129943
710.4,0.183474684591085,1.54166277672216,0.317861265792407,3.12057304974677
710.5,0.183474685330791,1.54166280140923,0.317861265440327,3.12057304819777
710.6,0.183474686068765,1.54166282604654,0.31786126508907,3.12057304665239
710.7,0.183474686805016,1.54166285063421,0.317861264738636,3.12057304511064
710.8,0.183474687539537,1.54166287517217,0.317861264389026,3.1205730435725
710.9,0.183474688272338,1.54166289966082,0.317861264040233,3.12057304203797
711,0.183474689003414,1.54166292409999,0.31786126369226,3.12057304050704
711.1,0.183474689732776,1.54166294848988,0.317861263345104,3.12057303897971
711.2,0.18347469046043,1.54166297283064,0.31786126299876,3.12057303745595
711.3,0.183474691186372,1.54166299712219,0.317861262653231,3.12057303593577
711.4,0.183474691910617,1.54166302136492,0.31786126230851,3.12057303441914
711.5,0.183474692633158,1.54166304555866,0.317861261964599,3.12057303290609
711.6,0.183474693354006,1.54166306970362,0.317861261621494,3.12057303139657
711.7,0.183474694073169,1.54166309379995,0.317861261279192,3.1205730298906
711.8,0.183474694790641,1.54166311784755,0.317861260937696,3.12057302838817
711.9,0.183474695506434,1.54166314184683,0.317861260596998,3.12057302688924
712,0.183474696220541,1.54166316579761,0.3178612602571,3.12057302539384
712.1,0.183474696932977,1.5416631897001,0.317861259918,3.12057302390195
712.2,0.183474697643748,1.54166321355444,0.317861259579693,3.12057302241355
712.3,0.183474698352848,1.54166323736054,0.317861259242182,3.12057302092865
712.4,0.183474699060286,1.5416632611188,0.31786125890546,3.12057301944722
712.5,0.183474699766057,1.54166328482906,0.31786125856953,3.12057301796927
712.6,0.183474700470174,1.5416633084915,0.317861258234388,3.12057301649479
712.7,0.183474701172646,1.54166333210628,0.31786125790003,3.12057301502376
712.8,0.183474701873467,1.5416633556733,0.317861257566459,3.12057301355619
712.9,0.18347470257265,1.54166337919297,0.317861257233666,3.12057301209206
713,0.183474703270189,1.5416634026651,0.317861256901657,3.12057301063136
713.1,0.183474703966094,1.54166342608991,0.317861256570425,3.12057300917408
713.2,0.18347470466037,1.54166344946753,0.317861256239969,3.12057300772022
713.3,0.183474705353014,1.54166347279787,0.317861255910291,3.12057300626978
713.4,0.183474706044036,1.54166349608133,0.317861255581383,3.12057300482273
713.5,0.183474706733431,1.54166351931773,0.317861255253248,3.12057300337908
713.6,0.183474707421212,1.54166354250728,0.317861254925883,3.12057300193882
713.7,0.183474708107385,1.54166356565012,0.317861254599284,3.12057300050193
713.8,0.183474708791944,1.54166358874616,0.317861254273453,3.12057299906842
713.9,0.1834747094749,1.54166361179578,0.317861253948384,3.12057299763826
714,0.183474710156248,1.54166363479882,0.317861253624079,3.12057299621146
714.1,0.183474710836,1.54166365775547,0.317861253300535,3.120572994788
714.2,0.183474711514166,1.54166368066588,0.317861252977747,3.12057299336788
714.3,0.183474712190739,1.54166370352995,0.317861252655719,3.1205729919511
714.4,0.183474712865726,1.54166372634808,0.317861252334443,3.12057299053762
714.5,0.183474713539125,1.54166374912009,0.317861252013923,3.12057298912748
714.6,0.183474714210945,1.54166377184618,0.317861251694154,3.12057298772064
714.7,0.183474714881192,1.54166379452649,0.317861251375135,3.12057298631709
714.8,0.183474715549862,1.54166381716093,0.317861251056866,3.12057298491685
714.9,0.183474716216968,1.54166383974989,0.31786125073934,3.12057298351987
715,0.183474716882505,1.54166386229319,0.317861250422562,3.12057298212618
715.1,0.183474717546482,1.54166388479103,0.317861250106526,3.12057298073576
715.2,0.183474718208908,1.54166390724354,0.317861249791229,3.1205729793486
715.3,0.183474718869777,1.54166392965065,0.317861249476674,3.12057297796469
715.4,0.183474719529098,1.54166395201273,0.317861249162855,3.12057297658402
715.5,0.183474720186867,1.54166397432961,0.317861248849773,3.1205729752066
715.6,0.183474720843095,1.54166399660149,0.317861248537425,3.12057297383241
715.7,0.183474721497791,1.5416640188285,0.317861248225808,3.12057297246143
715.8,0.183474722150949,1.54166404101056,0.317861247914924,3.12057297109368
715.9,0.183474722802574,1.54166406314804,0.317861247604767,3.12057296972912
716,0.183474723452664,1.54166408524077,0.31786124729534,3.12057296836778
716.1,0.183474724101231,1.54166410728895,0.317861246986638,3.12057296700962
716.2,0.183474724748282,1.54166412929271,0.317861246678658,3.12057296565465
716.3,0.183474725393813,1.54166415125197,0.317861246371403,3.12057296430286
716.4,0.183474726037835,1.5416641731671,0.317861246064866,3.12057296295423
716.5,0.183474726680343,1.54166419503793,0.317861245759049,3.12057296160877
716.6,0.183474727321345,1.54166421686466,0.31786124545395,3.12057296026647
716.7,0.183474727960848,1.54166423864742,0.317861245149564,3.12057295892731
716.8,0.183474728598846,1.54166426038611,0.317861244845894,3.1205729575913
716.9,0.183474729235351,1.54166428208112,0.317861244542935,3.12057295625841
717,0.183474729870358,1.54166430373228,0.317861244240688,3.12057295492865
717.1,0.183474730503877,1.54166432533977,0.317861243939149,3.12057295360201
717.2,0.183474731135915,1.54166434690373,0.317861243638316,3.12057295227848
717.3,0.183474731766468,1.54166436842408,0.317861243338191,3.12057295095806
717.4,0.183474732395543,1.54166438990117,0.317861243038768,3.12057294964073
717.5,0.183474733023136,1.54166441133485,0.317861242740048,3.1205729483265
717.6,0.18347473364926,1.54166443272531,0.317861242442029,3.12057294701534
717.7,0.183474734273923,1.54166445407267,0.317861242144708,3.12057294570726
717.8,0.183474734897119,1.54166447537686,0.317861241848085,3.12057294440225
717.9,0.183474735518854,1.54166449663822,0.317861241552156,3.12057294310029
718,0.183474736139126,1.54166451785661,0.317861241256922,3.1205729418014
718.1,0.183474736757944,1.54166453903221,0.317861240962381,3.12057294050554
718.2,0.183474737375312,1.54166456016514,0.31786124066853,3.12057293921273
718.3,0.183474737991229,1.54166458125533,0.31786124037537,3.12057293792295
718.4,0.183474738605704,1.54166460230313,0.317861240082895,3.12057293663619
718.5,0.183474739218734,1.54166462330839,0.317861239791108,3.12057293535245
718.6,0.183474739830328,1.54166464427128,0.317861239500004,3.12057293407172
718.7,0.183474740440493,1.54166466519193,0.317861239209583,3.120572932794
718.8,0.183474741049224,1.54166468607028,0.317861238919844,3.12057293151927
718.9,0.183474741656528,1.54166470690665,0.317861238630782,3.12057293024753
719,0.183474742262403,1.54166472770091,0.3178612383424,3.12057292897878
719.1,0.18347474286686,1.54166474845323,0.317861238054695,3.120572927713
719.2,0.183474743469904,1.54166476916374,0.317861237767662,3.12057292645018
719.3,0.183474744071532,1.54166478983235,0.317861237481304,3.12057292519033
719.4,0.183474744671748,1.54166481045943,0.317861237195616,3.12057292393343
719.5,0.18347474527055,1.5416648310448,0.317861236910601,3.12057292267949
719.6,0.183474745867949,1.54166485158866,0.317861236626253,3.12057292142848
719.7,0.183474746463952,1.54166487209113,0.317861236342571,3.1205729201804
719.8,0.183474747058555,1.54166489255212,0.317861236059556,3.12057291893526
719.9,0.183474747651768,1.54166491297199,0.317861235777202,3.12057291769303
720,0.183474748243585,1.54166493335058,0.317861235495513,3.12057291645372
720.1,0.183474748834017,1.54166495368807,0.317861235214482,3.12057291521731
720.2,0.183474749423067,1.54166497398458,0.317861234934111,3.1205729139838
720.3,0.183474750010732,1.54166499424003,0.317861234654399,3.12057291275319
720.4,0.18347475059702,1.54166501445477,0.317861234375341,3.12057291152546
720.5,0.183474751181929,1.54166503462864,0.317861234096939,3.12057291030061
720.6,0.183474751765467,1.54166505476183,0.31786123381919,3.12057290907863
720.7,0.183474752347642,1.54166507485445,0.31786123354209,3.12057290785952
720.8,0.183474752928448,1.54166509490643,0.317861233265643,3.12057290664327
720.9,0.183474753507893,1.5416651149181,0.317861232989842,3.12057290542987
721,0.183474754085973,1.54166513488931,0.317861232714689,3.12057290421932
721.1,0.183474754662699,1.54166515482024,0.317861232440181,3.1205729030116
721.2,0.183474755238081,1.54166517471102,0.317861232166316,3.12057290180672
721.3,0.183474755812111,1.54166519456155,0.317861231893094,3.12057290060467
721.4,0.183474756384796,1.54166521437219,0.317861231620512,3.12057289940542
721.5,0.183474756956132,1.54166523414278,0.31786123134857,3.120572898209
721.6,0.183474757526129,1.54166525387349,0.317861231077266,3.12057289701538
721.7,0.183474758094791,1.54166527356444,0.317861230806598,3.12057289582456
721.8,0.183474758662115,1.54166529321556,0.317861230536566,3.12057289463654
721.9,0.183474759228112,1.54166531282718,0.317861230267165,3.12057289345129
722,0.183474759792778,1.54166533239914,0.317861229998398,3.12057289226883
722.1,0.183474760356121,1.54166535193164,0.31786122973026,3.12057289108914
722.2,0.183474760918148,1.54166537142477,0.317861229462751,3.12057288991222
722.3,0.183474761478854,1.54166539087847,0.31786122919587,3.12057288873806
722.4,0.183474762038246,1.54166541029307,0.317861228929614,3.12057288756665
722.5,0.183474762596321,1.54166542966841,0.317861228663983,3.12057288639799
722.6,0.183474763153089,1.54166544900467,0.317861228398975,3.12057288523207
722.7,0.183474763708558,1.54166546830197,0.317861228134587,3.12057288406889
722.8,0.183474764262721,1.54166548756023,0.317861227870821,3.12057288290843
722.9,0.183474764815584,1.54166550677978,0.317861227607673,3.12057288175069
723,0.183474765367143,1.54166552596048,0.317861227345143,3.12057288059568
723.1,0.183474765917411,1.54166554510248,0.317861227083228,3.12057287944336
723.2,0.183474766466393,1.54166556420591,0.317861226821926,3.12057287829375
723.3,0.183474767014086,1.54166558327069,0.317861226561239,3.12057287714684
723.4,0.183474767560498,1.54166560229715,0.317861226301161,3.12057287600261
723.5,0.183474768105625,1.54166562128514,0.317861226041694,3.12057287486108
723.6,0.183474768649475,1.54166564023483,0.317861225782836,3.12057287372221
723.7,0.183474769192053,1.54166565914634,0.317861225524584,3.12057287258602
723.8,0.183474769733355,1.54166567801958,0.317861225266939,3.12057287145249
723.9,0.183474770273389,1.54166569685489,0.317861225009896,3.12057287032162
724,0.183474770812152,1.54166571565211,0.317861224753458,3.1205728691934
724.1,0.183474771349652,1.54166573441141,0.317861224497622,3.12057286806783
724.2,0.183474771885897,1.54166575313292,0.317861224242383,3.1205728669449
724.3,0.183474772420882,1.54166577181655,0.317861223987746,3.12057286582461
724.4,0.183474772954612,1.54166579046261,0.317861223733703,3.12057286470693
724.5,0.183474773487085,1.54166580907098,0.317861223480258,3.12057286359188
724.6,0.183474774018311,1.54166582764181,0.317861223227407,3.12057286247945
724.7,0.183474774548299,1.54166584617522,0.317861222975148,3.12057286136962
724.8,0.183474775077043,1.54166586467113,0.317861222723482,3.1205728602624
724.9,0.183474775604546,1.54166588312986,0.317861222472404,3.12057285915777
725,0.183474776130808,1.54166590155127,0.317861222221916,3.12057285805574
725.1,0.183474776655835,1.54166591993551,0.317861221972016,3.12057285695628
725.2,0.183474777179633,1.54166593828271,0.317861221722701,3.12057285585941
725.3,0.183474777702199,1.54166595659279,0.317861221473973,3.12057285476511
725.4,0.183474778223543,1.54166597486606,0.317861221225826,3.12057285367338
725.5,0.18347477874366,1.54166599310238,0.317861220978263,3.12057285258421
725.6,0.183474779262559,1.54166601130192,0.31786122073128,3.12057285149759
725.7,0.183474779780245,1.54166602946477,0.317861220484874,3.12057285041352
725.8,0.183474780296715,1.54166604759088,0.317861220239049,3.12057284933199
725.9,0.183474780811974,1.54166606568055,0.317861219993798,3.12057284825299
726,0.18347478132602,1.54166608373365,0.317861219749124,3.12057284717653
726.1,0.183474781838863,1.54166610175032,0.317861219505023,3.1205728461026
726.2,0.183474782350509,1.54166611973068,0.317861219261493,3.12057284503118
726.3,0.183474782860953,1.54166613767467,0.317861219018536,3.12057284396227
726.4,0.183474783370198,1.54166615558258,0.317861218776148,3.12057284289587
726.5,0.183474783878243,1.54166617345428,0.31786121853433,3.12057284183197
726.6,0.183474784385098,1.54166619128993,0.317861218293078,3.12057284077057
726.7,0.183474784890769,1.54166620908963,0.317861218052392,3.12057283971166
726.8,0.183474785395252,1.54166622685332,0.317861217812271,3.12057283865524
726.9,0.183474785898555,1.5416662445813,0.317861217572711,3.12057283760127
727,0.183474786400675,1.54166626227343,0.317861217333714,3.12057283654979
727.1,0.183474786901619,1.54166627992986,0.317861217095278,3.12057283550078
727.2,0.183474787401391,1.54166629755072,0.3178612168574,3.12057283445422
727.3,0.183474787899988,1.54166631513592,0.317861216620081,3.12057283341013
727.4,0.183474788397417,1.54166633268576,0.317861216383317,3.12057283236847
727.5,0.183474788893675,1.54166635020012,0.317861216147111,3.12057283132926
727.6,0.18347478938877,1.54166636767915,0.317861215911457,3.12057283029249
727.7,0.183474789882709,1.54166638512295,0.317861215676356,3.12057282925815
727.8,0.183474790375487,1.54166640253145,0.317861215441807,3.12057282822624
727.9,0.183474790867109,1.54166641990495,0.317861215207807,3.12057282719674
728,0.183474791357572,1.54166643724332,0.317861214974357,3.12057282616966
728.1,0.183474791846888,1.54166645454671,0.317861214741454,3.12057282514499
728.2,0.183474792335063,1.54166647181523,0.317861214509096,3.12057282412272
728.3,0.183474792822093,1.5416664890488,0.317861214277285,3.12057282310285
728.4,0.18347479330798,1.54166650624773,0.317861214046015,3.12057282208537
728.5,0.183474793792722,1.54166652341188,0.31786121381529,3.12057282107028
728.6,0.183474794276328,1.5416665405414,0.317861213585105,3.12057282005757
728.7,0.183474794758802,1.54166655763639,0.317861213355459,3.12057281904723
728.8,0.183474795240141,1.5416665746968,0.317861213126354,3.12057281803927
728.9,0.183474795720354,1.5416665917229,0.317861212897784,3.12057281703366
729,0.183474796199436,1.54166660871457,0.317861212669752,3.12057281603042
729.1,0.183474796677397,1.54166662567197,0.317861212442254,3.12057281502953
729.2,0.183474797154241,1.54166664259518,0.317861212215289,3.12057281403098
729.3,0.183474797629965,1.54166665948415,0.317861211988857,3.12057281303478
729.4,0.183474798104574,1.54166667633917,0.317861211762955,3.12057281204091
729.5,0.183474798578065,1.54166669316009,0.317861211537583,3.12057281104937
729.6,0.183474799050447,1.54166670994709,0.317861211312741,3.12057281006016
729.7,0.183474799521728,1.54166672670024,0.317861211088424,3.12057280907327
729.8,0.183474799991901,1.5416667434195,0.317861210864634,3.1205728080887
729.9,0.18347480046097,1.54166676010514,0.317861210641369,3.12057280710642
730,0.183474800928933,1.54166677675704,0.317861210418629,3.12057280612646
730.1,0.183474801395799,1.54166679337534,0.31786121019641,3.1205728051488
730.2,0.183474801861576,1.54166680996014,0.317861209974711,3.12057280417342
730.3,0.183474802326259,1.54166682651139,0.317861209753534,3.12057280320034
730.4,0.183474802789855,1.54166684302936,0.317861209532874,3.12057280222953
730.5,0.183474803252361,1.54166685951392,0.317861209312733,3.12057280126101
730.6,0.183474803713783,1.54166687596522,0.317861209093107,3.12057280029475
730.7,0.183474804174127,1.54166689238336,0.317861208873996,3.12057279933076
730.8,0.183474804633388,1.54166690876828,0.3178612086554,3.12057279836904
730.9,0.183474805091573,1.54166692512026,0.317861208437315,3.12057279740956
731,0.183474805548679,1.54166694143916,0.317861208219743,3.12057279645234
731.1,0.183474806004714,1.54166695772514,0.317861208002682,3.12057279549736
731.2,0.183474806459684,1.54166697397829,0.317861207786128,3.12057279454462
731.3,0.183474806913586,1.54166699019856,0.317861207570083,3.12057279359412
731.4,0.183474807366421,1.5416670063862,0.317861207354544,3.12057279264584
731.5,0.18347480781819,1.54166702254111,0.317861207139511,3.12057279169979
731.6,0.183474808268902,1.54166703866342,0.317861206924983,3.12057279075596
731.7,0.183474808718564,1.54166705475324,0.317861206710956,3.12057278981434
731.8,0.18347480916717,1.54166707081049,0.317861206497433,3.12057278887493
731.9,0.183474809614723,1.54166708683546,0.317861206284409,3.12057278793772
732,0.183474810061223,1.54166710282802,0.317861206071885,3.12057278700271
732.1,0.183474810506676,1.54166711878831,0.317861205859861,3.1205727860699
732.2,0.183474810951085,1.54166713471642,0.317861205648333,3.12057278513927
732.3,0.18347481139445,1.54166715061231,0.317861205437302,3.12057278421083
732.4,0.183474811836776,1.54166716647623,0.317861205226765,3.12057278328455
732.5,0.183474812278062,1.54166718230807,0.317861205016722,3.12057278236046
732.6,0.183474812718315,1.54166719810796,0.317861204807172,3.12057278143853
732.7,0.183474813157539,1.541667213876,0.317861204598113,3.12057278051876
732.8,0.183474813595731,1.54166722961213,0.317861204389545,3.12057277960116
732.9,0.183474814032896,1.54166724531662,0.317861204181465,3.12057277868569
733,0.183474814469032,1.54166726098935,0.317861203973874,3.12057277777238
733.1,0.183474814904146,1.54166727663046,0.317861203766769,3.12057277686122
733.2,0.183474815338246,1.54166729224003,0.31786120356015,3.12057277595218
733.3,0.183474815771326,1.54166730781801,0.317861203354015,3.12057277504529
733.4,0.183474816203388,1.54166732336467,0.317861203148364,3.12057277414051
733.5,0.183474816634431,1.54166733887989,0.317861202943196,3.12057277323786
733.6,0.183474817064464,1.5416673543638,0.31786120273851,3.12057277233732
733.7,0.183474817493494,1.54166736981649,0.317861202534302,3.1205727714389
733.8,0.183474817921516,1.54166738523792,0.317861202330574,3.12057277054259
733.9,0.183474818348537,1.54166740062833,0.317861202127322,3.12057276964837
734,0.183474818774555,1.54166741598761,0.317861201924548,3.12057276875625
734.1,0.183474819199574,1.5416674313159,0.31786120172225,3.12057276786623
734.2,0.183474819623599,1.54166744661329,0.317861201520425,3.12057276697829
734.3,0.183474820046628,1.54166746187972,0.317861201319075,3.12057276609244
734.4,0.183474820468665,1.54166747711545,0.317861201118195,3.12057276520866
734.5,0.183474820889708,1.54166749232037,0.317861200917788,3.12057276432695
734.6,0.183474821309764,1.5416675074946,0.317861200717851,3.12057276344732
734.7,0.183474821728841,1.54166752263825,0.317861200518382,3.12057276256974
734.8,0.183474822146932,1.54166753775124,0.317861200319381,3.12057276169423
734.9,0.183474822564042,1.54166755283384,0.317861200120846,3.12057276082076
735,0.183474822980169,1.54166756788594,0.317861199922779,3.12057275994935
735.1,0.183474823395322,1.54166758290766,0.317861199725175,3.12057275907998
735.2,0.183474823809509,1.5416675978991,0.317861199528034,3.12057275821265
735.3,0.183474824222723,1.5416676128602,0.317861199331355,3.12057275734735
735.4,0.183474824634968,1.54166762779121,0.317861199135137,3.12057275648408
735.5,0.183474825046241,1.54166764269202,0.317861198939381,3.12057275562284
735.6,0.18347482545655,1.54166765756276,0.317861198744083,3.12057275476362
735.7,0.183474825865899,1.54166767240353,0.317861198549243,3.1205727539064
735.8,0.183474826274284,1.54166768721425,0.317861198354862,3.12057275305121
735.9,0.183474826681714,1.54166770199519,0.317861198160934,3.12057275219802
736,0.183474827088185,1.54166771674624,0.317861197967463,3.12057275134683
736.1,0.183474827493704,1.54166773146751,0.317861197774444,3.12057275049763
736.2,0.183474827898277,1.54166774615911,0.317861197581878,3.12057274965042
736.3,0.183474828301899,1.54166776082097,0.317861197389764,3.12057274880521
736.4,0.183474828704574,1.54166777545335,0.317861197198101,3.12057274796197
736.5,0.1834748291063,1.54166779005613,0.317861197006887,3.12057274712071
736.6,0.183474829507087,1.54166780462944,0.317861196816121,3.12057274628143
736.7,0.183474829906939,1.54166781917337,0.317861196625802,3.12057274544411
736.8,0.183474830305852,1.54166783368786,0.317861196435931,3.12057274460876
736.9,0.183474830703827,1.54166784817316,0.317861196246504,3.12057274377537
737,0.183474831100863,1.54166786262917,0.317861196057523,3.12057274294393
737.1,0.183474831496969,1.54166787705599,0.317861195868984,3.12057274211444
737.2,0.183474831892151,1.54166789145374,0.317861195680887,3.1205727412869
737.3,0.183474832286405,1.54166790582234,0.317861195493232,3.1205727404613
737.4,0.183474832679737,1.54166792016204,0.317861195306015,3.12057273963763
737.5,0.183474833072144,1.54166793447274,0.317861195119239,3.12057273881589
737.6,0.183474833463632,1.54166794875456,0.3178611949329,3.12057273799609
737.7,0.183474833854205,1.54166796300758,0.317861194746998,3.1205727371782
737.8,0.183474834243859,1.54166797723175,0.317861194561532,3.12057273636224
737.9,0.1834748346326,1.54166799142732,0.317861194376501,3.12057273554818
738,0.183474835020425,1.54166800559417,0.317861194191904,3.12057273473603
738.1,0.183474835407342,1.54166801973243,0.317861194007741,3.12057273392579
738.2,0.183474835793356,1.54166803384219,0.317861193824008,3.12057273311745
738.3,0.183474836178463,1.54166804792339,0.317861193640707,3.12057273231101
738.4,0.183474836562665,1.54166806197626,0.317861193457835,3.12057273150646
738.5,0.183474836945962,1.54166807600071,0.317861193275394,3.1205727307038
738.6,0.183474837328362,1.54166808999686,0.317861193093379,3.12057272990301
738.7,0.183474837709872,1.54166810396479,0.317861192911791,3.1205727291041
738.8,0.183474838090487,1.54166811790444,0.317861192730629,3.12057272830707
738.9,0.183474838470208,1.54166813181606,0.317861192549891,3.12057272751191
739,0.183474838849035,1.54166814569953,0.317861192369578,3.12057272671861
739.1,0.183474839226973,1.54166815955499,0.317861192189688,3.12057272592717
739.2,0.183474839604026,1.54166817338251,0.31786119201022,3.12057272513759
739.3,0.183474839980193,1.54166818718204,0.317861191831173,3.12057272434986
739.4,0.183474840355479,1.54166820095382,0.317861191652545,3.12057272356398
739.5,0.183474840729881,1.54166821469774,0.317861191474337,3.12057272277994
739.6,0.183474841103407,1.54166822841392,0.317861191296547,3.12057272199774
739.7,0.183474841476062,1.54166824210244,0.317861191119173,3.12057272121738
739.8,0.183474841847841,1.54166825576325,0.317861190942215,3.12057272043884
739.9,0.183474842218747,1.54166826939659,0.317861190765672,3.12057271966213
740,0.18347484258878,1.54166828300235,0.317861190589544,3.12057271888724
740.1,0.183474842957947,1.54166829658065,0.317861190413829,3.12057271811417
740.2,0.183474843326253,1.54166831013157,0.317861190238525,3.12057271734291
740.3,0.183474843693695,1.54166832365506,0.317861190063633,3.12057271657347
740.4,0.183474844060272,1.54166833715135,0.31786118988915,3.12057271580582
740.5,0.183474844425984,1.54166835062033,0.317861189715078,3.12057271503998
740.6,0.183474844790839,1.54166836406214,0.317861189541414,3.12057271427593
740.7,0.183474845154844,1.54166837747684,0.317861189368156,3.12057271351367
740.8,0.183474845517994,1.54166839086438,0.317861189195305,3.12057271275321
740.9,0.183474845880294,1.541668404225,0.317861189022859,3.12057271199452
741,0.183474846241743,1.54166841755858,0.317861188850818,3.12057271123761
741.1,0.183474846602345,1.54166843086526,0.31786118867918,3.12057271048248
741.2,0.183474846962104,1.5416684441451,0.317861188507944,3.12057270972912
741.3,0.183474847321018,1.54166845739807,0.31786118833711,3.12057270897753
741.4,0.183474847679089,1.54166847062437,0.317861188166676,3.12057270822769
741.5,0.183474848036317,1.54166848382392,0.317861187996643,3.12057270747963
741.6,0.183474848392708,1.54166849699683,0.317861187827009,3.12057270673331
741.7,0.183474848748268,1.54166851014317,0.317861187657771,3.12057270598874
741.8,0.183474849102993,1.5416685232629,0.317861187488932,3.12057270524592
741.9,0.183474849456884,1.54166853635624,0.317861187320487,3.12057270450484
742,0.183474849809941,1.54166854942309,0.317861187152439,3.1205727037655
742.1,0.183474850162172,1.54166856246357,0.317861186984785,3.12057270302789
742.2,0.183474850513583,1.54166857547775,0.317861186817522,3.12057270229201
742.3,0.18347485086417,1.54166858846559,0.317861186650653,3.12057270155787
742.4,0.183474851213934,1.5416686014273,0.317861186484174,3.12057270082543
742.5,0.183474851562873,1.54166861436279,0.317861186318087,3.12057270009472
742.6,0.183474851910994,1.54166862727217,0.317861186152389,3.12057269936572
742.7,0.183474852258301,1.54166864015552,0.317861185987079,3.12057269863843
742.8,0.18347485260479,1.54166865301279,0.317861185822158,3.12057269791285
742.9,0.183474852950468,1.54166866584419,0.317861185657622,3.12057269718897
743,0.183474853295333,1.54166867864964,0.317861185493473,3.12057269646678
743.1,0.18347485363939,1.54166869142923,0.31786118532971,3.1205726957463
743.2,0.183474853982644,1.54166870418306,0.317861185166329,3.12057269502749
743.3,0.183474854325092,1.54166871691107,0.317861185003332,3.12057269431038
743.4,0.183474854666736,1.54166872961348,0.317861184840717,3.12057269359494
743.5,0.183474855007575,1.54166874229018,0.317861184678484,3.12057269288119
743.6,0.183474855347617,1.5416687549413,0.317861184516632,3.12057269216911
743.7,0.183474855686867,1.5416687675669,0.317861184355157,3.1205726914587
743.8,0.18347485602532,1.54166878016695,0.317861184194063,3.12057269074995
743.9,0.183474856362976,1.54166879274165,0.317861184033346,3.12057269004287
744,0.183474856699835,1.54166880529091,0.317861183873007,3.12057268933745
744.1,0.183474857035906,1.54166881781484,0.317861183713044,3.12057268863368
744.2,0.183474857371193,1.54166883031351,0.317861183553455,3.12057268793156
744.3,0.183474857705692,1.54166884278688,0.31786118339424,3.12057268723109
744.4,0.18347485803941,1.54166885523515,0.317861183235398,3.12057268653225
744.5,0.183474858372342,1.54166886765824,0.31786118307693,3.12057268583506
744.6,0.183474858704495,1.54166888005626,0.317861182918833,3.1205726851395
744.7,0.183474859035872,1.54166889242927,0.317861182761106,3.12057268444558
744.8,0.18347485936647,1.54166890477723,0.31786118260375,3.12057268375328
744.9,0.183474859696291,1.54166891710035,0.317861182446762,3.1205726830626
745,0.183474860025336,1.54166892939854,0.317861182290144,3.12057268237355
745.1,0.18347486035361,1.5416689416719,0.317861182133892,3.12057268168611
745.2,0.183474860681119,1.54166895392052,0.317861181978006,3.12057268100028
745.3,0.183474861007858,1.54166896614433,0.317861181822487,3.12057268031607
745.4,0.183474861333829,1.54166897834355,0.317861181667331,3.12057267963345
745.5,0.183474861659032,1.54166899051809,0.317861181512541,3.12057267895244
745.6,0.183474861983474,1.54166900266806,0.317861181358114,3.12057267827303
745.7,0.183474862307161,1.54166901479352,0.317861181204047,3.1205726775952
745.8,0.18347486263009,1.54166902689443,0.317861181050342,3.12057267691898
745.9,0.183474862952259,1.541669038971,0.317861180896997,3.12057267624432
746,0.183474863273669,1.54166905102313,0.317861180744013,3.12057267557126
746.1,0.183474863594326,1.54166906305094,0.317861180591387,3.12057267489978
746.2,0.183474863914232,1.54166907505448,0.317861180439119,3.12057267422986
746.3,0.183474864233385,1.54166908703373,0.317861180287209,3.12057267356153
746.4,0.183474864551791,1.54166909898887,0.317861180135655,3.12057267289475
746.5,0.183474864869447,1.54166911091983,0.317861179984456,3.12057267222954
746.6,0.18347486518636,1.5416691228267,0.317861179833612,3.1205726715659
746.7,0.183474865502534,1.54166913470956,0.317861179683121,3.12057267090381
746.8,0.183474865817966,1.54166914656836,0.317861179532983,3.12057267024327
746.9,0.183474866132656,1.5416691584033,0.317861179383197,3.12057266958427
747,0.183474866446605,1.54166917021429,0.317861179233764,3.12057266892683
747.1,0.183474866759819,1.54166918200144,0.31786117908468,3.12057266827093
747.2,0.183474867072304,1.54166919376482,0.317861178935945,3.12057266761656
747.3,0.183474867384056,1.54166920550438,0.31786117878756,3.12057266696373
747.4,0.183474867695073,1.54166921722033,0.317861178639522,3.12057266631243
747.5,0.183474868005356,1.54166922891256,0.317861178491833,3.12057266566266
747.6,0.183474868314912,1.54166924058119,0.31786117834449,3.12057266501442
747.7,0.183474868623747,1.54166925222629,0.317861178197491,3.12057266436769
747.8,0.183474868931856,1.54166926384781,0.317861178050838,3.12057266372248
747.9,0.183474869239245,1.54166927544595,0.317861177904528,3.12057266307878
748,0.183474869545912,1.54166928702062,0.317861177758562,3.12057266243659
748.1,0.18347486985186,1.54166929857192,0.317861177612938,3.12057266179591
748.2,0.183474870157093,1.54166931009993,0.317861177467654,3.12057266115673
748.3,0.183474870461609,1.5416693216046,0.317861177322712,3.12057266051905
748.4,0.183474870765409,1.54166933308612,0.31786117717811,3.12057265988286
748.5,0.183474871068494,1.5416693445444,0.317861177033848,3.12057265924817
748.6,0.18347487137087,1.54166935597956,0.317861176889923,3.12057265861497
748.7,0.18347487167254,1.54166936739165,0.317861176746335,3.12057265798325
748.8,0.183474871973502,1.54166937878063,0.317861176603085,3.12057265735301
748.9,0.183474872273756,1.5416693901467,0.317861176460171,3.12057265672425
749,0.183474872573302,1.54166940148977,0.317861176317592,3.12057265609697
749.1,0.183474872872147,1.54166941280994,0.317861176175348,3.12057265547115
749.2,0.183474873170298,1.54166942410727,0.317861176033436,3.1205726548468
749.3,0.18347487346775,1.54166943538174,0.317861175891857,3.12057265422392
749.4,0.183474873764502,1.54166944663352,0.31786117575061,3.1205726536025
749.5,0.183474874060555,1.54166945786253,0.317861175609695,3.12057265298254
749.6,0.183474874355913,1.54166946906887,0.317861175469111,3.12057265236403
749.7,0.183474874650581,1.5416694802526,0.317861175328855,3.12057265174696
749.8,0.183474874944555,1.54166949141369,0.31786117518893,3.12057265113135
749.9,0.18347487523784,1.54166950255233,0.317861175049332,3.12057265051718
750,0.183474875530435,1.54166951366842,0.317861174910062,3.12057264990446
750.1,0.183474875822346,1.54166952476207,0.317861174771119,3.12057264929317
750.2,0.183474876113575,1.54166953583335,0.3178611746325,3.12057264868331
750.3,0.183474876404122,1.54166954688221,0.317861174494208,3.12057264807488
750.4,0.183474876693985,1.54166955790884,0.317861174356239,3.12057264746788
750.5,0.183474876983164,1.54166956891315,0.317861174218594,3.1205726468623
750.6,0.183474877271668,1.54166957989525,0.317861174081272,3.12057264625815
750.7,0.1834748775595,1.54166959085519,0.317861173944271,3.12057264565541
750.8,0.183474877846657,1.54166960179294,0.317861173807593,3.12057264505408
750.9,0.183474878133136,1.54166961270869,0.317861173671234,3.12057264445416
751,0.18347487841894,1.54166962360234,0.317861173535196,3.12057264385566
751.1,0.183474878704073,1.541669634474,0.317861173399478,3.12057264325855
751.2,0.183474878988543,1.54166964532374,0.317861173264076,3.12057264266284
751.3,0.183474879272345,1.5416696561515,0.317861173128993,3.12057264206854
751.4,0.183474879555483,1.54166966695748,0.317861172994225,3.12057264147562
751.5,0.183474879837955,1.54166967774158,0.317861172859775,3.1205726408841
751.6,0.183474880119766,1.54166968850392,0.317861172725639,3.12057264029396
751.7,0.183474880400918,1.54166969924454,0.317861172591818,3.12057263970521
751.8,0.183474880681409,1.54166970996341,0.317861172458311,3.12057263911784
751.9,0.183474880961242,1.54166972066072,0.317861172325117,3.12057263853184
752,0.183474881240415,1.54166973133638,0.317861172192236,3.12057263794722
752.1,0.183474881518935,1.54166974199048,0.317861172059666,3.12057263736398
752.2,0.183474881796806,1.5416697526231,0.317861171927406,3.12057263678209
752.3,0.183474882074024,1.54166976323418,0.317861171795458,3.12057263620158
752.4,0.18347488235059,1.54166977382391,0.317861171663818,3.12057263562242
752.5,0.183474882626503,1.54166978439221,0.317861171532488,3.12057263504463
752.6,0.183474882901771,1.54166979493917,0.317861171401466,3.12057263446818
752.7,0.183474883176399,1.54166980546486,0.317861171270749,3.12057263389309
752.8,0.183474883450385,1.54166981596923,0.31786117114034,3.12057263331935
752.9,0.183474883723725,1.54166982645246,0.317861171010236,3.12057263274695
753,0.183474883996421,1.54166983691448,0.317861170880439,3.1205726321759
753.1,0.183474884268478,1.54166984735537,0.317861170750946,3.12057263160619
753.2,0.183474884539898,1.54166985777521,0.317861170621756,3.12057263103781
753.3,0.183474884810679,1.54166986817394,0.31786117049287,3.12057263047077
753.4,0.183474885080826,1.54166987855175,0.317861170364285,3.12057262990505
753.5,0.183474885350337,1.54166988890855,0.317861170236003,3.12057262934066
753.6,0.183474885619217,1.54166989924445,0.31786117010802,3.1205726287776
753.7,0.183474885887471,1.54166990955949,0.317861169980338,3.12057262821585
753.8,0.183474886155094,1.54166991985364,0.317861169852955,3.12057262765543
753.9,0.183474886422089,1.54166993012708,0.317861169725871,3.12057262709631
754,0.183474886688454,1.54166994037973,0.317861169599086,3.12057262653851
754.1,0.183474886954197,1.54166995061167,0.317861169472598,3.12057262598202
754.2,0.183474887219321,1.54166996082298,0.317861169346405,3.12057262542683
754.3,0.183474887483823,1.5416699710136,0.317861169220509,3.12057262487295
754.4,0.183474887747701,1.54166998118372,0.317861169094908,3.12057262432036
754.5,0.183474888010955,1.54166999133326,0.317861168969603,3.12057262376907
754.6,0.183474888273594,1.5416700014623,0.317861168844592,3.12057262321907
754.7,0.18347488853562,1.54167001157091,0.317861168719872,3.12057262267036
754.8,0.183474888797032,1.54167002165904,0.317861168595446,3.12057262212294
754.9,0.183474889057832,1.54167003172688,0.317861168471311,3.1205726215768
755,0.183474889318019,1.54167004177434,0.317861168347467,3.12057262103194
755.1,0.183474889577597,1.54167005180151,0.317861168223914,3.12057262048836
755.2,0.183474889836568,1.54167006180845,0.31786116810065,3.12057261994606
755.3,0.183474890094931,1.54167007179513,0.317861167977676,3.12057261940503
755.4,0.183474890352686,1.54167008176171,0.31786116785499,3.12057261886526
755.5,0.183474890609834,1.54167009170811,0.317861167732592,3.12057261832677
755.6,0.18347489086638,1.54167010163444,0.317861167610481,3.12057261778953
755.7,0.183474891122329,1.54167011154073,0.317861167488656,3.12057261725356
755.8,0.183474891377677,1.54167012142697,0.317861167367117,3.12057261671884
755.9,0.183474891632423,1.54167013129331,0.317861167245863,3.12057261618537
756,0.183474891886568,1.54167014113968,0.317861167124893,3.12057261565316
756.1,0.183474892140119,1.54167015096617,0.317861167004208,3.1205726151222
756.2,0.183474892393081,1.54167016077283,0.317861166883804,3.12057261459248
756.3,0.183474892645451,1.54167017055964,0.317861166763683,3.120572614064
756.4,0.183474892897227,1.54167018032674,0.317861166643844,3.12057261353676
756.5,0.183474893148409,1.54167019007408,0.317861166524286,3.12057261301076
756.6,0.183474893399002,1.54167019980174,0.317861166405009,3.12057261248599
756.7,0.183474893649008,1.54167020950977,0.317861166286011,3.12057261196246
756.8,0.183474893898427,1.54167021919814,0.317861166167293,3.12057261144015
756.9,0.183474894147261,1.54167022886701,0.317861166048853,3.12057261091906
757,0.183474894395509,1.54167023851631,0.317861165930691,3.1205726103992
757.1,0.183474894643176,1.54167024814613,0.317861165812806,3.12057260988056
757.2,0.183474894890266,1.54167025775652,0.317861165695197,3.12057260936313
757.3,0.183474895136776,1.54167026734744,0.317861165577864,3.12057260884692
757.4,0.183474895382707,1.54167027691906,0.317861165460806,3.12057260833191
757.5,0.183474895628057,1.54167028647131,0.317861165344023,3.12057260781812
757.6,0.183474895872834,1.54167029600427,0.317861165227514,3.12057260730553
757.7,0.183474896117041,1.54167030551799,0.317861165111277,3.12057260679414
757.8,0.183474896360676,1.54167031501245,0.317861164995313,3.12057260628396
757.9,0.183474896603736,1.5416703244878,0.317861164879621,3.12057260577496
758,0.18347489684622,1.54167033394397,0.317861164764202,3.12057260526716
758.1,0.183474897088138,1.54167034338104,0.317861164649053,3.12057260476056
758.2,0.183474897329492,1.54167035279907,0.317861164534173,3.12057260425514
758.3,0.18347489757028,1.54167036219803,0.317861164419563,3.12057260375091
758.4,0.183474897810505,1.54167037157807,0.317861164305221,3.12057260324786
758.5,0.183474898050165,1.54167038093913,0.317861164191149,3.12057260274598
758.6,0.183474898289263,1.54167039028128,0.317861164077343,3.12057260224529
758.7,0.183474898527804,1.54167039960458,0.317861163963803,3.12057260174577
758.8,0.183474898765783,1.54167040890901,0.31786116385053,3.12057260124742
758.9,0.183474899003204,1.5416704181947,0.317861163737523,3.12057260075024
759,0.183474899240064,1.5416704274616,0.317861163624782,3.12057260025422
759.1,0.18347489947637,1.54167043670978,0.317861163512305,3.12057259975937
759.2,0.183474899712126,1.5416704459393,0.317861163400091,3.12057259926568
759.3,0.183474899947329,1.54167045515013,0.31786116328814,3.12057259877315
759.4,0.183474900181977,1.54167046434243,0.317861163176452,3.12057259828177
759.5,0.183474900416071,1.54167047351611,0.317861163065026,3.12057259779155
759.6,0.183474900649618,1.54167048267127,0.317861162953862,3.12057259730247
759.7,0.183474900882624,1.54167049180796,0.317861162842957,3.12057259681454
759.8,0.183474901115084,1.54167050092614,0.317861162732313,3.12057259632776
759.9,0.183474901346996,1.54167051002597,0.317861162621928,3.12057259584211
760,0.183474901578361,1.54167051910738,0.317861162511803,3.12057259535761
760.1,0.183474901809184,1.54167052817044,0.317861162401936,3.12057259487425
760.2,0.183474902039466,1.54167053721522,0.317861162292326,3.12057259439201
760.3,0.183474902269207,1.54167054624169,0.317861162182974,3.12057259391091
760.4,0.183474902498409,1.54167055524998,0.317861162073877,3.12057259343094
760.5,0.183474902727072,1.54167056424004,0.317861161965038,3.12057259295209
760.6,0.183474902955199,1.54167057321194,0.317861161856453,3.12057259247436
760.7,0.183474903182796,1.54167058216574,0.317861161748122,3.12057259199775
760.8,0.183474903409858,1.5416705911014,0.317861161640046,3.12057259152227
760.9,0.183474903636386,1.54167060001908,0.317861161532223,3.1205725910479
761,0.183474903862379,1.54167060891871,0.317861161424654,3.12057259057463
761.1,0.183474904087844,1.54167061780036,0.317861161317336,3.12057259010249
761.2,0.183474904312786,1.54167062666409,0.31786116121027,3.12057258963144
761.3,0.1834749045372,1.54167063550987,0.317861161103455,3.12057258916151
761.4,0.183474904761083,1.54167064433784,0.31786116099689,3.12057258869267
761.5,0.183474904984437,1.54167065314794,0.317861160890577,3.12057258822493
761.6,0.183474905207268,1.54167066194025,0.317861160784512,3.1205725877583
761.7,0.183474905429581,1.54167067071482,0.317861160678695,3.12057258729275
761.8,0.183474905651373,1.54167067947162,0.317861160573128,3.1205725868283
761.9,0.183474905872645,1.54167068821079,0.317861160467807,3.12057258636493
762,0.183474906093397,1.54167069693226,0.317861160362733,3.12057258590266
762.1,0.183474906313632,1.54167070563612,0.317861160257906,3.12057258544146
762.2,0.183474906533353,1.54167071432242,0.317861160153324,3.12057258498135
762.3,0.183474906752558,1.54167072299113,0.317861160048988,3.12057258452232
762.4,0.183474906971248,1.54167073164239,0.317861159944896,3.12057258406436
762.5,0.183474907189421,1.54167074027613,0.317861159841049,3.12057258360748
762.6,0.183474907407084,1.54167074889243,0.317861159737446,3.12057258315167
762.7,0.18347490762424,1.54167075749135,0.317861159634084,3.12057258269692
762.8,0.183474907840887,1.54167076607285,0.317861159530965,3.12057258224325
762.9,0.183474908057023,1.54167077463708,0.317861159428089,3.12057258179064
763,0.183474908272648,1.54167078318397,0.317861159325454,3.12057258133909
763.1,0.18347490848777,1.5416707917136,0.31786115922306,3.1205725808886
763.2,0.183474908702393,1.54167080022601,0.317861159120905,3.12057258043916
763.3,0.183474908916514,1.54167080872118,0.317861159018989,3.12057257999078
763.4,0.183474909130129,1.54167081719926,0.317861158917313,3.12057257954345
763.5,0.183474909343241,1.54167082566016,0.317861158815875,3.12057257909717
763.6,0.183474909555853,1.54167083410398,0.317861158714676,3.12057257865194
763.7,0.183474909767968,1.54167084253076,0.317861158613713,3.12057257820775
763.8,0.183474909979584,1.54167085094047,0.317861158512989,3.1205725777646
763.9,0.183474910190703,1.54167085933326,0.317861158412499,3.1205725773225
764,0.183474910401325,1.54167086770905,0.317861158312246,3.12057257688143
764.1,0.183474910611455,1.54167087606792,0.317861158212228,3.12057257644139
764.2,0.183474910821095,1.54167088440993,0.317861158112444,3.12057257600238
764.3,0.183474911030244,1.54167089273503,0.317861158012894,3.12057257556441
764.4,0.1834749112389,1.54167090104338,0.317861157913577,3.12057257512746
764.5,0.183474911447064,1.54167090933491,0.317861157814495,3.12057257469154
764.6,0.183474911654741,1.54167091760969,0.317861157715644,3.12057257425664
764.7,0.183474911861936,1.54167092586777,0.317861157617024,3.12057257382276
764.8,0.183474912068646,1.54167093410913,0.317861157518636,3.1205725733899
764.9,0.183474912274866,1.54167094233389,0.317861157420479,3.12057257295804
765,0.183474912480598,1.54167095054201,0.317861157322552,3.12057257252721
765.1,0.183474912685849,1.54167095873354,0.317861157224856,3.12057257209739
765.2,0.183474912890623,1.54167096690854,0.317861157127387,3.12057257166857
765.3,0.183474913094916,1.54167097506699,0.317861157030148,3.12057257124076
765.4,0.183474913298732,1.541670983209,0.317861156933136,3.12057257081395
765.5,0.183474913502068,1.54167099133454,0.317861156836352,3.12057257038814
765.6,0.183474913704928,1.54167099944366,0.317861156739794,3.12057256996333
765.7,0.183474913907315,1.54167100753642,0.317861156643463,3.12057256953952
765.8,0.183474914109226,1.54167101561278,0.317861156547359,3.1205725691167
765.9,0.183474914310662,1.54167102367288,0.317861156451479,3.12057256869488
766,0.183474914511622,1.54167103171667,0.317861156355825,3.12057256827404
766.1,0.183474914712113,1.54167103974421,0.317861156260395,3.12057256785419
766.2,0.183474914912137,1.54167104775555,0.317861156165188,3.12057256743532
766.3,0.183474915111692,1.54167105575065,0.317861156070205,3.12057256701744
766.4,0.183474915310776,1.54167106372967,0.317861155975444,3.12057256660054
766.5,0.183474915509389,1.54167107169253,0.317861155880907,3.12057256618461
766.6,0.183474915707539,1.5416710796393,0.317861155786591,3.12057256576966
766.7,0.18347491590523,1.54167108757004,0.317861155692495,3.12057256535568
766.8,0.183474916102458,1.54167109548471,0.31786115559862,3.12057256494268
766.9,0.183474916299221,1.54167110338344,0.317861155504965,3.12057256453064
767,0.18347491649552,1.54167111126619,0.31786115541153,3.12057256411956
767.1,0.183474916691358,1.54167111913301,0.317861155318315,3.12057256370946
767.2,0.183474916886738,1.54167112698395,0.317861155225317,3.12057256330031
767.3,0.183474917081658,1.54167113481899,0.317861155132539,3.12057256289213
767.4,0.183474917276122,1.54167114263826,0.317861155039977,3.1205725624849
767.5,0.183474917470127,1.5416711504417,0.317861154947634,3.12057256207862
767.6,0.183474917663678,1.54167115822937,0.317861154855507,3.12057256167331
767.7,0.183474917856779,1.54167116600132,0.317861154763594,3.12057256126894
767.8,0.183474918049428,1.54167117375753,0.317861154671898,3.12057256086551
767.9,0.183474918241622,1.54167118149813,0.317861154580417,3.12057256046303
768,0.183474918433363,1.54167118922305,0.317861154489151,3.1205725600615
768.1,0.183474918624656,1.54167119693236,0.317861154398099,3.12057255966092
768.2,0.183474918815504,1.54167120462612,0.31786115430726,3.12057255926126
768.3,0.183474919005906,1.5416712123043,0.317861154216633,3.12057255886255
768.4,0.183474919195857,1.54167121996701,0.31786115412622,3.12057255846477
768.5,0.183474919385358,1.54167122761421,0.317861154036019,3.12057255806793
768.6,0.183474919574415,1.54167123524596,0.31786115394603,3.12057255767201
768.7,0.183474919763034,1.5416712428623,0.317861153856251,3.12057255727703
768.8,0.18347491995121,1.54167125046322,0.317861153766683,3.12057255688296
768.9,0.183474920138945,1.54167125804884,0.317861153677325,3.12057255648983
769,0.18347492032624,1.54167126561909,0.317861153588176,3.12057255609761
769.1,0.183474920513095,1.54167127317405,0.317861153499237,3.12057255570632
769.2,0.183474920699515,1.54167128071377,0.317861153410505,3.12057255531595
769.3,0.183474920885497,1.54167128823821,0.317861153321982,3.12057255492648
769.4,0.183474921071041,1.5416712957475,0.317861153233667,3.12057255453793
769.5,0.183474921256147,1.54167130324158,0.317861153145559,3.1205725541503
769.6,0.18347492144082,1.54167131072053,0.317861153057658,3.12057255376357
769.7,0.183474921625063,1.54167131818438,0.317861152969962,3.12057255337775
769.8,0.183474921808875,1.5416713256331,0.317861152882472,3.12057255299283
769.9,0.183474921992252,1.54167133306684,0.317861152795188,3.12057255260882
770,0.183474922175196,1.54167134048552,0.317861152708109,3.12057255222571
770.1,0.183474922357713,1.54167134788921,0.317861152621234,3.1205725518435
770.2,0.183474922539807,1.54167135527796,0.317861152534561,3.12057255146218
770.3,0.183474922721476,1.54167136265174,0.317861152448093,3.12057255108176
770.4,0.183474922902715,1.54167137001067,0.317861152361826,3.12057255070223
770.5,0.183474923083527,1.5416713773547,0.317861152275763,3.12057255032358
770.6,0.183474923263915,1.5416713846839,0.317861152189902,3.12057254994583
770.7,0.183474923443881,1.5416713919983,0.317861152104241,3.12057254956896
770.8,0.183474923623423,1.54167139929789,0.317861152018782,3.12057254919298
770.9,0.183474923802544,1.54167140658277,0.317861151933523,3.12057254881788
771,0.183474923981243,1.54167141385291,0.317861151848465,3.12057254844366
771.1,0.183474924159525,1.54167142110836,0.317861151763605,3.12057254807032
771.2,0.183474924337391,1.54167142834916,0.317861151678945,3.12057254769785
771.3,0.183474924514841,1.54167143557529,0.317861151594483,3.12057254732625
771.4,0.183474924691872,1.54167144278688,0.317861151510219,3.12057254695553
771.5,0.183474924868486,1.54167144998386,0.317861151426153,3.12057254658567
771.6,0.183474925044686,1.5416714571663,0.317861151342284,3.12057254621669
771.7,0.183474925220479,1.54167146433424,0.317861151258611,3.12057254584857
771.8,0.183474925395859,1.54167147148766,0.317861151175135,3.12057254548131
771.9,0.183474925570824,1.54167147862668,0.317861151091855,3.12057254511491
772,0.183474925745374,1.54167148575124,0.31786115100877,3.12057254474938
772.1,0.183474925919516,1.54167149286141,0.317861150925881,3.1205725443847
772.2,0.183474926093253,1.54167149995722,0.317861150843185,3.12057254402087
772.3,0.183474926266583,1.54167150703866,0.317861150760683,3.1205725436579
772.4,0.183474926439508,1.54167151410584,0.317861150678375,3.12057254329578
772.5,0.183474926612025,1.54167152115871,0.317861150596259,3.12057254293451
772.6,0.18347492678414,1.54167152819733,0.317861150514337,3.12057254257409
772.7,0.183474926955852,1.54167153522174,0.317861150432606,3.1205725422145
772.8,0.183474927127161,1.54167154223192,0.317861150351066,3.12057254185577
772.9,0.183474927298067,1.54167154922798,0.317861150269718,3.12057254149788
773,0.183474927468569,1.54167155620988,0.317861150188562,3.12057254114082
773.1,0.183474927638672,1.54167156317767,0.317861150107595,3.12057254078461
773.2,0.183474927808381,1.54167157013139,0.317861150026818,3.12057254042923
773.3,0.183474927977691,1.54167157707103,0.31786114994623,3.12057254007468
773.4,0.183474928146601,1.54167158399669,0.317861149865832,3.12057253972096
773.5,0.183474928315111,1.54167159090833,0.317861149785623,3.12057253936807
773.6,0.183474928483228,1.54167159780601,0.317861149705602,3.12057253901601
773.7,0.183474928650957,1.54167160468976,0.317861149625767,3.12057253866478
773.8,0.183474928818293,1.54167161155956,0.317861149546119,3.12057253831437
773.9,0.183474928985234,1.54167161841553,0.317861149466659,3.12057253796478
774,0.183474929151781,1.54167162525761,0.317861149387386,3.12057253761601
774.1,0.183474929317937,1.54167163208587,0.317861149308298,3.12057253726806
774.2,0.183474929483705,1.54167163890035,0.317861149229396,3.12057253692092
774.3,0.183474929649082,1.54167164570102,0.317861149150679,3.12057253657461
774.4,0.183474929814071,1.541671652488,0.317861149072147,3.1205725362291
774.5,0.183474929978672,1.54167165926123,0.317861148993799,3.1205725358844
774.6,0.183474930142888,1.54167166602077,0.317861148915634,3.12057253554051
774.7,0.183474930306722,1.54167167276667,0.317861148837653,3.12057253519742
774.8,0.183474930470172,1.54167167949891,0.317861148759855,3.12057253485515
774.9,0.183474930633237,1.54167168621758,0.317861148682238,3.12057253451367
775,0.183474930795916,1.54167169292265,0.317861148604805,3.120572534173
775.1,0.183474930958215,1.54167169961417,0.317861148527553,3.12057253383312
775.2,0.183474931120139,1.54167170629219,0.317861148450481,3.12057253349404
775.3,0.183474931281683,1.54167171295667,0.31786114837359,3.12057253315576
775.4,0.183474931442844,1.54167171960773,0.31786114829688,3.12057253281827
775.5,0.183474931603623,1.54167172624532,0.317861148220351,3.12057253248157
775.6,0.183474931764025,1.5416717328695,0.317861148144001,3.12057253214566
775.7,0.183474931924056,1.54167173948031,0.317861148067829,3.12057253181054
775.8,0.183474932083712,1.54167174607773,0.317861147991836,3.12057253147621
775.9,0.183474932242993,1.54167175266185,0.317861147916021,3.12057253114265
776,0.1834749324019,1.54167175923265,0.317861147840384,3.12057253080989
776.1,0.183474932560436,1.54167176579016,0.317861147764924,3.1205725304779
776.2,0.183474932718601,1.54167177233444,0.317861147689641,3.12057253014669
776.3,0.183474932876396,1.54167177886546,0.317861147614535,3.12057252981625
776.4,0.183474933033818,1.54167178538333,0.317861147539605,3.12057252948659
776.5,0.183474933190868,1.54167179188799,0.317861147464851,3.12057252915771
776.6,0.183474933347551,1.54167179837952,0.317861147390272,3.12057252882959
776.7,0.183474933503871,1.54167180485794,0.317861147315867,3.12057252850225
776.8,0.183474933659823,1.54167181132323,0.317861147241638,3.12057252817567
776.9,0.183474933815407,1.5416718177755,0.317861147167582,3.12057252784986
777,0.183474933970622,1.5416718242147,0.317861147093701,3.12057252752481
777.1,0.183474934125476,1.54167183064089,0.317861147019993,3.12057252720053
777.2,0.183474934279972,1.54167183705411,0.317861146946457,3.120572526877
777.3,0.183474934434108,1.54167184345433,0.317861146873093,3.12057252655424
777.4,0.183474934587878,1.54167184984167,0.317861146799901,3.12057252623223
777.5,0.183474934741285,1.54167185621607,0.317861146726882,3.12057252591097
777.6,0.183474934894332,1.54167186257758,0.317861146654034,3.12057252559048
777.7,0.183474935047022,1.54167186892626,0.317861146581356,3.12057252527073
777.8,0.183474935199352,1.54167187526207,0.317861146508849,3.12057252495173
777.9,0.183474935351325,1.54167188158512,0.317861146436512,3.12057252463348
778,0.183474935502939,1.54167188789536,0.317861146364346,3.12057252431597
778.1,0.183474935654199,1.54167189419285,0.317861146292348,3.12057252399921
778.2,0.183474935805108,1.54167190047764,0.317861146220518,3.1205725236832
778.3,0.183474935955663,1.54167190674968,0.317861146148857,3.12057252336792
778.4,0.183474936105863,1.54167191300909,0.317861146077365,3.12057252305338
778.5,0.183474936255708,1.54167191925583,0.31786114600604,3.12057252273959
778.6,0.183474936405203,1.54167192548994,0.317861145934883,3.12057252242653
778.7,0.183474936554352,1.54167193171147,0.317861145863891,3.1205725221142
778.8,0.183474936703151,1.54167193792038,0.317861145793067,3.1205725218026
778.9,0.183474936851597,1.5416719441168,0.317861145722408,3.12057252149174
779,0.183474936999691,1.54167195030066,0.317861145651916,3.1205725211816
779.1,0.183474937147439,1.54167195647203,0.31786114558159,3.12057252087219
779.2,0.183474937294844,1.54167196263094,0.317861145511427,3.12057252056351
779.3,0.183474937441904,1.54167196877737,0.317861145441429,3.12057252025555
779.4,0.183474937588619,1.54167197491141,0.317861145371595,3.12057251994832
779.5,0.18347493773499,1.54167198103304,0.317861145301926,3.1205725196418
779.6,0.183474937881018,1.54167198714229,0.317861145232419,3.120572519336
779.7,0.183474938026705,1.54167199323921,0.317861145163075,3.12057251903092
779.8,0.18347493817205,1.54167199932378,0.317861145093895,3.12057251872656
779.9,0.183474938317053,1.54167200539609,0.317861145024876,3.1205725184229
780,0.183474938461712,1.5416720114561,0.31786114495602,3.12057251811997
780.1,0.183474938606034,1.54167201750386,0.317861144887325,3.12057251781774
780.2,0.183474938750021,1.54167202353942,0.31786114481879,3.12057251751622
780.3,0.183474938893671,1.54167202956274,0.317861144750416,3.1205725172154
780.4,0.18347493903698,1.54167203557394,0.317861144682203,3.1205725169153
780.5,0.183474939179949,1.54167204157295,0.31786114461415,3.1205725166159
780.6,0.183474939322586,1.54167204755985,0.317861144546258,3.1205725163172
780.7,0.183474939464894,1.54167205353465,0.317861144478523,3.12057251601919
780.8,0.183474939606869,1.54167205949735,0.317861144410946,3.12057251572189
780.9,0.183474939748508,1.54167206544804,0.317861144343529,3.12057251542529
781,0.183474939889812,1.54167207138667,0.317861144276271,3.12057251512938
781.1,0.183474940030785,1.54167207731331,0.31786114420917,3.12057251483416
781.2,0.183474940171428,1.54167208322798,0.317861144142226,3.12057251453964
781.3,0.18347494031174,1.54167208913066,0.31786114407544,3.12057251424581
781.4,0.183474940451723,1.54167209502145,0.31786114400881,3.12057251395267
781.5,0.183474940591375,1.54167210090031,0.317861143942337,3.12057251366021
781.6,0.183474940730702,1.54167210676729,0.317861143876019,3.12057251336845
781.7,0.183474940869705,1.54167211262243,0.317861143809857,3.12057251307736
781.8,0.183474941008383,1.5416721184657,0.317861143743849,3.12057251278696
781.9,0.183474941146732,1.5416721242972,0.317861143677997,3.12057251249724
782,0.183474941284755,1.54167213011688,0.317861143612299,3.12057251220819
782.1,0.183474941422455,1.54167213592481,0.317861143546756,3.12057251191983
782.2,0.183474941559838,1.54167214172101,0.317861143481365,3.12057251163214
782.3,0.183474941696898,1.54167214750546,0.317861143416128,3.12057251134513
782.4,0.183474941833633,1.54167215327826,0.317861143351044,3.12057251105879
782.5,0.183474941970043,1.54167215903937,0.317861143286114,3.12057251077313
782.6,0.183474942106133,1.54167216478883,0.317861143221335,3.12057251048813
782.7,0.183474942241909,1.54167217052669,0.317861143156708,3.1205725102038
782.8,0.183474942377367,1.54167217625292,0.317861143092233,3.12057250992013
782.9,0.183474942512507,1.54167218196761,0.317861143027909,3.12057250963714
783,0.18347494264733,1.54167218767073,0.317861142963735,3.1205725093548
783.1,0.183474942781837,1.54167219336232,0.317861142899712,3.12057250907313
783.2,0.183474942916031,1.54167219904242,0.317861142835839,3.12057250879212
783.3,0.18347494304991,1.54167220471101,0.317861142772116,3.12057250851176
783.4,0.183474943183472,1.54167221036818,0.317861142708542,3.12057250823207
783.5,0.183474943316719,1.54167221601389,0.317861142645119,3.12057250795303
783.6,0.183474943449655,1.5416722216482,0.317861142581843,3.12057250767465
783.7,0.183474943582282,1.54167222727112,0.317861142518715,3.12057250739691
783.8,0.183474943714599,1.54167223288265,0.317861142455736,3.12057250711983
783.9,0.183474943846601,1.54167223848287,0.317861142392905,3.1205725068434
784,0.183474943978291,1.54167224407175,0.317861142330221,3.12057250656762
784.1,0.183474944109674,1.54167224964934,0.317861142267684,3.12057250629248
784.2,0.183474944240755,1.54167225521566,0.317861142205293,3.120572506018
784.3,0.18347494437153,1.54167226077071,0.317861142143048,3.12057250574415
784.4,0.183474944501994,1.54167226631456,0.317861142080949,3.12057250547094
784.5,0.183474944632151,1.54167227184718,0.317861142018997,3.12057250519838
784.6,0.183474944762001,1.54167227736862,0.31786114195719,3.12057250492645
784.7,0.183474944891549,1.54167228287892,0.317861141895527,3.12057250465517
784.8,0.183474945020791,1.54167228837804,0.31786114183401,3.12057250438452
784.9,0.18347494514973,1.54167229386608,0.317861141772636,3.1205725041145
785,0.183474945278365,1.54167229934301,0.317861141711408,3.12057250384512
785.1,0.183474945406699,1.54167230480887,0.317861141650322,3.12057250357637
785.2,0.183474945534736,1.54167231026369,0.317861141589379,3.12057250330825
785.3,0.183474945662473,1.54167231570746,0.317861141528579,3.12057250304076
785.4,0.183474945789907,1.54167232114026,0.317861141467922,3.12057250277389
785.5,0.18347494591704,1.54167232656206,0.317861141407408,3.12057250250766
785.6,0.183474946043877,1.54167233197289,0.317861141347036,3.12057250224204
785.7,0.183474946170421,1.54167233737281,0.317861141286804,3.12057250197705
785.8,0.183474946296668,1.54167234276177,0.317861141226713,3.12057250171268
785.9,0.183474946422615,1.54167234813988,0.317861141166764,3.12057250144893
786,0.183474946548263,1.5416723535071,0.317861141106956,3.1205725011858
786.1,0.183474946673616,1.54167235886347,0.317861141047289,3.12057250092329
786.2,0.18347494679868,1.54167236420902,0.31786114098776,3.12057250066139
786.3,0.183474946923451,1.54167236954373,0.317861140928372,3.12057250040011
786.4,0.18347494704793,1.54167237486771,0.317861140869122,3.12057250013943
786.5,0.183474947172116,1.54167238018089,0.317861140810012,3.12057249987938
786.6,0.183474947296011,1.54167238548334,0.317861140751039,3.12057249961993
786.7,0.183474947419618,1.54167239077508,0.317861140692206,3.12057249936108
786.8,0.183474947542935,1.54167239605609,0.317861140633509,3.12057249910285
786.9,0.18347494766596,1.54167240132647,0.317861140574951,3.12057249884522
787,0.183474947788694,1.54167240658617,0.317861140516531,3.12057249858819
787.1,0.183474947911142,1.54167241183523,0.317861140458248,3.12057249833177
787.2,0.183474948033306,1.5416724170737,0.3178611404001,3.12057249807595
787.3,0.183474948155184,1.54167242230155,0.31786114034209,3.12057249782073
787.4,0.183474948276772,1.54167242751887,0.317861140284215,3.12057249756611
787.5,0.183474948398072,1.54167243272561,0.317861140226477,3.12057249731208
787.6,0.18347494851909,1.54167243792184,0.317861140168874,3.12057249705866
787.7,0.183474948639829,1.54167244310757,0.317861140111405,3.12057249680582
787.8,0.183474948760287,1.54167244828279,0.317861140054071,3.12057249655358
787.9,0.183474948880459,1.54167245344758,0.317861139996872,3.12057249630193
788,0.183474949000347,1.54167245860191,0.317861139939806,3.12057249605086
788.1,0.183474949119953,1.54167246374583,0.317861139882876,3.1205724958004
788.2,0.18347494923928,1.54167246887935,0.317861139826078,3.12057249555051
788.3,0.183474949358325,1.54167247400247,0.317861139769414,3.12057249530122
788.4,0.183474949477092,1.54167247911527,0.317861139712883,3.1205724950525
788.5,0.183474949595578,1.54167248421771,0.317861139656484,3.12057249480437
788.6,0.183474949713787,1.54167248930984,0.317861139600218,3.12057249455682
788.7,0.183474949831723,1.54167249439168,0.317861139544082,3.12057249430985
788.8,0.183474949949382,1.54167249946322,0.31786113948808,3.12057249406347
788.9,0.183474950066762,1.54167250452455,0.317861139432208,3.12057249381766
789,0.183474950183865,1.54167250957562,0.317861139376468,3.12057249357242
789.1,0.183474950300695,1.54167251461648,0.317861139320858,3.12057249332776
789.2,0.183474950417256,1.54167251964716,0.317861139265378,3.12057249308368
789.3,0.183474950533544,1.54167252466764,0.317861139210028,3.12057249284017
789.4,0.183474950649554,1.54167252967801,0.317861139154809,3.12057249259722
789.5,0.183474950765288,1.54167253467823,0.317861139099719,3.12057249235485
789.6,0.183474950880752,1.54167253966834,0.317861139044759,3.12057249211305
789.7,0.183474950995949,1.54167254464838,0.317861138989927,3.12057249187181
789.8,0.183474951110877,1.54167254961832,0.317861138935224,3.12057249163114
789.9,0.183474951225535,1.54167255457824,0.317861138880648,3.12057249139104
790,0.183474951339923,1.54167255952812,0.317861138826201,3.12057249115149
790.1,0.183474951454044,1.541672564468,0.317861138771881,3.12057249091251
790.2,0.183474951567899,1.54167256939789,0.317861138717689,3.12057249067409
790.3,0.183474951681487,1.54167257431779,0.317861138663624,3.12057249043623
790.4,0.183474951794807,1.54167257922779,0.317861138609686,3.12057249019892
790.5,0.183474951907858,1.54167258412783,0.317861138555874,3.12057248996218
790.6,0.183474952020645,1.54167258901797,0.317861138502189,3.12057248972599
790.7,0.183474952133171,1.54167259389823,0.317861138448629,3.12057248949035
790.8,0.183474952245434,1.5416725987686,0.317861138395195,3.12057248925526
790.9,0.183474952357429,1.54167260362915,0.317861138341886,3.12057248902073
791,0.183474952469159,1.54167260847986,0.317861138288703,3.12057248878674
791.1,0.183474952580629,1.54167261332076,0.317861138235645,3.12057248855331
791.2,0.183474952691843,1.54167261815189,0.317861138182709,3.12057248832042
791.3,0.183474952802798,1.54167262297323,0.317861138129898,3.12057248808808
791.4,0.183474952913489,1.54167262778484,0.317861138077212,3.12057248785628
791.5,0.183474953023919,1.54167263258671,0.317861138024649,3.12057248762502
791.6,0.183474953134089,1.54167263737888,0.317861137972209,3.12057248739431
791.7,0.183474953244001,1.54167264216137,0.317861137919893,3.12057248716414
791.8,0.183474953353655,1.54167264693416,0.317861137867699,3.12057248693452
791.9,0.183474953463051,1.54167265169733,0.317861137815627,3.12057248670542
792,0.183474953572189,1.54167265645085,0.317861137763678,3.12057248647687
792.1,0.183474953681073,1.54167266119477,0.317861137711851,3.12057248624885
792.2,0.183474953789704,1.5416726659291,0.317861137660145,3.12057248602137
792.3,0.183474953898081,1.54167267065384,0.31786113760856,3.12057248579442
792.4,0.183474954006201,1.54167267536906,0.317861137557096,3.120572485568
792.5,0.183474954114065,1.54167268007472,0.317861137505753,3.12057248534211
792.6,0.183474954221677,1.54167268477087,0.317861137454531,3.12057248511675
792.7,0.183474954329042,1.54167268945754,0.317861137403427,3.12057248489193
792.8,0.183474954436156,1.5416726941347,0.317861137352444,3.12057248466763
792.9,0.183474954543013,1.54167269880244,0.317861137301581,3.12057248444385
793,0.183474954649617,1.54167270346073,0.317861137250838,3.1205724842206
793.1,0.183474954755971,1.54167270810959,0.317861137200214,3.12057248399787
793.2,0.183474954862079,1.54167271274907,0.317861137149708,3.12057248377567
793.3,0.18347495496794,1.54167271737914,0.31786113709932,3.12057248355398
793.4,0.183474955073552,1.54167272199989,0.31786113704905,3.12057248333282
793.5,0.183474955178916,1.54167272661127,0.317861136998898,3.12057248311218
793.6,0.183474955284033,1.54167273121332,0.317861136948865,3.12057248289205
793.7,0.183474955388906,1.54167273580609,0.317861136898947,3.12057248267244
793.8,0.183474955493533,1.54167274038954,0.317861136849148,3.12057248245334
793.9,0.183474955597912,1.54167274496375,0.317861136799465,3.12057248223476
794,0.183474955702044,1.5416727495287,0.317861136749899,3.12057248201669
794.1,0.183474955805933,1.54167275408442,0.317861136700449,3.12057248179913
794.2,0.183474955909581,1.54167275863094,0.317861136651114,3.12057248158209
794.3,0.183474956012988,1.54167276316824,0.317861136601896,3.12057248136554
794.4,0.183474956116147,1.5416727676964,0.317861136552793,3.12057248114951
794.5,0.183474956219062,1.54167277221539,0.317861136503806,3.12057248093399
794.6,0.183474956321738,1.54167277672523,0.317861136454933,3.12057248071897
794.7,0.183474956424178,1.54167278122598,0.317861136406174,3.12057248050446
794.8,0.18347495652638,1.54167278571759,0.31786113635753,3.12057248029044
794.9,0.183474956628338,1.54167279020015,0.317861136308999,3.12057248007693
795,0.183474956730055,1.54167279467364,0.317861136260583,3.12057247986392
795.1,0.183474956831533,1.54167279913807,0.317861136212281,3.12057247965142
795.2,0.183474956932774,1.54167280359349,0.317861136164091,3.1205724794394
795.3,0.183474957033777,1.54167280803988,0.317861136116016,3.12057247922789
795.4,0.183474957134542,1.54167281247731,0.317861136068052,3.12057247901687
795.5,0.18347495723507,1.54167281690575,0.317861136020202,3.12057247880635
795.6,0.183474957335363,1.54167282132523,0.317861135972463,3.12057247859632
795.7,0.183474957435423,1.54167282573579,0.317861135924835,3.12057247838678
795.8,0.183474957535251,1.5416728301374,0.31786113587732,3.12057247817774
795.9,0.18347495763484,1.54167283453015,0.317861135829917,3.12057247796918
796,0.183474957734194,1.54167283891399,0.317861135782625,3.12057247776112
796.1,0.183474957833317,1.54167284328897,0.317861135735444,3.12057247755354
796.2,0.183474957932211,1.54167284765512,0.317861135688372,3.12057247734645
796.3,0.183474958030875,1.54167285201241,0.317861135641411,3.12057247713984
796.4,0.183474958129302,1.54167285636092,0.317861135594561,3.12057247693372
796.5,0.183474958227494,1.54167286070062,0.317861135547821,3.12057247672808
796.6,0.183474958325457,1.54167286503155,0.31786113550119,3.12057247652293
796.7,0.183474958423195,1.54167286935373,0.317861135454669,3.12057247631825
796.8,0.183474958520704,1.54167287366715,0.317861135408256,3.12057247611406
796.9,0.183474958617984,1.54167287797187,0.317861135361952,3.12057247591034
797,0.183474958715035,1.54167288226787,0.317861135315757,3.12057247570711
797.1,0.183474958811859,1.54167288655519,0.317861135269671,3.12057247550435
797.2,0.183474958908459,1.54167289083385,0.317861135223691,3.12057247530206
797.3,0.183474959004832,1.54167289510383,0.31786113517782,3.12057247510025
797.4,0.183474959100976,1.5416728993652,0.317861135132057,3.12057247489891
797.5,0.183474959196892,1.54167290361795,0.317861135086402,3.12057247469805
797.6,0.183474959292585,1.54167290786209,0.317861135040853,3.12057247449765
797.7,0.183474959388056,1.54167291209766,0.317861134995411,3.12057247429772
797.8,0.183474959483304,1.54167291632464,0.317861134950075,3.12057247409827
797.9,0.183474959578325,1.54167292054311,0.317861134904846,3.12057247389928
798,0.18347495967312,1.54167292475302,0.317861134859723,3.12057247370076
798.1,0.183474959767695,1.54167292895442,0.317861134814706,3.12057247350271
798.2,0.183474959862054,1.54167293314734,0.317861134769794,3.12057247330512
798.3,0.183474959956193,1.54167293733176,0.317861134724988,3.12057247310799
798.4,0.183474960050107,1.54167294150774,0.317861134680286,3.12057247291132
798.5,0.183474960143799,1.54167294567526,0.31786113463569,3.12057247271512
798.6,0.183474960237271,1.54167294983436,0.317861134591198,3.12057247251937
798.7,0.183474960330525,1.54167295398505,0.31786113454681,3.12057247232409
798.8,0.183474960423559,1.54167295812733,0.317861134502528,3.12057247212926
798.9,0.183474960516375,1.54167296226126,0.317861134458348,3.12057247193489
799,0.183474960608971,1.54167296638681,0.317861134414273,3.12057247174098
799.1,0.183474960701351,1.54167297050402,0.317861134370301,3.12057247154752
799.2,0.183474960793518,1.54167297461292,0.317861134326431,3.12057247135451
799.3,0.183474960885469,1.54167297871348,0.317861134282664,3.12057247116196
799.4,0.183474960977202,1.54167298280578,0.317861134239,3.12057247096986
799.5,0.183474961068717,1.54167298688979,0.317861134195439,3.12057247077821
799.6,0.18347496116002,1.54167299096554,0.31786113415198,3.12057247058701
799.7,0.183474961251112,1.54167299503306,0.317861134108622,3.12057247039625
799.8,0.183474961341992,1.54167299909233,0.317861134065366,3.12057247020595
799.9,0.183474961432654,1.54167300314342,0.317861134022212,3.12057247001609
800,0.183474961523099,1.5416730071863,0.31786113397916,3.12057246982667
800.1,0.183474961613333,1.541673011221,0.317861133936208,3.1205724696377
800.2,0.18347496170336,1.54167301524755,0.317861133893356,3.12057246944918
800.3,0.183474961793176,1.54167301926594,0.317861133850606,3.12057246926109
800.4,0.183474961882781,1.54167302327623,0.317861133807955,3.12057246907345
800.5,0.183474961972175,1.5416730272784,0.317861133765404,3.12057246888624
800.6,0.183474962061361,1.54167303127247,0.317861133722953,3.12057246869948
800.7,0.183474962150339,1.54167303525847,0.317861133680602,3.12057246851315
800.8,0.183474962239109,1.54167303923639,0.317861133638349,3.12057246832726
800.9,0.183474962327668,1.5416730432063,0.317861133596196,3.12057246814181
801,0.183474962416017,1.54167304716816,0.317861133554143,3.12057246795679
801.1,0.18347496250416,1.54167305112201,0.317861133512188,3.12057246777221
801.2,0.1834749625921,1.54167305506787,0.31786113347033,3.12057246758805
801.3,0.183474962679834,1.54167305900573,0.317861133428571,3.12057246740433
801.4,0.183474962767358,1.54167306293565,0.31786113338691,3.12057246722104
801.5,0.183474962854674,1.54167306685761,0.317861133345348,3.12057246703819
801.6,0.183474962941787,1.54167307077164,0.317861133303882,3.12057246685576
801.7,0.183474963028702,1.54167307467776,0.317861133262514,3.12057246667375
801.8,0.183474963115414,1.54167307857596,0.317861133221241,3.12057246649218
801.9,0.183474963201919,1.54167308246631,0.317861133180067,3.12057246631102
802,0.18347496328822,1.54167308634877,0.317861133138988,3.1205724661303
802.1,0.183474963374317,1.54167309022338,0.317861133098007,3.12057246595
802.2,0.183474963460214,1.54167309409016,0.317861133057121,3.12057246577012
802.3,0.183474963545908,1.5416730979491,0.317861133016332,3.12057246559067
802.4,0.183474963631401,1.54167310180026,0.317861132975638,3.12057246541163
802.5,0.183474963716691,1.54167310564362,0.31786113293504,3.12057246523302
802.6,0.183474963801783,1.54167310947921,0.317861132894537,3.12057246505482
802.7,0.183474963886679,1.54167311330705,0.317861132854128,3.12057246487704
802.8,0.183474963971376,1.54167311712713,0.317861132813815,3.12057246469968
802.9,0.183474964055871,1.5416731209395,0.317861132773595,3.12057246452273
803,0.183474964140166,1.54167312474415,0.317861132733471,3.1205724643462
803.1,0.183474964224265,1.54167312854111,0.317861132693441,3.12057246417009
803.2,0.183474964308171,1.5416731323304,0.317861132653503,3.12057246399438
803.3,0.183474964391882,1.541673136112,0.31786113261366,3.12057246381909
803.4,0.18347496447539,1.54167313988598,0.31786113257391,3.12057246364421
803.5,0.1834749645587,1.54167314365232,0.317861132534254,3.12057246346974
803.6,0.183474964641815,1.54167314741104,0.317861132494692,3.12057246329568
803.7,0.183474964724739,1.54167315116216,0.31786113245522,3.12057246312202
803.8,0.183474964807469,1.54167315490567,0.317861132415842,3.12057246294878
803.9,0.183474964890005,1.54167315864165,0.317861132376557,3.12057246277593
804,0.183474964972347,1.54167316237005,0.317861132337363,3.1205724626035
804.1,0.183474965054497,1.54167316609091,0.317861132298261,3.12057246243147
804.2,0.183474965136455,1.54167316980425,0.31786113225925,3.12057246225984
804.3,0.183474965218222,1.54167317351006,0.317861132220332,3.12057246208862
804.4,0.183474965299794,1.54167317720841,0.317861132181504,3.1205724619178
804.5,0.183474965381172,1.54167318089925,0.317861132142769,3.12057246174738
804.6,0.183474965462361,1.54167318458264,0.317861132104123,3.12057246157735
804.7,0.183474965543363,1.54167318825858,0.317861132065568,3.12057246140773
804.8,0.183474965624176,1.54167319192707,0.317861132027104,3.1205724612385
804.9,0.183474965704795,1.54167319558816,0.31786113198873,3.12057246106967
805,0.183474965785222,1.54167319924184,0.317861131950446,3.12057246090124
805.1,0.183474965865462,1.54167320288812,0.317861131912252,3.12057246073321
805.2,0.18347496594552,1.54167320652704,0.317861131874146,3.12057246056556
805.3,0.183474966025392,1.54167321015858,0.317861131836131,3.12057246039831
805.4,0.183474966105072,1.5416732137828,0.317861131798204,3.12057246023145
805.5,0.183474966184564,1.54167321739968,0.317861131760367,3.12057246006498
805.6,0.183474966263869,1.54167322100924,0.317861131722619,3.12057245989891
805.7,0.183474966342989,1.5416732246115,0.317861131684958,3.12057245973322
805.8,0.183474966421922,1.54167322820646,0.317861131647387,3.12057245956792
805.9,0.18347496650067,1.54167323179418,0.317861131609903,3.12057245940301
806,0.183474966579232,1.54167323537462,0.317861131572508,3.12057245923848
806.1,0.18347496665761,1.54167323894782,0.317861131535201,3.12057245907435
806.2,0.183474966735808,1.54167324251381,0.31786113149798,3.12057245891059
806.3,0.183474966813823,1.54167324607256,0.317861131460846,3.12057245874722
806.4,0.183474966891652,1.54167324962414,0.3178611314238,3.12057245858424
806.5,0.183474966969297,1.54167325316852,0.317861131386842,3.12057245842164
806.6,0.183474967046761,1.54167325670573,0.317861131349969,3.12057245825941
806.7,0.183474967124047,1.5416732602358,0.317861131313182,3.12057245809757
806.8,0.183474967201154,1.54167326375871,0.317861131276482,3.1205724579361
806.9,0.183474967278074,1.54167326727451,0.317861131239868,3.12057245777502
807,0.183474967354811,1.54167327078319,0.317861131203341,3.12057245761431
807.1,0.183474967431368,1.54167327428478,0.3178611311669,3.12057245745399
807.2,0.18347496750775,1.54167327777929,0.317861131130543,3.12057245729403
807.3,0.183474967583953,1.54167328126671,0.317861131094271,3.12057245713445
807.4,0.183474967659978,1.5416732847471,0.317861131058085,3.12057245697525
807.5,0.183474967735823,1.54167328822044,0.317861131021983,3.12057245681642
807.6,0.183474967811492,1.54167329168675,0.317861130985966,3.12057245665796
807.7,0.183474967886984,1.54167329514606,0.317861130950033,3.12057245649987
807.8,0.1834749679623,1.54167329859836,0.317861130914185,3.12057245634216
807.9,0.183474968037437,1.54167330204369,0.317861130878421,3.12057245618481
808,0.183474968112395,1.54167330548205,0.317861130842741,3.12057245602783
808.1,0.183474968187178,1.54167330891345,0.317861130807144,3.12057245587122
808.2,0.18347496826179,1.54167331233791,0.317861130771631,3.12057245571498
808.3,0.183474968336227,1.54167331575543,0.317861130736201,3.12057245555911
808.4,0.183474968410486,1.54167331916606,0.317861130700854,3.1205724554036
808.5,0.183474968484567,1.54167332256978,0.317861130665591,3.12057245524846
808.6,0.183474968558477,1.54167332596662,0.317861130630411,3.12057245509367
808.7,0.183474968632219,1.54167332935659,0.317861130595311,3.12057245493926
808.8,0.18347496870579,1.54167333273968,0.317861130560294,3.1205724547852
808.9,0.183474968779184,1.54167333611596,0.31786113052536,3.12057245463151
809,0.183474968852404,1.54167333948539,0.317861130490508,3.12057245447817
809.1,0.183474968925453,1.54167334284801,0.317861130455737,3.12057245432519
809.2,0.18347496899833,1.54167334620383,0.317861130421048,3.12057245417258
809.3,0.183474969071037,1.54167334955285,0.317861130386441,3.12057245402032
809.4,0.183474969143571,1.54167335289512,0.317861130351915,3.12057245386842
809.5,0.183474969215935,1.54167335623061,0.31786113031747,3.12057245371688
809.6,0.18347496928813,1.54167335955936,0.317861130283105,3.12057245356569
809.7,0.183474969360158,1.54167336288138,0.317861130248821,3.12057245341485
809.8,0.183474969432019,1.54167336619666,0.317861130214617,3.12057245326437
809.9,0.183474969503707,1.54167336950526,0.317861130180494,3.12057245311424
810,0.183474969575226,1.54167337280715,0.317861130146451,3.12057245296447
810.1,0.183474969646578,1.54167337610237,0.317861130112487,3.12057245281505
810.2,0.183474969717768,1.54167337939092,0.317861130078603,3.12057245266597
810.3,0.183474969788791,1.54167338267281,0.317861130044798,3.12057245251725
810.4,0.183474969859643,1.54167338594808,0.317861130011073,3.12057245236887
810.5,0.183474969930325,1.54167338921671,0.317861129977428,3.12057245222084
810.6,0.183474970000842,1.54167339247873,0.317861129943861,3.12057245207316
810.7,0.183474970071198,1.54167339573416,0.317861129910372,3.12057245192583
810.8,0.183474970141389,1.54167339898299,0.317861129876962,3.12057245177884
810.9,0.183474970211415,1.54167340222526,0.317861129843631,3.1205724516322
811,0.183474970281277,1.54167340546097,0.317861129810377,3.1205724514859
811.1,0.183474970350976,1.54167340869013,0.317861129777202,3.12057245133994
811.2,0.183474970420513,1.54167341191276,0.317861129744104,3.12057245119432
811.3,0.183474970489887,1.54167341512886,0.317861129711084,3.12057245104905
811.4,0.183474970559096,1.54167341833848,0.317861129678141,3.12057245090412
811.5,0.18347497062814,1.54167342154159,0.317861129645276,3.12057245075952
811.6,0.183474970697023,1.54167342473822,0.317861129612489,3.12057245061527
811.7,0.183474970765749,1.54167342792839,0.317861129579776,3.12057245047136
811.8,0.183474970834313,1.54167343111209,0.317861129547142,3.12057245032778
811.9,0.183474970902713,1.54167343428937,0.317861129514584,3.12057245018454
812,0.18347497097095,1.54167343746022,0.317861129482102,3.12057245004164
812.1,0.183474971039028,1.54167344062465,0.317861129449698,3.12057244989906
812.2,0.183474971106953,1.54167344378268,0.317861129417367,3.12057244975683
812.3,0.18347497117472,1.54167344693431,0.317861129385113,3.12057244961493
812.4,0.183474971242323,1.54167345007958,0.317861129352935,3.12057244947336
812.5,0.183474971309767,1.54167345321848,0.317861129320832,3.12057244933212
812.6,0.183474971377052,1.54167345635103,0.317861129288805,3.12057244919122
812.7,0.18347497144418,1.54167345947725,0.317861129256853,3.12057244905064
812.8,0.183474971511151,1.54167346259713,0.317861129224976,3.12057244891039
812.9,0.183474971577963,1.54167346571072,0.317861129193174,3.12057244877048
813,0.183474971644617,1.541673468818,0.317861129161446,3.12057244863089
813.1,0.183474971711116,1.54167347191899,0.317861129129793,3.12057244849163
813.2,0.183474971777462,1.54167347501371,0.317861129098213,3.12057244835269
813.3,0.183474971843653,1.54167347810216,0.317861129066708,3.12057244821408
813.4,0.183474971909686,1.54167348118439,0.317861129035276,3.1205724480758
813.5,0.183474971975562,1.54167348426036,0.317861129003919,3.12057244793784
813.6,0.183474972041285,1.54167348733011,0.317861128972635,3.12057244780021
813.7,0.183474972106858,1.54167349039366,0.317861128941424,3.12057244766289
813.8,0.183474972172279,1.541673493451,0.317861128910286,3.1205724475259
813.9,0.18347497223754,1.54167349650217,0.317861128879222,3.12057244738923
814,0.183474972302645,1.54167349954716,0.317861128848231,3.12057244725288
814.1,0.183474972367599,1.54167350258598,0.317861128817312,3.12057244711685
814.2,0.183474972432404,1.54167350561867,0.317861128786466,3.12057244698114
814.3,0.183474972497058,1.5416735086452,0.317861128755692,3.12057244684575
814.4,0.183474972561559,1.54167351166564,0.31786112872499,3.12057244671068
814.5,0.18347497262591,1.54167351467995,0.31786112869436,3.12057244657592
814.6,0.18347497269011,1.54167351768816,0.317861128663802,3.12057244644147
814.7,0.183474972754161,1.54167352069029,0.317861128633315,3.12057244630735
814.8,0.183474972818062,1.54167352368633,0.3178611286029,3.12057244617354
814.9,0.18347497288181,1.54167352667634,0.317861128572556,3.12057244604004
815,0.183474972945407,1.54167352966028,0.317861128542284,3.12057244590685
815.1,0.183474973008856,1.54167353263818,0.317861128512083,3.12057244577398
815.2,0.183474973072159,1.54167353561007,0.317861128481952,3.12057244564142
815.3,0.183474973135315,1.54167353857593,0.317861128451891,3.12057244550917
815.4,0.183474973198319,1.54167354153581,0.317861128421902,3.12057244537723
815.5,0.183474973261171,1.54167354448969,0.317861128391983,3.1205724452456
815.6,0.183474973323879,1.5416735474376,0.317861128362135,3.12057244511428
815.7,0.183474973386445,1.54167355037954,0.317861128332355,3.12057244498326
815.8,0.183474973448866,1.54167355331552,0.317861128302645,3.12057244485255
815.9,0.183474973511136,1.54167355624558,0.317861128273006,3.12057244472215
816,0.183474973573259,1.5416735591697,0.317861128243436,3.12057244459206
816.1,0.183474973635236,1.5416735620879,0.317861128213935,3.12057244446227
816.2,0.183474973697068,1.54167356500021,0.317861128184504,3.12057244433278
816.3,0.183474973758754,1.54167356790661,0.317861128155142,3.1205724442036
816.4,0.183474973820295,1.54167357080715,0.317861128125848,3.12057244407472
816.5,0.18347497388169,1.54167357370181,0.317861128096624,3.12057244394615
816.6,0.183474973942943,1.54167357659061,0.317861128067468,3.12057244381787
816.7,0.183474974004055,1.54167357947358,0.31786112803838,3.1205724436899
816.8,0.183474974065024,1.54167358235069,0.31786112800936,3.12057244356223
816.9,0.183474974125847,1.54167358522201,0.317861127980409,3.12057244343486
817,0.183474974186526,1.5416735880875,0.317861127951525,3.12057244330778
817.1,0.183474974247064,1.5416735909472,0.31786112792271,3.120572443181
817.2,0.183474974307464,1.54167359380112,0.317861127893961,3.12057244305452
817.3,0.183474974367723,1.54167359664925,0.317861127865279,3.12057244292834
817.4,0.183474974427836,1.54167359949164,0.317861127836666,3.12057244280245
817.5,0.183474974487804,1.54167360232826,0.31786112780812,3.12057244267686
817.6,0.183474974547633,1.54167360515915,0.317861127779641,3.12057244255156
817.7,0.183474974607325,1.54167360798431,0.317861127751227,3.12057244242656
817.8,0.183474974666879,1.54167361080375,0.317861127722882,3.12057244230185
817.9,0.183474974726291,1.5416736136175,0.317861127694602,3.12057244217743
818,0.183474974785565,1.54167361642554,0.317861127666388,3.1205724420533
818.1,0.1834749748447,1.5416736192279,0.317861127638241,3.12057244192946
818.2,0.183474974903698,1.5416736220246,0.317861127610159,3.12057244180592
818.3,0.183474974962558,1.54167362481563,0.317861127582143,3.12057244168266
818.4,0.183474975021277,1.54167362760103,0.317861127554194,3.1205724415597
818.5,0.183474975079856,1.54167363038078,0.31786112752631,3.12057244143702
818.6,0.183474975138299,1.54167363315491,0.317861127498491,3.12057244131463
818.7,0.183474975196608,1.54167363592343,0.317861127470737,3.12057244119253
818.8,0.183474975254782,1.54167363868634,0.317861127443049,3.12057244107071
818.9,0.183474975312815,1.54167364144367,0.317861127415425,3.12057244094918
819,0.183474975370708,1.54167364419542,0.317861127387867,3.12057244082793
819.1,0.183474975428469,1.54167364694159,0.317861127360373,3.12057244070697
819.2,0.183474975486099,1.54167364968222,0.317861127332943,3.12057244058629
819.3,0.183474975543595,1.54167365241729,0.317861127305577,3.1205724404659
819.4,0.183474975600953,1.54167365514684,0.317861127278275,3.12057244034578
819.5,0.183474975658175,1.54167365787086,0.317861127251038,3.12057244022595
819.6,0.183474975715262,1.54167366058937,0.317861127223865,3.1205724401064
819.7,0.183474975772216,1.54167366330238,0.317861127196756,3.12057243998713
819.8,0.183474975829036,1.54167366600989,0.31786112716971,3.12057243986814
819.9,0.183474975885721,1.54167366871194,0.317861127142728,3.12057243974943
820,0.183474975942272,1.54167367140851,0.317861127115809,3.120572439631
820.1,0.183474975998692,1.54167367409963,0.317861127088953,3.12057243951285
820.2,0.183474976054983,1.54167367678531,0.31786112706216,3.12057243939497
820.3,0.183474976111143,1.54167367946554,0.317861127035429,3.12057243927737
820.4,0.183474976167167,1.54167368214036,0.317861127008762,3.12057243916004
820.5,0.183474976223058,1.54167368480976,0.317861126982157,3.12057243904299
820.6,0.18347497627882,1.54167368747376,0.317861126955615,3.12057243892622
820.7,0.183474976334455,1.54167369013238,0.317861126929134,3.12057243880971
820.8,0.18347497638996,1.5416736927856,0.317861126902715,3.12057243869349
820.9,0.18347497644533,1.54167369543348,0.317861126876359,3.12057243857753
821,0.183474976500567,1.54167369807598,0.317861126850065,3.12057243846184
821.1,0.183474976555676,1.54167370071314,0.317861126823833,3.12057243834644
821.2,0.183474976610659,1.54167370334497,0.317861126797662,3.12057243823129
821.3,0.183474976665513,1.54167370597145,0.317861126771552,3.12057243811642
821.4,0.183474976720239,1.54167370859265,0.317861126745503,3.12057243800182
821.5,0.183474976774836,1.54167371120852,0.317861126719516,3.12057243788749
821.6,0.183474976829306,1.54167371381911,0.317861126693589,3.12057243777342
821.7,0.183474976883649,1.54167371642442,0.317861126667722,3.12057243765962
821.8,0.183474976937866,1.54167371902444,0.317861126641917,3.12057243754609
821.9,0.183474976991952,1.54167372161922,0.317861126616172,3.12057243743282
822,0.18347497704591,1.54167372420874,0.317861126590488,3.12057243731982
822.1,0.183474977099742,1.54167372679302,0.317861126564864,3.12057243720709
822.2,0.183474977153451,1.54167372937208,0.317861126539299,3.12057243709462
822.3,0.183474977207036,1.5416737319459,0.317861126513795,3.12057243698241
822.4,0.18347497726049,1.54167373451453,0.317861126488351,3.12057243687047
822.5,0.183474977313816,1.54167373707796,0.317861126462967,3.12057243675879
822.6,0.183474977367019,1.5416737396362,0.317861126437642,3.12057243664737
822.7,0.183474977420102,1.54167374218927,0.317861126412376,3.12057243653621
822.8,0.183474977473063,1.54167374473716,0.31786112638717,3.12057243642532
822.9,0.183474977525896,1.54167374727991,0.317861126362022,3.12057243631468
823,0.183474977578603,1.5416737498175,0.317861126336934,3.1205724362043
823.1,0.183474977631186,1.54167375234996,0.317861126311905,3.12057243609419
823.2,0.183474977683647,1.5416737548773,0.317861126286934,3.12057243598432
823.3,0.183474977735984,1.54167375739952,0.317861126262022,3.12057243587472
823.4,0.183474977788197,1.54167375991664,0.317861126237169,3.12057243576538
823.5,0.183474977840286,1.54167376242867,0.317861126212374,3.12057243565629
823.6,0.183474977892255,1.54167376493561,0.317861126187637,3.12057243554746
823.7,0.183474977944105,1.54167376743748,0.317861126162957,3.12057243543887
823.8,0.183474977995834,1.54167376993428,0.317861126138335,3.12057243533056
823.9,0.183474978047438,1.54167377242604,0.317861126113772,3.12057243522249
824,0.183474978098919,1.54167377491275,0.317861126089266,3.12057243511467
824.1,0.183474978150282,1.54167377739443,0.317861126064818,3.12057243500711
824.2,0.183474978201527,1.54167377987109,0.317861126040426,3.1205724348998
824.3,0.183474978252655,1.54167378234273,0.317861126016092,3.12057243479274
824.4,0.183474978303656,1.54167378480939,0.317861125991815,3.12057243468593
824.5,0.183474978354535,1.54167378727104,0.317861125967596,3.12057243457937
824.6,0.183474978405295,1.54167378972771,0.317861125943433,3.12057243447307
824.7,0.18347497845594,1.54167379217941,0.317861125919327,3.12057243436701
824.8,0.183474978506467,1.54167379462614,0.317861125895277,3.1205724342612
824.9,0.183474978556875,1.54167379706794,0.317861125871283,3.12057243415564
825,0.183474978607165,1.54167379950479,0.317861125847346,3.12057243405033
825.1,0.183474978657337,1.5416738019367,0.317861125823465,3.12057243394526
825.2,0.183474978707394,1.5416738043637,0.317861125799639,3.12057243384044
825.3,0.183474978757333,1.54167380678578,0.317861125775869,3.12057243373587
825.4,0.183474978807152,1.54167380920297,0.317861125752155,3.12057243363153
825.5,0.183474978856853,1.54167381161526,0.317861125728498,3.12057243352745
825.6,0.183474978906438,1.54167381402266,0.317861125704895,3.12057243342361
825.7,0.18347497895591,1.54167381642521,0.317861125681348,3.12057243332001
825.8,0.183474979005267,1.54167381882287,0.317861125657855,3.12057243321666
825.9,0.183474979054504,1.5416738212157,0.317861125634419,3.12057243311355
826,0.183474979103622,1.54167382360368,0.317861125611037,3.12057243301068
826.1,0.183474979152628,1.54167382598683,0.317861125587711,3.12057243290805
826.2,0.183474979201524,1.54167382836516,0.317861125564438,3.12057243280566
826.3,0.183474979250307,1.54167383073867,0.317861125541219,3.12057243270351
826.4,0.183474979298971,1.54167383310738,0.317861125518056,3.1205724326016
826.5,0.18347497934752,1.5416738354713,0.317861125494947,3.12057243249993
826.6,0.183474979395954,1.54167383783043,0.317861125471893,3.1205724323985
826.7,0.183474979444276,1.54167384018479,0.317861125448891,3.12057243229731
826.8,0.183474979492484,1.54167384253438,0.317861125425945,3.12057243219636
826.9,0.183474979540578,1.54167384487922,0.317861125403052,3.12057243209564
827,0.183474979588558,1.54167384721931,0.317861125380213,3.12057243199516
827.1,0.183474979636426,1.54167384955467,0.317861125357428,3.12057243189491
827.2,0.183474979684185,1.54167385188531,0.317861125334695,3.1205724317949
827.3,0.183474979731833,1.54167385421121,0.317861125312016,3.12057243169512
827.4,0.183474979779366,1.54167385653243,0.317861125289391,3.12057243159558
827.5,0.183474979826786,1.54167385884894,0.317861125266819,3.12057243149627
827.6,0.183474979874096,1.54167386116076,0.317861125244299,3.12057243139719
827.7,0.183474979921299,1.54167386346791,0.317861125221831,3.12057243129835
827.8,0.183474979968393,1.54167386577038,0.317861125199417,3.12057243119974
827.9,0.18347498001537,1.5416738680682,0.317861125177055,3.12057243110135
828,0.183474980062235,1.54167387036136,0.317861125154747,3.1205724310032
828.1,0.18347498010899,1.54167387264989,0.31786112513249,3.12057243090528
828.2,0.18347498015564,1.54167387493378,0.317861125110286,3.12057243080759
828.3,0.183474980202181,1.54167387721305,0.317861125088133,3.12057243071013
828.4,0.183474980248612,1.54167387948771,0.317861125066032,3.1205724306129
828.5,0.183474980294934,1.54167388175777,0.317861125043983,3.1205724305159
828.6,0.183474980341148,1.54167388402323,0.317861125021986,3.12057243041912
828.7,0.183474980387256,1.54167388628411,0.31786112500004,3.12057243032256
828.8,0.183474980433255,1.5416738885404,0.317861124978146,3.12057243022624
828.9,0.183474980479144,1.54167389079214,0.317861124956303,3.12057243013014
829,0.183474980524923,1.54167389303931,0.317861124934512,3.12057243003427
829.1,0.183474980570597,1.54167389528194,0.317861124912771,3.12057242993862
829.2,0.183474980616166,1.54167389752003,0.317861124891081,3.12057242984319
829.3,0.183474980661629,1.54167389975359,0.317861124869442,3.12057242974799
829.4,0.183474980706981,1.54167390198263,0.317861124847855,3.12057242965302
829.5,0.183474980752224,1.54167390420716,0.317861124826318,3.12057242955826
829.6,0.183474980797363,1.54167390642719,0.317861124804832,3.12057242946373
829.7,0.183474980842402,1.54167390864273,0.317861124783395,3.12057242936942
829.8,0.183474980887337,1.54167391085377,0.317861124762008,3.12057242927533
829.9,0.183474980932162,1.54167391306035,0.317861124740672,3.12057242918146
830,0.18347498097688,1.54167391526246,0.317861124719386,3.12057242908781
830.1,0.183474981021494,1.54167391746011,0.31786112469815,3.12057242899439
830.2,0.183474981066004,1.54167391965332,0.317861124676964,3.12057242890118
830.3,0.183474981110408,1.54167392184208,0.317861124655827,3.12057242880819
830.4,0.183474981154708,1.54167392402642,0.31786112463474,3.12057242871541
830.5,0.183474981198902,1.54167392620634,0.317861124613703,3.12057242862286
830.6,0.183474981242994,1.54167392838184,0.317861124592716,3.12057242853052
830.7,0.183474981286985,1.54167393055294,0.317861124571777,3.1205724284384
830.8,0.183474981330874,1.54167393271964,0.317861124550887,3.12057242834649
830.9,0.183474981374657,1.54167393488197,0.317861124530046,3.1205724282548
831,0.183474981418335,1.54167393703991,0.317861124509255,3.12057242816333
831.1,0.183474981461913,1.54167393919349,0.317861124488512,3.12057242807207
831.2,0.183474981505392,1.54167394134271,0.317861124467817,3.12057242798102
831.3,0.183474981548771,1.54167394348757,0.31786112444717,3.12057242789019
831.4,0.183474981592042,1.54167394562811,0.317861124426573,3.12057242779957
831.5,0.183474981635209,1.5416739477643,0.317861124406024,3.12057242770916
831.6,0.183474981678275,1.54167394989617,0.317861124385524,3.12057242761897
831.7,0.183474981721244,1.54167395202373,0.317861124365071,3.12057242752898
831.8,0.183474981764113,1.54167395414698,0.317861124344666,3.12057242743921
831.9,0.183474981806881,1.54167395626594,0.317861124324309,3.12057242734965
832,0.183474981849549,1.5416739583806,0.317861124303999,3.1205724272603
832.1,0.183474981892117,1.54167396049099,0.317861124283738,3.12057242717115
832.2,0.183474981934587,1.5416739625971,0.317861124263523,3.12057242708222
832.3,0.183474981976958,1.54167396469895,0.317861124243356,3.12057242699349
832.4,0.183474982019226,1.54167396679655,0.317861124223236,3.12057242690497
832.5,0.183474982061394,1.5416739688899,0.317861124203164,3.12057242681667
832.6,0.183474982103463,1.54167397097901,0.317861124183139,3.12057242672857
832.7,0.183474982145437,1.5416739730639,0.317861124163161,3.12057242664067
832.8,0.183474982187314,1.54167397514456,0.317861124143228,3.12057242655298
832.9,0.183474982229088,1.54167397722102,0.317861124123344,3.1205724264655
833,0.183474982270762,1.54167397929327,0.317861124103506,3.12057242637822
833.1,0.18347498231234,1.54167398136133,0.317861124083715,3.12057242629115
833.2,0.183474982353825,1.54167398342521,0.31786112406397,3.12057242620427
833.3,0.183474982395215,1.54167398548489,0.31786112404427,3.12057242611761
833.4,0.183474982436504,1.54167398754043,0.317861124024617,3.12057242603115
833.5,0.183474982477694,1.54167398959179,0.317861124005011,3.12057242594489
833.6,0.183474982518788,1.541673991639,0.31786112398545,3.12057242585882
833.7,0.183474982559786,1.54167399368208,0.317861123965936,3.12057242577297
833.8,0.183474982600688,1.541673995721,0.317861123946467,3.12057242568732
833.9,0.183474982641492,1.54167399775582,0.317861123927044,3.12057242560186
834,0.183474982682199,1.5416739997865,0.317861123907666,3.12057242551661
834.1,0.183474982722812,1.54167400181308,0.317861123888335,3.12057242543156
834.2,0.183474982763333,1.54167400383556,0.317861123869047,3.12057242534671
834.3,0.18347498280376,1.54167400585394,0.317861123849806,3.12057242526205
834.4,0.183474982844088,1.54167400786824,0.317861123830609,3.12057242517759
834.5,0.18347498288432,1.54167400987846,0.317861123811458,3.12057242509333
834.6,0.18347498292446,1.54167401188461,0.317861123792351,3.12057242500927
834.7,0.183474982964509,1.54167401388671,0.317861123773289,3.12057242492541
834.8,0.183474983004466,1.54167401588474,0.317861123754272,3.12057242484174
834.9,0.183474983044323,1.54167401787874,0.317861123735299,3.12057242475827
835,0.183474983084084,1.5416740198687,0.317861123716372,3.120572424675
835.1,0.183474983123752,1.54167402185463,0.317861123697489,3.12057242459192
835.2,0.183474983163331,1.54167402383654,0.317861123678649,3.12057242450904
835.3,0.183474983202818,1.54167402581443,0.317861123659854,3.12057242442635
835.4,0.183474983242212,1.54167402778834,0.317861123641103,3.12057242434385
835.5,0.183474983281513,1.54167402975823,0.317861123622396,3.12057242426155
835.6,0.183474983320724,1.54167403172415,0.317861123603733,3.12057242417943
835.7,0.183474983359843,1.54167403368608,0.317861123585112,3.12057242409752
835.8,0.183474983398871,1.54167403564404,0.317861123566536,3.12057242401579
835.9,0.183474983437805,1.54167403759804,0.317861123548004,3.12057242393426
836,0.183474983476645,1.54167403954809,0.317861123529516,3.12057242385291
836.1,0.183474983515396,1.54167404149418,0.317861123511071,3.12057242377176
836.2,0.183474983554059,1.54167404343634,0.317861123492668,3.1205724236908
836.3,0.183474983592632,1.54167404537456,0.317861123474308,3.12057242361003
836.4,0.18347498363111,1.54167404730887,0.317861123455993,3.12057242352945
836.5,0.183474983669496,1.54167404923926,0.31786112343772,3.12057242344906
836.6,0.183474983707793,1.54167405116574,0.317861123419491,3.12057242336885
836.7,0.183474983746006,1.54167405308832,0.317861123401302,3.12057242328883
836.8,0.183474983784131,1.541674055007,0.317861123383157,3.12057242320901
836.9,0.183474983822163,1.54167405692182,0.317861123365054,3.12057242312936
837,0.183474983860103,1.54167405883274,0.317861123346995,3.12057242304991
837.1,0.183474983897955,1.5416740607398,0.317861123328977,3.12057242297064
837.2,0.183474983935718,1.54167406264301,0.317861123311002,3.12057242289156
837.3,0.183474983973393,1.54167406454235,0.317861123293069,3.12057242281266
837.4,0.183474984010978,1.54167406643786,0.317861123275179,3.12057242273395
837.5,0.183474984048473,1.54167406832952,0.31786112325733,3.12057242265542
837.6,0.183474984085882,1.54167407021736,0.317861123239523,3.12057242257708
837.7,0.183474984123206,1.54167407210138,0.317861123221757,3.12057242249892
837.8,0.183474984160443,1.54167407398157,0.317861123204034,3.12057242242094
837.9,0.18347498419759,1.54167407585798,0.317861123186352,3.12057242234315
838,0.183474984234648,1.54167407773057,0.317861123168711,3.12057242226554
838.1,0.18347498427162,1.54167407959938,0.317861123151112,3.12057242218811
838.2,0.18347498430851,1.54167408146441,0.317861123133554,3.12057242211086
838.3,0.183474984345315,1.54167408332565,0.317861123116037,3.1205724220338
838.4,0.183474984382027,1.54167408518314,0.317861123098561,3.12057242195691
838.5,0.183474984418651,1.54167408703686,0.317861123081127,3.12057242188021
838.6,0.18347498445519,1.54167408888682,0.317861123063734,3.12057242180368
838.7,0.183474984491646,1.54167409073305,0.317861123046381,3.12057242172734
838.8,0.183474984528018,1.54167409257553,0.317861123029068,3.12057242165117
838.9,0.183474984564304,1.5416740944143,0.317861123011796,3.12057242157518
839,0.183474984600505,1.54167409624933,0.317861122994565,3.12057242149937
839.1,0.183474984636621,1.54167409808065,0.317861122977374,3.12057242142374
839.2,0.183474984672655,1.54167409990827,0.317861122960223,3.12057242134828
839.3,0.183474984708604,1.54167410173217,0.317861122943112,3.12057242127301
839.4,0.183474984744466,1.5416741035524,0.317861122926042,3.1205724211979
839.5,0.183474984780242,1.54167410536893,0.317861122909012,3.12057242112298
839.6,0.183474984815935,1.54167410718179,0.317861122892022,3.12057242104823
839.7,0.183474984851548,1.54167410899098,0.317861122875072,3.12057242097365
839.8,0.183474984887078,1.5416741107965,0.317861122858161,3.12057242089926
839.9,0.183474984922521,1.54167411259838,0.31786112284129,3.12057242082503
840,0.183474984957877,1.5416741143966,0.317861122824459,3.12057242075098
840.1,0.183474984993153,1.54167411619119,0.317861122807667,3.12057242067711
840.2,0.183474985028351,1.54167411798214,0.317861122790914,3.1205724206034
840.3,0.183474985063469,1.54167411976946,0.3178611227742,3.12057242052987
840.4,0.1834749850985,1.54167412155317,0.317861122757526,3.12057242045651
840.5,0.183474985133448,1.54167412333327,0.317861122740892,3.12057242038333
840.6,0.183474985168313,1.54167412510976,0.317861122724296,3.12057242031031
840.7,0.183474985203097,1.54167412688266,0.317861122707739,3.12057242023747
840.8,0.183474985237799,1.54167412865196,0.317861122691221,3.1205724201648
840.9,0.183474985272419,1.54167413041769,0.317861122674741,3.1205724200923
841,0.183474985306956,1.54167413217984,0.317861122658301,3.12057242001996
841.1,0.183474985341413,1.54167413393842,0.317861122641899,3.1205724199478
841.2,0.183474985375793,1.54167413569345,0.317861122625535,3.12057241987581
841.3,0.183474985410093,1.54167413744491,0.317861122609209,3.12057241980398
841.4,0.183474985444309,1.54167413919285,0.317861122592922,3.12057241973233
841.5,0.183474985478443,1.54167414093723,0.317861122576674,3.12057241966084
841.6,0.183474985512498,1.54167414267809,0.317861122560463,3.12057241958952
841.7,0.183474985546478,1.54167414441542,0.31786112254429,3.12057241951836
841.8,0.183474985580379,1.54167414614923,0.317861122528154,3.12057241944738
841.9,0.183474985614195,1.54167414787954,0.317861122512058,3.12057241937656
842,0.183474985647929,1.54167414960633,0.317861122495999,3.1205724193059
842.1,0.183474985681584,1.54167415132964,0.317861122479978,3.12057241923542
842.2,0.183474985715164,1.54167415304946,0.317861122463994,3.1205724191651
842.3,0.183474985748667,1.54167415476578,0.317861122448048,3.12057241909494
842.4,0.18347498578209,1.54167415647865,0.317861122432139,3.12057241902495
842.5,0.183474985815435,1.54167415818804,0.317861122416267,3.12057241895512
842.6,0.183474985848702,1.54167415989397,0.317861122400432,3.12057241888545
842.7,0.183474985881893,1.54167416159645,0.317861122384634,3.12057241881595
842.8,0.183474985915006,1.54167416329548,0.317861122368873,3.12057241874661
842.9,0.183474985948039,1.54167416499108,0.31786112235315,3.12057241867744
843,0.183474985980992,1.54167416668323,0.317861122337463,3.12057241860842
843.1,0.183474986013869,1.54167416837197,0.317861122321814,3.12057241853957
843.2,0.183474986046672,1.54167417005728,0.3178611223062,3.12057241847088
843.3,0.1834749860794,1.54167417173918,0.317861122290624,3.12057241840235
843.4,0.183474986112046,1.54167417341768,0.317861122275084,3.12057241833398
843.5,0.183474986144613,1.54167417509278,0.317861122259581,3.12057241826577
843.6,0.183474986177106,1.54167417676449,0.317861122244114,3.12057241819772
843.7,0.183474986209527,1.54167417843281,0.317861122228683,3.12057241812984
843.8,0.183474986241875,1.54167418009775,0.317861122213287,3.1205724180621
843.9,0.183474986274142,1.54167418175933,0.317861122197929,3.12057241799453
844,0.183474986306332,1.54167418341754,0.317861122182606,3.12057241792712
844.1,0.183474986338447,1.5416741850724,0.317861122167319,3.12057241785986
844.2,0.183474986370486,1.5416741867239,0.317861122152069,3.12057241779277
844.3,0.183474986402451,1.54167418837206,0.317861122136854,3.12057241772583
844.4,0.183474986434339,1.54167419001689,0.317861122121675,3.12057241765905
844.5,0.183474986466151,1.54167419165838,0.317861122106531,3.12057241759242
844.6,0.18347498649789,1.54167419329655,0.317861122091424,3.12057241752596
844.7,0.183474986529557,1.5416741949314,0.31786112207635,3.12057241745964
844.8,0.183474986561151,1.54167419656294,0.317861122061312,3.12057241739348
844.9,0.183474986592668,1.54167419819119,0.31786112204631,3.12057241732748
845,0.183474986624109,1.54167419981613,0.317861122031344,3.12057241726163
845.1,0.183474986655477,1.54167420143779,0.317861122016412,3.12057241719594
845.2,0.183474986686776,1.54167420305616,0.317861122001515,3.1205724171304
845.3,0.183474986718003,1.54167420467125,0.317861121986652,3.12057241706501
845.4,0.183474986749152,1.54167420628308,0.317861121971825,3.12057241699978
845.5,0.183474986780224,1.54167420789164,0.317861121957033,3.1205724169347
845.6,0.183474986811224,1.54167420949694,0.317861121942276,3.12057241686977
845.7,0.183474986842155,1.541674211099,0.317861121927554,3.120572416805
845.8,0.183474986873014,1.5416742126978,0.317861121912865,3.12057241674038
845.9,0.1834749869038,1.54167421429338,0.317861121898211,3.12057241667591
846,0.183474986934514,1.54167421588572,0.317861121883591,3.12057241661159
846.1,0.183474986965157,1.54167421747484,0.317861121869006,3.12057241654742
846.2,0.183474986995729,1.54167421906075,0.317861121854454,3.12057241648339
846.3,0.183474987026231,1.54167422064343,0.317861121839936,3.12057241641953
846.4,0.183474987056657,1.54167422222293,0.317861121825454,3.12057241635581
846.5,0.183474987087011,1.54167422379921,0.317861121811005,3.12057241629224
846.6,0.183474987117294,1.54167422537231,0.31786112179659,3.12057241622882
846.7,0.183474987147509,1.54167422694223,0.317861121782208,3.12057241616554
846.8,0.183474987177655,1.54167422850895,0.31786112176786,3.12057241610242
846.9,0.183474987207726,1.54167423007252,0.317861121753546,3.12057241603945
847,0.183474987237723,1.54167423163291,0.317861121739266,3.12057241597662
847.1,0.183474987267652,1.54167423319015,0.31786112172502,3.12057241591394
847.2,0.183474987297516,1.54167423474424,0.317861121710806,3.12057241585141
847.3,0.183474987327312,1.54167423629517,0.317861121696625,3.12057241578902
847.4,0.183474987357034,1.54167423784297,0.317861121682478,3.12057241572678
847.5,0.183474987386684,1.54167423938763,0.317861121668364,3.12057241566469
847.6,0.183474987416265,1.54167424092916,0.317861121654283,3.12057241560274
847.7,0.183474987445777,1.54167424246758,0.317861121640236,3.12057241554093
847.8,0.18347498747522,1.54167424400288,0.317861121626221,3.12057241547928
847.9,0.183474987504592,1.54167424553507,0.31786112161224,3.12057241541776
848,0.183474987533894,1.54167424706416,0.317861121598291,3.12057241535639
848.1,0.183474987563129,1.54167424859015,0.317861121584375,3.12057241529517
848.2,0.183474987592298,1.54167425011306,0.317861121570491,3.12057241523409
848.3,0.183474987621399,1.54167425163287,0.31786112155664,3.12057241517315
848.4,0.183474987650429,1.54167425314962,0.317861121542821,3.12057241511235
848.5,0.183474987679389,1.54167425466329,0.317861121529036,3.1205724150517
848.6,0.183474987708283,1.54167425617389,0.317861121515282,3.12057241499119
848.7,0.183474987737113,1.54167425768144,0.31786112150156,3.12057241493082
848.8,0.183474987765877,1.54167425918593,0.31786112148787,3.1205724148706
848.9,0.183474987794567,1.54167426068738,0.317861121474213,3.12057241481051
849,0.183474987823187,1.54167426218579,0.317861121460588,3.12057241475056
849.1,0.183474987851741,1.54167426368117,0.317861121446996,3.12057241469076
849.2,0.183474987880232,1.54167426517351,0.317861121433435,3.1205724146311
849.3,0.183474987908657,1.54167426666283,0.317861121419905,3.12057241457158
849.4,0.183474987937014,1.54167426814915,0.317861121406407,3.12057241451219
849.5,0.183474987965305,1.54167426963245,0.31786112139294,3.12057241445294
849.6,0.18347498799353,1.54167427111274,0.317861121379506,3.12057241439383
849.7,0.183474988021691,1.54167427259005,0.317861121366102,3.12057241433487
849.8,0.183474988049786,1.54167427406435,0.31786112135273,3.12057241427604
849.9,0.183474988077812,1.54167427553568,0.31786112133939,3.12057241421735
850,0.183474988105771,1.54167427700402,0.317861121326081,3.12057241415879
850.1,0.183474988133665,1.54167427846939,0.317861121312803,3.12057241410038
850.2,0.183474988161497,1.5416742799318,0.317861121299556,3.1205724140421
850.3,0.183474988189264,1.54167428139123,0.31786112128634,3.12057241398395
850.4,0.183474988216962,1.54167428284772,0.317861121273155,3.12057241392595
850.5,0.183474988244592,1.54167428430126,0.317861121260002,3.12057241386808
850.6,0.18347498827216,1.54167428575185,0.31786112124688,3.12057241381034
850.7,0.183474988299668,1.54167428719951,0.317861121233787,3.12057241375274
850.8,0.183474988327114,1.54167428864423,0.317861121220725,3.12057241369527
850.9,0.183474988354491,1.54167429008604,0.317861121207694,3.12057241363794
851,0.183474988381802,1.54167429152492,0.317861121194694,3.12057241358075
851.1,0.183474988409049,1.54167429296089,0.317861121181724,3.12057241352369
851.2,0.183474988436233,1.54167429439395,0.317861121168785,3.12057241346676
851.3,0.183474988463353,1.5416742958241,0.317861121155876,3.12057241340997
851.4,0.183474988490407,1.54167429725137,0.317861121142997,3.12057241335331
851.5,0.183474988517397,1.54167429867574,0.317861121130149,3.12057241329678
851.6,0.183474988544326,1.54167430009723,0.317861121117331,3.12057241324039
851.7,0.183474988571193,1.54167430151584,0.317861121104542,3.12057241318412
851.8,0.183474988597999,1.54167430293157,0.317861121091784,3.12057241312799
851.9,0.183474988624739,1.54167430434445,0.317861121079056,3.12057241307199
852,0.183474988651414,1.54167430575446,0.317861121066357,3.12057241301613
852.1,0.183474988678028,1.54167430716161,0.317861121053689,3.12057241296039
852.2,0.183474988704583,1.54167430856592,0.31786112104105,3.12057241290478
852.3,0.183474988731078,1.54167430996737,0.317861121028439,3.12057241284931
852.4,0.183474988757505,1.541674311366,0.31786112101586,3.12057241279396
852.5,0.183474988783867,1.54167431276179,0.31786112100331,3.12057241273874
852.6,0.183474988810168,1.54167431415476,0.31786112099079,3.12057241268366
852.7,0.183474988836411,1.5416743155449,0.317861120978298,3.1205724126287
852.8,0.183474988862593,1.54167431693223,0.317861120965836,3.12057241257387
852.9,0.183474988888713,1.54167431831675,0.317861120953403,3.12057241251917
853,0.183474988914772,1.54167431969847,0.317861120940999,3.1205724124646
853.1,0.183474988940771,1.54167432107739,0.317861120928624,3.12057241241016
853.2,0.18347498896671,1.54167432245351,0.317861120916278,3.12057241235584
853.3,0.183474988992589,1.54167432382685,0.317861120903961,3.12057241230165
853.4,0.183474989018404,1.54167432519741,0.317861120891673,3.12057241224759
853.5,0.183474989044156,1.5416743265652,0.317861120879414,3.12057241219366
853.6,0.183474989069849,1.54167432793021,0.317861120867184,3.12057241213985
853.7,0.183474989095486,1.54167432929246,0.317861120854982,3.12057241208617
853.8,0.183474989121063,1.54167433065195,0.317861120842808,3.12057241203261
853.9,0.183474989146575,1.54167433200869,0.317861120830664,3.12057241197918
854,0.183474989172026,1.54167433336268,0.317861120818548,3.12057241192587
854.1,0.183474989197418,1.54167433471393,0.317861120806461,3.1205724118727
854.2,0.183474989222756,1.54167433606244,0.317861120794401,3.12057241181964
854.3,0.183474989248037,1.54167433740822,0.317861120782369,3.12057241176671
854.4,0.183474989273254,1.54167433875128,0.317861120770366,3.1205724117139
854.5,0.183474989298411,1.54167434009161,0.317861120758392,3.12057241166122
854.6,0.183474989323508,1.54167434142923,0.317861120746445,3.12057241160866
854.7,0.183474989348548,1.54167434276415,0.317861120734527,3.12057241155622
854.8,0.183474989373528,1.54167434409635,0.317861120722636,3.12057241150391
854.9,0.183474989398448,1.54167434542587,0.317861120710774,3.12057241145172
855,0.183474989423308,1.54167434675269,0.317861120698939,3.12057241139965
855.1,0.183474989448112,1.54167434807683,0.317861120687133,3.12057241134771
855.2,0.18347498947286,1.54167434939828,0.317861120675353,3.12057241129588
855.3,0.183474989497551,1.54167435071705,0.317861120663601,3.12057241124418
855.4,0.183474989522181,1.54167435203316,0.317861120651876,3.1205724111926
855.5,0.183474989546751,1.5416743533466,0.31786112064018,3.12057241114114
855.6,0.183474989571266,1.54167435465738,0.317861120628511,3.1205724110898
855.7,0.183474989595727,1.54167435596551,0.317861120616869,3.12057241103858
855.8,0.183474989620131,1.54167435727098,0.317861120605254,3.12057241098748
855.9,0.183474989644473,1.54167435857382,0.317861120593666,3.1205724109365
856,0.183474989668755,1.54167435987401,0.317861120582107,3.12057241088564
856.1,0.183474989692981,1.54167436117157,0.317861120570574,3.1205724108349
856.2,0.183474989717153,1.54167436246651,0.317861120559068,3.12057241078428
856.3,0.18347498974127,1.54167436375882,0.317861120547589,3.12057241073377
856.4,0.18347498976533,1.54167436504851,0.317861120536137,3.12057241068339
856.5,0.183474989789333,1.5416743663356,0.317861120524711,3.12057241063312
856.6,0.18347498981328,1.54167436762007,0.317861120513313,3.12057241058298
856.7,0.183474989837173,1.54167436890195,0.317861120501941,3.12057241053295
856.8,0.18347498986101,1.54167437018122,0.317861120490595,3.12057241048303
856.9,0.183474989884788,1.54167437145791,0.317861120479277,3.12057241043324
857,0.183474989908509,1.54167437273202,0.317861120467985,3.12057241038356
857.1,0.183474989932175,1.54167437400354,0.31786112045672,3.12057241033399
857.2,0.183474989955789,1.54167437527249,0.31786112044548,3.12057241028455
857.3,0.183474989979349,1.54167437653886,0.317861120434267,3.12057241023522
857.4,0.183474990002848,1.54167437780268,0.317861120423081,3.120572410186
857.5,0.18347499002629,1.54167437906393,0.317861120411921,3.1205724101369
857.6,0.18347499004968,1.54167438032263,0.317861120400788,3.12057241008792
857.7,0.183474990073019,1.54167438157878,0.317861120389679,3.12057241003905
857.8,0.183474990096305,1.54167438283238,0.317861120378597,3.12057240999029
857.9,0.183474990119533,1.54167438408345,0.317861120367541,3.12057240994165
858,0.183474990142705,1.54167438533198,0.317861120356511,3.12057240989312
858.1,0.183474990165822,1.54167438657799,0.317861120345507,3.12057240984471
858.2,0.183474990188886,1.54167438782147,0.317861120334529,3.12057240979641
858.3,0.183474990211895,1.54167438906243,0.317861120323576,3.12057240974822
858.4,0.183474990234849,1.54167439030088,0.317861120312649,3.12057240970015
858.5,0.183474990257748,1.54167439153683,0.317861120301749,3.12057240965219
858.6,0.183474990280595,1.54167439277026,0.317861120290873,3.12057240960435
858.7,0.18347499030339,1.54167439400121,0.317861120280023,3.12057240955661
858.8,0.183474990326134,1.54167439522965,0.317861120269198,3.12057240950899
858.9,0.183474990348821,1.54167439645562,0.317861120258399,3.12057240946147
859,0.183474990371452,1.54167439767909,0.317861120247625,3.12057240941407
859.1,0.183474990394032,1.54167439890009,0.317861120236877,3.12057240936678
859.2,0.183474990416563,1.54167440011862,0.317861120226153,3.1205724093196
859.3,0.183474990439043,1.54167440133468,0.317861120215454,3.12057240927253
859.4,0.183474990461464,1.54167440254828,0.317861120204781,3.12057240922558
859.5,0.18347499048383,1.54167440375941,0.317861120194133,3.12057240917873
859.6,0.183474990506144,1.5416744049681,0.317861120183511,3.120572409132
859.7,0.18347499052841,1.54167440617434,0.317861120172913,3.12057240908537
859.8,0.183474990550624,1.54167440737813,0.317861120162339,3.12057240903885
859.9,0.183474990572785,1.54167440857949,0.31786112015179,3.12057240899244
860,0.183474990594894,1.54167440977841,0.317861120141266,3.12057240894614
860.1,0.183474990616953,1.54167441097491,0.317861120130767,3.12057240889994
860.2,0.183474990638961,1.54167441216898,0.317861120120292,3.12057240885386
860.3,0.183474990660918,1.54167441336063,0.317861120109841,3.12057240880789
860.4,0.18347499068282,1.54167441454987,0.317861120099416,3.12057240876202
860.5,0.183474990704669,1.5416744157367,0.317861120089015,3.12057240871626
860.6,0.183474990726468,1.54167441692113,0.317861120078639,3.12057240867061
860.7,0.183474990748219,1.54167441810316,0.317861120068286,3.12057240862506
860.8,0.18347499076992,1.54167441928279,0.317861120057957,3.12057240857962
860.9,0.183474990791565,1.54167442046004,0.317861120047654,3.12057240853429
861,0.183474990813158,1.5416744216349,0.317861120037375,3.12057240848907
861.1,0.183474990834702,1.54167442280738,0.31786112002712,3.12057240844395
861.2,0.1834749908562,1.54167442397749,0.317861120016887,3.12057240839893
861.3,0.18347499087765,1.54167442514523,0.317861120006679,3.12057240835402
861.4,0.183474990899045,1.5416744263106,0.317861119996495,3.12057240830922
861.5,0.183474990920388,1.54167442747361,0.317861119986336,3.12057240826452
861.6,0.183474990941682,1.54167442863427,0.3178611199762,3.12057240821993
861.7,0.183474990962926,1.54167442979258,0.317861119966088,3.12057240817544
861.8,0.18347499098412,1.54167443094853,0.317861119956,3.12057240813105
861.9,0.183474991005263,1.54167443210215,0.317861119945935,3.12057240808677
862,0.183474991026355,1.54167443325343,0.317861119935894,3.12057240804259
862.1,0.183474991047399,1.54167443440238,0.317861119925877,3.12057240799852
862.2,0.183474991068396,1.54167443554901,0.317861119915883,3.12057240795456
862.3,0.183474991089346,1.54167443669331,0.317861119905912,3.12057240791069
862.4,0.183474991110242,1.54167443783529,0.317861119895964,3.12057240786692
862.5,0.183474991131088,1.54167443897496,0.317861119886041,3.12057240782326
862.6,0.183474991151887,1.54167444011233,0.317861119876141,3.12057240777971
862.7,0.183474991172641,1.54167444124739,0.317861119866263,3.12057240773625
862.8,0.183474991193347,1.54167444238014,0.317861119856408,3.12057240769289
862.9,0.183474991213999,1.54167444351061,0.317861119846577,3.12057240764964
863,0.1834749912346,1.54167444463878,0.31786111983677,3.12057240760649
863.1,0.183474991255154,1.54167444576467,0.317861119826985,3.12057240756344
863.2,0.183474991275662,1.54167444688828,0.317861119817223,3.12057240752049
863.3,0.183474991296124,1.54167444800961,0.317861119807484,3.12057240747764
863.4,0.183474991316537,1.54167444912868,0.317861119797767,3.1205724074349
863.5,0.183474991336902,1.54167445024548,0.317861119788074,3.12057240739225
863.6,0.18347499135722,1.54167445136001,0.317861119778403,3.1205724073497
863.7,0.183474991377492,1.54167445247229,0.317861119768754,3.12057240730725
863.8,0.183474991397717,1.54167445358231,0.317861119759128,3.12057240726491
863.9,0.183474991417891,1.54167445469009,0.317861119749526,3.12057240722266
864,0.183474991438016,1.54167445579562,0.317861119739945,3.12057240718051
864.1,0.183474991458096,1.54167445689891,0.317861119730387,3.12057240713846
864.2,0.183474991478131,1.54167445799997,0.317861119720851,3.1205724070965
864.3,0.18347499149812,1.5416744590988,0.317861119711337,3.12057240705465
864.4,0.183474991518058,1.5416744601954,0.317861119701846,3.12057240701289
864.5,0.183474991537947,1.54167446128978,0.317861119692378,3.12057240697123
864.6,0.183474991557791,1.54167446238195,0.317861119682932,3.12057240692967
864.7,0.183474991577593,1.5416744634719,0.317861119673507,3.12057240688821
864.8,0.183474991597351,1.54167446455964,0.317861119664104,3.12057240684684
864.9,0.183474991617058,1.54167446564518,0.317861119654724,3.12057240680558
865,0.183474991636718,1.54167446672853,0.317861119645366,3.1205724067644
865.1,0.183474991656331,1.54167446780967,0.31786111963603,3.12057240672333
865.2,0.183474991675899,1.54167446888863,0.317861119626716,3.12057240668235
865.3,0.183474991695421,1.5416744699654,0.317861119617424,3.12057240664147
865.4,0.183474991714896,1.54167447104,0.317861119608153,3.12057240660068
865.5,0.183474991734324,1.54167447211241,0.317861119598904,3.12057240655999
865.6,0.183474991753707,1.54167447318265,0.317861119589677,3.12057240651939
865.7,0.183474991773048,1.54167447425073,0.317861119580471,3.12057240647889
865.8,0.183474991792345,1.54167447531664,0.317861119571287,3.12057240643849
865.9,0.183474991811593,1.54167447638039,0.317861119562124,3.12057240639818
866,0.183474991830794,1.54167447744199,0.317861119552984,3.12057240635796
866.1,0.183474991849952,1.54167447850144,0.317861119543865,3.12057240631784
866.2,0.183474991869068,1.54167447955874,0.317861119534766,3.12057240627781
866.3,0.183474991888141,1.5416744806139,0.317861119525689,3.12057240623788
866.4,0.183474991907164,1.54167448166692,0.317861119516633,3.12057240619804
866.5,0.183474991926139,1.54167448271781,0.317861119507599,3.12057240615829
866.6,0.183474991945071,1.54167448376657,0.317861119498587,3.12057240611864
866.7,0.183474991963962,1.54167448481321,0.317861119489595,3.12057240607908
866.8,0.183474991982809,1.54167448585772,0.317861119480624,3.12057240603961
866.9,0.183474992001612,1.54167448690013,0.317861119471674,3.12057240600023
867,0.18347499202037,1.54167448794042,0.317861119462745,3.12057240596095
867.1,0.183474992039085,1.5416744889786,0.317861119453837,3.12057240592176
867.2,0.183474992057758,1.54167449001468,0.31786111944495,3.12057240588266
867.3,0.183474992076387,1.54167449104866,0.317861119436083,3.12057240584365
867.4,0.18347499209497,1.54167449208055,0.317861119427238,3.12057240580474
867.5,0.183474992113507,1.54167449311034,0.317861119418413,3.12057240576591
867.6,0.183474992132002,1.54167449413805,0.31786111940961,3.12057240572718
867.7,0.183474992150457,1.54167449516368,0.317861119400826,3.12057240568854
867.8,0.183474992168869,1.54167449618723,0.317861119392063,3.12057240564998
867.9,0.183474992187234,1.54167449720871,0.317861119383321,3.12057240561152
868,0.183474992205553,1.54167449822812,0.3178611193746,3.12057240557315
868.1,0.183474992223831,1.54167449924546,0.317861119365899,3.12057240553487
868.2,0.183474992242071,1.54167450026074,0.317861119357217,3.12057240549667
868.3,0.183474992260271,1.54167450127396,0.317861119348556,3.12057240545857
868.4,0.183474992278424,1.54167450228514,0.317861119339916,3.12057240542056
868.5,0.183474992296533,1.54167450329427,0.317861119331296,3.12057240538264
868.6,0.183474992314598,1.54167450430135,0.317861119322697,3.1205724053448
868.7,0.183474992332623,1.54167450530639,0.317861119314117,3.12057240530706
868.8,0.183474992350605,1.54167450630939,0.317861119305558,3.1205724052694
868.9,0.183474992368543,1.54167450731037,0.317861119297019,3.12057240523183
869,0.183474992386438,1.54167450830931,0.3178611192885,3.12057240519435
869.1,0.183474992404292,1.54167450930623,0.31786111928,3.12057240515696
869.2,0.183474992422107,1.54167451030114,0.317861119271521,3.12057240511965
869.3,0.183474992439882,1.54167451129402,0.317861119263062,3.12057240508243
869.4,0.183474992457611,1.5416745122849,0.317861119254622,3.1205724050453
869.5,0.183474992475297,1.54167451327377,0.317861119246202,3.12057240500826
869.6,0.183474992492943,1.54167451426064,0.317861119237802,3.12057240497131
869.7,0.183474992510552,1.5416745152455,0.317861119229422,3.12057240493443
869.8,0.18347499252812,1.54167451622837,0.31786111922106,3.12057240489765
869.9,0.183474992545642,1.54167451720926,0.317861119212719,3.12057240486095
870,0.18347499256312,1.54167451818815,0.317861119204398,3.12057240482434
870.1,0.183474992580558,1.54167451916506,0.317861119196097,3.12057240478781
870.2,0.183474992597958,1.54167452013999,0.317861119187814,3.12057240475138
870.3,0.183474992615319,1.54167452111295,0.317861119179551,3.12057240471502
870.4,0.183474992632638,1.54167452208393,0.317861119171307,3.12057240467875
870.5,0.183474992649916,1.54167452305295,0.317861119163083,3.12057240464257
870.6,0.183474992667155,1.54167452402001,0.317861119154877,3.12057240460647
870.7,0.183474992684355,1.54167452498511,0.317861119146691,3.12057240457046
870.8,0.183474992701515,1.54167452594824,0.317861119138524,3.12057240453452
870.9,0.183474992718631,1.54167452690944,0.317861119130376,3.12057240449868
871,0.183474992735706,1.54167452786868,0.317861119122248,3.12057240446291
871.1,0.183474992752741,1.54167452882598,0.317861119114139,3.12057240442724
871.2,0.18347499276974,1.54167452978134,0.317861119106048,3.12057240439164
871.3,0.1834749927867,1.54167453073476,0.317861119097977,3.12057240435613
871.4,0.183474992803616,1.54167453168626,0.317861119089924,3.12057240432071
871.5,0.183474992820489,1.54167453263583,0.317861119081891,3.12057240428536
871.6,0.183474992837325,1.54167453358347,0.317861119073877,3.1205724042501
871.7,0.183474992854127,1.54167453452919,0.31786111906588,3.12057240421492
871.8,0.183474992870891,1.541674535473,0.317861119057902,3.12057240417983
871.9,0.183474992887612,1.5416745364149,0.317861119049944,3.12057240414481
872,0.183474992904292,1.54167453735488,0.317861119042004,3.12057240410988
872.1,0.183474992920932,1.54167453829296,0.317861119034083,3.12057240407503
872.2,0.183474992937535,1.54167453922915,0.31786111902618,3.12057240404026
872.3,0.183474992954098,1.54167454016343,0.317861119018296,3.12057240400558
872.4,0.18347499297062,1.54167454109583,0.317861119010431,3.12057240397097
872.5,0.183474992987103,1.54167454202633,0.317861119002584,3.12057240393645
872.6,0.183474993003549,1.54167454295495,0.317861118994755,3.12057240390201
872.7,0.183474993019959,1.54167454388169,0.317861118986945,3.12057240386764
872.8,0.183474993036331,1.54167454480655,0.317861118979152,3.12057240383336
872.9,0.183474993052662,1.54167454572954,0.317861118971378,3.12057240379916
873,0.183474993068952,1.54167454665065,0.317861118963623,3.12057240376504
873.1,0.183474993085206,1.5416745475699,0.317861118955886,3.120572403731
873.2,0.183474993101426,1.54167454848729,0.317861118948166,3.12057240369704
873.3,0.183474993117609,1.54167454940282,0.317861118940464,3.12057240366315
873.4,0.183474993133748,1.5416745503165,0.317861118932782,3.12057240362935
873.5,0.183474993149847,1.54167455122832,0.317861118925117,3.12057240359563
873.6,0.183474993165908,1.5416745521383,0.31786111891747,3.12057240356199
873.7,0.183474993181936,1.54167455304644,0.317861118909842,3.12057240352842
873.8,0.183474993197927,1.54167455395273,0.31786111890223,3.12057240349493
873.9,0.18347499321388,1.54167455485719,0.317861118894637,3.12057240346153
874,0.183474993229795,1.54167455575981,0.317861118887061,3.1205724034282
874.1,0.183474993245674,1.54167455666061,0.317861118879503,3.12057240339495
874.2,0.183474993261516,1.54167455755958,0.317861118871962,3.12057240336177
874.3,0.183474993277323,1.54167455845673,0.31786111886444,3.12057240332868
874.4,0.183474993293089,1.54167455935207,0.317861118856935,3.12057240329566
874.5,0.183474993308816,1.54167456024559,0.317861118849448,3.12057240326272
874.6,0.183474993324508,1.5416745611373,0.317861118841978,3.12057240322986
874.7,0.183474993340166,1.5416745620272,0.317861118834526,3.12057240319707
874.8,0.183474993355788,1.5416745629153,0.317861118827091,3.12057240316436
874.9,0.183474993371369,1.5416745638016,0.317861118819674,3.12057240313173
875,0.183474993386911,1.54167456468611,0.317861118812275,3.12057240309917
875.1,0.183474993402419,1.54167456556882,0.317861118804892,3.12057240306669
875.2,0.183474993417895,1.54167456644974,0.317861118797527,3.12057240303429
875.3,0.183474993433337,1.54167456732888,0.317861118790178,3.12057240300196
875.4,0.183474993448739,1.54167456820624,0.317861118782847,3.12057240296971
875.5,0.183474993464103,1.54167456908182,0.317861118775534,3.12057240293753
875.6,0.18347499347943,1.54167456995563,0.317861118768237,3.12057240290543
875.7,0.183474993494723,1.54167457082767,0.317861118760958,3.12057240287341
875.8,0.183474993509979,1.54167457169794,0.317861118753696,3.12057240284146
875.9,0.183474993525198,1.54167457256645,0.317861118746451,3.12057240280958
876,0.183474993540381,1.5416745734332,0.317861118739223,3.12057240277778
876.1,0.183474993555529,1.54167457429819,0.317861118732013,3.12057240274606
876.2,0.183474993570644,1.54167457516143,0.317861118724819,3.12057240271441
876.3,0.183474993585725,1.54167457602292,0.317861118717641,3.12057240268283
876.4,0.183474993600767,1.54167457688266,0.31786111871048,3.12057240265132
876.5,0.183474993615772,1.54167457774067,0.317861118703337,3.1205724026199
876.6,0.183474993630743,1.54167457859693,0.31786111869621,3.12057240258854
876.7,0.183474993645683,1.54167457945146,0.3178611186891,3.12057240255726
876.8,0.18347499366059,1.54167458030426,0.317861118682005,3.12057240252605
876.9,0.183474993675456,1.54167458115533,0.317861118674929,3.12057240249492
877,0.183474993690284,1.54167458200468,0.317861118667869,3.12057240246385
877.1,0.183474993705078,1.5416745828523,0.317861118660826,3.12057240243286
877.2,0.183474993719841,1.54167458369821,0.317861118653799,3.12057240240195
877.3,0.183474993734571,1.54167458454241,0.317861118646788,3.1205724023711
877.4,0.183474993749265,1.54167458538489,0.317861118639793,3.12057240234033
877.5,0.183474993763925,1.54167458622567,0.317861118632815,3.12057240230963
877.6,0.183474993778551,1.54167458706475,0.317861118625853,3.120572402279
877.7,0.183474993793144,1.54167458790212,0.317861118618908,3.12057240224845
877.8,0.183474993807704,1.5416745887378,0.317861118611978,3.12057240221796
877.9,0.183474993822226,1.54167458957178,0.317861118605065,3.12057240218755
878,0.183474993836712,1.54167459040408,0.31786111859817,3.12057240215721
878.1,0.183474993851166,1.54167459123468,0.31786111859129,3.12057240212694
878.2,0.183474993865588,1.54167459206361,0.317861118584425,3.12057240209674
878.3,0.183474993879978,1.54167459289085,0.317861118577576,3.12057240206661
878.4,0.18347499389433,1.54167459371643,0.317861118570744,3.12057240203655
878.5,0.183474993908646,1.54167459454032,0.317861118563929,3.12057240200656
878.6,0.18347499392293,1.54167459536255,0.317861118557129,3.12057240197665
878.7,0.183474993937186,1.54167459618311,0.317861118550344,3.1205724019468
878.8,0.18347499395141,1.54167459700201,0.317861118543576,3.12057240191702
878.9,0.183474993965596,1.54167459781925,0.317861118536823,3.12057240188731
879,0.183474993979748,1.54167459863484,0.317861118530087,3.12057240185768
879.1,0.183474993993866,1.54167459944877,0.317861118523366,3.12057240182811
879.2,0.183474994007952,1.54167460026105,0.317861118516661,3.12057240179861
879.3,0.183474994022005,1.54167460107168,0.317861118509972,3.12057240176918
879.4,0.183474994036023,1.54167460188068,0.317861118503299,3.12057240173982
879.5,0.183474994050008,1.54167460268804,0.317861118496642,3.12057240171053
879.6,0.183474994063961,1.54167460349376,0.317861118489999,3.12057240168131
879.7,0.183474994077883,1.54167460429785,0.317861118483372,3.12057240165215
879.8,0.183474994091775,1.5416746051003,0.317861118476761,3.12057240162307
879.9,0.18347499410563,1.54167460590114,0.317861118470165,3.12057240159405
880,0.183474994119451,1.54167460670035,0.317861118463585,3.1205724015651
880.1,0.183474994133241,1.54167460749794,0.317861118457021,3.12057240153622
880.2,0.183474994147003,1.54167460829391,0.317861118450471,3.1205724015074
880.3,0.183474994160733,1.54167460908827,0.317861118443937,3.12057240147866
880.4,0.183474994174426,1.54167460988102,0.317861118437418,3.12057240144998
880.5,0.183474994188084,1.54167461067217,0.317861118430916,3.12057240142137
880.6,0.183474994201711,1.54167461146171,0.317861118424428,3.12057240139282
880.7,0.183474994215309,1.54167461224965,0.317861118417955,3.12057240136434
880.8,0.183474994228877,1.541674613036,0.317861118411498,3.12057240133593
880.9,0.183474994242412,1.54167461382075,0.317861118405055,3.12057240130759
881,0.183474994255915,1.54167461460391,0.317861118398628,3.12057240127931
881.1,0.183474994269387,1.54167461538549,0.317861118392215,3.1205724012511
881.2,0.183474994282829,1.54167461616548,0.317861118385818,3.12057240122295
881.3,0.18347499429624,1.54167461694389,0.317861118379435,3.12057240119487
881.4,0.183474994309616,1.54167461772073,0.317861118373068,3.12057240116686
881.5,0.18347499432296,1.54167461849599,0.317861118366715,3.12057240113891
881.6,0.183474994336273,1.54167461926968,0.317861118360378,3.12057240111103
881.7,0.183474994349558,1.5416746200418,0.317861118354055,3.12057240108321
881.8,0.183474994362813,1.54167462081236,0.317861118347747,3.12057240105546
881.9,0.183474994376032,1.54167462158135,0.317861118341454,3.12057240102778
882,0.183474994389218,1.54167462234879,0.317861118335176,3.12057240100015
882.1,0.183474994402376,1.54167462311467,0.317861118328913,3.1205724009726
882.2,0.183474994415506,1.54167462387901,0.317861118322664,3.12057240094511
882.3,0.183474994428609,1.54167462464179,0.317861118316429,3.12057240091767
882.4,0.183474994441676,1.54167462540303,0.317861118310209,3.12057240089032
882.5,0.183474994454711,1.54167462616272,0.317861118304004,3.12057240086301
882.6,0.183474994467716,1.54167462692087,0.317861118297814,3.12057240083578
882.7,0.18347499448069,1.54167462767749,0.317861118291638,3.12057240080861
882.8,0.183474994493634,1.54167462843257,0.317861118285476,3.1205724007815
882.9,0.183474994506547,1.54167462918613,0.31786111827933,3.12057240075446
883,0.183474994519427,1.54167462993816,0.317861118273197,3.12057240072748
883.1,0.183474994532279,1.54167463068866,0.317861118267079,3.12057240070056
883.2,0.183474994545104,1.54167463143765,0.317861118260975,3.1205724006737
883.3,0.1834749945579,1.54167463218512,0.317861118254886,3.12057240064691
883.4,0.183474994570661,1.54167463293107,0.31786111824881,3.12057240062018
883.5,0.183474994583392,1.54167463367551,0.317861118242749,3.12057240059352
883.6,0.183474994596094,1.54167463441844,0.317861118236703,3.12057240056692
883.7,0.18347499460877,1.54167463515987,0.31786111823067,3.12057240054037
883.8,0.183474994621418,1.54167463589979,0.317861118224651,3.1205724005139
883.9,0.18347499463403,1.54167463663822,0.317861118218647,3.12057240048748
884,0.183474994646611,1.54167463737515,0.317861118212657,3.12057240046113
884.1,0.183474994659163,1.54167463811058,0.317861118206681,3.12057240043483
884.2,0.183474994671688,1.54167463884453,0.317861118200719,3.1205724004086
884.3,0.183474994684185,1.54167463957699,0.31786111819477,3.12057240038243
884.4,0.183474994696652,1.54167464030797,0.317861118188836,3.12057240035632
884.5,0.18347499470909,1.54167464103746,0.317861118182916,3.12057240033028
884.6,0.183474994721499,1.54167464176547,0.317861118177009,3.12057240030429
884.7,0.183474994733881,1.54167464249201,0.317861118171116,3.12057240027837
884.8,0.183474994746234,1.54167464321708,0.317861118165237,3.1205724002525
884.9,0.183474994758556,1.54167464394068,0.317861118159372,3.1205724002267
885,0.183474994770846,1.54167464466281,0.317861118153521,3.12057240020095
885.1,0.183474994783109,1.54167464538348,0.317861118147683,3.12057240017527
885.2,0.183474994795346,1.54167464610269,0.317861118141859,3.12057240014965
885.3,0.183474994807555,1.54167464682044,0.317861118136049,3.12057240012409
885.4,0.183474994819732,1.54167464753673,0.317861118130252,3.12057240009858
885.5,0.183474994831877,1.54167464825158,0.31786111812447,3.12057240007314
885.6,0.183474994843996,1.54167464896497,0.3178611181187,3.12057240004776
885.7,0.183474994856092,1.54167464967692,0.317861118112944,3.12057240002244
885.8,0.183474994868161,1.54167465038743,0.317861118107201,3.12057239999717
885.9,0.183474994880197,1.5416746510965,0.317861118101472,3.12057239997197
886,0.183474994892204,1.54167465180413,0.317861118095757,3.12057239994682
886.1,0.183474994904156,1.54167465250901,0.317861118090067,3.12057239992179
886.2,0.183474994916081,1.54167465321257,0.31786111808439,3.12057239989681
886.3,0.183474994928003,1.54167465391589,0.317861118078714,3.12057239987184
886.4,0.183474994939857,1.54167465461574,0.317861118073071,3.12057239984701
886.5,0.183474994951712,1.54167465531559,0.317861118067429,3.12057239982219
886.6,0.183474994963527,1.54167465601344,0.317861118061804,3.12057239979745
886.7,0.183474994975312,1.54167465670974,0.317861118056195,3.12057239977277
886.8,0.183474994987095,1.54167465740594,0.317861118050586,3.12057239974809
886.9,0.183474994998839,1.54167465810016,0.317861118044996,3.12057239972349
887,0.183474995010561,1.54167465879323,0.317861118039416,3.12057239969895
887.1,0.183474995022258,1.54167465948506,0.317861118033848,3.12057239967445
887.2,0.183474995033929,1.54167466017555,0.317861118028293,3.12057239965001
887.3,0.183474995045576,1.54167466086477,0.317861118022749,3.12057239962562
887.4,0.183474995057195,1.54167466155257,0.317861118017218,3.12057239960128
887.5,0.183474995068787,1.54167466223901,0.317861118011701,3.12057239957701
887.6,0.183474995080352,1.54167466292408,0.317861118006195,3.12057239955279
887.7,0.18347499509189,1.54167466360775,0.317861118000703,3.12057239952863
887.8,0.183474995103401,1.54167466429003,0.317861117995224,3.12057239950452
887.9,0.183474995114885,1.54167466497093,0.317861117989758,3.12057239948047
888,0.183474995126342,1.54167466565045,0.317861117984304,3.12057239945648
888.1,0.183474995137772,1.54167466632859,0.317861117978863,3.12057239943254
888.2,0.183474995149176,1.54167466700536,0.317861117973435,3.12057239940866
888.3,0.183474995160552,1.54167466768075,0.31786111796802,3.12057239938484
888.4,0.183474995171902,1.54167466835478,0.317861117962617,3.12057239936107
888.5,0.183474995183225,1.54167466902744,0.317861117957227,3.12057239933735
888.6,0.183474995194522,1.54167466969873,0.31786111795185,3.12057239931369
888.7,0.183474995205792,1.54167467036867,0.317861117946485,3.12057239929009
888.8,0.183474995217035,1.54167467103724,0.317861117941134,3.12057239926655
888.9,0.183474995228253,1.54167467170446,0.317861117935794,3.12057239924306
889,0.183474995239444,1.54167467237033,0.317861117930467,3.12057239921962
889.1,0.183474995250609,1.54167467303485,0.317861117925153,3.12057239919624
889.2,0.183474995261747,1.54167467369803,0.31786111791985,3.12057239917291
889.3,0.183474995272859,1.54167467435985,0.317861117914561,3.12057239914964
889.4,0.183474995283946,1.54167467502034,0.317861117909284,3.12057239912643
889.5,0.183474995295006,1.54167467567949,0.317861117904019,3.12057239910326
889.6,0.183474995306041,1.54167467633731,0.317861117898767,3.12057239908015
889.7,0.183474995317049,1.54167467699379,0.317861117893527,3.1205723990571
889.8,0.183474995328031,1.54167467764894,0.317861117888299,3.1205723990341
889.9,0.183474995338989,1.54167467830276,0.317861117883083,3.12057239901115
890,0.183474995349921,1.54167467895526,0.31786111787788,3.12057239898826
890.1,0.183474995360827,1.54167467960643,0.317861117872689,3.12057239896542
890.2,0.183474995371706,1.54167468025629,0.31786111786751,3.12057239894264
890.3,0.18347499538256,1.54167468090483,0.317861117862343,3.1205723989199
890.4,0.183474995393389,1.54167468155205,0.317861117857188,3.12057239889723
890.5,0.183474995404194,1.54167468219796,0.317861117852046,3.1205723988746
890.6,0.183474995414973,1.54167468284257,0.317861117846915,3.12057239885203
890.7,0.183474995425725,1.54167468348587,0.317861117841797,3.12057239882951
890.8,0.183474995436451,1.54167468412786,0.317861117836691,3.12057239880705
890.9,0.183474995447154,1.54167468476855,0.317861117831597,3.12057239878463
891,0.183474995457833,1.54167468540794,0.317861117826514,3.12057239876227
891.1,0.183474995468487,1.54167468604604,0.317861117821443,3.12057239873996
891.2,0.183474995479113,1.54167468668285,0.317861117816385,3.12057239871771
891.3,0.183474995489713,1.54167468731836,0.317861117811338,3.1205723986955
891.4,0.183474995500292,1.54167468795259,0.317861117806303,3.12057239867335
891.5,0.183474995510848,1.54167468858553,0.31786111780128,3.12057239865125
891.6,0.183474995521377,1.54167468921719,0.317861117796268,3.1205723986292
891.7,0.183474995531878,1.54167468984757,0.317861117791269,3.12057239860721
891.8,0.183474995542353,1.54167469047666,0.317861117786281,3.12057239858526
891.9,0.183474995552809,1.54167469110449,0.317861117781304,3.12057239856337
892,0.183474995563243,1.54167469173104,0.31786111777634,3.12057239854153
892.1,0.18347499557365,1.54167469235633,0.317861117771386,3.12057239851973
892.2,0.183474995584028,1.54167469298034,0.317861117766445,3.120572398498
892.3,0.183474995594376,1.54167469360294,0.317861117761518,3.12057239847631
892.4,0.183474995604676,1.54167469422274,0.317861117756615,3.12057239845474
892.5,0.183474995614977,1.54167469484253,0.317861117751712,3.12057239843318
892.6,0.183474995625242,1.54167469546048,0.317861117746826,3.12057239841168
892.7,0.18347499563548,1.54167469607701,0.317861117741953,3.12057239839024
892.8,0.183474995645713,1.54167469669335,0.317861117737082,3.12057239836881
892.9,0.183474995655891,1.54167469730674,0.317861117732238,3.1205723983475
893,0.183474995666068,1.54167469792014,0.317861117727394,3.12057239832619
893.1,0.183474995676229,1.54167469853267,0.317861117722557,3.12057239830491
893.2,0.183474995686361,1.54167469914373,0.317861117717734,3.12057239828369
893.3,0.183474995696474,1.54167469975378,0.317861117712921,3.12057239826251
893.4,0.183474995706563,1.54167470036262,0.317861117708118,3.12057239824138
893.5,0.183474995716631,1.54167470097035,0.317861117703326,3.1205723982203
893.6,0.183474995726676,1.5416747015769,0.317861117698544,3.12057239819926
893.7,0.183474995736698,1.54167470218221,0.317861117693774,3.12057239817828
893.8,0.183474995746696,1.54167470278633,0.317861117689014,3.12057239815733
893.9,0.183474995756672,1.54167470338921,0.317861117684266,3.12057239813644
894,0.183474995766624,1.54167470399087,0.317861117679529,3.1205723981156
894.1,0.183474995776552,1.54167470459131,0.317861117674803,3.12057239809481
894.2,0.183474995786457,1.54167470519054,0.317861117670088,3.12057239807407
894.3,0.183474995796339,1.54167470578855,0.317861117665384,3.12057239805337
894.4,0.183474995806198,1.54167470638534,0.317861117660691,3.12057239803272
894.5,0.183474995816034,1.54167470698093,0.317861117656009,3.12057239801213
894.6,0.183474995825846,1.5416747075753,0.317861117651338,3.12057239799158
894.7,0.183474995835636,1.54167470816848,0.317861117646678,3.12057239797108
894.8,0.183474995845402,1.54167470876045,0.317861117642029,3.12057239795063
894.9,0.183474995855146,1.54167470935122,0.317861117637391,3.12057239793022
895,0.183474995864867,1.54167470994079,0.317861117632764,3.12057239790986
895.1,0.183474995874565,1.54167471052917,0.317861117628148,3.12057239788955
895.2,0.18347499588424,1.54167471111636,0.317861117623542,3.12057239786929
895.3,0.183474995893892,1.54167471170235,0.317861117618947,3.12057239784907
895.4,0.183474995903522,1.54167471228716,0.317861117614363,3.12057239782891
895.5,0.18347499591313,1.54167471287078,0.31786111760979,3.12057239780879
895.6,0.183474995922715,1.54167471345322,0.317861117605228,3.12057239778871
895.7,0.183474995932277,1.54167471403448,0.317861117600677,3.12057239776869
895.8,0.183474995941816,1.54167471461456,0.317861117596136,3.12057239774871
895.9,0.183474995951334,1.54167471519346,0.317861117591605,3.12057239772878
896,0.18347499596083,1.5416747157712,0.317861117587085,3.1205723977089
896.1,0.183474995970303,1.54167471634776,0.317861117582576,3.12057239768906
896.2,0.183474995979753,1.54167471692315,0.317861117578078,3.12057239766927
896.3,0.18347499598918,1.54167471749737,0.31786111757359,3.12057239764952
896.4,0.183474995998587,1.54167471807044,0.317861117569113,3.12057239762982
896.5,0.183474996007973,1.54167471864234,0.317861117564645,3.12057239761017
896.6,0.183474996017335,1.54167471921308,0.317861117560189,3.12057239759056
896.7,0.183474996026675,1.54167471978266,0.317861117555743,3.120572397571
896.8,0.183474996035992,1.54167472035109,0.317861117551308,3.12057239755149
896.9,0.183474996045289,1.54167472091837,0.317861117546882,3.12057239753202
897,0.183474996054566,1.5416747214845,0.317861117542467,3.1205723975126
897.1,0.183474996063819,1.54167472204948,0.317861117538062,3.12057239749322
897.2,0.183474996073049,1.54167472261331,0.317861117533668,3.12057239747389
897.3,0.183474996082256,1.54167472317601,0.317861117529285,3.1205723974546
897.4,0.183474996091445,1.54167472373756,0.317861117524911,3.12057239743536
897.5,0.183474996100615,1.54167472429798,0.317861117520547,3.12057239741616
897.6,0.183474996109761,1.54167472485726,0.317861117516194,3.12057239739701
897.7,0.183474996118882,1.5416747254154,0.317861117511851,3.1205723973779
897.8,0.183474996127978,1.54167472597228,0.31786111750752,3.12057239735884
897.9,0.183474996137031,1.54167472652665,0.317861117503211,3.12057239733989
898,0.183474996146084,1.54167472708101,0.317861117498902,3.12057239732093
898.1,0.183474996155106,1.54167472763373,0.317861117494608,3.12057239730204
898.2,0.183474996164103,1.54167472818518,0.317861117490325,3.1205723972832
898.3,0.183474996173097,1.54167472873645,0.317861117486044,3.12057239726436
898.4,0.183474996182042,1.5416747292851,0.317861117481787,3.12057239724563
898.5,0.183474996190986,1.54167472983374,0.317861117477529,3.1205723972269
898.6,0.183474996199916,1.54167473038161,0.317861117473278,3.1205723972082
898.7,0.183474996208821,1.54167473092817,0.31786111746904,3.12057239718955
898.8,0.183474996217709,1.54167473147381,0.317861117464809,3.12057239717094
898.9,0.183474996226576,1.54167473201839,0.317861117460588,3.12057239715236
899,0.183474996235425,1.54167473256196,0.317861117456376,3.12057239713383
899.1,0.183474996244254,1.54167473310448,0.317861117452174,3.12057239711534
899.2,0.183474996253062,1.54167473364589,0.317861117447981,3.1205723970969
899.3,0.183474996261849,1.54167473418624,0.317861117443798,3.1205723970785
899.4,0.183474996270616,1.54167473472547,0.317861117439625,3.12057239706014
899.5,0.183474996279363,1.54167473526362,0.317861117435461,3.12057239704182
899.6,0.183474996288089,1.54167473580068,0.317861117431308,3.12057239702355
899.7,0.183474996296794,1.54167473633665,0.317861117427164,3.12057239700531
899.8,0.183474996305479,1.54167473687152,0.31786111742303,3.12057239698713
899.9,0.183474996314143,1.54167473740532,0.317861117418905,3.12057239696898
900,0.183474996322788,1.54167473793803,0.317861117414791,3.12057239695088
900.1,0.183474996331412,1.54167473846966,0.317861117410686,3.12057239693282
900.2,0.183474996340016,1.54167473900022,0.31786111740659,3.1205723969148
900.3,0.183474996348599,1.54167473952969,0.317861117402505,3.12057239689682
900.4,0.183474996357163,1.5416747400581,0.317861117398428,3.12057239687889
900.5,0.183474996365706,1.54167474058543,0.317861117394362,3.120572396861
900.6,0.18347499637423,1.5416747411117,0.317861117390304,3.12057239684315
900.7,0.183474996382733,1.5416747416369,0.317861117386256,3.12057239682534
900.8,0.183474996391216,1.54167474216103,0.317861117382218,3.12057239680757
900.9,0.18347499639968,1.5416747426841,0.31786111737819,3.12057239678985
901,0.183474996408124,1.54167474320611,0.31786111737417,3.12057239677216
901.1,0.183474996416548,1.54167474372706,0.31786111737016,3.12057239675452
901.2,0.183474996424952,1.54167474424696,0.31786111736616,3.12057239673693
901.3,0.183474996433335,1.5416747447658,0.317861117362169,3.12057239671936
901.4,0.1834749964417,1.54167474528359,0.317861117358188,3.12057239670185
901.5,0.183474996450046,1.54167474580033,0.317861117354215,3.12057239668437
901.6,0.183474996458372,1.54167474631602,0.317861117350252,3.12057239666694
901.7,0.183474996466678,1.54167474683067,0.317861117346299,3.12057239664954
901.8,0.183474996474963,1.54167474734428,0.317861117342354,3.12057239663219
901.9,0.183474996483231,1.54167474785684,0.317861117338419,3.12057239661488
902,0.183474996491479,1.54167474836837,0.317861117334493,3.1205723965976
902.1,0.183474996499708,1.54167474887886,0.317861117330576,3.12057239658037
902.2,0.183474996507916,1.54167474938831,0.317861117326668,3.12057239656318
902.3,0.183474996516105,1.54167474989673,0.31786111732277,3.12057239654603
902.4,0.183474996524276,1.54167475040412,0.317861117318881,3.12057239652892
902.5,0.183474996532429,1.54167475091048,0.317861117315,3.12057239651185
902.6,0.183474996540562,1.54167475141582,0.317861117311129,3.12057239649481
902.7,0.183474996548674,1.54167475192013,0.317861117307268,3.12057239647782
902.8,0.183474996556766,1.54167475242342,0.317861117303415,3.12057239646087
902.9,0.183474996564842,1.54167475292569,0.317861117299571,3.12057239644396
903,0.183474996572901,1.54167475342694,0.317861117295736,3.12057239642709
903.1,0.183474996580939,1.54167475392717,0.31786111729191,3.12057239641026
903.2,0.183474996588956,1.54167475442639,0.317861117288093,3.12057239639346
903.3,0.183474996596951,1.54167475492448,0.317861117284287,3.12057239637672
903.4,0.183474996604907,1.54167475542032,0.3178611172805,3.12057239636006
903.5,0.183474996612863,1.54167475591616,0.317861117276712,3.12057239634339
903.6,0.183474996620792,1.54167475641053,0.317861117272939,3.12057239632679
903.7,0.1834749966287,1.54167475690376,0.317861117269174,3.12057239631023
903.8,0.183474996636605,1.54167475739683,0.317861117265411,3.12057239629368
903.9,0.183474996644466,1.54167475788755,0.31786111726167,3.12057239627721
904,0.183474996652327,1.54167475837827,0.317861117257928,3.12057239626075
904.1,0.183474996660175,1.5416747588683,0.317861117254192,3.12057239624432
904.2,0.183474996668002,1.54167475935716,0.317861117250467,3.12057239622793
904.3,0.183474996675813,1.5416747598452,0.317861117246749,3.12057239621157
904.4,0.183474996683606,1.54167476033228,0.317861117243039,3.12057239619525
904.5,0.183474996691383,1.54167476081847,0.317861117239337,3.12057239617896
904.6,0.183474996699142,1.5416747613037,0.317861117235644,3.12057239616271
904.7,0.183474996706884,1.54167476178796,0.317861117231959,3.1205723961465
904.8,0.183474996714607,1.54167476227125,0.317861117228282,3.12057239613033
904.9,0.183474996722312,1.54167476275356,0.317861117224615,3.12057239611419
905,0.183474996729999,1.5416747632349,0.317861117220956,3.12057239609809
905.1,0.183474996737668,1.54167476371525,0.317861117217306,3.12057239608203
905.2,0.183474996745319,1.54167476419463,0.317861117213664,3.120572396066
905.3,0.183474996752952,1.54167476467304,0.31786111721003,3.12057239605002
905.4,0.183474996760567,1.54167476515048,0.317861117206405,3.12057239603407
905.5,0.183474996768165,1.54167476562695,0.317861117202789,3.12057239601817
905.6,0.183474996775744,1.54167476610245,0.317861117199181,3.12057239600229
905.7,0.183474996783306,1.541674766577,0.317861117195582,3.12057239598646
905.8,0.18347499679085,1.54167476705057,0.31786111719199,3.12057239597066
905.9,0.183474996798376,1.54167476752319,0.317861117188408,3.12057239595489
906,0.183474996805885,1.54167476799485,0.317861117184834,3.12057239593917
906.1,0.183474996813376,1.54167476846555,0.317861117181268,3.12057239592348
906.2,0.183474996820849,1.5416747689353,0.317861117177711,3.12057239590783
906.3,0.183474996828305,1.5416747694041,0.317861117174161,3.12057239589222
906.4,0.183474996835744,1.54167476987194,0.317861117170621,3.12057239587664
906.5,0.183474996843165,1.54167477033884,0.317861117167088,3.1205723958611
906.6,0.183474996850569,1.54167477080479,0.317861117163564,3.12057239584559
906.7,0.183474996857955,1.5416747712698,0.317861117160048,3.12057239583012
906.8,0.183474996865323,1.54167477173386,0.317861117156541,3.12057239581469
906.9,0.183474996872675,1.54167477219699,0.317861117153041,3.1205723957993
907,0.18347499688001,1.54167477265917,0.31786111714955,3.12057239578394
907.1,0.183474996887327,1.54167477312042,0.317861117146067,3.12057239576861
907.2,0.183474996894627,1.54167477358073,0.317861117142592,3.12057239575333
907.3,0.183474996901909,1.54167477404011,0.317861117139126,3.12057239573807
907.4,0.183474996909175,1.54167477449855,0.317861117135667,3.12057239572286
907.5,0.183474996916424,1.54167477495607,0.317861117132216,3.12057239570768
907.6,0.183474996923656,1.54167477541266,0.317861117128774,3.12057239569253
907.7,0.183474996930871,1.54167477586833,0.31786111712534,3.12057239567742
907.8,0.183474996938068,1.54167477632307,0.317861117121914,3.12057239566235
907.9,0.183474996945249,1.54167477677689,0.317861117118496,3.12057239564731
908,0.183474996952414,1.54167477722979,0.317861117115085,3.12057239563231
908.1,0.183474996959562,1.54167477768177,0.317861117111683,3.12057239561734
908.2,0.183474996966692,1.54167477813284,0.317861117108289,3.12057239560241
908.3,0.183474996973804,1.54167477858299,0.317861117104903,3.12057239558751
908.4,0.183474996980902,1.54167477903223,0.317861117101525,3.12057239557265
908.5,0.183474996987984,1.54167477948055,0.317861117098154,3.12057239555782
908.6,0.183474996995049,1.54167477992797,0.317861117094791,3.12057239554303
908.7,0.183474997002095,1.54167478037448,0.317861117091437,3.12057239552826
908.8,0.183474997009124,1.54167478082009,0.317861117088091,3.12057239551354
908.9,0.183474997016139,1.54167478126479,0.317861117084751,3.12057239549885
909,0.183474997023139,1.54167478170859,0.317861117081421,3.1205723954842
909.1,0.183474997030122,1.54167478215149,0.317861117078097,3.12057239546958
909.2,0.183474997037085,1.5416747825935,0.317861117074782,3.12057239545499
909.3,0.183474997044028,1.54167478303449,0.317861117071476,3.12057239544044
909.4,0.18347499705094,1.5416747834735,0.317861117068186,3.12057239542597
909.5,0.183474997057851,1.54167478391251,0.317861117064897,3.1205723954115
909.6,0.183474997064738,1.54167478435022,0.317861117061618,3.12057239539708
909.7,0.183474997071607,1.54167478478692,0.317861117058349,3.12057239538269
909.8,0.183474997078473,1.54167478522348,0.31786111705508,3.12057239536831
909.9,0.183474997085302,1.54167478565796,0.31786111705183,3.12057239535402
910,0.18347499709213,1.54167478609244,0.31786111704858,3.12057239533971
910.1,0.183474997098947,1.5416747865263,0.317861117045335,3.12057239532544
910.2,0.183474997105746,1.54167478695913,0.317861117042099,3.1205723953112
910.3,0.183474997112531,1.54167478739123,0.317861117038869,3.12057239529699
910.4,0.1834749971193,1.54167478782249,0.317861117035647,3.12057239528281
910.5,0.183474997126056,1.54167478825295,0.317861117032431,3.12057239526867
910.6,0.183474997132796,1.54167478868257,0.317861117029223,3.12057239525455
910.7,0.18347499713952,1.54167478911132,0.317861117026022,3.12057239524047
910.8,0.183474997146228,1.54167478953923,0.317861117022829,3.12057239522642
910.9,0.183474997152921,1.54167478996626,0.317861117019643,3.12057239521241
911,0.183474997159598,1.54167479039242,0.317861117016464,3.12057239519842
911.1,0.18347499716626,1.54167479081772,0.317861117013294,3.12057239518447
911.2,0.183474997172906,1.54167479124216,0.317861117010131,3.12057239517055
911.3,0.183474997179536,1.54167479166573,0.317861117006974,3.12057239515667
911.4,0.183474997186151,1.54167479208845,0.317861117003825,3.12057239514281
911.5,0.18347499719275,1.54167479251031,0.317861117000684,3.12057239512899
911.6,0.183474997199334,1.54167479293131,0.31786111699755,3.12057239511521
911.7,0.183474997205902,1.54167479335146,0.317861116994423,3.12057239510145
911.8,0.183474997212455,1.54167479377076,0.317861116991304,3.12057239508773
911.9,0.183474997218993,1.54167479418921,0.317861116988192,3.12057239507404
912,0.183474997225515,1.5416747946068,0.317861116985088,3.12057239506038
912.1,0.183474997232022,1.54167479502356,0.31786111698199,3.12057239504675
912.2,0.183474997238513,1.54167479543946,0.3178611169789,3.12057239503316
912.3,0.18347499724499,1.54167479585453,0.317861116975817,3.12057239501959
912.4,0.183474997251451,1.54167479626875,0.317861116972742,3.12057239500606
912.5,0.183474997257897,1.54167479668213,0.317861116969674,3.12057239499256
912.6,0.183474997264328,1.54167479709468,0.317861116966612,3.12057239497909
912.7,0.183474997270744,1.54167479750638,0.317861116963559,3.12057239496566
912.8,0.183474997277144,1.54167479791726,0.317861116960512,3.12057239495226
912.9,0.18347499728353,1.5416747983273,0.317861116957472,3.12057239493888
913,0.183474997289902,1.5416747987365,0.317861116954439,3.12057239492554
913.1,0.183474997296257,1.54167479914488,0.317861116951414,3.12057239491223
913.2,0.183474997302598,1.54167479955243,0.317861116948396,3.12057239489895
913.3,0.183474997308924,1.54167479995916,0.317861116945385,3.1205723948857
913.4,0.183474997315235,1.54167480036506,0.317861116942381,3.12057239487249
913.5,0.183474997321532,1.54167480077014,0.317861116939384,3.1205723948593
913.6,0.183474997327814,1.54167480117439,0.317861116936393,3.12057239484615
913.7,0.183474997334081,1.54167480157783,0.31786111693341,3.12057239483302
913.8,0.183474997340332,1.54167480198045,0.317861116930434,3.12057239481992
913.9,0.18347499734657,1.54167480238225,0.317861116927465,3.12057239480686
914,0.183474997352794,1.54167480278324,0.317861116924503,3.12057239479383
914.1,0.183474997359003,1.54167480318341,0.317861116921547,3.12057239478083
914.2,0.183474997365196,1.54167480358277,0.317861116918599,3.12057239476785
914.3,0.183474997371374,1.54167480398133,0.317861116915658,3.12057239475492
914.4,0.183474997377539,1.54167480437907,0.317861116912723,3.12057239474201
914.5,0.183474997383691,1.54167480477601,0.317861116909796,3.12057239472913
914.6,0.183474997389828,1.54167480517215,0.317861116906874,3.12057239471628
914.7,0.183474997395948,1.54167480556748,0.317861116903961,3.12057239470345
914.8,0.183474997402051,1.54167480596191,0.317861116901055,3.12057239469067
914.9,0.183474997408125,1.54167480635456,0.317861116898164,3.12057239467795
915,0.183474997414199,1.54167480674722,0.317861116895272,3.12057239466523
915.1,0.183474997420252,1.54167480713871,0.317861116892391,3.12057239465255
915.2,0.183474997426289,1.54167480752929,0.317861116889517,3.12057239463991
915.3,0.183474997432324,1.54167480791976,0.317861116886645,3.12057239462727
915.4,0.183474997438325,1.54167480830836,0.317861116883788,3.12057239461471
915.5,0.183474997444327,1.54167480869696,0.317861116880931,3.12057239460214
915.6,0.183474997450318,1.54167480908501,0.31786111687808,3.12057239458959
915.7,0.183474997456293,1.54167480947213,0.317861116875235,3.12057239457708
915.8,0.183474997462256,1.5416748098586,0.317861116872397,3.12057239456459
915.9,0.183474997468206,1.54167481024432,0.317861116869565,3.12057239455213
916,0.183474997474143,1.54167481062933,0.317861116866739,3.1205723945397
916.1,0.183474997480067,1.54167481101359,0.317861116863919,3.12057239452729
916.2,0.183474997485976,1.54167481139706,0.317861116861106,3.12057239451491
916.3,0.183474997491873,1.54167481177978,0.317861116858299,3.12057239450257
916.4,0.183474997497755,1.54167481216172,0.317861116855499,3.12057239449025
916.5,0.183474997503623,1.54167481254288,0.317861116852706,3.12057239447796
916.6,0.183474997509478,1.54167481292327,0.317861116849919,3.1205723944657
916.7,0.183474997515319,1.54167481330289,0.317861116847139,3.12057239445346
916.8,0.183474997521146,1.54167481368173,0.317861116844365,3.12057239444126
916.9,0.18347499752696,1.54167481405981,0.317861116841597,3.12057239442909
917,0.18347499753276,1.54167481443712,0.317861116838837,3.12057239441694
917.1,0.183474997538546,1.54167481481367,0.317861116836082,3.12057239440482
917.2,0.183474997544319,1.54167481518945,0.317861116833335,3.12057239439273
917.3,0.183474997550078,1.54167481556447,0.317861116830593,3.12057239438067
917.4,0.183474997555824,1.54167481593873,0.317861116827858,3.12057239436864
917.5,0.183474997561556,1.54167481631223,0.317861116825129,3.12057239435663
917.6,0.183474997567275,1.54167481668497,0.317861116822408,3.12057239434466
917.7,0.18347499757298,1.54167481705696,0.317861116819692,3.12057239433271
917.8,0.183474997578672,1.54167481742819,0.317861116816982,3.12057239432079
917.9,0.18347499758435,1.54167481779867,0.317861116814279,3.1205723943089
918,0.183474997590016,1.5416748181684,0.317861116811583,3.12057239429703
918.1,0.183474997595668,1.54167481853738,0.317861116808892,3.1205723942852
918.2,0.183474997601307,1.54167481890561,0.317861116806208,3.12057239427339
918.3,0.183474997606932,1.5416748192731,0.317861116803531,3.12057239426161
918.4,0.183474997612544,1.54167481963984,0.317861116800859,3.12057239424985
918.5,0.183474997618144,1.54167482000584,0.317861116798193,3.12057239423813
918.6,0.18347499762373,1.54167482037109,0.317861116795534,3.12057239422643
918.7,0.183474997629303,1.5416748207356,0.317861116792882,3.12057239421476
918.8,0.183474997634862,1.54167482109938,0.317861116790235,3.12057239420312
918.9,0.183474997640409,1.54167482146241,0.317861116787595,3.1205723941915
919,0.183474997645944,1.54167482182471,0.31786111678496,3.12057239417991
919.1,0.183474997651465,1.54167482218628,0.317861116782332,3.12057239416835
919.2,0.183474997656972,1.54167482254711,0.317861116779711,3.12057239415681
919.3,0.183474997662467,1.54167482290721,0.317861116777095,3.1205723941453
919.4,0.183474997667949,1.54167482326658,0.317861116774486,3.12057239413382
919.5,0.183474997673419,1.54167482362523,0.317861116771882,3.12057239412237
919.6,0.183474997678876,1.54167482398314,0.317861116769285,3.12057239411094
919.7,0.183474997684319,1.54167482434033,0.317861116766694,3.12057239409954
919.8,0.183474997689748,1.54167482469679,0.317861116764109,3.12057239408817
919.9,0.183474997695167,1.54167482505254,0.31786111676153,3.12057239407682
920,0.183474997700573,1.54167482540756,0.317861116758956,3.1205723940655
920.1,0.183474997705967,1.54167482576186,0.317861116756389,3.12057239405421
920.2,0.183474997711346,1.54167482611544,0.317861116753828,3.12057239404294
920.3,0.183474997716711,1.5416748264683,0.317861116751274,3.1205723940317
920.4,0.183474997722067,1.54167482682045,0.317861116748725,3.12057239402049
920.5,0.183474997727411,1.54167482717189,0.317861116746181,3.1205723940093
920.6,0.183474997732742,1.54167482752261,0.317861116743644,3.12057239399813
920.7,0.183474997738058,1.54167482787263,0.317861116741113,3.120572393987
920.8,0.183474997743358,1.54167482822184,0.317861116738589,3.12057239397589
920.9,0.183474997748635,1.54167482856948,0.317861116736078,3.12057239396484
921,0.183474997753911,1.54167482891713,0.317861116733567,3.1205723939538
921.1,0.183474997759169,1.54167482926374,0.317861116731064,3.12057239394278
921.2,0.183474997764413,1.54167482960955,0.317861116728568,3.12057239393181
921.3,0.183474997769655,1.54167482995525,0.317861116726073,3.12057239392083
921.4,0.183474997774867,1.5416748302993,0.317861116723591,3.12057239390991
921.5,0.183474997780081,1.54167483064335,0.31786111672111,3.120572393899
921.6,0.183474997785285,1.54167483098692,0.317861116718633,3.12057239388809
921.7,0.183474997790475,1.54167483132966,0.317861116716162,3.12057239387723
921.8,0.183474997795655,1.54167483167183,0.317861116713697,3.12057239386638
921.9,0.183474997800823,1.54167483201333,0.317861116711237,3.12057239385556
922,0.18347499780598,1.5416748323542,0.317861116708782,3.12057239384476
922.1,0.183474997811125,1.54167483269441,0.317861116706333,3.12057239383398
922.2,0.183474997816258,1.54167483303392,0.317861116703889,3.12057239382323
922.3,0.18347499782138,1.54167483337277,0.317861116701451,3.1205723938125
922.4,0.183474997826489,1.54167483371091,0.317861116699019,3.1205723938018
922.5,0.183474997831587,1.54167483404838,0.317861116696593,3.12057239379113
922.6,0.183474997836672,1.54167483438516,0.317861116694172,3.12057239378048
922.7,0.183474997841746,1.54167483472126,0.317861116691757,3.12057239376985
922.8,0.183474997846808,1.54167483505668,0.317861116689348,3.12057239375925
922.9,0.183474997851857,1.54167483539141,0.317861116686944,3.12057239374868
923,0.183474997856895,1.54167483572547,0.317861116684546,3.12057239373813
923.1,0.183474997861922,1.54167483605884,0.317861116682153,3.1205723937276
923.2,0.183474997866936,1.54167483639155,0.317861116679766,3.1205723937171
923.3,0.183474997871938,1.54167483672357,0.317861116677385,3.12057239370662
923.4,0.183474997876929,1.54167483705493,0.317861116675009,3.12057239369617
923.5,0.183474997881909,1.54167483738561,0.317861116672639,3.12057239368575
923.6,0.183474997886876,1.54167483771562,0.317861116670275,3.12057239367534
923.7,0.183474997891832,1.54167483804496,0.317861116667916,3.12057239366496
923.8,0.183474997896776,1.54167483837364,0.317861116665562,3.12057239365461
923.9,0.183474997901709,1.54167483870165,0.317861116663214,3.12057239364428
924,0.18347499790663,1.54167483902899,0.317861116660872,3.12057239363398
924.1,0.183474997911539,1.54167483935567,0.317861116658535,3.12057239362369
924.2,0.183474997916437,1.54167483968168,0.317861116656203,3.12057239361344
924.3,0.183474997921323,1.54167484000704,0.317861116653878,3.1205723936032
924.4,0.183474997926198,1.54167484033173,0.317861116651557,3.12057239359299
924.5,0.183474997931062,1.54167484065577,0.317861116649241,3.12057239358281
924.6,0.183474997935915,1.54167484097915,0.317861116646932,3.12057239357264
924.7,0.183474997940755,1.54167484130188,0.317861116644628,3.12057239356251
924.8,0.183474997945584,1.54167484162395,0.317861116642329,3.12057239355239
924.9,0.183474997950403,1.54167484194537,0.317861116640035,3.1205723935423
925,0.18347499795521,1.54167484226613,0.317861116637747,3.12057239353223
925.1,0.183474997960006,1.54167484258624,0.317861116635464,3.12057239352219
925.2,0.18347499796479,1.54167484290571,0.317861116633187,3.12057239351217
925.3,0.183474997969562,1.54167484322453,0.317861116630915,3.12057239350218
925.4,0.183474997974324,1.5416748435427,0.317861116628648,3.12057239349221
925.5,0.183474997979076,1.54167484386022,0.317861116626387,3.12057239348226
925.6,0.183474997983816,1.5416748441771,0.317861116624131,3.12057239347233
925.7,0.183474997988543,1.54167484449334,0.31786111662188,3.12057239346243
925.8,0.183474997993259,1.54167484480894,0.317861116619635,3.12057239345255
925.9,0.183474997997966,1.5416748451239,0.317861116617395,3.1205723934427
926,0.183474998002663,1.54167484543822,0.317861116615159,3.12057239343286
926.1,0.183474998007348,1.5416748457519,0.317861116612929,3.12057239342305
926.2,0.18347499801202,1.54167484606494,0.317861116610705,3.12057239341326
926.3,0.183474998016679,1.54167484637728,0.317861116608487,3.1205723934035
926.4,0.183474998021316,1.5416748466882,0.317861116606279,3.12057239339379
926.5,0.183474998025953,1.54167484699913,0.317861116604072,3.12057239338408
926.6,0.183474998030574,1.54167484730913,0.317861116601873,3.12057239337441
926.7,0.183474998035183,1.54167484761842,0.317861116599679,3.12057239336475
926.8,0.18347499803979,1.54167484792761,0.317861116597486,3.1205723933551
926.9,0.183474998044371,1.54167484823532,0.317861116595305,3.12057239334551
927,0.183474998048953,1.54167484854303,0.317861116593124,3.12057239333591
927.1,0.183474998053527,1.54167484885031,0.317861116590947,3.12057239332634
927.2,0.183474998058088,1.54167484915686,0.317861116588776,3.12057239331678
927.3,0.183474998062641,1.54167484946289,0.317861116586608,3.12057239330725
927.4,0.183474998067183,1.54167484976832,0.317861116584446,3.12057239329774
927.5,0.183474998071715,1.54167485007319,0.317861116582289,3.12057239328825
927.6,0.183474998076237,1.54167485037746,0.317861116580136,3.12057239327877
927.7,0.183474998080749,1.54167485068112,0.317861116577989,3.12057239326933
927.8,0.18347499808525,1.54167485098418,0.317861116575846,3.1205723932599
927.9,0.183474998089741,1.54167485128661,0.317861116573708,3.12057239325049
928,0.183474998094221,1.54167485158844,0.317861116571576,3.12057239324111
928.1,0.183474998098691,1.54167485188965,0.317861116569448,3.12057239323175
928.2,0.18347499810315,1.54167485219025,0.317861116567325,3.12057239322241
928.3,0.183474998107598,1.54167485249024,0.317861116565208,3.1205723932131
928.4,0.183474998112037,1.54167485278962,0.317861116563095,3.1205723932038
928.5,0.183474998116464,1.54167485308839,0.317861116560987,3.12057239319453
928.6,0.183474998120882,1.54167485338656,0.317861116558885,3.12057239318528
928.7,0.183474998125289,1.54167485368412,0.317861116556787,3.12057239317605
928.8,0.183474998129685,1.54167485398108,0.317861116554694,3.12057239316684
928.9,0.183474998134072,1.54167485427744,0.317861116552606,3.12057239315766
929,0.183474998138448,1.54167485457319,0.317861116550523,3.12057239314849
929.1,0.183474998142814,1.54167485486835,0.317861116548445,3.12057239313935
929.2,0.183474998147169,1.5416748551629,0.317861116546371,3.12057239313022
929.3,0.183474998151514,1.54167485545686,0.317861116544303,3.12057239312113
929.4,0.18347499815585,1.54167485575023,0.31786111654224,3.12057239311205
929.5,0.183474998160175,1.541674856043,0.317861116540181,3.12057239310299
929.6,0.18347499816449,1.54167485633517,0.317861116538127,3.12057239309395
929.7,0.183474998168794,1.54167485662675,0.317861116536078,3.12057239308494
929.8,0.183474998173089,1.54167485691774,0.317861116534033,3.12057239307594
929.9,0.183474998177373,1.54167485720814,0.317861116531994,3.12057239306697
930,0.183474998181648,1.54167485749796,0.317861116529959,3.12057239305802
930.1,0.183474998185913,1.54167485778718,0.317861116527929,3.12057239304909
930.2,0.183474998190167,1.54167485807582,0.317861116525904,3.12057239304018
930.3,0.183474998194411,1.54167485836387,0.317861116523884,3.12057239303129
930.4,0.183474998198646,1.54167485865134,0.317861116521868,3.12057239302242
930.5,0.183474998202871,1.54167485893822,0.317861116519857,3.12057239301357
930.6,0.183474998207086,1.54167485922453,0.317861116517851,3.12057239300475
930.7,0.18347499821129,1.54167485951025,0.317861116515849,3.12057239299594
930.8,0.183474998215485,1.54167485979539,0.317861116513853,3.12057239298716
930.9,0.18347499821967,1.54167486007996,0.31786111651186,3.12057239297839
931,0.183474998223846,1.54167486036394,0.317861116509872,3.12057239296965
931.1,0.183474998228012,1.54167486064736,0.317861116507889,3.12057239296092
931.2,0.183474998232167,1.54167486093019,0.317861116505912,3.12057239295222
931.3,0.183474998236312,1.54167486121246,0.317861116503938,3.12057239294354
931.4,0.183474998240449,1.54167486149415,0.317861116501969,3.12057239293487
931.5,0.183474998244576,1.54167486177527,0.317861116500005,3.12057239292623
931.6,0.183474998248694,1.54167486205582,0.317861116498045,3.12057239291761
931.7,0.1834749982528,1.5416748623358,0.31786111649609,3.12057239290901
931.8,0.183474998256895,1.54167486261514,0.317861116494141,3.12057239290043
931.9,0.18347499826097,1.54167486289322,0.317861116492201,3.1205723928919
932,0.183474998265046,1.5416748631713,0.317861116490261,3.12057239288336
932.1,0.183474998269107,1.54167486344856,0.317861116488328,3.12057239287486
932.2,0.183474998273158,1.54167486372518,0.317861116486399,3.12057239286637
932.3,0.183474998277206,1.54167486400171,0.317861116484473,3.12057239285789
932.4,0.183474998281233,1.54167486427692,0.317861116482555,3.12057239284946
932.5,0.18347499828526,1.54167486455214,0.317861116480639,3.12057239284103
932.6,0.18347499828928,1.54167486482696,0.317861116478725,3.12057239283261
932.7,0.183474998293289,1.54167486510112,0.317861116476817,3.12057239282422
932.8,0.18347499829729,1.54167486537483,0.317861116474912,3.12057239281584
932.9,0.183474998301282,1.541674865648,0.317861116473012,3.12057239280748
933,0.183474998305265,1.54167486592067,0.317861116471116,3.12057239279913
933.1,0.18347499830924,1.5416748661928,0.317861116469224,3.12057239279081
933.2,0.183474998313205,1.54167486646438,0.317861116467336,3.1205723927825
933.3,0.183474998317161,1.54167486673543,0.317861116465453,3.12057239277422
933.4,0.183474998321107,1.54167486700592,0.317861116463574,3.12057239276595
933.5,0.183474998325045,1.54167486727586,0.3178611164617,3.12057239275771
933.6,0.183474998328973,1.54167486754526,0.31786111645983,3.12057239274948
933.7,0.183474998332892,1.54167486781411,0.317861116457964,3.12057239274127
933.8,0.183474998336802,1.54167486808241,0.317861116456104,3.12057239273309
933.9,0.183474998340703,1.54167486835017,0.317861116454247,3.12057239272492
934,0.183474998344594,1.54167486861738,0.317861116452395,3.12057239271677
934.1,0.183474998348477,1.54167486888405,0.317861116450546,3.12057239270864
934.2,0.18347499835235,1.54167486915018,0.317861116448703,3.12057239270053
934.3,0.183474998356214,1.54167486941577,0.317861116446864,3.12057239269244
934.4,0.183474998360069,1.54167486968083,0.317861116445029,3.12057239268436
934.5,0.183474998363915,1.54167486994534,0.317861116443197,3.1205723926763
934.6,0.183474998367752,1.54167487020932,0.317861116441371,3.12057239266827
934.7,0.18347499837158,1.54167487047276,0.317861116439549,3.12057239266025
934.8,0.183474998375399,1.54167487073567,0.317861116437731,3.12057239265226
934.9,0.183474998379209,1.54167487099805,0.317861116435918,3.12057239264428
935,0.18347499838301,1.54167487125989,0.317861116434108,3.12057239263632
935.1,0.183474998386803,1.5416748715212,0.317861116432303,3.12057239262837
935.2,0.183474998390586,1.54167487178198,0.317861116430502,3.12057239262045
935.3,0.18347499839436,1.54167487204224,0.317861116428705,3.12057239261255
935.4,0.183474998398126,1.54167487230196,0.317861116426913,3.12057239260466
935.5,0.183474998401883,1.54167487256116,0.317861116425125,3.1205723925968
935.6,0.183474998405631,1.54167487281984,0.317861116423341,3.12057239258894
935.7,0.18347499840937,1.54167487307798,0.317861116421561,3.12057239258111
935.8,0.1834749984131,1.54167487333561,0.317861116419785,3.1205723925733
935.9,0.183474998416822,1.54167487359271,0.317861116418014,3.12057239256551
936,0.183474998420535,1.54167487384929,0.317861116416246,3.12057239255773
936.1,0.18347499842424,1.54167487410536,0.317861116414483,3.12057239254997
936.2,0.183474998427935,1.5416748743609,0.317861116412723,3.12057239254223
936.3,0.183474998431622,1.54167487461592,0.317861116410969,3.12057239253451
936.4,0.1834749984353,1.54167487487042,0.317861116409217,3.12057239252681
936.5,0.18347499843897,1.54167487512441,0.317861116407471,3.12057239251912
936.6,0.183474998442631,1.54167487537789,0.317861116405728,3.12057239251146
936.7,0.183474998446284,1.54167487563085,0.31786111640399,3.12057239250381
936.8,0.183474998449927,1.54167487588329,0.317861116402255,3.12057239249618
936.9,0.183474998453562,1.54167487613523,0.317861116400525,3.12057239248856
937,0.18347499845719,1.54167487638665,0.317861116398798,3.12057239248097
937.1,0.183474998460809,1.54167487663757,0.317861116397075,3.12057239247339
937.2,0.183474998464418,1.54167487688797,0.317861116395357,3.12057239246583
937.3,0.183474998468018,1.54167487713786,0.317861116393643,3.12057239245829
937.4,0.183474998471611,1.54167487738726,0.317861116391933,3.12057239245076
937.5,0.183474998475197,1.54167487763614,0.317861116390226,3.12057239244326
937.6,0.183474998478774,1.54167487788452,0.317861116388523,3.12057239243577
937.7,0.18347499848234,1.5416748781324,0.317861116386826,3.1205723924283
937.8,0.183474998485897,1.54167487837971,0.317861116385132,3.12057239242084
937.9,0.183474998489437,1.54167487862591,0.317861116383447,3.12057239241343
938,0.183474998492977,1.5416748788721,0.317861116381762,3.12057239240602
938.1,0.183474998496505,1.54167487911757,0.317861116380083,3.12057239239863
938.2,0.183474998500023,1.54167487936247,0.317861116378408,3.12057239239126
938.3,0.18347499850354,1.54167487960729,0.317861116376734,3.12057239238389
938.4,0.183474998507038,1.54167487985094,0.317861116375069,3.12057239237657
938.5,0.183474998510536,1.5416748800946,0.317861116373404,3.12057239236924
938.6,0.183474998514028,1.5416748803379,0.317861116371742,3.12057239236193
938.7,0.18347499851751,1.54167488058063,0.317861116370084,3.12057239235464
938.8,0.183474998520985,1.54167488082295,0.31786111636843,3.12057239234736
938.9,0.183474998524453,1.5416748810648,0.317861116366779,3.1205723923401
939,0.183474998527913,1.5416748813062,0.317861116365133,3.12057239233286
939.1,0.183474998531365,1.54167488154713,0.317861116363489,3.12057239232562
939.2,0.183474998534809,1.54167488178756,0.31786111636185,3.12057239231841
939.3,0.183474998538246,1.54167488202753,0.317861116360214,3.12057239231122
939.4,0.183474998541674,1.541674882267,0.317861116358582,3.12057239230404
939.5,0.183474998545094,1.54167488250599,0.317861116356954,3.12057239229687
939.6,0.183474998548506,1.54167488274449,0.31786111635533,3.12057239228973
939.7,0.18347499855191,1.54167488298251,0.31786111635371,3.1205723922826
939.8,0.183474998555306,1.54167488322005,0.317861116352093,3.12057239227549
939.9,0.183474998558695,1.5416748834571,0.31786111635048,3.12057239226839
940,0.183474998562075,1.54167488369367,0.317861116348871,3.12057239226131
940.1,0.183474998565447,1.54167488392976,0.317861116347266,3.12057239225425
940.2,0.183474998568812,1.54167488416538,0.317861116345664,3.1205723922472
940.3,0.183474998572168,1.54167488440051,0.317861116344067,3.12057239224018
940.4,0.183474998575517,1.54167488463517,0.317861116342473,3.12057239223316
940.5,0.183474998578857,1.54167488486935,0.317861116340883,3.12057239222617
940.6,0.183474998582191,1.54167488510306,0.317861116339296,3.12057239221919
940.7,0.183474998585515,1.54167488533629,0.317861116337713,3.12057239221222
940.8,0.183474998588833,1.54167488556905,0.317861116336134,3.12057239220527
940.9,0.183474998592142,1.54167488580134,0.317861116334559,3.12057239219834
941,0.183474998595444,1.54167488603316,0.317861116332987,3.12057239219143
941.1,0.183474998598738,1.54167488626451,0.317861116331419,3.12057239218453
941.2,0.183474998602025,1.54167488649538,0.317861116329855,3.12057239217765
941.3,0.183474998605303,1.54167488672579,0.317861116328294,3.12057239217078
941.4,0.183474998608574,1.54167488695574,0.317861116326737,3.12057239216393
941.5,0.183474998611837,1.54167488718521,0.317861116325183,3.1205723921571
941.6,0.183474998615093,1.54167488741422,0.317861116323634,3.12057239215028
941.7,0.183474998618341,1.54167488764277,0.317861116322088,3.12057239214348
941.8,0.183474998621581,1.54167488787085,0.317861116320545,3.12057239213669
941.9,0.183474998624814,1.54167488809847,0.317861116319006,3.12057239212992
942,0.18347499862804,1.54167488832562,0.317861116317471,3.12057239212317
942.1,0.183474998631257,1.54167488855232,0.31786111631594,3.12057239211643
942.2,0.183474998634467,1.54167488877855,0.317861116314412,3.12057239210971
942.3,0.183474998637669,1.54167488900433,0.317861116312887,3.120572392103
942.4,0.183474998640864,1.54167488922965,0.317861116311366,3.12057239209631
942.5,0.183474998644052,1.54167488945451,0.317861116309849,3.12057239208963
942.6,0.183474998647232,1.54167488967892,0.317861116308335,3.12057239208297
942.7,0.183474998650405,1.54167488990287,0.317861116306825,3.12057239207633
942.8,0.183474998653569,1.54167489012636,0.317861116305318,3.1205723920697
942.9,0.183474998656727,1.54167489034941,0.317861116303815,3.12057239206309
943,0.183474998659878,1.541674890572,0.317861116302315,3.12057239205649
943.1,0.183474998663022,1.54167489079414,0.317861116300819,3.12057239204991
943.2,0.183474998666157,1.54167489101583,0.317861116299327,3.12057239204334
943.3,0.183474998669283,1.54167489123701,0.317861116297838,3.12057239203679
943.4,0.183474998672394,1.5416748914572,0.317861116296358,3.12057239203028
943.5,0.183474998675505,1.54167489167739,0.317861116294877,3.12057239202376
943.6,0.183474998678606,1.54167489189692,0.317861116293401,3.12057239201727
943.7,0.183474998681698,1.54167489211595,0.317861116291929,3.12057239201079
943.8,0.183474998684789,1.5416748923349,0.317861116290457,3.12057239200432
943.9,0.183474998687863,1.54167489255282,0.317861116288994,3.12057239199788
944,0.183474998690937,1.54167489277073,0.317861116287531,3.12057239199145
944.1,0.183474998694006,1.54167489298833,0.31786111628607,3.12057239198502
944.2,0.183474998697066,1.54167489320541,0.317861116284613,3.12057239197861
944.3,0.183474998700121,1.54167489342213,0.31786111628316,3.12057239197221
944.4,0.183474998703168,1.54167489363843,0.317861116281709,3.12057239196583
944.5,0.183474998706209,1.54167489385432,0.317861116280262,3.12057239195946
944.6,0.183474998709244,1.5416748940698,0.317861116278817,3.12057239195311
944.7,0.183474998712271,1.54167489428484,0.317861116277376,3.12057239194677
944.8,0.183474998715291,1.54167489449945,0.317861116275938,3.12057239194044
944.9,0.183474998718304,1.54167489471363,0.317861116274504,3.12057239193413
945,0.18347499872131,1.54167489492737,0.317861116273073,3.12057239192784
945.1,0.183474998724309,1.54167489514067,0.317861116271646,3.12057239192155
945.2,0.183474998727301,1.54167489535355,0.317861116270222,3.12057239191529
945.3,0.183474998730285,1.54167489556599,0.317861116268801,3.12057239190904
945.4,0.183474998733263,1.541674895778,0.317861116267383,3.1205723919028
945.5,0.183474998736234,1.54167489598958,0.317861116265969,3.12057239189658
945.6,0.183474998739198,1.54167489620073,0.317861116264558,3.12057239189037
945.7,0.183474998742155,1.54167489641145,0.317861116263151,3.12057239188418
945.8,0.183474998745105,1.54167489662174,0.317861116261746,3.120572391878
945.9,0.183474998748048,1.54167489683161,0.317861116260345,3.12057239187184
946,0.183474998750984,1.54167489704105,0.317861116258948,3.12057239186569
946.1,0.183474998753913,1.54167489725007,0.317861116257553,3.12057239185956
946.2,0.183474998756836,1.54167489745866,0.317861116256162,3.12057239185343
946.3,0.183474998759751,1.54167489766683,0.317861116254775,3.12057239184733
946.4,0.18347499876266,1.54167489787457,0.31786111625339,3.12057239184124
946.5,0.183474998765562,1.5416748980819,0.317861116252008,3.12057239183516
946.6,0.183474998768457,1.5416748982888,0.317861116250631,3.1205723918291
946.7,0.183474998771345,1.54167489849529,0.317861116249256,3.12057239182305
946.8,0.183474998774227,1.54167489870135,0.317861116247884,3.12057239181702
946.9,0.183474998777101,1.541674898907,0.317861116246516,3.120572391811
947,0.18347499877997,1.54167489911223,0.317861116245151,3.12057239180499
947.1,0.183474998782831,1.54167489931705,0.317861116243789,3.120572391799
947.2,0.183474998785685,1.54167489952144,0.31786111624243,3.12057239179302
947.3,0.183474998788533,1.54167489972543,0.317861116241074,3.12057239178706
947.4,0.183474998791374,1.541674899929,0.317861116239722,3.1205723917811
947.5,0.183474998794209,1.54167490013216,0.317861116238372,3.12057239177517
947.6,0.183474998797037,1.5416749003349,0.317861116237027,3.12057239176925
947.7,0.183474998799858,1.54167490053724,0.317861116235684,3.12057239176334
947.8,0.183474998802672,1.54167490073916,0.317861116234344,3.12057239175745
947.9,0.183474998805481,1.54167490094067,0.317861116233007,3.12057239175156
948,0.183474998808283,1.54167490114178,0.317861116231674,3.12057239174569
948.1,0.183474998811078,1.54167490134247,0.317861116230343,3.12057239173984
948.2,0.183474998813866,1.54167490154276,0.317861116229016,3.12057239173401
948.3,0.183474998816647,1.54167490174265,0.317861116227692,3.12057239172818
948.4,0.183474998819422,1.54167490194213,0.317861116226371,3.12057239172237
948.5,0.183474998822192,1.5416749021412,0.317861116225053,3.12057239171657
948.6,0.183474998824954,1.54167490233987,0.317861116223738,3.12057239171078
948.7,0.18347499882771,1.54167490253814,0.317861116222426,3.12057239170501
948.8,0.183474998830457,1.54167490273595,0.317861116221118,3.12057239169925
948.9,0.183474998833192,1.54167490293288,0.317861116219816,3.12057239169353
949,0.183474998835926,1.5416749031298,0.317861116218515,3.1205723916878
949.1,0.183474998838651,1.54167490332614,0.317861116217217,3.12057239168209
949.2,0.183474998841369,1.54167490352202,0.317861116215924,3.1205723916764
949.3,0.183474998844085,1.54167490371785,0.31786111621463,3.12057239167071
949.4,0.183474998846787,1.54167490391274,0.317861116213344,3.12057239166505
949.5,0.183474998849489,1.54167490410763,0.317861116212058,3.1205723916594
949.6,0.183474998852186,1.54167490430224,0.317861116210774,3.12057239165375
949.7,0.183474998854876,1.54167490449639,0.317861116209494,3.12057239164811
949.8,0.18347499885756,1.54167490469021,0.317861116208216,3.1205723916425
949.9,0.183474998860239,1.54167490488365,0.317861116206941,3.12057239163688
950,0.183474998862912,1.54167490507674,0.317861116205669,3.12057239163129
950.1,0.183474998865578,1.54167490526945,0.317861116204399,3.1205723916257
950.2,0.183474998868239,1.54167490546177,0.317861116203133,3.12057239162013
950.3,0.183474998870893,1.5416749056537,0.31786111620187,3.12057239161457
950.4,0.183474998873541,1.54167490584525,0.317861116200609,3.12057239160902
950.5,0.183474998876183,1.5416749060364,0.317861116199351,3.12057239160349
950.6,0.183474998878819,1.54167490622717,0.317861116198097,3.12057239159797
950.7,0.183474998881448,1.54167490641756,0.317861116196845,3.12057239159247
950.8,0.183474998884072,1.54167490660755,0.317861116195596,3.12057239158697
950.9,0.183474998886689,1.54167490679716,0.31786111619435,3.12057239158149
951,0.1834749988893,1.54167490698639,0.317861116193107,3.12057239157602
951.1,0.183474998891905,1.54167490717523,0.317861116191867,3.12057239157057
951.2,0.183474998894504,1.54167490736368,0.31786111619063,3.12057239156512
951.3,0.183474998897096,1.54167490755176,0.317861116189396,3.1205723915597
951.4,0.183474998899683,1.54167490773945,0.317861116188165,3.12057239155428
951.5,0.183474998902263,1.54167490792676,0.317861116186936,3.12057239154887
951.6,0.183474998904838,1.54167490811369,0.317861116185711,3.12057239154348
951.7,0.183474998907406,1.54167490830025,0.317861116184488,3.1205723915381
951.8,0.183474998909969,1.54167490848642,0.317861116183269,3.12057239153274
951.9,0.183474998912525,1.54167490867222,0.317861116182052,3.12057239152738
952,0.183474998915076,1.54167490885764,0.317861116180838,3.12057239152204
952.1,0.18347499891762,1.54167490904268,0.317861116179626,3.12057239151671
952.2,0.183474998920159,1.54167490922735,0.317861116178418,3.1205723915114
952.3,0.183474998922691,1.54167490941164,0.317861116177213,3.12057239150609
952.4,0.183474998925218,1.54167490959556,0.31786111617601,3.1205723915008
952.5,0.183474998927738,1.54167490977911,0.31786111617481,3.12057239149552
952.6,0.183474998930253,1.54167490996228,0.317861116173613,3.12057239149026
952.7,0.183474998932762,1.54167491014508,0.317861116172419,3.120572391485
952.8,0.183474998935265,1.54167491032751,0.317861116171228,3.12057239147976
952.9,0.183474998937762,1.54167491050958,0.317861116170039,3.12057239147453
953,0.183474998940253,1.54167491069127,0.317861116168853,3.12057239146932
953.1,0.183474998942738,1.54167491087259,0.317861116167671,3.12057239146411
953.2,0.183474998945218,1.54167491105354,0.31786111616649,3.12057239145892
953.3,0.183474998947691,1.54167491123413,0.317861116165312,3.12057239145374
953.4,0.183474998950159,1.54167491141435,0.317861116164138,3.12057239144857
953.5,0.183474998952622,1.54167491159421,0.317861116162966,3.12057239144341
953.6,0.183474998955078,1.5416749117737,0.317861116161796,3.12057239143827
953.7,0.183474998957529,1.54167491195283,0.31786111616063,3.12057239143314
953.8,0.183474998959973,1.54167491213159,0.317861116159466,3.12057239142802
953.9,0.183474998962412,1.54167491230999,0.317861116158305,3.12057239142291
954,0.183474998964846,1.54167491248803,0.317861116157147,3.12057239141781
954.1,0.183474998967274,1.54167491266571,0.317861116155991,3.12057239141273
954.2,0.183474998969696,1.54167491284303,0.317861116154838,3.12057239140766
954.3,0.183474998972111,1.54167491301998,0.317861116153689,3.1205723914026
954.4,0.183474998974522,1.54167491319658,0.317861116152541,3.12057239139755
954.5,0.183474998976928,1.54167491337282,0.317861116151396,3.12057239139251
954.6,0.183474998979328,1.5416749135487,0.317861116150253,3.12057239138749
954.7,0.183474998981721,1.54167491372423,0.317861116149114,3.12057239138247
954.8,0.183474998984108,1.54167491389936,0.317861116147978,3.12057239137747
954.9,0.183474998986483,1.54167491407369,0.317861116146847,3.1205723913725
955,0.183474998988858,1.54167491424803,0.317861116145716,3.12057239136752
955.1,0.183474998991225,1.54167491442185,0.31786111614459,3.12057239136257
955.2,0.183474998993585,1.54167491459527,0.317861116143466,3.12057239135762
955.3,0.183474998995945,1.54167491476863,0.317861116142343,3.12057239135268
955.4,0.183474998998292,1.54167491494116,0.317861116141226,3.12057239134777
955.5,0.183474999000639,1.5416749151137,0.317861116140109,3.12057239134285
955.6,0.183474999002982,1.54167491528599,0.317861116138993,3.12057239133795
955.7,0.183474999005318,1.54167491545787,0.317861116137881,3.12057239133305
955.8,0.18347499900765,1.54167491562946,0.317861116136771,3.12057239132817
955.9,0.183474999009976,1.54167491580071,0.317861116135664,3.1205723913233
956,0.183474999012298,1.54167491597165,0.317861116134559,3.12057239131844
956.1,0.183474999014614,1.54167491614226,0.317861116133456,3.12057239131358
956.2,0.183474999016925,1.54167491631252,0.317861116132356,3.12057239130875
956.3,0.183474999019231,1.54167491648244,0.317861116131258,3.12057239130391
956.4,0.183474999021531,1.54167491665201,0.317861116130164,3.1205723912991
956.5,0.183474999023826,1.54167491682124,0.317861116129072,3.12057239129429
956.6,0.183474999026115,1.54167491699013,0.317861116127982,3.1205723912895
956.7,0.183474999028399,1.54167491715867,0.317861116126894,3.12057239128472
956.8,0.183474999030677,1.54167491732687,0.31786111612581,3.12057239127994
956.9,0.183474999032951,1.54167491749473,0.317861116124728,3.12057239127518
957,0.183474999035219,1.54167491766225,0.317861116123649,3.12057239127043
957.1,0.183474999037482,1.54167491782943,0.317861116122571,3.1205723912657
957.2,0.183474999039739,1.54167491799627,0.317861116121497,3.12057239126097
957.3,0.183474999041991,1.54167491816278,0.317861116120425,3.12057239125625
957.4,0.183474999044238,1.54167491832894,0.317861116119355,3.12057239125155
957.5,0.183474999046479,1.54167491849477,0.317861116118288,3.12057239124685
957.6,0.183474999048716,1.54167491866026,0.317861116117224,3.12057239124217
957.7,0.183474999050946,1.54167491882541,0.317861116116162,3.1205723912375
957.8,0.183474999053172,1.54167491899023,0.317861116115102,3.12057239123284
957.9,0.183474999055393,1.54167491915471,0.317861116114045,3.12057239122819
958,0.183474999057608,1.54167491931886,0.317861116112991,3.12057239122355
958.1,0.183474999059818,1.54167491948268,0.317861116111939,3.12057239121892
958.2,0.183474999062023,1.54167491964617,0.317861116110889,3.1205723912143
958.3,0.183474999064223,1.54167491980932,0.317861116109842,3.12057239120969
958.4,0.183474999066418,1.54167491997215,0.317861116108797,3.12057239120509
958.5,0.183474999068607,1.54167492013464,0.317861116107755,3.12057239120051
958.6,0.183474999070792,1.5416749202968,0.317861116106715,3.12057239119593
958.7,0.183474999072971,1.54167492045863,0.317861116105678,3.12057239119137
958.8,0.183474999075145,1.54167492062014,0.317861116104643,3.12057239118682
958.9,0.183474999077314,1.54167492078132,0.317861116103611,3.12057239118228
959,0.183474999079478,1.54167492094217,0.31786111610258,3.12057239117774
959.1,0.183474999081637,1.54167492110269,0.317861116101552,3.12057239117322
959.2,0.18347499908379,1.54167492126289,0.317861116100528,3.12057239116871
959.3,0.183474999085939,1.54167492142276,0.317861116099505,3.12057239116421
959.4,0.183474999088083,1.54167492158231,0.317861116098484,3.12057239115972
959.5,0.183474999090221,1.54167492174154,0.317861116097466,3.12057239115525
959.6,0.183474999092355,1.54167492190044,0.31786111609645,3.12057239115078
959.7,0.183474999094484,1.54167492205902,0.317861116095437,3.12057239114632
959.8,0.183474999096607,1.54167492221728,0.317861116094427,3.12057239114187
959.9,0.183474999098726,1.54167492237521,0.317861116093418,3.12057239113743
960,0.18347499910084,1.54167492253283,0.317861116092412,3.12057239113301
960.1,0.183474999102949,1.54167492269013,0.317861116091408,3.12057239112859
960.2,0.183474999105052,1.5416749228471,0.317861116090407,3.12057239112418
960.3,0.18347499910715,1.54167492300372,0.317861116089408,3.12057239111979
960.4,0.183474999109237,1.54167492315964,0.317861116088415,3.12057239111542
960.5,0.183474999111325,1.54167492331555,0.317861116087421,3.12057239111105
960.6,0.183474999113405,1.541674923471,0.317861116086431,3.12057239110669
960.7,0.18347499911548,1.54167492362609,0.317861116085443,3.12057239110235
960.8,0.183474999117554,1.54167492378113,0.317861116084456,3.12057239109801
960.9,0.183474999119616,1.54167492393543,0.317861116083474,3.12057239109369
961,0.183474999121679,1.54167492408973,0.317861116082493,3.12057239108936
961.1,0.183474999123738,1.54167492424382,0.317861116081513,3.12057239108506
961.2,0.183474999125791,1.54167492439753,0.317861116080535,3.12057239108075
961.3,0.18347499912784,1.54167492455099,0.31786111607956,3.12057239107646
961.4,0.183474999129885,1.54167492470415,0.317861116078586,3.12057239107218
961.5,0.183474999131925,1.54167492485702,0.317861116077615,3.12057239106791
961.6,0.183474999133961,1.5416749250096,0.317861116076646,3.12057239106364
961.7,0.183474999135992,1.54167492516187,0.317861116075679,3.12057239105939
961.8,0.183474999138019,1.54167492531383,0.317861116074714,3.12057239105514
961.9,0.18347499914004,1.54167492546548,0.317861116073752,3.12057239105091
962,0.183474999142057,1.54167492561683,0.317861116072792,3.12057239104669
962.1,0.183474999144069,1.54167492576787,0.317861116071835,3.12057239104247
962.2,0.183474999146077,1.5416749259186,0.317861116070879,3.12057239103827
962.3,0.183474999148079,1.54167492606903,0.317861116069926,3.12057239103408
962.4,0.183474999150077,1.54167492621915,0.317861116068975,3.12057239102989
962.5,0.183474999152071,1.54167492636897,0.317861116068026,3.12057239102572
962.6,0.183474999154059,1.54167492651848,0.317861116067079,3.12057239102156
962.7,0.183474999156043,1.54167492666769,0.317861116066135,3.1205723910174
962.8,0.183474999158023,1.5416749268166,0.317861116065193,3.12057239101326
962.9,0.183474999159997,1.5416749269652,0.317861116064253,3.12057239100912
963,0.183474999161967,1.5416749271135,0.317861116063315,3.120572391005
963.1,0.183474999163933,1.5416749272615,0.31786111606238,3.12057239100088
963.2,0.183474999165894,1.54167492740921,0.317861116061446,3.12057239099677
963.3,0.18347499916785,1.54167492755661,0.317861116060515,3.12057239099267
963.4,0.183474999169802,1.54167492770371,0.317861116059586,3.12057239098859
963.5,0.183474999171749,1.54167492785051,0.317861116058659,3.12057239098451
963.6,0.183474999173691,1.54167492799702,0.317861116057734,3.12057239098044
963.7,0.183474999175629,1.54167492814323,0.317861116056812,3.12057239097638
963.8,0.183474999177562,1.54167492828914,0.317861116055892,3.12057239097233
963.9,0.183474999179491,1.54167492843476,0.317861116054974,3.1205723909683
964,0.183474999181416,1.54167492858008,0.317861116054058,3.12057239096427
964.1,0.183474999183335,1.5416749287251,0.317861116053144,3.12057239096024
964.2,0.183474999185251,1.54167492886983,0.317861116052232,3.12057239095623
964.3,0.183474999187161,1.54167492901427,0.317861116051323,3.12057239095223
964.4,0.183474999189068,1.54167492915842,0.317861116050415,3.12057239094824
964.5,0.18347499919097,1.54167492930227,0.317861116049509,3.12057239094425
964.6,0.183474999192867,1.54167492944583,0.317861116048606,3.12057239094028
964.7,0.18347499919476,1.5416749295891,0.317861116047705,3.12057239093632
964.8,0.183474999196648,1.54167492973208,0.317861116046806,3.12057239093236
964.9,0.183474999198533,1.54167492987476,0.317861116045909,3.12057239092842
965,0.183474999200412,1.54167493001716,0.317861116045014,3.12057239092448
965.1,0.183474999202288,1.54167493015927,0.317861116044122,3.12057239092055
965.2,0.183474999204159,1.54167493030109,0.317861116043231,3.12057239091663
965.3,0.183474999206025,1.54167493044262,0.317861116042343,3.12057239091272
965.4,0.183474999207887,1.54167493058387,0.317861116041456,3.12057239090883
965.5,0.183474999209745,1.54167493072483,0.317861116040572,3.12057239090493
965.6,0.183474999211598,1.5416749308655,0.31786111603969,3.12057239090105
965.7,0.183474999213447,1.54167493100589,0.31786111603881,3.12057239089718
965.8,0.183474999215291,1.54167493114599,0.317861116037932,3.12057239089332
965.9,0.183474999217132,1.54167493128581,0.317861116037056,3.12057239088946
966,0.183474999218968,1.54167493142535,0.317861116036181,3.12057239088562
966.1,0.1834749992208,1.5416749315646,0.317861116035309,3.12057239088178
966.2,0.183474999222627,1.54167493170357,0.317861116034439,3.12057239087795
966.3,0.183474999224449,1.54167493184222,0.317861116033572,3.12057239087414
966.4,0.183474999226262,1.54167493198025,0.317861116032709,3.12057239087034
966.5,0.183474999228076,1.54167493211828,0.317861116031846,3.12057239086654
966.6,0.183474999229883,1.54167493225589,0.317861116030986,3.12057239086276
966.7,0.183474999231685,1.54167493239319,0.317861116030128,3.12057239085899
966.8,0.183474999233486,1.54167493253045,0.31786111602927,3.12057239085521
966.9,0.183474999235278,1.54167493266705,0.317861116028418,3.12057239085146
967,0.18347499923707,1.54167493280365,0.317861116027565,3.12057239084771
967.1,0.183474999238858,1.54167493294006,0.317861116026713,3.12057239084396
967.2,0.183474999240642,1.54167493307614,0.317861116025864,3.12057239084023
967.3,0.183474999242422,1.54167493321199,0.317861116025017,3.1205723908365
967.4,0.183474999244198,1.54167493334758,0.317861116024171,3.12057239083278
967.5,0.183474999245971,1.54167493348291,0.317861116023328,3.12057239082907
967.6,0.183474999247739,1.54167493361799,0.317861116022486,3.12057239082536
967.7,0.183474999249503,1.54167493375279,0.317861116021646,3.12057239082167
967.8,0.183474999251263,1.54167493388732,0.317861116020808,3.12057239081798
967.9,0.183474999253019,1.54167493402157,0.317861116019972,3.12057239081431
968,0.183474999254771,1.54167493415556,0.317861116019139,3.12057239081064
968.1,0.183474999256519,1.54167493428927,0.317861116018306,3.12057239080698
968.2,0.183474999258263,1.54167493442271,0.317861116017477,3.12057239080333
968.3,0.183474999260002,1.54167493455588,0.317861116016648,3.12057239079968
968.4,0.183474999261738,1.54167493468878,0.317861116015822,3.12057239079605
968.5,0.183474999263469,1.54167493482141,0.317861116014998,3.12057239079242
968.6,0.183474999265197,1.54167493495377,0.317861116014176,3.1205723907888
968.7,0.18347499926692,1.54167493508586,0.317861116013355,3.12057239078519
968.8,0.183474999268639,1.54167493521768,0.317861116012537,3.12057239078159
968.9,0.183474999270354,1.54167493534924,0.317861116011721,3.120572390778
969,0.183474999272065,1.54167493548053,0.317861116010906,3.12057239077442
969.1,0.183474999273773,1.54167493561155,0.317861116010093,3.12057239077084
969.2,0.183474999275476,1.5416749357423,0.317861116009283,3.12057239076728
969.3,0.183474999277175,1.54167493587279,0.317861116008474,3.12057239076372
969.4,0.18347499927887,1.54167493600302,0.317861116007667,3.12057239076017
969.5,0.183474999280561,1.54167493613298,0.317861116006862,3.12057239075663
969.6,0.183474999282249,1.54167493626268,0.317861116006058,3.12057239075309
969.7,0.183474999283932,1.54167493639211,0.317861116005257,3.12057239074957
969.8,0.183474999285611,1.54167493652128,0.317861116004458,3.12057239074605
969.9,0.183474999287286,1.5416749366502,0.317861116003661,3.12057239074254
970,0.183474999288958,1.54167493677885,0.317861116002865,3.12057239073904
970.1,0.183474999290626,1.54167493690723,0.317861116002071,3.12057239073555
970.2,0.183474999292289,1.54167493703536,0.317861116001279,3.12057239073206
970.3,0.183474999293949,1.54167493716323,0.317861116000489,3.12057239072859
970.4,0.183474999295605,1.54167493729083,0.317861115999701,3.12057239072512
970.5,0.183474999297257,1.54167493741818,0.317861115998914,3.12057239072166
970.6,0.183474999298905,1.54167493754527,0.31786111599813,3.12057239071821
970.7,0.18347499930055,1.54167493767211,0.317861115997347,3.12057239071476
970.8,0.18347499930219,1.54167493779868,0.317861115996566,3.12057239071133
970.9,0.183474999303826,1.541674937925,0.317861115995787,3.1205723907079
971,0.183474999305459,1.54167493805106,0.31786111599501,3.12057239070448
971.1,0.183474999307088,1.54167493817687,0.317861115994234,3.12057239070107
971.2,0.183474999308713,1.54167493830242,0.317861115993461,3.12057239069766
971.3,0.183474999310334,1.54167493842771,0.317861115992689,3.12057239069427
971.4,0.183474999311952,1.54167493855276,0.317861115991919,3.12057239069089
971.5,0.183474999313566,1.54167493867754,0.317861115991151,3.1205723906875
971.6,0.183474999315176,1.54167493880208,0.317861115990384,3.12057239068413
971.7,0.183474999316782,1.54167493892636,0.31786111598962,3.12057239068077
971.8,0.183474999318383,1.54167493905036,0.317861115988858,3.12057239067741
971.9,0.183474999319977,1.5416749391738,0.317861115988099,3.12057239067408
972,0.18347499932157,1.54167493929724,0.31786111598734,3.12057239067074
972.1,0.183474999323159,1.54167493942031,0.317861115986584,3.12057239066741
972.2,0.183474999324742,1.5416749395431,0.31786111598583,3.1205723906641
972.3,0.183474999326326,1.54167493966585,0.317861115985076,3.12057239066078
972.4,0.1834749993279,1.54167493978801,0.317861115984327,3.12057239065748
972.5,0.183474999329475,1.54167493991017,0.317861115983577,3.12057239065418
972.6,0.183474999331047,1.54167494003216,0.317861115982829,3.12057239065089
972.7,0.183474999332614,1.54167494015386,0.317861115982083,3.12057239064761
972.8,0.183474999334179,1.54167494027535,0.317861115981338,3.12057239064433
972.9,0.18347499933574,1.54167494039661,0.317861115980595,3.12057239064106
973,0.183474999337298,1.54167494051764,0.317861115979853,3.1205723906378
973.1,0.183474999338852,1.54167494063844,0.317861115979113,3.12057239063455
973.2,0.183474999340402,1.54167494075899,0.317861115978375,3.1205723906313
973.3,0.183474999341949,1.54167494087931,0.317861115977639,3.12057239062806
973.4,0.183474999343493,1.54167494099937,0.317861115976905,3.12057239062483
973.5,0.183474999345032,1.5416749411192,0.317861115976172,3.1205723906216
973.6,0.183474999346568,1.54167494123878,0.31786111597544,3.12057239061838
973.7,0.183474999348101,1.54167494135811,0.317861115974711,3.12057239061517
973.8,0.18347499934963,1.54167494147721,0.317861115973983,3.12057239061197
973.9,0.183474999351155,1.54167494159606,0.317861115973257,3.12057239060878
974,0.183474999352677,1.54167494171467,0.317861115972532,3.12057239060559
974.1,0.183474999354195,1.54167494183304,0.31786111597181,3.12057239060241
974.2,0.183474999355709,1.54167494195117,0.317861115971089,3.12057239059924
974.3,0.18347499935722,1.54167494206906,0.31786111597037,3.12057239059608
974.4,0.183474999358728,1.54167494218671,0.317861115969652,3.12057239059292
974.5,0.183474999360232,1.54167494230412,0.317861115968937,3.12057239058977
974.6,0.183474999361732,1.54167494242129,0.317861115968222,3.12057239058663
974.7,0.183474999363229,1.54167494253823,0.31786111596751,3.12057239058349
974.8,0.183474999364723,1.54167494265493,0.317861115966799,3.12057239058037
974.9,0.183474999366213,1.54167494277139,0.317861115966089,3.12057239057725
975,0.183474999367699,1.54167494288762,0.317861115965382,3.12057239057413
975.1,0.183474999369182,1.54167494300361,0.317861115964676,3.12057239057103
975.2,0.183474999370662,1.54167494311936,0.317861115963971,3.12057239056793
975.3,0.183474999372138,1.54167494323488,0.317861115963269,3.12057239056484
975.4,0.18347499937361,1.54167494335017,0.317861115962568,3.12057239056175
975.5,0.183474999375079,1.54167494346522,0.317861115961869,3.12057239055868
975.6,0.183474999376545,1.54167494358003,0.317861115961171,3.1205723905556
975.7,0.183474999378007,1.54167494369462,0.317861115960475,3.12057239055254
975.8,0.183474999379466,1.54167494380897,0.31786111595978,3.12057239054949
975.9,0.183474999380921,1.54167494392309,0.317861115959087,3.12057239054644
976,0.183474999382373,1.54167494403698,0.317861115958396,3.1205723905434
976.1,0.183474999383822,1.54167494415064,0.317861115957706,3.12057239054037
976.2,0.183474999385267,1.54167494426407,0.317861115957018,3.12057239053734
976.3,0.183474999386708,1.54167494437726,0.317861115956332,3.12057239053432
976.4,0.183474999388147,1.54167494449023,0.317861115955648,3.12057239053131
976.5,0.183474999389582,1.54167494460296,0.317861115954965,3.1205723905283
976.6,0.183474999391013,1.54167494471547,0.317861115954283,3.1205723905253
976.7,0.183474999392441,1.54167494482775,0.317861115953603,3.12057239052232
976.8,0.183474999393866,1.5416749449398,0.317861115952925,3.12057239051933
976.9,0.183474999395288,1.54167494505163,0.317861115952249,3.12057239051635
977,0.183474999396706,1.54167494516322,0.317861115951574,3.12057239051338
977.1,0.183474999398121,1.54167494527459,0.3178611159509,3.12057239051042
977.2,0.183474999399532,1.54167494538574,0.317861115950228,3.12057239050747
977.3,0.18347499940094,1.54167494549663,0.317861115949558,3.12057239050452
977.4,0.18347499940234,1.54167494560703,0.317861115948892,3.12057239050158
977.5,0.183474999403741,1.54167494571742,0.317861115948225,3.12057239049865
977.6,0.183474999405136,1.54167494582748,0.317861115947561,3.12057239049573
977.7,0.183474999406528,1.54167494593729,0.317861115946899,3.12057239049282
977.8,0.18347499940792,1.54167494604706,0.317861115946236,3.1205723904899
977.9,0.183474999409304,1.54167494615631,0.317861115945577,3.120572390487
978,0.183474999410688,1.54167494626556,0.317861115944919,3.12057239048411
978.1,0.183474999412069,1.54167494637466,0.317861115944261,3.12057239048121
978.2,0.183474999413447,1.54167494648349,0.317861115943605,3.12057239047833
978.3,0.183474999414822,1.54167494659214,0.317861115942951,3.12057239047545
978.4,0.183474999416194,1.54167494670058,0.317861115942298,3.12057239047257
978.5,0.183474999417563,1.54167494680882,0.317861115941646,3.12057239046971
978.6,0.183474999418929,1.54167494691685,0.317861115940996,3.12057239046685
978.7,0.183474999420291,1.54167494702466,0.317861115940347,3.12057239046399
978.8,0.183474999421651,1.54167494713226,0.3178611159397,3.12057239046115
978.9,0.183474999423008,1.54167494723963,0.317861115939055,3.1205723904583
979,0.183474999424361,1.54167494734679,0.31786111593841,3.12057239045547
979.1,0.183474999425711,1.54167494745373,0.317861115937768,3.12057239045264
979.2,0.183474999427058,1.54167494756045,0.317861115937127,3.12057239044982
979.3,0.183474999428401,1.54167494766695,0.317861115936487,3.12057239044701
979.4,0.183474999429742,1.54167494777325,0.317861115935849,3.12057239044421
979.5,0.183474999431079,1.54167494787932,0.317861115935212,3.1205723904414
979.6,0.183474999432413,1.54167494798518,0.317861115934577,3.12057239043861
979.7,0.183474999433745,1.54167494809082,0.317861115933943,3.12057239043582
979.8,0.183474999435073,1.54167494819625,0.317861115933311,3.12057239043304
979.9,0.183474999436397,1.54167494830146,0.317861115932681,3.12057239043026
980,0.183474999437719,1.54167494840646,0.317861115932052,3.1205723904275
980.1,0.183474999439038,1.54167494851125,0.317861115931424,3.12057239042473
980.2,0.183474999440354,1.54167494861583,0.317861115930798,3.12057239042198
980.3,0.183474999441666,1.54167494872019,0.317861115930173,3.12057239041923
980.4,0.183474999442976,1.54167494882434,0.317861115929549,3.12057239041649
980.5,0.183474999444282,1.54167494892828,0.317861115928928,3.12057239041375
980.6,0.183474999445585,1.54167494903201,0.317861115928307,3.12057239041102
980.7,0.183474999446886,1.54167494913553,0.317861115927688,3.12057239040829
980.8,0.183474999448183,1.54167494923884,0.317861115927071,3.12057239040558
980.9,0.183474999449477,1.54167494934193,0.317861115926455,3.12057239040287
981,0.183474999450768,1.54167494944482,0.31786111592584,3.12057239040017
981.1,0.183474999452056,1.54167494954751,0.317861115925227,3.12057239039747
981.2,0.183474999453341,1.54167494964998,0.317861115924615,3.12057239039478
981.3,0.183474999454623,1.54167494975224,0.317861115924005,3.12057239039209
981.4,0.183474999455903,1.5416749498543,0.317861115923396,3.12057239038942
981.5,0.183474999457179,1.54167494995615,0.317861115922789,3.12057239038674
981.6,0.183474999458452,1.54167495005779,0.317861115922183,3.12057239038408
981.7,0.183474999459722,1.54167495015923,0.317861115921578,3.12057239038142
981.8,0.183474999460989,1.54167495026046,0.317861115920975,3.12057239037876
981.9,0.183474999462253,1.54167495036148,0.317861115920373,3.12057239037611
982,0.183474999463514,1.5416749504623,0.317861115919773,3.12057239037348
982.1,0.183474999464772,1.54167495056292,0.317861115919174,3.12057239037084
982.2,0.183474999466027,1.54167495066333,0.317861115918577,3.12057239036821
982.3,0.18347499946728,1.54167495076353,0.31786111591798,3.12057239036559
982.4,0.183474999468529,1.54167495086353,0.317861115917386,3.12057239036297
982.5,0.183474999469776,1.54167495096334,0.317861115916793,3.12057239036036
982.6,0.183474999471019,1.54167495106293,0.317861115916201,3.12057239035776
982.7,0.18347499947226,1.54167495116233,0.31786111591561,3.12057239035516
982.8,0.183474999473497,1.5416749512615,0.317861115915021,3.12057239035257
982.9,0.183474999474728,1.54167495136022,0.317861115914435,3.12057239034999
983,0.183474999475958,1.54167495145894,0.317861115913849,3.12057239034741
983.1,0.183474999477185,1.54167495155737,0.317861115913266,3.12057239034485
983.2,0.183474999478409,1.54167495165557,0.317861115912683,3.12057239034228
983.3,0.183474999479632,1.54167495175374,0.317861115912101,3.12057239033972
983.4,0.183474999480848,1.54167495185144,0.317861115911522,3.12057239033717
983.5,0.183474999482064,1.54167495194915,0.317861115910944,3.12057239033463
983.6,0.183474999483278,1.54167495204671,0.317861115910365,3.12057239033209
983.7,0.183474999484489,1.54167495214404,0.317861115909789,3.12057239032955
983.8,0.183474999485698,1.54167495224121,0.317861115909214,3.12057239032702
983.9,0.183474999486903,1.54167495233818,0.31786111590864,3.1205723903245
984,0.183474999488107,1.54167495243498,0.317861115908067,3.12057239032197
984.1,0.183474999489307,1.54167495253159,0.317861115907495,3.12057239031946
984.2,0.183474999490505,1.541674952628,0.317861115906926,3.12057239031695
984.3,0.1834749994917,1.54167495272422,0.317861115906357,3.12057239031445
984.4,0.183474999492892,1.54167495282025,0.317861115905789,3.12057239031195
984.5,0.183474999494081,1.54167495291608,0.317861115905223,3.12057239030946
984.6,0.183474999495268,1.54167495301171,0.317861115904658,3.12057239030698
984.7,0.183474999496451,1.54167495310715,0.317861115904094,3.1205723903045
984.8,0.183474999497632,1.5416749532024,0.317861115903532,3.12057239030202
984.9,0.183474999498811,1.54167495329745,0.317861115902971,3.12057239029955
985,0.183474999499986,1.54167495339231,0.317861115902412,3.12057239029709
985.1,0.183474999501158,1.54167495348698,0.317861115901854,3.12057239029464
985.2,0.183474999502328,1.54167495358146,0.317861115901297,3.12057239029219
985.3,0.183474999503496,1.54167495367574,0.317861115900741,3.12057239028974
985.4,0.18347499950466,1.54167495376983,0.317861115900187,3.1205723902873
985.5,0.183474999505822,1.54167495386374,0.317861115899634,3.12057239028487
985.6,0.183474999506981,1.54167495395745,0.317861115899082,3.12057239028244
985.7,0.183474999508137,1.54167495405097,0.317861115898532,3.12057239028002
985.8,0.18347499950929,1.5416749541443,0.317861115897983,3.12057239027761
985.9,0.183474999510441,1.54167495423744,0.317861115897435,3.1205723902752
986,0.18347499951159,1.54167495433039,0.317861115896888,3.12057239027279
986.1,0.183474999512735,1.54167495442315,0.317861115896343,3.12057239027039
986.2,0.183474999513878,1.54167495451573,0.317861115895799,3.120572390268
986.3,0.183474999515018,1.54167495460812,0.317861115895256,3.12057239026561
986.4,0.183474999516155,1.54167495470032,0.317861115894715,3.12057239026323
986.5,0.18347499951729,1.54167495479233,0.317861115894175,3.12057239026085
986.6,0.183474999518422,1.54167495488416,0.317861115893636,3.12057239025848
986.7,0.183474999519552,1.5416749549758,0.317861115893098,3.12057239025612
986.8,0.183474999520678,1.54167495506725,0.317861115892562,3.12057239025376
986.9,0.183474999521803,1.54167495515852,0.317861115892026,3.1205723902514
987,0.183474999522924,1.5416749552496,0.317861115891493,3.12057239024905
987.1,0.183474999524043,1.5416749553405,0.31786111589096,3.12057239024671
987.2,0.183474999525159,1.54167495543121,0.317861115890429,3.12057239024437
987.3,0.183474999526273,1.54167495552174,0.317861115889899,3.12057239024204
987.4,0.183474999527384,1.54167495561208,0.31786111588937,3.12057239023971
987.5,0.183474999528492,1.54167495570224,0.317861115888842,3.12057239023739
987.6,0.183474999529598,1.54167495579222,0.317861115888316,3.12057239023508
987.7,0.183474999530701,1.54167495588202,0.317861115887791,3.12057239023277
987.8,0.183474999531802,1.54167495597163,0.317861115887267,3.12057239023046
987.9,0.1834749995329,1.54167495606107,0.317861115886744,3.12057239022816
988,0.183474999533996,1.54167495615032,0.317861115886222,3.12057239022587
988.1,0.183474999535088,1.54167495623939,0.317861115885702,3.12057239022358
988.2,0.183474999536179,1.54167495632828,0.317861115885183,3.12057239022129
988.3,0.183474999537266,1.54167495641698,0.317861115884665,3.12057239021902
988.4,0.183474999538352,1.54167495650551,0.317861115884148,3.12057239021674
988.5,0.183474999539435,1.54167495659386,0.317861115883633,3.12057239021448
988.6,0.183474999540515,1.54167495668203,0.317861115883119,3.12057239021221
988.7,0.183474999541592,1.54167495677002,0.317861115882606,3.12057239020996
988.8,0.183474999542667,1.54167495685781,0.317861115882094,3.1205723902077
988.9,0.183474999543736,1.5416749569452,0.317861115881585,3.12057239020547
989,0.183474999544805,1.54167495703259,0.317861115881076,3.12057239020323
989.1,0.183474999545871,1.54167495711973,0.317861115880569,3.12057239020099
989.2,0.183474999546933,1.54167495720666,0.317861115880063,3.12057239019877
989.3,0.183474999547996,1.54167495729356,0.317861115879557,3.12057239019654
989.4,0.183474999549052,1.54167495738006,0.317861115879054,3.12057239019433
989.5,0.183474999550109,1.54167495746655,0.317861115878551,3.12057239019212
989.6,0.183474999551163,1.54167495755292,0.317861115878049,3.12057239018991
989.7,0.183474999552215,1.54167495763908,0.317861115877548,3.1205723901877
989.8,0.183474999553265,1.54167495772509,0.317861115877049,3.12057239018551
989.9,0.183474999554313,1.54167495781094,0.31786111587655,3.12057239018331
990,0.183474999555358,1.54167495789663,0.317861115876052,3.12057239018113
990.1,0.1834749995564,1.54167495798215,0.317861115875556,3.12057239017894
990.2,0.183474999557441,1.5416749580675,0.317861115875061,3.12057239017676
990.3,0.183474999558479,1.54167495815268,0.317861115874567,3.12057239017459
990.4,0.183474999559514,1.54167495823768,0.317861115874074,3.12057239017242
990.5,0.183474999560547,1.54167495832252,0.317861115873582,3.12057239017026
990.6,0.183474999561578,1.54167495840718,0.317861115873092,3.1205723901681
990.7,0.183474999562606,1.54167495849166,0.317861115872602,3.12057239016594
990.8,0.183474999563632,1.54167495857598,0.317861115872114,3.1205723901638
990.9,0.183474999564655,1.54167495866013,0.317861115871627,3.12057239016165
991,0.183474999565676,1.5416749587441,0.317861115871141,3.12057239015952
991.1,0.183474999566695,1.5416749588279,0.317861115870656,3.12057239015738
991.2,0.183474999567711,1.54167495891154,0.317861115870172,3.12057239015525
991.3,0.183474999568725,1.541674958995,0.31786111586969,3.12057239015313
991.4,0.183474999569737,1.5416749590783,0.317861115869209,3.12057239015101
991.5,0.183474999570746,1.54167495916142,0.317861115868728,3.1205723901489
991.6,0.183474999571752,1.54167495924438,0.317861115868248,3.12057239014679
991.7,0.183474999572757,1.54167495932716,0.317861115867771,3.12057239014469
991.8,0.183474999573759,1.54167495940979,0.317861115867294,3.12057239014259
991.9,0.183474999574758,1.54167495949224,0.317861115866817,3.1205723901405
992,0.183474999575756,1.54167495957452,0.317861115866343,3.12057239013841
992.1,0.183474999576751,1.54167495965664,0.317861115865869,3.12057239013633
992.2,0.183474999577743,1.54167495973859,0.317861115865397,3.12057239013425
992.3,0.183474999578733,1.54167495982038,0.317861115864926,3.12057239013217
992.4,0.183474999579721,1.54167495990199,0.317861115864455,3.1205723901301
992.5,0.183474999580707,1.54167495998345,0.317861115863986,3.12057239012804
992.6,0.18347499958169,1.54167496006473,0.317861115863518,3.12057239012598
992.7,0.183474999582671,1.54167496014586,0.317861115863051,3.12057239012393
992.8,0.18347499958365,1.54167496022681,0.317861115862585,3.12057239012187
992.9,0.183474999584627,1.54167496030761,0.31786111586212,3.12057239011983
993,0.183474999585601,1.54167496038824,0.317861115861656,3.12057239011779
993.1,0.183474999586573,1.5416749604687,0.317861115861194,3.12057239011575
993.2,0.183474999587542,1.54167496054901,0.317861115860732,3.12057239011372
993.3,0.183474999588509,1.54167496062915,0.317861115860272,3.1205723901117
993.4,0.183474999589474,1.54167496070912,0.317861115859812,3.12057239010968
993.5,0.183474999590437,1.54167496078894,0.317861115859354,3.12057239010766
993.6,0.183474999591398,1.54167496086859,0.317861115858897,3.12057239010565
993.7,0.183474999592356,1.54167496094808,0.317861115858441,3.12057239010364
993.8,0.183474999593312,1.54167496102741,0.317861115857985,3.12057239010164
993.9,0.183474999594266,1.54167496110658,0.317861115857531,3.12057239009964
994,0.183474999595218,1.54167496118559,0.317861115857078,3.12057239009765
994.1,0.183474999596167,1.54167496126443,0.317861115856626,3.12057239009566
994.2,0.183474999597114,1.54167496134312,0.317861115856176,3.12057239009367
994.3,0.183474999598059,1.54167496142165,0.317861115855726,3.1205723900917
994.4,0.183474999599001,1.54167496150001,0.317861115855277,3.12057239008972
994.5,0.183474999599942,1.54167496157822,0.317861115854829,3.12057239008775
994.6,0.183474999600878,1.54167496165613,0.317861115854384,3.12057239008579
994.7,0.183474999601812,1.54167496173389,0.317861115853939,3.12057239008384
994.8,0.183474999602746,1.54167496181162,0.317861115853495,3.12057239008188
994.9,0.183474999603675,1.54167496188896,0.317861115853053,3.12057239007994
995,0.183474999604603,1.54167496196631,0.317861115852611,3.12057239007799
995.1,0.183474999605528,1.54167496204344,0.31786111585217,3.12057239007606
995.2,0.183474999606451,1.54167496212039,0.317861115851731,3.12057239007412
995.3,0.183474999607374,1.54167496219733,0.317861115851292,3.12057239007219
995.4,0.183474999608294,1.54167496227406,0.317861115850853,3.12057239007026
995.5,0.183474999609212,1.54167496235066,0.317861115850417,3.12057239006834
995.6,0.183474999610128,1.54167496242711,0.31786111584998,3.12057239006642
995.7,0.183474999611042,1.54167496250342,0.317861115849546,3.1205723900645
995.8,0.183474999611954,1.5416749625796,0.317861115849111,3.1205723900626
995.9,0.183474999612865,1.54167496265561,0.317861115848678,3.12057239006069
996,0.183474999613772,1.54167496273147,0.317861115848246,3.12057239005879
996.1,0.183474999614678,1.54167496280718,0.317861115847814,3.12057239005689
996.2,0.183474999615582,1.54167496288274,0.317861115847384,3.120572390055
996.3,0.183474999616483,1.54167496295814,0.317861115846955,3.12057239005311
996.4,0.183474999617383,1.54167496303339,0.317861115846527,3.12057239005123
996.5,0.18347499961828,1.54167496310849,0.3178611158461,3.12057239004935
996.6,0.183474999619176,1.54167496318343,0.317861115845674,3.12057239004747
996.7,0.183474999620069,1.54167496325822,0.317861115845249,3.1205723900456
996.8,0.18347499962096,1.54167496333286,0.317861115844825,3.12057239004374
996.9,0.183474999621849,1.54167496340735,0.317861115844401,3.12057239004187
997,0.183474999622736,1.54167496348169,0.317861115843979,3.12057239004002
997.1,0.183474999623621,1.54167496355587,0.317861115843558,3.12057239003816
997.2,0.183474999624503,1.54167496362991,0.317861115843138,3.12057239003631
997.3,0.183474999625384,1.54167496370379,0.317861115842719,3.12057239003447
997.4,0.183474999626263,1.54167496377753,0.3178611158423,3.12057239003263
997.5,0.183474999627139,1.54167496385111,0.317861115841883,3.12057239003079
997.6,0.183474999628014,1.54167496392455,0.317861115841467,3.12057239002896
997.7,0.183474999628886,1.54167496399784,0.317861115841052,3.12057239002714
997.8,0.183474999629756,1.54167496407097,0.317861115840637,3.12057239002531
997.9,0.183474999630625,1.54167496414396,0.317861115840224,3.1205723900235
998,0.183474999631491,1.5416749642168,0.317861115839811,3.12057239002168
998.1,0.183474999632355,1.5416749642895,0.3178611158394,3.12057239001987
998.2,0.183474999633218,1.54167496436204,0.317861115838989,3.12057239001807
998.3,0.183474999634078,1.54167496443444,0.31786111583858,3.12057239001626
998.4,0.183474999634936,1.54167496450669,0.317861115838171,3.12057239001446
998.5,0.183474999635792,1.5416749645788,0.317861115837763,3.12057239001267
998.6,0.183474999636646,1.54167496465076,0.317861115837357,3.12057239001088
998.7,0.183474999637499,1.54167496472257,0.317861115836951,3.1205723900091
998.8,0.183474999638349,1.54167496479423,0.317861115836547,3.12057239000732
998.9,0.183474999639197,1.54167496486576,0.317861115836143,3.12057239000554
999,0.183474999640043,1.54167496493713,0.31786111583574,3.12057239000377
999.1,0.183474999640887,1.54167496500836,0.317861115835338,3.120572390002
999.2,0.183474999641729,1.54167496507945,0.317861115834937,3.12057239000024
999.3,0.18347499964257,1.54167496515039,0.317861115834537,3.12057238999848
999.4,0.183474999643408,1.54167496522119,0.317861115834138,3.12057238999672
999.5,0.183474999644244,1.54167496529184,0.31786111583374,3.12057238999497
999.6,0.183474999645079,1.54167496536235,0.317861115833343,3.12057238999322
999.7,0.183474999645911,1.54167496543272,0.317861115832947,3.12057238999148
999.8,0.183474999646741,1.54167496550294,0.317861115832551,3.12057238998974
999.9,0.18347499964757,1.54167496557302,0.317861115832157,3.12057238998801
1000,0.183474999648397,1.54167496564296,0.317861115831764,3.12057238998627
1000.1,0.183474999649221,1.54167496571276,0.317861115831371,3.12057238998455
1000.2,0.183474999650044,1.54167496578242,0.31786111583098,3.12057238998282
1000.3,0.183474999650864,1.54167496585191,0.317861115830589,3.12057238998111
1000.4,0.18347499965168,1.5416749659211,0.3178611158302,3.12057238997939
1000.5,0.183474999652497,1.54167496599028,0.317861115829812,3.12057238997769
1000.6,0.18347499965331,1.54167496605926,0.317861115829424,3.12057238997598
1000.7,0.183474999654121,1.54167496612808,0.317861115829038,3.12057238997428
1000.8,0.183474999654932,1.54167496619687,0.317861115828652,3.12057238997258
1000.9,0.183474999655739,1.54167496626534,0.317861115828268,3.1205723899709
1001,0.183474999656546,1.54167496633381,0.317861115827884,3.12057238996921
1001.1,0.183474999657351,1.54167496640218,0.3178611158275,3.12057238996752
1001.2,0.183474999658154,1.54167496647039,0.317861115827118,3.12057238996584
1001.3,0.183474999658955,1.54167496653848,0.317861115826737,3.12057238996416
1001.4,0.183474999659755,1.54167496660644,0.317861115826356,3.12057238996249
1001.5,0.183474999660553,1.54167496667428,0.317861115825976,3.12057238996081
1001.6,0.183474999661349,1.54167496674198,0.317861115825598,3.12057238995915
1001.7,0.183474999662143,1.54167496680954,0.31786111582522,3.12057238995748
1001.8,0.183474999662935,1.54167496687697,0.317861115824843,3.12057238995583
1001.9,0.183474999663726,1.54167496694427,0.317861115824466,3.12057238995417
1002,0.183474999664514,1.54167496701142,0.317861115824091,3.12057238995252
1002.1,0.183474999665301,1.54167496707844,0.317861115823717,3.12057238995087
1002.2,0.183474999666086,1.54167496714533,0.317861115823343,3.12057238994923
1002.3,0.183474999666869,1.54167496721207,0.31786111582297,3.12057238994759
1002.4,0.183474999667651,1.54167496727868,0.317861115822598,3.12057238994595
1002.5,0.18347499966843,1.54167496734516,0.317861115822227,3.12057238994432
1002.6,0.183474999669208,1.5416749674115,0.317861115821857,3.12057238994269
1002.7,0.183474999669983,1.54167496747771,0.317861115821488,3.12057238994107
1002.8,0.183474999670757,1.54167496754378,0.31786111582112,3.12057238993944
1002.9,0.18347499967153,1.54167496760972,0.317861115820752,3.12057238993783
1003,0.1834749996723,1.54167496767552,0.317861115820386,3.12057238993622
1003.1,0.183474999673069,1.54167496774119,0.31786111582002,3.12057238993461
1003.2,0.183474999673835,1.54167496780673,0.317861115819654,3.120572389933
1003.3,0.1834749996746,1.54167496787213,0.317861115819291,3.1205723899314
1003.4,0.183474999675363,1.54167496793741,0.317861115818927,3.1205723899298
1003.5,0.183474999676125,1.54167496800255,0.317861115818565,3.1205723899282
1003.6,0.183474999676884,1.54167496806755,0.317861115818203,3.12057238992661
1003.7,0.183474999677642,1.54167496813243,0.317861115817842,3.12057238992502
1003.8,0.183474999678398,1.54167496819717,0.317861115817482,3.12057238992344
1003.9,0.183474999679153,1.54167496826178,0.317861115817123,3.12057238992186
1004,0.183474999679905,1.54167496832626,0.317861115816765,3.12057238992029
1004.1,0.183474999680656,1.54167496839061,0.317861115816407,3.12057238991871
1004.2,0.183474999681405,1.54167496845483,0.317861115816051,3.12057238991714
1004.3,0.183474999682152,1.54167496851892,0.317861115815695,3.12057238991558
1004.4,0.183474999682897,1.54167496858288,0.31786111581534,3.12057238991402
1004.5,0.183474999683641,1.54167496864671,0.317861115814986,3.12057238991246
1004.6,0.183474999684383,1.54167496871041,0.317861115814633,3.12057238991091
1004.7,0.183474999685123,1.54167496877397,0.317861115814281,3.12057238990936
1004.8,0.183474999685861,1.54167496883741,0.317861115813929,3.12057238990781
1004.9,0.183474999686598,1.54167496890073,0.317861115813579,3.12057238990627
1005,0.183474999687333,1.54167496896391,0.317861115813229,3.12057238990473
1005.1,0.183474999688067,1.54167496902696,0.31786111581288,3.12057238990319
1005.2,0.183474999688798,1.54167496908989,0.317861115812531,3.12057238990166
1005.3,0.183474999689528,1.54167496915269,0.317861115812184,3.12057238990013
1005.4,0.183474999690256,1.54167496921536,0.317861115811837,3.1205723898986
1005.5,0.183474999690983,1.54167496927791,0.317861115811491,3.12057238989708
1005.6,0.183474999691707,1.54167496934032,0.317861115811146,3.12057238989557
1005.7,0.18347499969243,1.54167496940262,0.317861115810802,3.12057238989405
1005.8,0.183474999693152,1.54167496946478,0.317861115810459,3.12057238989254
1005.9,0.183474999693871,1.54167496952682,0.317861115810116,3.12057238989103
1006,0.18347499969459,1.54167496958873,0.317861115809774,3.12057238988953
1006.1,0.183474999695304,1.5416749696504,0.317861115809434,3.12057238988803
1006.2,0.183474999696017,1.54167496971196,0.317861115809095,3.12057238988654
1006.3,0.18347499969673,1.54167496977349,0.317861115808755,3.12057238988505
1006.4,0.183474999697439,1.54167496983472,0.317861115808418,3.12057238988356
1006.5,0.183474999698148,1.54167496989595,0.31786111580808,3.12057238988208
1006.6,0.183474999698854,1.541674969957,0.317861115807744,3.1205723898806
1006.7,0.183474999699559,1.54167497001792,0.317861115807409,3.12057238987912
1006.8,0.183474999700263,1.54167497007883,0.317861115807074,3.12057238987765
1006.9,0.183474999700966,1.54167497013957,0.317861115806739,3.12057238987618
1007,0.183474999701666,1.5416749702002,0.317861115806406,3.12057238987471
1007.1,0.183474999702366,1.54167497026073,0.317861115806073,3.12057238987325
1007.2,0.183474999703064,1.54167497032113,0.317861115805741,3.12057238987178
1007.3,0.18347499970376,1.54167497038143,0.317861115805409,3.12057238987033
1007.4,0.183474999704455,1.54167497044161,0.317861115805079,3.12057238986887
1007.5,0.183474999705148,1.54167497050166,0.317861115804749,3.12057238986742
1007.6,0.183474999705839,1.54167497056159,0.31786111580442,3.12057238986597
1007.7,0.183474999706529,1.5416749706214,0.317861115804091,3.12057238986453
1007.8,0.183474999707217,1.54167497068109,0.317861115803764,3.12057238986309
1007.9,0.183474999707904,1.54167497074066,0.317861115803437,3.12057238986165
1008,0.183474999708589,1.54167497080011,0.317861115803111,3.12057238986021
1008.1,0.183474999709272,1.54167497085943,0.317861115802785,3.12057238985878
1008.2,0.183474999709954,1.54167497091864,0.317861115802461,3.12057238985735
1008.3,0.183474999710634,1.54167497097773,0.317861115802137,3.12057238985593
1008.4,0.183474999711313,1.54167497103669,0.317861115801814,3.12057238985451
1008.5,0.18347499971199,1.54167497109554,0.317861115801492,3.12057238985309
1008.6,0.183474999712666,1.54167497115427,0.31786111580117,3.12057238985167
1008.7,0.18347499971334,1.54167497121287,0.317861115800849,3.12057238985026
1008.8,0.183474999714012,1.54167497127136,0.317861115800529,3.12057238984886
1008.9,0.183474999714683,1.54167497132973,0.31786111580021,3.12057238984745
1009,0.183474999715352,1.54167497138798,0.317861115799891,3.12057238984605
1009.1,0.183474999716019,1.54167497144611,0.317861115799574,3.12057238984465
1009.2,0.183474999716685,1.54167497150413,0.317861115799256,3.12057238984326
1009.3,0.18347499971735,1.54167497156202,0.31786111579894,3.12057238984187
1009.4,0.183474999718013,1.5416749716198,0.317861115798625,3.12057238984048
1009.5,0.183474999718674,1.54167497167747,0.31786111579831,3.12057238983909
1009.6,0.183474999719334,1.54167497173501,0.317861115797996,3.12057238983771
1009.7,0.183474999719992,1.54167497179244,0.317861115797682,3.12057238983633
1009.8,0.183474999720649,1.54167497184975,0.31786111579737,3.12057238983495
1009.9,0.183474999721304,1.54167497190694,0.317861115797058,3.12057238983358
1010,0.183474999721958,1.54167497196402,0.317861115796746,3.12057238983221
1010.1,0.18347499972261,1.54167497202099,0.317861115796436,3.12057238983085
1010.2,0.18347499972326,1.54167497207783,0.317861115796126,3.12057238982948
1010.3,0.183474999723909,1.54167497213457,0.317861115795818,3.12057238982813
1010.4,0.183474999724557,1.54167497219118,0.31786111579551,3.12057238982677
1010.5,0.183474999725203,1.54167497224768,0.317861115795202,3.12057238982542
1010.6,0.183474999725847,1.54167497230407,0.317861115794895,3.12057238982407
1010.7,0.18347499972649,1.54167497236034,0.317861115794589,3.12057238982272
1010.8,0.183474999727132,1.5416749724165,0.317861115794284,3.12057238982138
1010.9,0.183474999727772,1.54167497247254,0.317861115793979,3.12057238982004
1011,0.18347499972841,1.54167497252848,0.317861115793675,3.1205723898187
1011.1,0.183474999729047,1.54167497258429,0.317861115793372,3.12057238981737
1011.2,0.183474999729683,1.54167497264,0.317861115793069,3.12057238981604
1011.3,0.183474999730316,1.54167497269558,0.317861115792768,3.12057238981471
1011.4,0.183474999730949,1.54167497275106,0.317861115792467,3.12057238981338
1011.5,0.18347499973158,1.54167497280643,0.317861115792166,3.12057238981206
1011.6,0.183474999732209,1.54167497286168,0.317861115791866,3.12057238981075
1011.7,0.183474999732837,1.54167497291682,0.317861115791568,3.12057238980943
1011.8,0.183474999733463,1.54167497297183,0.317861115791269,3.12057238980812
1011.9,0.183474999734087,1.5416749730266,0.317861115790973,3.12057238980681
1012,0.18347499973471,1.54167497308136,0.317861115790676,3.12057238980551
1012.1,0.183474999735331,1.54167497313597,0.317861115790381,3.12057238980421
1012.2,0.18347499973595,1.54167497319045,0.317861115790086,3.12057238980291
1012.3,0.183474999736569,1.54167497324491,0.317861115789791,3.12057238980161
1012.4,0.183474999737185,1.54167497329911,0.317861115789497,3.12057238980032
1012.5,0.183474999737801,1.54167497335331,0.317861115789205,3.12057238979903
1012.6,0.183474999738416,1.54167497340743,0.317861115788912,3.12057238979774
1012.7,0.183474999739029,1.54167497346142,0.31786111578862,3.12057238979646
1012.8,0.183474999739641,1.54167497351533,0.317861115788329,3.12057238979518
1012.9,0.183474999740251,1.54167497356913,0.317861115788038,3.1205723897939
1013,0.18347499974086,1.54167497362282,0.317861115787748,3.12057238979262
1013.1,0.183474999741468,1.54167497367642,0.317861115787458,3.12057238979135
1013.2,0.183474999742074,1.5416749737299,0.31786111578717,3.12057238979008
1013.3,0.183474999742679,1.54167497378328,0.317861115786882,3.12057238978882
1013.4,0.183474999743282,1.54167497383655,0.317861115786595,3.12057238978755
1013.5,0.183474999743885,1.54167497388971,0.317861115786308,3.12057238978629
1013.6,0.183474999744485,1.54167497394276,0.317861115786022,3.12057238978503
1013.7,0.183474999745085,1.54167497399571,0.317861115785737,3.12057238978378
1013.8,0.183474999745682,1.54167497404854,0.317861115785453,3.12057238978253
1013.9,0.183474999746279,1.54167497410127,0.317861115785169,3.12057238978128
1014,0.183474999746874,1.5416749741539,0.317861115784885,3.12057238978003
1014.1,0.183474999747468,1.54167497420641,0.317861115784603,3.12057238977879
1014.2,0.18347499974806,1.54167497425882,0.317861115784321,3.12057238977755
1014.3,0.18347499974865,1.54167497431112,0.31786111578404,3.12057238977631
1014.4,0.18347499974924,1.54167497436332,0.317861115783759,3.12057238977507
1014.5,0.183474999749828,1.54167497441541,0.317861115783479,3.12057238977384
1014.6,0.183474999750415,1.54167497446739,0.317861115783199,3.12057238977261
1014.7,0.183474999751,1.54167497451927,0.317861115782921,3.12057238977139
1014.8,0.183474999751584,1.54167497457105,0.317861115782643,3.12057238977017
1014.9,0.183474999752167,1.54167497462272,0.317861115782365,3.12057238976895
1015,0.183474999752748,1.54167497467428,0.317861115782089,3.12057238976773
1015.1,0.183474999753327,1.54167497472574,0.317861115781813,3.12057238976651
1015.2,0.183474999753906,1.54167497477709,0.317861115781538,3.1205723897653
1015.3,0.183474999754483,1.54167497482834,0.317861115781263,3.12057238976409
1015.4,0.183474999755059,1.54167497487949,0.317861115780989,3.12057238976289
1015.5,0.183474999755633,1.54167497493053,0.317861115780716,3.12057238976168
1015.6,0.183474999756206,1.54167497498147,0.317861115780443,3.12057238976049
1015.7,0.183474999756778,1.54167497503231,0.317861115780171,3.12057238975929
1015.8,0.183474999757348,1.54167497508304,0.317861115779899,3.12057238975809
1015.9,0.183474999757918,1.54167497513367,0.317861115779628,3.1205723897569
1016,0.183474999758485,1.5416749751842,0.317861115779358,3.12057238975571
1016.1,0.183474999759052,1.54167497523462,0.317861115779089,3.12057238975453
1016.2,0.183474999759617,1.54167497528494,0.317861115778819,3.12057238975334
1016.3,0.183474999760181,1.54167497533516,0.317861115778551,3.12057238975216
1016.4,0.183474999760743,1.54167497538528,0.317861115778283,3.12057238975098
1016.5,0.183474999761304,1.5416749754353,0.317861115778016,3.12057238974981
1016.6,0.183474999761864,1.54167497548521,0.31786111577775,3.12057238974864
1016.7,0.183474999762423,1.54167497553502,0.317861115777484,3.12057238974747
1016.8,0.18347499976298,1.54167497558473,0.317861115777219,3.1205723897463
1016.9,0.183474999763535,1.54167497563434,0.317861115776954,3.12057238974514
1017,0.18347499976409,1.54167497568385,0.31786111577669,3.12057238974398
1017.1,0.183474999764643,1.54167497573326,0.317861115776427,3.12057238974282
1017.2,0.183474999765195,1.54167497578257,0.317861115776164,3.12057238974166
1017.3,0.183474999765746,1.54167497583178,0.317861115775902,3.12057238974051
1017.4,0.183474999766295,1.54167497588089,0.317861115775641,3.12057238973936
1017.5,0.183474999766843,1.5416749759299,0.31786111577538,3.12057238973821
1017.6,0.18347499976739,1.54167497597881,0.317861115775119,3.12057238973706
1017.7,0.183474999767935,1.54167497602762,0.31786111577486,3.12057238973592
1017.8,0.183474999768479,1.54167497607631,0.317861115774601,3.12057238973478
1017.9,0.183474999769021,1.54167497612479,0.317861115774343,3.12057238973365
1018,0.183474999769562,1.54167497617327,0.317861115774086,3.12057238973251
1018.1,0.183474999770101,1.54167497622161,0.317861115773829,3.12057238973139
1018.2,0.183474999770639,1.54167497626983,0.317861115773573,3.12057238973026
1018.3,0.183474999771177,1.54167497631804,0.317861115773317,3.12057238972913
1018.4,0.183474999771712,1.54167497636601,0.317861115773062,3.12057238972801
1018.5,0.183474999772247,1.54167497641399,0.317861115772807,3.12057238972689
1018.6,0.183474999772781,1.5416749764619,0.317861115772553,3.12057238972578
1018.7,0.183474999773313,1.5416749765097,0.3178611157723,3.12057238972466
1018.8,0.183474999773844,1.54167497655741,0.317861115772047,3.12057238972355
1018.9,0.183474999774375,1.54167497660503,0.317861115771795,3.12057238972244
1019,0.183474999774904,1.54167497665257,0.317861115771543,3.12057238972133
1019.1,0.183474999775431,1.54167497670001,0.317861115771292,3.12057238972022
1019.2,0.183474999775958,1.54167497674735,0.317861115771041,3.12057238971912
1019.3,0.183474999776483,1.5416749767946,0.317861115770791,3.12057238971802
1019.4,0.183474999777008,1.54167497684175,0.317861115770541,3.12057238971692
1019.5,0.183474999777531,1.54167497688881,0.317861115770293,3.12057238971583
1019.6,0.183474999778052,1.54167497693577,0.317861115770044,3.12057238971473
1019.7,0.183474999778573,1.54167497698264,0.317861115769796,3.12057238971364
1019.8,0.183474999779092,1.54167497702941,0.317861115769549,3.12057238971256
1019.9,0.18347499977961,1.54167497707609,0.317861115769303,3.12057238971147
1020,0.183474999780127,1.54167497712267,0.317861115769056,3.12057238971039
1020.1,0.183474999780643,1.54167497716916,0.317861115768811,3.12057238970931
1020.2,0.183474999781158,1.54167497721555,0.317861115768566,3.12057238970823
1020.3,0.183474999781671,1.54167497726185,0.317861115768321,3.12057238970716
1020.4,0.183474999782183,1.54167497730805,0.317861115768077,3.12057238970608
1020.5,0.183474999782694,1.54167497735417,0.317861115767834,3.12057238970501
1020.6,0.183474999783203,1.54167497740018,0.317861115767592,3.12057238970394
1020.7,0.183474999783712,1.54167497744611,0.31786111576735,3.12057238970288
1020.8,0.183474999784219,1.54167497749194,0.317861115767108,3.12057238970182
1020.9,0.183474999784725,1.54167497753767,0.317861115766867,3.12057238970076
1021,0.18347499978523,1.54167497758332,0.317861115766627,3.1205723896997
1021.1,0.183474999785734,1.54167497762887,0.317861115766387,3.12057238969865
1021.2,0.183474999786236,1.54167497767433,0.317861115766148,3.1205723896976
1021.3,0.183474999786737,1.54167497771969,0.317861115765909,3.12057238969654
1021.4,0.183474999787238,1.54167497776497,0.317861115765671,3.1205723896955
1021.5,0.183474999787737,1.54167497781015,0.317861115765434,3.12057238969445
1021.6,0.183474999788235,1.54167497785524,0.317861115765197,3.12057238969341
1021.7,0.183474999788731,1.54167497790024,0.31786111576496,3.12057238969237
1021.8,0.183474999789226,1.54167497794515,0.317861115764724,3.12057238969133
1021.9,0.183474999789721,1.54167497798996,0.317861115764489,3.12057238969029
1022,0.183474999790214,1.54167497803469,0.317861115764254,3.12057238968926
1022.1,0.183474999790706,1.54167497807932,0.31786111576402,3.12057238968823
1022.2,0.183474999791197,1.54167497812387,0.317861115763786,3.1205723896872
1022.3,0.183474999791687,1.54167497816832,0.317861115763553,3.12057238968618
1022.4,0.183474999792175,1.54167497821268,0.317861115763321,3.12057238968515
1022.5,0.183474999792663,1.54167497825696,0.317861115763088,3.12057238968413
1022.6,0.183474999793149,1.54167497830114,0.317861115762856,3.12057238968312
1022.7,0.183474999793634,1.54167497834524,0.317861115762626,3.1205723896821
1022.8,0.183474999794118,1.54167497838924,0.317861115762395,3.12057238968108
1022.9,0.183474999794601,1.54167497843315,0.317861115762165,3.12057238968007
1023,0.183474999795083,1.54167497847698,0.317861115761936,3.12057238967906
1023.1,0.183474999795563,1.54167497852072,0.317861115761707,3.12057238967806
1023.2,0.183474999796043,1.54167497856437,0.317861115761479,3.12057238967705
1023.3,0.183474999796521,1.54167497860792,0.317861115761251,3.12057238967605
1023.4,0.183474999796998,1.54167497865139,0.317861115761024,3.12057238967505
1023.5,0.183474999797474,1.54167497869478,0.317861115760797,3.12057238967405
1023.6,0.183474999797949,1.54167497873807,0.317861115760571,3.12057238967306
1023.7,0.183474999798423,1.54167497878128,0.317861115760346,3.12057238967207
1023.8,0.183474999798895,1.54167497882438,0.317861115760121,3.12057238967108
1023.9,0.183474999799366,1.5416749788673,0.317861115759897,3.12057238967009
1024,0.183474999799836,1.54167497891021,0.317861115759673,3.12057238966911
1024.1,0.183474999800304,1.54167497895299,0.31786111575945,3.12057238966813
1024.2,0.183474999800772,1.54167497899568,0.317861115759228,3.12057238966715
1024.3,0.183474999801239,1.54167497903835,0.317861115759005,3.12057238966617
1024.4,0.183474999801704,1.54167497908082,0.317861115758785,3.1205723896652
1024.5,0.183474999802168,1.54167497912329,0.317861115758563,3.12057238966422
1024.6,0.183474999802631,1.54167497916564,0.317861115758343,3.12057238966326
1024.7,0.183474999803093,1.54167497920789,0.317861115758123,3.12057238966229
1024.8,0.183474999803555,1.54167497925014,0.317861115757903,3.12057238966132
1024.9,0.183474999804015,1.54167497929227,0.317861115757684,3.12057238966036
1025,0.183474999804474,1.54167497933433,0.317861115757465,3.12057238965939
1025.1,0.183474999804933,1.54167497937631,0.317861115757247,3.12057238965844
1025.2,0.18347499980539,1.54167497941821,0.31786111575703,3.12057238965748
1025.3,0.183474999805846,1.54167497946004,0.317861115756812,3.12057238965652
1025.4,0.183474999806302,1.54167497950177,0.317861115756596,3.12057238965557
1025.5,0.183474999806756,1.54167497954343,0.31786111575638,3.12057238965462
1025.6,0.183474999807209,1.541674979585,0.317861115756164,3.12057238965367
1025.7,0.183474999807661,1.54167497962649,0.317861115755949,3.12057238965272
1025.8,0.183474999808112,1.54167497966789,0.317861115755734,3.12057238965178
1025.9,0.183474999808562,1.54167497970921,0.31786111575552,3.12057238965084
1026,0.183474999809011,1.54167497975044,0.317861115755307,3.1205723896499
1026.1,0.183474999809459,1.54167497979159,0.317861115755093,3.12057238964896
1026.2,0.183474999809906,1.54167497983266,0.317861115754881,3.12057238964802
1026.3,0.183474999810352,1.54167497987364,0.317861115754669,3.12057238964709
1026.4,0.183474999810797,1.54167497991454,0.317861115754456,3.12057238964616
1026.5,0.18347499981124,1.54167497995536,0.317861115754245,3.12057238964523
1026.6,0.183474999811683,1.54167497999609,0.317861115754035,3.1205723896443
1026.7,0.183474999812125,1.54167498003674,0.317861115753825,3.12057238964338
1026.8,0.183474999812565,1.54167498007731,0.317861115753615,3.12057238964245
1026.9,0.183474999813005,1.5416749801178,0.317861115753405,3.12057238964153
1027,0.183474999813443,1.5416749801582,0.317861115753197,3.12057238964061
1027.1,0.183474999813881,1.54167498019852,0.317861115752988,3.1205723896397
1027.2,0.183474999814318,1.54167498023876,0.317861115752781,3.12057238963878
1027.3,0.183474999814753,1.54167498027892,0.317861115752573,3.12057238963787
1027.4,0.183474999815187,1.541674980319,0.317861115752366,3.12057238963696
1027.5,0.183474999815621,1.54167498035899,0.31786111575216,3.12057238963606
1027.6,0.183474999816053,1.54167498039891,0.317861115751955,3.12057238963515
1027.7,0.183474999816485,1.54167498043874,0.317861115751749,3.12057238963425
1027.8,0.183474999816915,1.54167498047849,0.317861115751544,3.12057238963334
1027.9,0.183474999817344,1.54167498051816,0.31786111575134,3.12057238963245
1028,0.183474999817772,1.54167498055775,0.317861115751136,3.12057238963155
1028.1,0.1834749998182,1.54167498059726,0.317861115750933,3.12057238963065
1028.2,0.183474999818626,1.54167498063669,0.31786111575073,3.12057238962976
1028.3,0.183474999819051,1.54167498067604,0.317861115750528,3.12057238962887
1028.4,0.183474999819476,1.54167498071531,0.317861115750326,3.12057238962798
1028.5,0.183474999819899,1.5416749807545,0.317861115750124,3.12057238962709
1028.6,0.183474999820322,1.54167498079361,0.317861115749923,3.12057238962621
1028.7,0.183474999820743,1.54167498083265,0.317861115749722,3.12057238962532
1028.8,0.183474999821163,1.5416749808716,0.317861115749522,3.12057238962445
1028.9,0.183474999821583,1.54167498091047,0.317861115749322,3.12057238962357
1029,0.183474999822001,1.54167498094926,0.317861115749123,3.12057238962269
1029.1,0.183474999822419,1.54167498098798,0.317861115748924,3.12057238962182
1029.2,0.183474999822835,1.54167498102662,0.317861115748726,3.12057238962094
1029.3,0.18347499982325,1.54167498106517,0.317861115748528,3.12057238962008
1029.4,0.183474999823665,1.54167498110365,0.317861115748331,3.12057238961921
1029.5,0.183474999824079,1.54167498114205,0.317861115748134,3.12057238961834
1029.6,0.183474999824491,1.54167498118038,0.317861115747938,3.12057238961748
1029.7,0.183474999824903,1.54167498121862,0.317861115747742,3.12057238961662
1029.8,0.183474999825313,1.54167498125679,0.317861115747547,3.12057238961576
1029.9,0.183474999825723,1.54167498129488,0.317861115747352,3.1205723896149
1030,0.183474999826132,1.54167498133289,0.317861115747157,3.12057238961405
1030.1,0.18347499982654,1.54167498137083,0.317861115746963,3.12057238961319
1030.2,0.183474999826946,1.54167498140869,0.31786111574677,3.12057238961234
1030.3,0.183474999827352,1.54167498144646,0.317861115746576,3.12057238961149
1030.4,0.183474999827756,1.54167498148406,0.317861115746384,3.12057238961064
1030.5,0.183474999828159,1.54167498152166,0.317861115746192,3.12057238960979
1030.6,0.183474999828562,1.54167498155915,0.317861115746001,3.12057238960896
1030.7,0.183474999828963,1.54167498159656,0.31786111574581,3.12057238960811
1030.8,0.183474999829364,1.54167498163395,0.317861115745619,3.12057238960728
1030.9,0.183474999829763,1.54167498167116,0.317861115745429,3.12057238960644
1031,0.183474999830161,1.54167498170837,0.317861115745239,3.1205723896056
1031.1,0.183474999830559,1.54167498174548,0.31786111574505,3.12057238960477
1031.2,0.183474999830955,1.5416749817825,0.317861115744861,3.12057238960394
1031.3,0.183474999831352,1.54167498181952,0.317861115744673,3.12057238960311
1031.4,0.183474999831746,1.54167498185635,0.317861115744485,3.12057238960229
1031.5,0.18347499983214,1.54167498189319,0.317861115744297,3.12057238960146
1031.6,0.183474999832533,1.54167498192992,0.317861115744111,3.12057238960064
1031.7,0.183474999832925,1.54167498196657,0.317861115743924,3.12057238959982
1031.8,0.183474999833316,1.54167498200321,0.317861115743737,3.12057238959899
1031.9,0.183474999833706,1.54167498203968,0.317861115743552,3.12057238959818
1032,0.183474999834095,1.54167498207614,0.317861115743366,3.12057238959736
1032.1,0.183474999834484,1.5416749821125,0.317861115743181,3.12057238959655
1032.2,0.183474999834871,1.54167498214878,0.317861115742997,3.12057238959574
1032.3,0.183474999835258,1.54167498218505,0.317861115742813,3.12057238959493
1032.4,0.183474999835643,1.54167498222115,0.31786111574263,3.12057238959412
1032.5,0.183474999836028,1.54167498225725,0.317861115742446,3.12057238959331
1032.6,0.183474999836412,1.54167498229324,0.317861115742264,3.12057238959251
1032.7,0.183474999836795,1.54167498232916,0.317861115742081,3.12057238959171
1032.8,0.183474999837178,1.54167498236506,0.317861115741899,3.12057238959091
1032.9,0.183474999837558,1.54167498240079,0.317861115741718,3.12057238959011
1033,0.183474999837939,1.54167498243652,0.317861115741537,3.12057238958931
1033.1,0.183474999838318,1.54167498247215,0.317861115741356,3.12057238958852
1033.2,0.183474999838696,1.5416749825077,0.317861115741176,3.12057238958773
1033.3,0.183474999839075,1.54167498254324,0.317861115740996,3.12057238958693
1033.4,0.18347499983945,1.54167498257862,0.317861115740817,3.12057238958615
1033.5,0.183474999839827,1.54167498261399,0.317861115740638,3.12057238958536
1033.6,0.183474999840201,1.54167498264926,0.31786111574046,3.12057238958457
1033.7,0.183474999840576,1.54167498268445,0.317861115740281,3.12057238958379
1033.8,0.183474999840949,1.54167498271963,0.317861115740104,3.12057238958301
1033.9,0.183474999841321,1.54167498275464,0.317861115739926,3.12057238958223
1034,0.183474999841693,1.54167498278966,0.31786111573975,3.12057238958145
1034.1,0.183474999842063,1.54167498282457,0.317861115739573,3.12057238958068
1034.2,0.183474999842433,1.54167498285941,0.317861115739397,3.1205723895799
1034.3,0.183474999842802,1.54167498289424,0.317861115739222,3.12057238957913
1034.4,0.18347499984317,1.5416749829289,0.317861115739047,3.12057238957836
1034.5,0.183474999843537,1.54167498296356,0.317861115738872,3.12057238957759
1034.6,0.183474999843903,1.54167498299812,0.317861115738697,3.12057238957683
1034.7,0.183474999844268,1.54167498303261,0.317861115738524,3.12057238957606
1034.8,0.183474999844634,1.54167498306708,0.31786111573835,3.12057238957529
1034.9,0.183474999844997,1.54167498310139,0.317861115738177,3.12057238957453
1035,0.18347499984536,1.5416749831357,0.317861115738004,3.12057238957377
1035.1,0.183474999845722,1.54167498316991,0.317861115737832,3.12057238957302
1035.2,0.183474999846083,1.54167498320405,0.31786111573766,3.12057238957226
1035.3,0.183474999846444,1.54167498323818,0.317861115737488,3.1205723895715
1035.4,0.183474999846803,1.54167498327214,0.317861115737318,3.12057238957075
1035.5,0.183474999847161,1.5416749833061,0.317861115737147,3.12057238957
1035.6,0.183474999847519,1.54167498333997,0.317861115736976,3.12057238956925
1035.7,0.183474999847876,1.54167498337376,0.317861115736807,3.1205723895685
1035.8,0.183474999848232,1.54167498340754,0.317861115736637,3.12057238956776
1035.9,0.183474999848587,1.54167498344116,0.317861115736468,3.12057238956702
1036,0.183474999848942,1.54167498347478,0.317861115736299,3.12057238956627
1036.1,0.183474999849295,1.54167498350831,0.317861115736131,3.12057238956553
1036.2,0.183474999849648,1.54167498354176,0.317861115735963,3.12057238956479
1036.3,0.18347499985,1.5416749835752,0.317861115735795,3.12057238956405
1036.4,0.183474999850351,1.54167498360848,0.317861115735628,3.12057238956332
1036.5,0.183474999850702,1.54167498364176,0.317861115735462,3.12057238956259
1036.6,0.183474999851051,1.54167498367495,0.317861115735295,3.12057238956186
1036.7,0.1834749998514,1.54167498370806,0.31786111573513,3.12057238956113
1036.8,0.183474999851748,1.54167498374116,0.317861115734964,3.1205723895604
1036.9,0.183474999852094,1.54167498377411,0.317861115734799,3.12057238955967
1037,0.183474999852441,1.54167498380705,0.317861115734634,3.12057238955895
1037.1,0.183474999852786,1.5416749838399,0.31786111573447,3.12057238955822
1037.2,0.183474999853131,1.54167498387268,0.317861115734305,3.1205723895575
1037.3,0.183474999853475,1.54167498390545,0.317861115734142,3.12057238955678
1037.4,0.183474999853818,1.54167498393806,0.317861115733979,3.12057238955606
1037.5,0.18347499985416,1.54167498397068,0.317861115733816,3.12057238955535
1037.6,0.183474999854501,1.5416749840032,0.317861115733653,3.12057238955463
1037.7,0.183474999854842,1.54167498403564,0.317861115733491,3.12057238955392
1037.8,0.183474999855182,1.54167498406808,0.317861115733329,3.1205723895532
1037.9,0.183474999855521,1.54167498410037,0.317861115733168,3.1205723895525
1038,0.183474999855859,1.54167498413265,0.317861115733007,3.12057238955178
1038.1,0.183474999856197,1.54167498416484,0.317861115732846,3.12057238955108
1038.2,0.183474999856533,1.54167498419696,0.317861115732686,3.12057238955037
1038.3,0.183474999856869,1.54167498422907,0.317861115732525,3.12057238954967
1038.4,0.183474999857204,1.54167498426103,0.317861115732366,3.12057238954897
1038.5,0.183474999857538,1.54167498429299,0.317861115732207,3.12057238954827
1038.6,0.183474999857872,1.54167498432485,0.317861115732049,3.12057238954757
1038.7,0.183474999858204,1.54167498435665,0.31786111573189,3.12057238954687
1038.8,0.183474999858537,1.54167498438843,0.317861115731732,3.12057238954618
1038.9,0.183474999858867,1.54167498442007,0.317861115731575,3.12057238954549
1039,0.183474999859198,1.5416749844517,0.317861115731417,3.12057238954479
1039.1,0.183474999859528,1.54167498448324,0.31786111573126,3.12057238954411
1039.2,0.183474999859856,1.54167498451472,0.317861115731104,3.12057238954342
1039.3,0.183474999860185,1.54167498454618,0.317861115730948,3.12057238954273
1039.4,0.183474999860511,1.5416749845775,0.317861115730792,3.12057238954204
1039.5,0.183474999860838,1.54167498460881,0.317861115730637,3.12057238954136
1039.6,0.183474999861164,1.54167498464004,0.317861115730482,3.12057238954068
1039.7,0.183474999861489,1.5416749846712,0.317861115730327,3.12057238954
1039.8,0.183474999861814,1.54167498470234,0.317861115730173,3.12057238953932
1039.9,0.183474999862137,1.54167498473334,0.317861115730019,3.12057238953864
1040,0.18347499986246,1.54167498476434,0.317861115729865,3.12057238953796
1040.1,0.183474999862781,1.54167498479525,0.317861115729712,3.12057238953729
1040.2,0.183474999863103,1.54167498482609,0.317861115729559,3.12057238953662
1040.3,0.183474999863423,1.54167498485692,0.317861115729406,3.12057238953595
1040.4,0.183474999863743,1.54167498488761,0.317861115729254,3.12057238953528
1040.5,0.183474999864062,1.5416749849183,0.317861115729102,3.12057238953461
1040.6,0.18347499986438,1.54167498494889,0.317861115728951,3.12057238953394
1040.7,0.183474999864698,1.54167498497942,0.317861115728799,3.12057238953328
1040.8,0.183474999865015,1.54167498500995,0.317861115728648,3.12057238953261
1040.9,0.18347499986533,1.54167498504032,0.317861115728498,3.12057238953195
1041,0.183474999865646,1.5416749850707,0.317861115728348,3.12057238953129
1041.1,0.18347499986596,1.54167498510099,0.317861115728198,3.12057238953063
1041.2,0.183474999866274,1.54167498513121,0.317861115728049,3.12057238952997
1041.3,0.183474999866587,1.54167498516142,0.3178611157279,3.12057238952932
1041.4,0.183474999866899,1.54167498519149,0.317861115727752,3.12057238952867
1041.5,0.183474999867211,1.54167498522156,0.317861115727603,3.12057238952801
1041.6,0.183474999867522,1.54167498525154,0.317861115727455,3.12057238952736
1041.7,0.183474999867832,1.54167498528146,0.317861115727308,3.12057238952671
1041.8,0.183474999868142,1.54167498531137,0.31786111572716,3.12057238952606
1041.9,0.18347499986845,1.54167498534113,0.317861115727014,3.12057238952542
1042,0.183474999868758,1.5416749853709,0.317861115726867,3.12057238952477
1042.1,0.183474999869065,1.54167498540058,0.317861115726721,3.12057238952413
1042.2,0.183474999869372,1.54167498543019,0.317861115726575,3.12057238952349
1042.3,0.183474999869678,1.5416749854598,0.317861115726429,3.12057238952285
1042.4,0.183474999869983,1.54167498548926,0.317861115726284,3.12057238952221
1042.5,0.183474999870287,1.54167498551873,0.317861115726139,3.12057238952157
1042.6,0.183474999870591,1.54167498554811,0.317861115725994,3.12057238952094
1042.7,0.183474999870894,1.54167498557742,0.31786111572585,3.1205723895203
1042.8,0.183474999871196,1.54167498560673,0.317861115725706,3.12057238951967
1042.9,0.183474999871497,1.5416749856359,0.317861115725563,3.12057238951904
1043,0.183474999871798,1.54167498566506,0.317861115725419,3.12057238951841
1043.1,0.183474999872098,1.54167498569415,0.317861115725277,3.12057238951778
1043.2,0.183474999872398,1.54167498572317,0.317861115725134,3.12057238951715
1043.3,0.183474999872697,1.54167498575218,0.317861115724992,3.12057238951652
1043.4,0.183474999872994,1.54167498578105,0.31786111572485,3.1205723895159
1043.5,0.183474999873292,1.54167498580992,0.317861115724708,3.12057238951528
1043.6,0.183474999873589,1.54167498583871,0.317861115724567,3.12057238951466
1043.7,0.183474999873884,1.54167498586744,0.317861115724427,3.12057238951404
1043.8,0.18347499987418,1.54167498589616,0.317861115724285,3.12057238951342
1043.9,0.183474999874474,1.54167498592474,0.317861115724145,3.1205723895128
1044,0.183474999874768,1.54167498595332,0.317861115724005,3.12057238951219
1044.1,0.183474999875062,1.54167498598182,0.317861115723866,3.12057238951157
1044.2,0.183474999875354,1.54167498601025,0.317861115723727,3.12057238951096
1044.3,0.183474999875646,1.54167498603868,0.317861115723588,3.12057238951035
1044.4,0.183474999875936,1.54167498606697,0.31786111572345,3.12057238950974
1044.5,0.183474999876227,1.54167498609526,0.317861115723312,3.12057238950913
1044.6,0.183474999876517,1.54167498612347,0.317861115723174,3.12057238950853
1044.7,0.183474999876806,1.54167498615162,0.317861115723036,3.12057238950792
1044.8,0.183474999877095,1.54167498617976,0.317861115722898,3.12057238950731
1044.9,0.183474999877382,1.54167498620777,0.317861115722762,3.12057238950671
1045,0.183474999877669,1.54167498623578,0.317861115722625,3.12057238950611
1045.1,0.183474999877956,1.5416749862637,0.317861115722489,3.12057238950551
1045.2,0.183474999878241,1.54167498629157,0.317861115722353,3.12057238950491
1045.3,0.183474999878526,1.54167498631942,0.317861115722217,3.12057238950432
1045.4,0.18347499987881,1.54167498634715,0.317861115722081,3.12057238950372
1045.5,0.183474999879094,1.54167498637487,0.317861115721946,3.12057238950313
1045.6,0.183474999879377,1.54167498640252,0.317861115721812,3.12057238950253
1045.7,0.18347499987966,1.5416749864301,0.317861115721677,3.12057238950194
1045.8,0.183474999879942,1.54167498645768,0.317861115721543,3.12057238950135
1045.9,0.183474999880222,1.54167498648512,0.317861115721409,3.12057238950076
1046,0.183474999880503,1.54167498651256,0.317861115721276,3.12057238950018
1046.1,0.183474999880783,1.54167498653993,0.317861115721142,3.12057238949959
1046.2,0.183474999881062,1.54167498656723,0.31786111572101,3.12057238949901
1046.3,0.183474999881341,1.54167498659453,0.317861115720877,3.12057238949842
1046.4,0.183474999881618,1.54167498662169,0.317861115720745,3.12057238949784
1046.5,0.183474999881895,1.54167498664886,0.317861115720613,3.12057238949726
1046.6,0.183474999882172,1.54167498667595,0.317861115720481,3.12057238949668
1046.7,0.183474999882447,1.54167498670298,0.31786111572035,3.1205723894961
1046.8,0.183474999882723,1.54167498673,0.317861115720219,3.12057238949552
1046.9,0.183474999882997,1.54167498675689,0.317861115720088,3.12057238949495
1047,0.183474999883271,1.54167498678378,0.317861115719958,3.12057238949438
1047.1,0.183474999883544,1.5416749868106,0.317861115719827,3.1205723894938
1047.2,0.183474999883817,1.54167498683736,0.317861115719698,3.12057238949323
1047.3,0.183474999884089,1.5416749868641,0.317861115719568,3.12057238949266
1047.4,0.18347499988436,1.54167498689072,0.317861115719439,3.1205723894921
1047.5,0.183474999884631,1.54167498691734,0.31786111571931,3.12057238949153
1047.6,0.183474999884901,1.54167498694389,0.317861115719182,3.12057238949096
1047.7,0.18347499988517,1.54167498697037,0.317861115719054,3.1205723894904
1047.8,0.18347499988544,1.54167498699685,0.317861115718925,3.12057238948984
1047.9,0.183474999885707,1.5416749870232,0.317861115718798,3.12057238948927
1048,0.183474999885975,1.54167498704955,0.31786111571867,3.12057238948871
1048.1,0.183474999886242,1.54167498707583,0.317861115718543,3.12057238948815
1048.2,0.183474999886508,1.54167498710205,0.317861115718417,3.1205723894876
1048.3,0.183474999886774,1.54167498712826,0.31786111571829,3.12057238948704
1048.4,0.183474999887039,1.54167498715434,0.317861115718164,3.12057238948649
1048.5,0.183474999887303,1.54167498718043,0.317861115718038,3.12057238948593
1048.6,0.183474999887567,1.54167498720644,0.317861115717913,3.12057238948538
1048.7,0.18347499988783,1.54167498723239,0.317861115717787,3.12057238948483
1048.8,0.183474999888093,1.54167498725833,0.317861115717662,3.12057238948428
1048.9,0.183474999888355,1.54167498728416,0.317861115717538,3.12057238948373
1049,0.183474999888616,1.54167498730998,0.317861115717413,3.12057238948318
1049.1,0.183474999888877,1.54167498733572,0.317861115717289,3.12057238948264
1049.2,0.183474999889137,1.54167498736142,0.317861115717165,3.12057238948209
1049.3,0.183474999889397,1.5416749873871,0.317861115717042,3.12057238948154
1049.4,0.183474999889655,1.54167498741266,0.317861115716919,3.12057238948101
1049.5,0.183474999889914,1.54167498743822,0.317861115716795,3.12057238948047
1049.6,0.183474999890172,1.54167498746371,0.317861115716673,3.12057238947992
1049.7,0.183474999890429,1.54167498748914,0.31786111571655,3.12057238947939
1049.8,0.183474999890685,1.54167498751457,0.317861115716428,3.12057238947885
1049.9,0.183474999890941,1.54167498753987,0.317861115716306,3.12057238947831
1050,0.183474999891196,1.54167498756517,0.317861115716185,3.12057238947778
1050.1,0.183474999891451,1.5416749875904,0.317861115716064,3.12057238947725
1050.2,0.183474999891705,1.54167498761558,0.317861115715943,3.12057238947671
1050.3,0.183474999891959,1.54167498764074,0.317861115715822,3.12057238947618
1050.4,0.183474999892211,1.54167498766579,0.317861115715701,3.12057238947565
1050.5,0.183474999892464,1.54167498769084,0.317861115715582,3.12057238947512
1050.6,0.183474999892716,1.54167498771581,0.317861115715462,3.1205723894746
1050.7,0.183474999892967,1.54167498774074,0.317861115715342,3.12057238947407
1050.8,0.183474999893218,1.54167498776565,0.317861115715222,3.12057238947355
1050.9,0.183474999893468,1.54167498779044,0.317861115715104,3.12057238947302
1051,0.183474999893717,1.54167498781524,0.317861115714985,3.1205723894725
1051.1,0.183474999893966,1.54167498783996,0.317861115714866,3.12057238947198
1051.2,0.183474999894214,1.54167498786463,0.317861115714749,3.12057238947146
1051.3,0.183474999894462,1.54167498788929,0.31786111571463,3.12057238947094
1051.4,0.183474999894709,1.54167498791384,0.317861115714513,3.12057238947042
1051.5,0.183474999894955,1.54167498793838,0.317861115714395,3.1205723894699
1051.6,0.183474999895201,1.54167498796285,0.317861115714278,3.12057238946939
1051.7,0.183474999895447,1.54167498798727,0.317861115714161,3.12057238946888
1051.8,0.183474999895692,1.54167498801168,0.317861115714045,3.12057238946836
1051.9,0.183474999895936,1.54167498803598,0.317861115713929,3.12057238946785
1052,0.183474999896179,1.54167498806028,0.317861115713812,3.12057238946734
1052.1,0.183474999896422,1.5416749880845,0.317861115713697,3.12057238946683
1052.2,0.183474999896665,1.54167498810868,0.317861115713582,3.12057238946633
1052.3,0.183474999896907,1.54167498813284,0.317861115713466,3.12057238946582
1052.4,0.183474999897148,1.54167498815689,0.317861115713352,3.12057238946532
1052.5,0.183474999897389,1.54167498818094,0.317861115713237,3.12057238946481
1052.6,0.183474999897629,1.54167498820492,0.317861115713123,3.12057238946431
1052.7,0.183474999897869,1.54167498822885,0.317861115713009,3.12057238946381
1052.8,0.183474999898108,1.54167498825277,0.317861115712895,3.1205723894633
1052.9,0.183474999898346,1.54167498827658,0.317861115712781,3.1205723894628
1053,0.183474999898584,1.54167498830039,0.317861115712668,3.12057238946231
1053.1,0.183474999898821,1.54167498832413,0.317861115712555,3.12057238946181
1053.2,0.183474999899058,1.54167498834781,0.317861115712442,3.12057238946131
1053.3,0.183474999899295,1.54167498837149,0.31786111571233,3.12057238946082
1053.4,0.18347499989953,1.54167498839506,0.317861115712218,3.12057238946033
1053.5,0.183474999899766,1.54167498841863,0.317861115712106,3.12057238945983
1053.6,0.1834749999,1.54167498844213,0.317861115711994,3.12057238945935
1053.7,0.183474999900234,1.54167498846557,0.317861115711883,3.12057238945885
1053.8,0.183474999900468,1.54167498848901,0.317861115711772,3.12057238945836
1053.9,0.183474999900701,1.54167498851234,0.317861115711661,3.12057238945787
1054,0.183474999900933,1.54167498853567,0.31786111571155,3.12057238945739
1054.1,0.183474999901165,1.54167498855893,0.31786111571144,3.1205723894569
1054.2,0.183474999901396,1.54167498858214,0.31786111571133,3.12057238945642
1054.3,0.183474999901627,1.54167498860534,0.31786111571122,3.12057238945593
1054.4,0.183474999901857,1.54167498862844,0.31786111571111,3.12057238945545
1054.5,0.183474999902087,1.54167498865153,0.317861115711001,3.12057238945497
1054.6,0.183474999902316,1.54167498867456,0.317861115710892,3.12057238945449
1054.7,0.183474999902545,1.54167498869753,0.317861115710783,3.12057238945402
1054.8,0.183474999902773,1.5416749887205,0.317861115710675,3.12057238945354
1054.9,0.183474999903,1.54167498874336,0.317861115710566,3.12057238945306
1055,0.183474999903227,1.54167498876622,0.317861115710459,3.12057238945258
1055.1,0.183474999903454,1.54167498878902,0.317861115710351,3.12057238945211
1055.2,0.18347499990368,1.54167498881176,0.317861115710243,3.12057238945164
1055.3,0.183474999903906,1.5416749888345,0.317861115710136,3.12057238945116
1055.4,0.18347499990413,1.54167498885713,0.317861115710029,3.12057238945069
1055.5,0.183474999904355,1.54167498887975,0.317861115709922,3.12057238945022
1055.6,0.183474999904578,1.54167498890232,0.317861115709815,3.12057238944975
1055.7,0.183474999904802,1.54167498892483,0.317861115709709,3.12057238944929
1055.8,0.183474999905025,1.54167498894734,0.317861115709603,3.12057238944882
1055.9,0.183474999905247,1.54167498896974,0.317861115709497,3.12057238944835
1056,0.183474999905469,1.54167498899214,0.317861115709392,3.12057238944789
1056.1,0.18347499990569,1.54167498901448,0.317861115709286,3.12057238944742
1056.2,0.183474999905911,1.54167498903677,0.317861115709181,3.12057238944696
1056.3,0.183474999906131,1.54167498905905,0.317861115709076,3.1205723894465
1056.4,0.183474999906351,1.54167498908122,0.317861115708972,3.12057238944604
1056.5,0.18347499990657,1.54167498910339,0.317861115708867,3.12057238944558
1056.6,0.183474999906789,1.54167498912551,0.317861115708763,3.12057238944512
1056.7,0.183474999907007,1.54167498914757,0.317861115708659,3.12057238944467
1056.8,0.183474999907225,1.54167498916962,0.317861115708555,3.12057238944421
1056.9,0.183474999907442,1.54167498919157,0.317861115708452,3.12057238944376
1057,0.183474999907659,1.54167498921352,0.317861115708349,3.1205723894433
1057.1,0.183474999907875,1.54167498923541,0.317861115708246,3.12057238944285
1057.2,0.18347499990809,1.54167498925725,0.317861115708143,3.1205723894424
1057.3,0.183474999908306,1.54167498927908,0.317861115708041,3.12057238944195
1057.4,0.18347499990852,1.54167498930081,0.317861115707939,3.1205723894415
1057.5,0.183474999908735,1.54167498932254,0.317861115707837,3.12057238944105
1057.6,0.183474999908948,1.54167498934421,0.317861115707735,3.1205723894406
1057.7,0.183474999909161,1.54167498936583,0.317861115707634,3.12057238944016
1057.8,0.183474999909374,1.54167498938744,0.317861115707532,3.12057238943971
1057.9,0.183474999909586,1.54167498940895,0.317861115707432,3.12057238943927
1058,0.183474999909798,1.54167498943045,0.317861115707331,3.12057238943882
1058.1,0.183474999910009,1.5416749894519,0.31786111570723,3.12057238943838
1058.2,0.18347499991022,1.5416749894733,0.31786111570713,3.12057238943794
1058.3,0.18347499991043,1.5416749894947,0.31786111570703,3.1205723894375
1058.4,0.183474999910639,1.54167498951599,0.31786111570693,3.12057238943706
1058.5,0.183474999910849,1.54167498953728,0.317861115706831,3.12057238943662
1058.6,0.183474999911057,1.54167498955851,0.317861115706731,3.12057238943619
1058.7,0.183474999911266,1.5416749895797,0.317861115706633,3.12057238943575
1058.8,0.183474999911474,1.54167498960087,0.317861115706533,3.12057238943531
1058.9,0.18347499991168,1.54167498962195,0.317861115706435,3.12057238943488
1059,0.183474999911887,1.54167498964303,0.317861115706336,3.12057238943445
1059.1,0.183474999912094,1.54167498966404,0.317861115706238,3.12057238943402
1059.2,0.183474999912299,1.54167498968501,0.31786111570614,3.12057238943359
1059.3,0.183474999912505,1.54167498970598,0.317861115706042,3.12057238943316
1059.4,0.183474999912709,1.54167498972684,0.317861115705945,3.12057238943272
1059.5,0.183474999912914,1.54167498974771,0.317861115705847,3.1205723894323
1059.6,0.183474999913118,1.54167498976851,0.31786111570575,3.12057238943187
1059.7,0.183474999913321,1.54167498978927,0.317861115705653,3.12057238943144
1059.8,0.183474999913524,1.54167498981002,0.317861115705557,3.12057238943102
1059.9,0.183474999913727,1.54167498983067,0.31786111570546,3.12057238943059
1060,0.183474999913929,1.54167498985133,0.317861115705364,3.12057238943017
1060.1,0.18347499991413,1.54167498987192,0.317861115705268,3.12057238942975
1060.2,0.183474999914331,1.54167498989247,0.317861115705172,3.12057238942933
1060.3,0.183474999914532,1.54167498991301,0.317861115705077,3.12057238942891
1060.4,0.183474999914732,1.54167498993346,0.317861115704982,3.12057238942849
1060.5,0.183474999914931,1.5416749899539,0.317861115704886,3.12057238942807
1060.6,0.18347499991513,1.54167498997428,0.317861115704792,3.12057238942765
1060.7,0.183474999915329,1.54167498999463,0.317861115704697,3.12057238942724
1060.8,0.183474999915527,1.54167499001496,0.317861115704603,3.12057238942682
1060.9,0.183474999915725,1.5416749900352,0.317861115704509,3.12057238942641
1061,0.183474999915922,1.54167499005543,0.317861115704415,3.120572389426
1061.1,0.183474999916119,1.54167499007561,0.317861115704321,3.12057238942558
1061.2,0.183474999916315,1.54167499009575,0.317861115704228,3.12057238942517
1061.3,0.183474999916511,1.54167499011588,0.317861115704135,3.12057238942476
1061.4,0.183474999916706,1.54167499013591,0.317861115704042,3.12057238942435
1061.5,0.183474999916901,1.54167499015594,0.317861115703949,3.12057238942394
1061.6,0.183474999917096,1.54167499017592,0.317861115703856,3.12057238942354
1061.7,0.18347499991729,1.54167499019585,0.317861115703764,3.12057238942313
1061.8,0.183474999917484,1.54167499021578,0.317861115703672,3.12057238942272
1061.9,0.183474999917677,1.54167499023561,0.31786111570358,3.12057238942232
1062,0.183474999917869,1.54167499025544,0.317861115703488,3.12057238942192
1062.1,0.183474999918062,1.54167499027521,0.317861115703397,3.12057238942152
1062.2,0.183474999918253,1.54167499029494,0.317861115703305,3.12057238942112
1062.3,0.183474999918445,1.54167499031467,0.317861115703214,3.12057238942071
1062.4,0.183474999918636,1.5416749903343,0.317861115703123,3.12057238942031
1062.5,0.183474999918827,1.54167499035393,0.317861115703032,3.12057238941992
1062.6,0.183474999919016,1.54167499037351,0.317861115702942,3.12057238941951
1062.7,0.183474999919206,1.54167499039304,0.317861115702852,3.12057238941912
1062.8,0.183474999919395,1.54167499041256,0.317861115702762,3.12057238941872
1062.9,0.183474999919584,1.54167499043199,0.317861115702672,3.12057238941833
1063,0.183474999919772,1.54167499045142,0.317861115702583,3.12057238941794
1063.1,0.18347499991996,1.5416749904708,0.317861115702493,3.12057238941754
1063.2,0.183474999920147,1.54167499049013,0.317861115702404,3.12057238941715
1063.3,0.183474999920335,1.54167499050946,0.317861115702315,3.12057238941675
1063.4,0.183474999920521,1.5416749905287,0.317861115702226,3.12057238941637
1063.5,0.183474999920707,1.54167499054793,0.317861115702138,3.12057238941598
1063.6,0.183474999920893,1.54167499056711,0.317861115702049,3.12057238941559
1063.7,0.183474999921078,1.54167499058625,0.317861115701961,3.1205723894152
1063.8,0.183474999921263,1.54167499060538,0.317861115701874,3.12057238941482
1063.9,0.183474999921447,1.54167499062443,0.317861115701786,3.12057238941443
1064,0.183474999921631,1.54167499064347,0.317861115701698,3.12057238941404
1064.1,0.183474999921814,1.54167499066246,0.317861115701611,3.12057238941366
1064.2,0.183474999921997,1.5416749906814,0.317861115701524,3.12057238941328
1064.3,0.18347499992218,1.54167499070034,0.317861115701437,3.12057238941289
1064.4,0.183474999922362,1.54167499071919,0.31786111570135,3.12057238941251
1064.5,0.183474999922544,1.54167499073804,0.317861115701264,3.12057238941213
1064.6,0.183474999922725,1.54167499075683,0.317861115701178,3.12057238941175
1064.7,0.183474999922906,1.54167499077559,0.317861115701091,3.12057238941137
1064.8,0.183474999923087,1.54167499079433,0.317861115701005,3.12057238941099
1064.9,0.183474999923266,1.54167499081299,0.31786111570092,3.12057238941062
1065,0.183474999923446,1.54167499083165,0.317861115700834,3.12057238941024
1065.1,0.183474999923625,1.54167499085026,0.317861115700748,3.12057238940986
1065.2,0.183474999923804,1.54167499086882,0.317861115700663,3.12057238940949
1065.3,0.183474999923983,1.54167499088738,0.317861115700578,3.12057238940912
1065.4,0.18347499992416,1.54167499090585,0.317861115700494,3.12057238940875
1065.5,0.183474999924338,1.54167499092432,0.317861115700409,3.12057238940837
1065.6,0.183474999924515,1.54167499094274,0.317861115700325,3.120572389408
1065.7,0.183474999924692,1.54167499096112,0.317861115700241,3.12057238940763
1065.8,0.183474999924868,1.54167499097949,0.317861115700156,3.12057238940726
1065.9,0.183474999925044,1.54167499099777,0.317861115700073,3.12057238940689
1066,0.183474999925219,1.54167499101605,0.317861115699989,3.12057238940653
1066.1,0.183474999925394,1.54167499103429,0.317861115699906,3.12057238940616
1066.2,0.183474999925569,1.54167499105248,0.317861115699823,3.12057238940579
1066.3,0.183474999925744,1.54167499107066,0.31786111569974,3.12057238940543
1066.4,0.183474999925917,1.54167499108876,0.317861115699658,3.12057238940507
1066.5,0.183474999926091,1.54167499110686,0.317861115699575,3.1205723894047
1066.6,0.183474999926264,1.54167499112491,0.317861115699493,3.12057238940434
1066.7,0.183474999926436,1.54167499114292,0.31786111569941,3.12057238940398
1066.8,0.183474999926608,1.54167499116092,0.317861115699329,3.12057238940362
1066.9,0.18347499992678,1.54167499117883,0.317861115699247,3.12057238940326
1067,0.183474999926952,1.54167499119675,0.317861115699165,3.1205723894029
1067.1,0.183474999927122,1.54167499121461,0.317861115699084,3.12057238940254
1067.2,0.183474999927293,1.54167499123244,0.317861115699003,3.12057238940218
1067.3,0.183474999927463,1.54167499125026,0.317861115698922,3.12057238940183
1067.4,0.183474999927633,1.54167499126799,0.317861115698841,3.12057238940147
1067.5,0.183474999927802,1.54167499128573,0.31786111569876,3.12057238940112
1067.6,0.183474999927971,1.54167499130341,0.31786111569868,3.12057238940077
1067.7,0.18347499992814,1.54167499132106,0.317861115698599,3.12057238940041
1067.8,0.183474999928308,1.5416749913387,0.31786111569852,3.12057238940006
1067.9,0.183474999928476,1.54167499135625,0.31786111569844,3.12057238939971
1068,0.183474999928643,1.54167499137381,0.31786111569836,3.12057238939936
1068.1,0.183474999928811,1.54167499139131,0.317861115698281,3.12057238939901
1068.2,0.183474999928977,1.54167499140878,0.317861115698201,3.12057238939866
1068.3,0.183474999929144,1.54167499142624,0.317861115698122,3.12057238939831
1068.4,0.183474999929309,1.54167499144362,0.317861115698043,3.12057238939796
1068.5,0.183474999929475,1.541674991461,0.317861115697964,3.12057238939761
1068.6,0.18347499992964,1.54167499147833,0.317861115697885,3.12057238939727
1068.7,0.183474999929804,1.54167499149562,0.317861115697807,3.12057238939692
1068.8,0.183474999929969,1.54167499151291,0.317861115697729,3.12057238939658
1068.9,0.183474999930133,1.54167499153011,0.317861115697651,3.12057238939624
1069,0.183474999930296,1.54167499154731,0.317861115697572,3.12057238939589
1069.1,0.18347499993046,1.54167499156447,0.317861115697495,3.12057238939555
1069.2,0.183474999930622,1.54167499158158,0.317861115697418,3.12057238939521
1069.3,0.183474999930785,1.54167499159869,0.31786111569734,3.12057238939487
1069.4,0.183474999930947,1.54167499161572,0.317861115697263,3.12057238939453
1069.5,0.183474999931108,1.54167499163275,0.317861115697186,3.12057238939419
1069.6,0.18347499993127,1.54167499164973,0.317861115697109,3.12057238939386
1069.7,0.18347499993143,1.54167499166667,0.317861115697033,3.12057238939352
1069.8,0.183474999931591,1.54167499168361,0.317861115696956,3.12057238939318
1069.9,0.183474999931751,1.54167499170047,0.31786111569688,3.12057238939284
1070,0.183474999931911,1.54167499171732,0.317861115696805,3.12057238939251
1070.1,0.18347499993207,1.54167499173413,0.317861115696729,3.12057238939218
1070.2,0.183474999932229,1.5416749917509,0.317861115696653,3.12057238939185
1070.3,0.183474999932388,1.54167499176767,0.317861115696577,3.12057238939151
1070.4,0.183474999932546,1.54167499178436,0.317861115696502,3.12057238939118
1070.5,0.183474999932704,1.54167499180104,0.317861115696427,3.12057238939085
1070.6,0.183474999932862,1.54167499181768,0.317861115696352,3.12057238939052
1070.7,0.183474999933019,1.54167499183428,0.317861115696277,3.12057238939019
1070.8,0.183474999933176,1.54167499185088,0.317861115696203,3.12057238938987
1070.9,0.183474999933332,1.5416749918674,0.317861115696128,3.12057238938954
1071,0.183474999933488,1.54167499188391,0.317861115696054,3.12057238938921
1071.1,0.183474999933644,1.54167499190039,0.31786111569598,3.12057238938888
1071.2,0.183474999933799,1.54167499191682,0.317861115695906,3.12057238938856
1071.3,0.183474999933954,1.54167499193325,0.317861115695832,3.12057238938824
1071.4,0.183474999934109,1.5416749919496,0.317861115695758,3.12057238938791
1071.5,0.183474999934263,1.54167499196595,0.317861115695685,3.12057238938759
1071.6,0.183474999934417,1.54167499198226,0.317861115695612,3.12057238938727
1071.7,0.18347499993457,1.54167499199853,0.317861115695538,3.12057238938695
1071.8,0.183474999934724,1.54167499201479,0.317861115695466,3.12057238938662
1071.9,0.183474999934876,1.54167499203098,0.317861115695393,3.1205723893863
1072,0.183474999935029,1.54167499204716,0.317861115695321,3.12057238938598
1072.1,0.183474999935181,1.5416749920633,0.317861115695248,3.12057238938567
1072.2,0.183474999935332,1.5416749920794,0.317861115695176,3.12057238938535
1072.3,0.183474999935484,1.5416749920955,0.317861115695104,3.12057238938503
1072.4,0.183474999935635,1.54167499211153,0.317861115695032,3.12057238938472
1072.5,0.183474999935785,1.54167499212755,0.317861115694961,3.1205723893844
1072.6,0.183474999935936,1.54167499214353,0.317861115694889,3.12057238938409
1072.7,0.183474999936086,1.54167499215947,0.317861115694818,3.12057238938377
1072.8,0.183474999936235,1.5416749921754,0.317861115694746,3.12057238938346
1072.9,0.183474999936384,1.54167499219127,0.317861115694675,3.12057238938315
1073,0.183474999936533,1.54167499220713,0.317861115694604,3.12057238938284
1073.1,0.183474999936682,1.54167499222294,0.317861115694534,3.12057238938252
1073.2,0.18347499993683,1.54167499223872,0.317861115694463,3.12057238938221
1073.3,0.183474999936978,1.5416749922545,0.317861115694393,3.1205723893819
1073.4,0.183474999937125,1.5416749922702,0.317861115694323,3.12057238938159
1073.5,0.183474999937273,1.5416749922859,0.317861115694253,3.12057238938129
1073.6,0.18347499993742,1.54167499230155,0.317861115694183,3.12057238938098
1073.7,0.183474999937566,1.54167499231718,0.317861115694113,3.12057238938067
1073.8,0.183474999937712,1.54167499233279,0.317861115694043,3.12057238938036
1073.9,0.183474999937858,1.54167499234833,0.317861115693974,3.12057238938006
1074,0.183474999938004,1.54167499236387,0.317861115693905,3.12057238937975
1074.1,0.183474999938148,1.54167499237937,0.317861115693836,3.12057238937945
1074.2,0.183474999938293,1.54167499239484,0.317861115693767,3.12057238937915
1074.3,0.183474999938438,1.54167499241029,0.317861115693698,3.12057238937885
1074.4,0.183474999938582,1.54167499242568,0.317861115693629,3.12057238937854
1074.5,0.183474999938726,1.54167499244106,0.317861115693561,3.12057238937824
1074.6,0.183474999938869,1.54167499245641,0.317861115693493,3.12057238937794
1074.7,0.183474999939012,1.54167499247171,0.317861115693424,3.12057238937764
1074.8,0.183474999939155,1.54167499248701,0.317861115693357,3.12057238937734
1074.9,0.183474999939297,1.54167499250224,0.317861115693289,3.12057238937704
1075,0.183474999939439,1.54167499251747,0.317861115693221,3.12057238937675
1075.1,0.183474999939581,1.54167499253266,0.317861115693153,3.12057238937645
1075.2,0.183474999939723,1.54167499254781,0.317861115693086,3.12057238937615
1075.3,0.183474999939864,1.54167499256296,0.317861115693019,3.12057238937586
1075.4,0.183474999940005,1.54167499257803,0.317861115692952,3.12057238937556
1075.5,0.183474999940145,1.54167499259311,0.317861115692885,3.12057238937527
1075.6,0.183474999940285,1.54167499260814,0.317861115692818,3.12057238937497
1075.7,0.183474999940425,1.54167499262314,0.317861115692752,3.12057238937468
1075.8,0.183474999940565,1.54167499263814,0.317861115692685,3.12057238937439
1075.9,0.183474999940704,1.54167499265306,0.317861115692619,3.1205723893741
1076,0.183474999940843,1.54167499266798,0.317861115692553,3.12057238937381
1076.1,0.183474999940981,1.54167499268286,0.317861115692487,3.12057238937352
1076.2,0.183474999941119,1.54167499269771,0.317861115692422,3.12057238937323
1076.3,0.183474999941257,1.54167499271255,0.317861115692356,3.12057238937294
1076.4,0.183474999941394,1.54167499272733,0.317861115692291,3.12057238937265
1076.5,0.183474999941531,1.5416749927421,0.317861115692225,3.12057238937237
1076.6,0.183474999941668,1.54167499275683,0.31786111569216,3.12057238937208
1076.7,0.183474999941805,1.54167499277152,0.317861115692095,3.12057238937179
1076.8,0.183474999941941,1.54167499278622,0.31786111569203,3.12057238937151
1076.9,0.183474999942077,1.54167499280084,0.317861115691966,3.12057238937122
1077,0.183474999942213,1.54167499281547,0.317861115691901,3.12057238937094
1077.1,0.183474999942348,1.54167499283005,0.317861115691836,3.12057238937065
1077.2,0.183474999942483,1.5416749928446,0.317861115691772,3.12057238937037
1077.3,0.183474999942618,1.54167499285914,0.317861115691708,3.12057238937009
1077.4,0.183474999942752,1.54167499287362,0.317861115691644,3.12057238936981
1077.5,0.183474999942886,1.54167499288809,0.317861115691581,3.12057238936953
1077.6,0.183474999943019,1.54167499290253,0.317861115691516,3.12057238936925
1077.7,0.183474999943153,1.54167499291693,0.317861115691453,3.12057238936897
1077.8,0.183474999943286,1.54167499293132,0.31786111569139,3.12057238936869
1077.9,0.183474999943419,1.54167499294565,0.317861115691327,3.12057238936841
1078,0.183474999943551,1.54167499295998,0.317861115691263,3.12057238936813
1078.1,0.183474999943683,1.54167499297427,0.317861115691201,3.12057238936786
1078.2,0.183474999943815,1.54167499298853,0.317861115691138,3.12057238936758
1078.3,0.183474999943947,1.54167499300278,0.317861115691075,3.1205723893673
1078.4,0.183474999944078,1.54167499301696,0.317861115691013,3.12057238936703
1078.5,0.183474999944209,1.54167499303115,0.317861115690951,3.12057238936676
1078.6,0.183474999944339,1.54167499304529,0.317861115690888,3.12057238936648
1078.7,0.183474999944469,1.5416749930594,0.317861115690826,3.12057238936621
1078.8,0.1834749999446,1.54167499307351,0.317861115690765,3.12057238936594
1078.9,0.183474999944729,1.54167499308755,0.317861115690703,3.12057238936567
1079,0.183474999944858,1.54167499310159,0.317861115690641,3.1205723893654
1079.1,0.183474999944987,1.54167499311559,0.31786111569058,3.12057238936513
1079.2,0.183474999945116,1.54167499312956,0.317861115690519,3.12057238936486
1079.3,0.183474999945245,1.54167499314353,0.317861115690458,3.12057238936459
1079.4,0.183474999945373,1.54167499315743,0.317861115690396,3.12057238936432
1079.5,0.183474999945501,1.54167499317133,0.317861115690335,3.12057238936405
1079.6,0.183474999945628,1.54167499318519,0.317861115690275,3.12057238936378
1079.7,0.183474999945756,1.54167499319902,0.317861115690214,3.12057238936352
1079.8,0.183474999945883,1.54167499321284,0.317861115690154,3.12057238936325
1079.9,0.183474999946009,1.5416749932266,0.317861115690093,3.12057238936299
1080,0.183474999946136,1.54167499324036,0.317861115690033,3.12057238936272
1080.1,0.183474999946262,1.54167499325408,0.317861115689973,3.12057238936246
1080.2,0.183474999946387,1.54167499326777,0.317861115689913,3.12057238936219
1080.3,0.183474999946513,1.54167499328145,0.317861115689853,3.12057238936193
1080.4,0.183474999946638,1.54167499329507,0.317861115689794,3.12057238936167
1080.5,0.183474999946763,1.54167499330869,0.317861115689734,3.12057238936141
1080.6,0.183474999946888,1.54167499332227,0.317861115689675,3.12057238936115
1080.7,0.183474999947012,1.54167499333582,0.317861115689616,3.12057238936088
1080.8,0.183474999947137,1.54167499334937,0.317861115689556,3.12057238936062
1080.9,0.18347499994726,1.54167499336285,0.317861115689497,3.12057238936036
1081,0.183474999947384,1.54167499337634,0.317861115689439,3.12057238936011
1081.1,0.183474999947507,1.54167499338978,0.31786111568938,3.12057238935985
1081.2,0.18347499994763,1.54167499340319,0.317861115689322,3.12057238935959
1081.3,0.183474999947753,1.54167499341661,0.317861115689263,3.12057238935933
1081.4,0.183474999947875,1.54167499342995,0.317861115689205,3.12057238935908
1081.5,0.183474999947997,1.5416749934433,0.317861115689147,3.12057238935882
1081.6,0.183474999948118,1.5416749934566,0.317861115689089,3.12057238935857
1081.7,0.18347499994824,1.54167499346988,0.317861115689031,3.12057238935831
1081.8,0.183474999948361,1.54167499348316,0.317861115688973,3.12057238935806
1081.9,0.183474999948482,1.54167499349637,0.317861115688916,3.12057238935781
1082,0.183474999948603,1.54167499350958,0.317861115688858,3.12057238935755
1082.1,0.183474999948723,1.54167499352275,0.317861115688801,3.1205723893573
1082.2,0.183474999948843,1.54167499353589,0.317861115688744,3.12057238935705
1082.3,0.183474999948963,1.54167499354904,0.317861115688687,3.1205723893568
1082.4,0.183474999949082,1.54167499356211,0.31786111568863,3.12057238935655
1082.5,0.183474999949201,1.54167499357519,0.317861115688573,3.1205723893563
1082.6,0.18347499994932,1.54167499358823,0.317861115688517,3.12057238935605
1082.7,0.183474999949439,1.54167499360124,0.317861115688461,3.1205723893558
1082.8,0.183474999949557,1.54167499361425,0.317861115688404,3.12057238935555
1082.9,0.183474999949675,1.5416749936272,0.317861115688348,3.12057238935531
1083,0.183474999949793,1.54167499364014,0.317861115688292,3.12057238935506
1083.1,0.183474999949911,1.54167499365305,0.317861115688236,3.12057238935481
1083.2,0.183474999950028,1.54167499366593,0.31786111568818,3.12057238935457
1083.3,0.183474999950145,1.5416749936788,0.317861115688125,3.12057238935433
1083.4,0.183474999950261,1.54167499369161,0.317861115688069,3.12057238935408
1083.5,0.183474999950378,1.54167499370443,0.317861115688014,3.12057238935384
1083.6,0.183474999950494,1.54167499371721,0.317861115687959,3.12057238935359
1083.7,0.18347499995061,1.54167499372996,0.317861115687903,3.12057238935335
1083.8,0.183474999950725,1.5416749937427,0.317861115687848,3.12057238935311
1083.9,0.183474999950841,1.54167499375539,0.317861115687793,3.12057238935287
1084,0.183474999950956,1.54167499376807,0.317861115687739,3.12057238935263
1084.1,0.183474999951071,1.54167499378072,0.317861115687684,3.12057238935239
1084.2,0.183474999951185,1.54167499379334,0.31786111568763,3.12057238935215
1084.3,0.1834749999513,1.54167499380596,0.317861115687575,3.1205723893519
1084.4,0.183474999951414,1.54167499381852,0.317861115687521,3.12057238935167
1084.5,0.183474999951527,1.54167499383107,0.317861115687466,3.12057238935143
1084.6,0.183474999951641,1.5416749938436,0.317861115687413,3.12057238935119
1084.7,0.183474999951754,1.54167499385609,0.317861115687358,3.12057238935096
1084.8,0.183474999951867,1.54167499386858,0.317861115687304,3.12057238935072
1084.9,0.18347499995198,1.54167499388101,0.317861115687251,3.12057238935048
1085,0.183474999952092,1.54167499389344,0.317861115687198,3.12057238935025
1085.1,0.183474999952204,1.54167499390583,0.317861115687144,3.12057238935001
1085.2,0.183474999952316,1.5416749939182,0.317861115687091,3.12057238934978
1085.3,0.183474999952428,1.54167499393056,0.317861115687038,3.12057238934954
1085.4,0.183474999952539,1.54167499394287,0.317861115686985,3.12057238934931
1085.5,0.18347499995265,1.54167499395517,0.317861115686932,3.12057238934908
1085.6,0.183474999952761,1.54167499396744,0.317861115686879,3.12057238934884
1085.7,0.183474999952871,1.54167499397968,0.317861115686826,3.12057238934861
1085.8,0.183474999952982,1.54167499399192,0.317861115686774,3.12057238934838
1085.9,0.183474999953092,1.5416749940041,0.317861115686722,3.12057238934815
1086,0.183474999953201,1.54167499401628,0.317861115686669,3.12057238934792
1086.1,0.183474999953311,1.54167499402843,0.317861115686617,3.12057238934769
1086.2,0.18347499995342,1.54167499404055,0.317861115686565,3.12057238934746
1086.3,0.18347499995353,1.54167499405266,0.317861115686513,3.12057238934724
1086.4,0.183474999953638,1.54167499406472,0.317861115686461,3.12057238934701
1086.5,0.183474999953747,1.54167499407677,0.31786111568641,3.12057238934678
1086.6,0.183474999953855,1.5416749940888,0.317861115686358,3.12057238934655
1086.7,0.183474999953963,1.54167499410079,0.317861115686307,3.12057238934633
1086.8,0.183474999954071,1.54167499411278,0.317861115686255,3.1205723893461
1086.9,0.183474999954178,1.54167499412472,0.317861115686204,3.12057238934588
1087,0.183474999954286,1.54167499413665,0.317861115686153,3.12057238934565
1087.1,0.183474999954393,1.54167499414856,0.317861115686102,3.12057238934543
1087.2,0.183474999954499,1.54167499416043,0.317861115686051,3.1205723893452
1087.3,0.183474999954606,1.5416749941723,0.317861115686001,3.12057238934498
1087.4,0.183474999954712,1.54167499418411,0.31786111568595,3.12057238934476
1087.5,0.183474999954818,1.54167499419593,0.3178611156859,3.12057238934454
1087.6,0.183474999954924,1.54167499420771,0.317861115685849,3.12057238934432
1087.7,0.183474999955029,1.54167499421947,0.317861115685799,3.12057238934409
1087.8,0.183474999955135,1.54167499423122,0.317861115685749,3.12057238934387
1087.9,0.18347499995524,1.54167499424291,0.317861115685699,3.12057238934365
1088,0.183474999955345,1.54167499425461,0.317861115685649,3.12057238934343
1088.1,0.183474999955449,1.54167499426627,0.3178611156856,3.12057238934322
1088.2,0.183474999955553,1.5416749942779,0.31786111568555,3.120572389343
1088.3,0.183474999955657,1.54167499428954,0.3178611156855,3.12057238934278
1088.4,0.183474999955761,1.54167499430111,0.317861115685451,3.12057238934256
1088.5,0.183474999955865,1.54167499431269,0.317861115685401,3.12057238934234
1088.6,0.183474999955968,1.54167499432423,0.317861115685352,3.12057238934213
1088.7,0.183474999956071,1.54167499433575,0.317861115685303,3.12057238934191
1088.8,0.183474999956174,1.54167499434727,0.317861115685254,3.1205723893417
1088.9,0.183474999956277,1.54167499435873,0.317861115685205,3.12057238934148
1089,0.183474999956379,1.54167499437019,0.317861115685156,3.12057238934127
1089.1,0.183474999956481,1.54167499438161,0.317861115685107,3.12057238934105
1089.2,0.183474999956583,1.54167499439302,0.317861115685059,3.12057238934084
1089.3,0.183474999956685,1.54167499440442,0.317861115685011,3.12057238934062
1089.4,0.183474999956786,1.54167499441576,0.317861115684963,3.12057238934042
1089.5,0.183474999956887,1.5416749944271,0.317861115684914,3.1205723893402
1089.6,0.183474999956988,1.54167499443841,0.317861115684866,3.12057238933999
1089.7,0.183474999957089,1.5416749944497,0.317861115684819,3.12057238933978
1089.8,0.183474999957189,1.54167499446098,0.317861115684771,3.12057238933957
1089.9,0.183474999957289,1.54167499447221,0.317861115684723,3.12057238933936
1090,0.183474999957389,1.54167499448344,0.317861115684675,3.12057238933915
1090.1,0.183474999957489,1.54167499449464,0.317861115684628,3.12057238933894
1090.2,0.183474999957589,1.54167499450581,0.31786111568458,3.12057238933873
1090.3,0.183474999957688,1.54167499451698,0.317861115684534,3.12057238933853
1090.4,0.183474999957787,1.5416749945281,0.317861115684487,3.12057238933832
1090.5,0.183474999957886,1.54167499453922,0.317861115684439,3.12057238933811
1090.6,0.183474999957984,1.5416749945503,0.317861115684392,3.1205723893379
1090.7,0.183474999958083,1.54167499456136,0.317861115684346,3.1205723893377
1090.8,0.183474999958181,1.54167499457242,0.317861115684299,3.12057238933749
1090.9,0.183474999958279,1.54167499458342,0.317861115684252,3.12057238933729
1091,0.183474999958376,1.54167499459443,0.317861115684206,3.12057238933708
1091.1,0.183474999958474,1.5416749946054,0.317861115684159,3.12057238933688
1091.2,0.183474999958571,1.54167499461635,0.317861115684113,3.12057238933668
1091.3,0.183474999958668,1.54167499462729,0.317861115684066,3.12057238933647
1091.4,0.183474999958765,1.54167499463818,0.317861115684021,3.12057238933627
1091.5,0.183474999958861,1.54167499464908,0.317861115683975,3.12057238933607
1091.6,0.183474999958958,1.54167499465994,0.317861115683929,3.12057238933587
1091.7,0.183474999959053,1.54167499467077,0.317861115683883,3.12057238933566
1091.8,0.183474999959149,1.54167499468161,0.317861115683838,3.12057238933547
1091.9,0.183474999959245,1.54167499469239,0.317861115683792,3.12057238933526
1092,0.18347499995934,1.54167499470317,0.317861115683747,3.12057238933507
1092.1,0.183474999959435,1.54167499471392,0.317861115683701,3.12057238933487
1092.2,0.18347499995953,1.54167499472465,0.317861115683656,3.12057238933467
1092.3,0.183474999959625,1.54167499473538,0.317861115683611,3.12057238933447
1092.4,0.18347499995972,1.54167499474605,0.317861115683566,3.12057238933427
1092.5,0.183474999959814,1.54167499475672,0.317861115683521,3.12057238933407
1092.6,0.183474999959908,1.54167499476736,0.317861115683477,3.12057238933388
1092.7,0.183474999960002,1.54167499477798,0.317861115683432,3.12057238933368
1092.8,0.183474999960096,1.5416749947886,0.317861115683387,3.12057238933348
1092.9,0.183474999960189,1.54167499479917,0.317861115683342,3.12057238933328
1093,0.183474999960282,1.54167499480973,0.317861115683298,3.12057238933309
1093.1,0.183474999960375,1.54167499482027,0.317861115683254,3.1205723893329
1093.2,0.183474999960468,1.54167499483078,0.317861115683209,3.1205723893327
1093.3,0.183474999960561,1.54167499484129,0.317861115683165,3.12057238933251
1093.4,0.183474999960653,1.54167499485175,0.317861115683122,3.12057238933231
1093.5,0.183474999960745,1.54167499486221,0.317861115683078,3.12057238933212
1093.6,0.183474999960837,1.54167499487264,0.317861115683034,3.12057238933193
1093.7,0.183474999960929,1.54167499488304,0.31786111568299,3.12057238933174
1093.8,0.18347499996102,1.54167499489345,0.317861115682946,3.12057238933154
1093.9,0.183474999961111,1.5416749949038,0.317861115682903,3.12057238933135
1094,0.183474999961203,1.54167499491415,0.31786111568286,3.12057238933116
1094.1,0.183474999961293,1.54167499492448,0.317861115682817,3.12057238933097
1094.2,0.183474999961384,1.54167499493478,0.317861115682773,3.12057238933078
1094.3,0.183474999961474,1.54167499494507,0.317861115682731,3.12057238933059
1094.4,0.183474999961564,1.54167499495532,0.317861115682687,3.1205723893304
1094.5,0.183474999961654,1.54167499496557,0.317861115682645,3.12057238933022
1094.6,0.183474999961744,1.54167499497579,0.317861115682602,3.12057238933003
1094.7,0.183474999961834,1.54167499498599,0.31786111568256,3.12057238932984
1094.8,0.183474999961923,1.54167499499618,0.317861115682517,3.12057238932965
1094.9,0.183474999962012,1.54167499500632,0.317861115682474,3.12057238932947
1095,0.183474999962101,1.54167499501647,0.317861115682432,3.12057238932928
1095.1,0.18347499996219,1.54167499502659,0.31786111568239,3.1205723893291
1095.2,0.183474999962278,1.54167499503668,0.317861115682347,3.12057238932891
1095.3,0.183474999962367,1.54167499504677,0.317861115682306,3.12057238932872
1095.4,0.183474999962455,1.54167499505681,0.317861115682264,3.12057238932854
1095.5,0.183474999962543,1.54167499506686,0.317861115682222,3.12057238932836
1095.6,0.18347499996263,1.54167499507687,0.31786111568218,3.12057238932817
1095.7,0.183474999962718,1.54167499508686,0.317861115682138,3.12057238932799
1095.8,0.183474999962805,1.54167499509685,0.317861115682096,3.12057238932781
1095.9,0.183474999962892,1.54167499510679,0.317861115682055,3.12057238932762
1096,0.183474999962979,1.54167499511673,0.317861115682014,3.12057238932744
1096.1,0.183474999963066,1.54167499512665,0.317861115681972,3.12057238932726
1096.2,0.183474999963152,1.54167499513654,0.317861115681931,3.12057238932708
1096.3,0.183474999963239,1.54167499514643,0.31786111568189,3.1205723893269
1096.4,0.183474999963325,1.54167499515627,0.317861115681849,3.12057238932671
1096.5,0.18347499996341,1.54167499516611,0.317861115681808,3.12057238932654
1096.6,0.183474999963496,1.54167499517592,0.317861115681767,3.12057238932635
1096.7,0.183474999963582,1.54167499518571,0.317861115681727,3.12057238932618
1096.8,0.183474999963667,1.5416749951955,0.317861115681686,3.120572389326
1096.9,0.183474999963752,1.54167499520524,0.317861115681645,3.12057238932582
1097,0.183474999963837,1.54167499521498,0.317861115681605,3.12057238932564
1097.1,0.183474999963921,1.54167499522469,0.317861115681565,3.12057238932546
1097.2,0.183474999964006,1.54167499523439,0.317861115681525,3.12057238932529
1097.3,0.18347499996409,1.54167499524407,0.317861115681485,3.12057238932511
1097.4,0.183474999964174,1.54167499525371,0.317861115681445,3.12057238932494
1097.5,0.183474999964258,1.54167499526336,0.317861115681405,3.12057238932476
1097.6,0.183474999964342,1.54167499527297,0.317861115681365,3.12057238932459
1097.7,0.183474999964425,1.54167499528257,0.317861115681325,3.12057238932441
1097.8,0.183474999964508,1.54167499529216,0.317861115681286,3.12057238932424
1097.9,0.183474999964591,1.5416749953017,0.317861115681246,3.12057238932406
1098,0.183474999964674,1.54167499531125,0.317861115681206,3.12057238932389
1098.1,0.183474999964757,1.54167499532077,0.317861115681167,3.12057238932371
1098.2,0.18347499996484,1.54167499533026,0.317861115681127,3.12057238932354
1098.3,0.183474999964922,1.54167499533976,0.317861115681089,3.12057238932337
1098.4,0.183474999965004,1.54167499534921,0.31786111568105,3.1205723893232
1098.5,0.183474999965086,1.54167499535866,0.31786111568101,3.12057238932303
1098.6,0.183474999965168,1.54167499536808,0.317861115680971,3.12057238932286
1098.7,0.183474999965249,1.54167499537748,0.317861115680933,3.12057238932269
1098.8,0.183474999965331,1.54167499538687,0.317861115680894,3.12057238932252
1098.9,0.183474999965412,1.54167499539623,0.317861115680855,3.12057238932234
1099,0.183474999965493,1.54167499540558,0.317861115680817,3.12057238932217
1099.1,0.183474999965574,1.54167499541491,0.317861115680779,3.12057238932201
1099.2,0.183474999965654,1.54167499542421,0.31786111568074,3.12057238932184
1099.3,0.183474999965735,1.54167499543352,0.317861115680702,3.12057238932167
1099.4,0.183474999965815,1.54167499544277,0.317861115680664,3.1205723893215
1099.5,0.183474999965895,1.54167499545203,0.317861115680626,3.12057238932133
1099.6,0.183474999965975,1.54167499546126,0.317861115680588,3.12057238932117
1099.7,0.183474999966054,1.54167499547048,0.31786111568055,3.120572389321
1099.8,0.183474999966134,1.54167499547969,0.317861115680512,3.12057238932083
1099.9,0.183474999966213,1.54167499548885,0.317861115680474,3.12057238932067
1100,0.183474999966292,1.54167499549802,0.317861115680437,3.1205723893205
1100.1,0.183474999966371,1.54167499550716,0.317861115680399,3.12057238932034
1100.2,0.18347499996645,1.54167499551627,0.317861115680361,3.12057238932017
1100.3,0.183474999966528,1.54167499552539,0.317861115680324,3.12057238932
1100.4,0.183474999966606,1.54167499553446,0.317861115680287,3.12057238931984
1100.5,0.183474999966685,1.54167499554353,0.317861115680249,3.12057238931968
1100.6,0.183474999966763,1.54167499555258,0.317861115680212,3.12057238931951
1100.7,0.183474999966841,1.54167499556161,0.317861115680175,3.12057238931935
1100.8,0.183474999966918,1.54167499557063,0.317861115680138,3.12057238931919
1100.9,0.183474999966996,1.54167499557961,0.317861115680101,3.12057238931902
1101,0.183474999967073,1.54167499558859,0.317861115680064,3.12057238931887
1101.1,0.18347499996715,1.54167499559755,0.317861115680028,3.1205723893187
1101.2,0.183474999967227,1.54167499560648,0.317861115679991,3.12057238931854
1101.3,0.183474999967304,1.54167499561542,0.317861115679955,3.12057238931838
1101.4,0.18347499996738,1.54167499562431,0.317861115679919,3.12057238931822
1101.5,0.183474999967457,1.54167499563319,0.317861115679882,3.12057238931806
1101.6,0.183474999967533,1.54167499564206,0.317861115679846,3.1205723893179
1101.7,0.183474999967609,1.54167499565091,0.31786111567981,3.12057238931774
1101.8,0.183474999967685,1.54167499565975,0.317861115679773,3.12057238931758
1101.9,0.18347499996776,1.54167499566855,0.317861115679737,3.12057238931743
1102,0.183474999967836,1.54167499567735,0.317861115679702,3.12057238931727
1102.1,0.183474999967911,1.54167499568612,0.317861115679666,3.12057238931711
1102.2,0.183474999967986,1.54167499569488,0.31786111567963,3.12057238931695
1102.3,0.183474999968061,1.54167499570363,0.317861115679594,3.1205723893168
1102.4,0.183474999968136,1.54167499571234,0.317861115679559,3.12057238931664
1102.5,0.18347499996821,1.54167499572105,0.317861115679524,3.12057238931649
1102.6,0.183474999968285,1.54167499572974,0.317861115679488,3.12057238931633
1102.7,0.183474999968359,1.54167499573841,0.317861115679453,3.12057238931617
1102.8,0.183474999968433,1.54167499574707,0.317861115679417,3.12057238931602
1102.9,0.183474999968507,1.54167499575569,0.317861115679382,3.12057238931586
1103,0.183474999968581,1.54167499576432,0.317861115679347,3.12057238931571
1103.1,0.183474999968654,1.54167499577291,0.317861115679312,3.12057238931555
1103.2,0.183474999968728,1.54167499578149,0.317861115679277,3.1205723893154
1103.3,0.183474999968801,1.54167499579007,0.317861115679243,3.12057238931525
1103.4,0.183474999968874,1.54167499579861,0.317861115679208,3.1205723893151
1103.5,0.183474999968947,1.54167499580714,0.317861115679173,3.12057238931494
1103.6,0.183474999969019,1.54167499581565,0.317861115679138,3.12057238931479
1103.7,0.183474999969092,1.54167499582415,0.317861115679104,3.12057238931464
1103.8,0.183474999969164,1.54167499583264,0.31786111567907,3.12057238931449
1103.9,0.183474999969236,1.54167499584109,0.317861115679035,3.12057238931434
1104,0.183474999969308,1.54167499584954,0.317861115679001,3.12057238931419
1104.1,0.18347499996938,1.54167499585796,0.317861115678967,3.12057238931403
1104.2,0.183474999969452,1.54167499586637,0.317861115678932,3.12057238931389
1104.3,0.183474999969523,1.54167499587477,0.317861115678899,3.12057238931374
1104.4,0.183474999969594,1.54167499588314,0.317861115678865,3.12057238931359
1104.5,0.183474999969666,1.5416749958915,0.317861115678831,3.12057238931344
1104.6,0.183474999969737,1.54167499589984,0.317861115678797,3.12057238931329
1104.7,0.183474999969807,1.54167499590816,0.317861115678763,3.12057238931314
1104.8,0.183474999969878,1.54167499591648,0.31786111567873,3.12057238931299
1104.9,0.183474999969948,1.54167499592476,0.317861115678697,3.12057238931285
1105,0.183474999970019,1.54167499593304,0.317861115678663,3.1205723893127
1105.1,0.183474999970089,1.5416749959413,0.31786111567863,3.12057238931255
1105.2,0.183474999970159,1.54167499594953,0.317861115678596,3.1205723893124
1105.3,0.183474999970229,1.54167499595777,0.317861115678563,3.12057238931226
1105.4,0.183474999970299,1.54167499596596,0.31786111567853,3.12057238931211
1105.5,0.183474999970368,1.54167499597416,0.317861115678497,3.12057238931197
1105.6,0.183474999970437,1.54167499598233,0.317861115678464,3.12057238931182
1105.7,0.183474999970507,1.54167499599049,0.317861115678431,3.12057238931168
1105.8,0.183474999970576,1.54167499599864,0.317861115678398,3.12057238931153
1105.9,0.183474999970644,1.54167499600675,0.317861115678365,3.12057238931139
1106,0.183474999970713,1.54167499601487,0.317861115678333,3.12057238931124
1106.1,0.183474999970782,1.54167499602296,0.3178611156783,3.1205723893111
1106.2,0.18347499997085,1.54167499603103,0.317861115678267,3.12057238931096
1106.3,0.183474999970919,1.5416749960391,0.317861115678234,3.12057238931081
1106.4,0.183474999970987,1.54167499604713,0.317861115678202,3.12057238931067
1106.5,0.183474999971055,1.54167499605516,0.31786111567817,3.12057238931053
1106.6,0.183474999971122,1.54167499606317,0.317861115678138,3.12057238931039
1106.7,0.18347499997119,1.54167499607116,0.317861115678106,3.12057238931025
1106.8,0.183474999971257,1.54167499607915,0.317861115678074,3.1205723893101
1106.9,0.183474999971325,1.5416749960871,0.317861115678041,3.12057238930996
1107,0.183474999971392,1.54167499609505,0.31786111567801,3.12057238930982
1107.1,0.183474999971459,1.54167499610298,0.317861115677978,3.12057238930968
1107.2,0.183474999971526,1.54167499611089,0.317861115677946,3.12057238930954
1107.3,0.183474999971592,1.5416749961188,0.317861115677914,3.1205723893094
1107.4,0.183474999971659,1.54167499612667,0.317861115677882,3.12057238930926
1107.5,0.183474999971725,1.54167499613454,0.317861115677851,3.12057238930913
1107.6,0.183474999971792,1.54167499614238,0.317861115677819,3.12057238930899
1107.7,0.183474999971858,1.54167499615021,0.317861115677788,3.12057238930885
1107.8,0.183474999971924,1.54167499615804,0.317861115677756,3.12057238930871
1107.9,0.183474999971989,1.54167499616583,0.317861115677725,3.12057238930857
1108,0.183474999972055,1.54167499617362,0.317861115677694,3.12057238930843
1108.1,0.18347499997212,1.54167499618139,0.317861115677663,3.1205723893083
1108.2,0.183474999972185,1.54167499618914,0.317861115677631,3.12057238930816
1108.3,0.183474999972251,1.54167499619689,0.3178611156776,3.12057238930802
1108.4,0.183474999972316,1.5416749962046,0.31786111567757,3.12057238930789
1108.5,0.18347499997238,1.54167499621231,0.317861115677539,3.12057238930775
1108.6,0.183474999972445,1.54167499622,0.317861115677508,3.12057238930762
1108.7,0.183474999972509,1.54167499622767,0.317861115677477,3.12057238930748
1108.8,0.183474999972574,1.54167499623534,0.317861115677447,3.12057238930735
1108.9,0.183474999972638,1.54167499624298,0.317861115677416,3.12057238930721
1109,0.183474999972702,1.54167499625061,0.317861115677385,3.12057238930708
1109.1,0.183474999972766,1.54167499625822,0.317861115677355,3.12057238930695
1109.2,0.18347499997283,1.54167499626581,0.317861115677325,3.12057238930681
1109.3,0.183474999972893,1.54167499627341,0.317861115677294,3.12057238930668
1109.4,0.183474999972957,1.54167499628096,0.317861115677264,3.12057238930655
1109.5,0.18347499997302,1.54167499628852,0.317861115677234,3.12057238930641
1109.6,0.183474999973083,1.54167499629606,0.317861115677204,3.12057238930628
1109.7,0.183474999973146,1.54167499630357,0.317861115677174,3.12057238930615
1109.8,0.183474999973209,1.54167499631109,0.317861115677144,3.12057238930601
1109.9,0.183474999973272,1.54167499631857,0.317861115677114,3.12057238930588
1110,0.183474999973334,1.54167499632605,0.317861115677084,3.12057238930575
1110.1,0.183474999973397,1.54167499633351,0.317861115677054,3.12057238930562
1110.2,0.183474999973459,1.54167499634095,0.317861115677025,3.12057238930549
1110.3,0.183474999973521,1.54167499634839,0.317861115676996,3.12057238930536
1110.4,0.183474999973583,1.54167499635579,0.317861115676966,3.12057238930523
1110.5,0.183474999973645,1.5416749963632,0.317861115676937,3.1205723893051
1110.6,0.183474999973707,1.54167499637058,0.317861115676907,3.12057238930498
1110.7,0.183474999973768,1.54167499637795,0.317861115676878,3.12057238930485
1110.8,0.18347499997383,1.54167499638531,0.317861115676849,3.12057238930472
1110.9,0.183474999973891,1.54167499639264,0.31786111567682,3.12057238930459
1111,0.183474999973952,1.54167499639997,0.317861115676791,3.12057238930446
1111.1,0.183474999974013,1.54167499640728,0.317861115676761,3.12057238930433
1111.2,0.183474999974074,1.54167499641457,0.317861115676733,3.12057238930421
1111.3,0.183474999974134,1.54167499642186,0.317861115676704,3.12057238930408
1111.4,0.183474999974195,1.54167499642911,0.317861115676675,3.12057238930395
1111.5,0.183474999974255,1.54167499643637,0.317861115676647,3.12057238930383
1111.6,0.183474999974316,1.5416749964436,0.317861115676618,3.1205723893037
1111.7,0.183474999974375,1.54167499645082,0.317861115676589,3.12057238930357
1111.8,0.183474999974436,1.54167499645804,0.317861115676561,3.12057238930345
1111.9,0.183474999974495,1.54167499646522,0.317861115676533,3.12057238930332
1112,0.183474999974555,1.5416749964724,0.317861115676504,3.1205723893032
1112.1,0.183474999974614,1.54167499647956,0.317861115676476,3.12057238930308
1112.2,0.183474999974674,1.54167499648671,0.317861115676448,3.12057238930295
1112.3,0.183474999974733,1.54167499649385,0.317861115676419,3.12057238930283
1112.4,0.183474999974792,1.54167499650096,0.317861115676391,3.1205723893027
1112.5,0.183474999974851,1.54167499650807,0.317861115676363,3.12057238930258
1112.6,0.18347499997491,1.54167499651516,0.317861115676335,3.12057238930246
1112.7,0.183474999974969,1.54167499652223,0.317861115676307,3.12057238930233
1112.8,0.183474999975028,1.54167499652931,0.317861115676279,3.12057238930221
1112.9,0.183474999975086,1.54167499653634,0.317861115676251,3.12057238930209
1113,0.183474999975145,1.54167499654338,0.317861115676223,3.12057238930197
1113.1,0.183474999975203,1.5416749965504,0.317861115676196,3.12057238930184
1113.2,0.183474999975261,1.5416749965574,0.317861115676168,3.12057238930172
1113.3,0.183474999975319,1.5416749965644,0.31786111567614,3.1205723893016
1113.4,0.183474999975376,1.54167499657137,0.317861115676113,3.12057238930148
1113.5,0.183474999975434,1.54167499657833,0.317861115676085,3.12057238930136
1113.6,0.183474999975492,1.54167499658528,0.317861115676058,3.12057238930123
1113.7,0.183474999975549,1.54167499659221,0.317861115676031,3.12057238930112
1113.8,0.183474999975606,1.54167499659914,0.317861115676003,3.120572389301
1113.9,0.183474999975663,1.54167499660604,0.317861115675976,3.12057238930088
1114,0.18347499997572,1.54167499661293,0.317861115675949,3.12057238930076
1114.1,0.183474999975777,1.54167499661981,0.317861115675922,3.12057238930064
1114.2,0.183474999975834,1.54167499662667,0.317861115675895,3.12057238930052
1114.3,0.183474999975891,1.54167499663353,0.317861115675868,3.1205723893004
1114.4,0.183474999975947,1.54167499664036,0.317861115675841,3.12057238930028
1114.5,0.183474999976003,1.54167499664718,0.317861115675814,3.12057238930016
1114.6,0.183474999976059,1.54167499665399,0.317861115675788,3.12057238930005
1114.7,0.183474999976116,1.54167499666078,0.317861115675761,3.12057238929993
1114.8,0.183474999976172,1.54167499666758,0.317861115675734,3.12057238929981
1114.9,0.183474999976227,1.54167499667433,0.317861115675708,3.1205723892997
1115,0.183474999976283,1.54167499668109,0.317861115675681,3.12057238929958
1115.1,0.183474999976338,1.54167499668783,0.317861115675655,3.12057238929946
1115.2,0.183474999976394,1.54167499669455,0.317861115675629,3.12057238929935
1115.3,0.183474999976449,1.54167499670127,0.317861115675602,3.12057238929923
1115.4,0.183474999976504,1.54167499670796,0.317861115675576,3.12057238929912
1115.5,0.183474999976559,1.54167499671465,0.31786111567555,3.120572389299
1115.6,0.183474999976614,1.54167499672132,0.317861115675524,3.12057238929889
1115.7,0.183474999976669,1.54167499672798,0.317861115675498,3.12057238929877
1115.8,0.183474999976724,1.54167499673463,0.317861115675472,3.12057238929866
1115.9,0.183474999976778,1.54167499674125,0.317861115675446,3.12057238929854
1116,0.183474999976832,1.54167499674787,0.31786111567542,3.12057238929843
1116.1,0.183474999976886,1.54167499675448,0.317861115675394,3.12057238929832
1116.2,0.183474999976941,1.54167499676106,0.317861115675369,3.1205723892982
1116.3,0.183474999976995,1.54167499676765,0.317861115675343,3.12057238929809
1116.4,0.183474999977048,1.5416749967742,0.317861115675317,3.12057238929798
1116.5,0.183474999977102,1.54167499678076,0.317861115675291,3.12057238929786
1116.6,0.183474999977156,1.54167499678729,0.317861115675266,3.12057238929775
1116.7,0.183474999977209,1.54167499679382,0.31786111567524,3.12057238929764
1116.8,0.183474999977263,1.54167499680033,0.317861115675215,3.12057238929753
1116.9,0.183474999977316,1.54167499680682,0.31786111567519,3.12057238929742
1117,0.183474999977369,1.54167499681331,0.317861115675164,3.12057238929731
1117.1,0.183474999977422,1.54167499681978,0.317861115675139,3.1205723892972
1117.2,0.183474999977475,1.54167499682623,0.317861115675114,3.12057238929708
1117.3,0.183474999977528,1.54167499683269,0.317861115675089,3.12057238929698
1117.4,0.18347499997758,1.54167499683911,0.317861115675064,3.12057238929686
1117.5,0.183474999977633,1.54167499684553,0.317861115675039,3.12057238929675
1117.6,0.183474999977685,1.54167499685194,0.317861115675014,3.12057238929664
1117.7,0.183474999977737,1.54167499685833,0.317861115674989,3.12057238929653
1117.8,0.183474999977789,1.54167499686471,0.317861115674964,3.12057238929643
1117.9,0.183474999977841,1.54167499687107,0.31786111567494,3.12057238929632
1118,0.183474999977893,1.54167499687743,0.317861115674915,3.12057238929621
1118.1,0.183474999977945,1.54167499688377,0.31786111567489,3.1205723892961
1118.2,0.183474999977996,1.5416749968901,0.317861115674865,3.12057238929599
1118.3,0.183474999978048,1.54167499689642,0.317861115674841,3.12057238929588
1118.4,0.183474999978099,1.54167499690271,0.317861115674816,3.12057238929578
1118.5,0.183474999978151,1.54167499690901,0.317861115674792,3.12057238929567
1118.6,0.183474999978202,1.54167499691528,0.317861115674767,3.12057238929556
1118.7,0.183474999978253,1.54167499692154,0.317861115674743,3.12057238929545
1118.8,0.183474999978304,1.5416749969278,0.317861115674719,3.12057238929535
1118.9,0.183474999978354,1.54167499693403,0.317861115674695,3.12057238929524
1119,0.183474999978405,1.54167499694026,0.317861115674671,3.12057238929513
1119.1,0.183474999978455,1.54167499694648,0.317861115674647,3.12057238929503
1119.2,0.183474999978506,1.54167499695268,0.317861115674623,3.12057238929492
1119.3,0.183474999978556,1.54167499695887,0.317861115674599,3.12057238929482
1119.4,0.183474999978606,1.54167499696504,0.317861115674575,3.12057238929471
1119.5,0.183474999978656,1.54167499697121,0.317861115674551,3.1205723892946
1119.6,0.183474999978707,1.54167499697736,0.317861115674527,3.1205723892945
1119.7,0.183474999978756,1.54167499698349,0.317861115674503,3.1205723892944
1119.8,0.183474999978806,1.54167499698963,0.31786111567448,3.1205723892943
1119.9,0.183474999978856,1.54167499699573,0.317861115674456,3.12057238929419
1120,0.183474999978905,1.54167499700184,0.317861115674432,3.12057238929409
1120.1,0.183474999978955,1.54167499700793,0.317861115674409,3.12057238929398
1120.2,0.183474999979004,1.541674997014,0.317861115674386,3.12057238929388
1120.3,0.183474999979053,1.54167499702007,0.317861115674362,3.12057238929378
1120.4,0.183474999979102,1.54167499702611,0.317861115674339,3.12057238929368
1120.5,0.183474999979151,1.54167499703215,0.317861115674316,3.12057238929358
1120.6,0.1834749999792,1.54167499703818,0.317861115674293,3.12057238929347
1120.7,0.183474999979248,1.54167499704419,0.31786111567427,3.12057238929337
1120.8,0.183474999979297,1.5416749970502,0.317861115674246,3.12057238929327
1120.9,0.183474999979345,1.54167499705618,0.317861115674224,3.12057238929317
1121,0.183474999979394,1.54167499706216,0.317861115674201,3.12057238929307
1121.1,0.183474999979442,1.54167499706813,0.317861115674178,3.12057238929297
1121.2,0.18347499997949,1.54167499707408,0.317861115674155,3.12057238929287
1121.3,0.183474999979538,1.54167499708003,0.317861115674132,3.12057238929276
1121.4,0.183474999979586,1.54167499708595,0.317861115674109,3.12057238929267
1121.5,0.183474999979633,1.54167499709187,0.317861115674087,3.12057238929257
1121.6,0.183474999979681,1.54167499709777,0.317861115674064,3.12057238929246
1121.7,0.183474999979728,1.54167499710366,0.317861115674041,3.12057238929237
1121.8,0.183474999979776,1.54167499710955,0.317861115674019,3.12057238929227
1121.9,0.183474999979823,1.54167499711541,0.317861115673997,3.12057238929217
1122,0.18347499997987,1.54167499712127,0.317861115673974,3.12057238929207
1122.1,0.183474999979918,1.54167499712712,0.317861115673952,3.12057238929197
1122.2,0.183474999979964,1.54167499713295,0.31786111567393,3.12057238929187
1122.3,0.183474999980011,1.54167499713878,0.317861115673907,3.12057238929177
1122.4,0.183474999980058,1.54167499714458,0.317861115673885,3.12057238929168
1122.5,0.183474999980105,1.54167499715039,0.317861115673863,3.12057238929158
1122.6,0.183474999980152,1.54167499715617,0.31786111567384,3.12057238929148
1122.7,0.183474999980198,1.54167499716195,0.317861115673818,3.12057238929138
1122.8,0.183474999980244,1.54167499716772,0.317861115673796,3.12057238929128
1122.9,0.183474999980291,1.54167499717346,0.317861115673774,3.12057238929119
1123,0.183474999980337,1.5416749971792,0.317861115673752,3.12057238929109
1123.1,0.183474999980383,1.54167499718493,0.317861115673731,3.120572389291
1123.2,0.183474999980429,1.54167499719065,0.317861115673709,3.1205723892909
1123.3,0.183474999980475,1.54167499719636,0.317861115673687,3.1205723892908
1123.4,0.18347499998052,1.54167499720205,0.317861115673665,3.12057238929071
1123.5,0.183474999980566,1.54167499720773,0.317861115673643,3.12057238929061
1123.6,0.183474999980611,1.5416749972134,0.317861115673621,3.12057238929052
1123.7,0.183474999980657,1.54167499721906,0.3178611156736,3.12057238929042
1123.8,0.183474999980702,1.54167499722471,0.317861115673578,3.12057238929033
1123.9,0.183474999980747,1.54167499723034,0.317861115673557,3.12057238929023
1124,0.183474999980792,1.54167499723597,0.317861115673535,3.12057238929014
1124.1,0.183474999980837,1.54167499724158,0.317861115673514,3.12057238929004
1124.2,0.183474999980882,1.54167499724718,0.317861115673492,3.12057238928995
1124.3,0.183474999980927,1.54167499725278,0.317861115673471,3.12057238928986
1124.4,0.183474999980971,1.54167499725835,0.31786111567345,3.12057238928976
1124.5,0.183474999981016,1.54167499726392,0.317861115673429,3.12057238928967
1124.6,0.18347499998106,1.54167499726947,0.317861115673408,3.12057238928958
1124.7,0.183474999981105,1.54167499727502,0.317861115673387,3.12057238928949
1124.8,0.183474999981149,1.54167499728056,0.317861115673365,3.12057238928939
1124.9,0.183474999981193,1.54167499728607,0.317861115673345,3.1205723892893
1125,0.183474999981237,1.54167499729159,0.317861115673324,3.1205723892892
1125.1,0.183474999981281,1.54167499729709,0.317861115673303,3.12057238928911
1125.2,0.183474999981325,1.54167499730258,0.317861115673282,3.12057238928902
1125.3,0.183474999981369,1.54167499730806,0.317861115673261,3.12057238928893
1125.4,0.183474999981412,1.54167499731352,0.31786111567324,3.12057238928884
1125.5,0.183474999981456,1.54167499731898,0.317861115673219,3.12057238928875
1125.6,0.183474999981499,1.54167499732442,0.317861115673199,3.12057238928866
1125.7,0.183474999981542,1.54167499732986,0.317861115673178,3.12057238928857
1125.8,0.183474999981586,1.54167499733528,0.317861115673158,3.12057238928848
1125.9,0.183474999981629,1.54167499734069,0.317861115673137,3.12057238928839
1126,0.183474999981672,1.54167499734609,0.317861115673117,3.1205723892883
1126.1,0.183474999981715,1.54167499735148,0.317861115673096,3.12057238928821
1126.2,0.183474999981757,1.54167499735686,0.317861115673076,3.12057238928812
1126.3,0.1834749999818,1.54167499736223,0.317861115673055,3.12057238928803
1126.4,0.183474999981843,1.54167499736758,0.317861115673035,3.12057238928794
1126.5,0.183474999981886,1.54167499737293,0.317861115673015,3.12057238928785
1126.6,0.183474999981928,1.54167499737827,0.317861115672994,3.12057238928776
1126.7,0.18347499998197,1.54167499738359,0.317861115672974,3.12057238928767
1126.8,0.183474999982012,1.54167499738891,0.317861115672954,3.12057238928758
1126.9,0.183474999982054,1.5416749973942,0.317861115672934,3.1205723892875
1127,0.183474999982096,1.5416749973995,0.317861115672914,3.12057238928741
1127.1,0.183474999982139,1.54167499740478,0.317861115672894,3.12057238928732
1127.2,0.18347499998218,1.54167499741005,0.317861115672874,3.12057238928723
1127.3,0.183474999982222,1.54167499741532,0.317861115672855,3.12057238928714
1127.4,0.183474999982264,1.54167499742056,0.317861115672835,3.12057238928706
1127.5,0.183474999982305,1.5416749974258,0.317861115672815,3.12057238928697
1127.6,0.183474999982347,1.54167499743103,0.317861115672795,3.12057238928688
1127.7,0.183474999982388,1.54167499743624,0.317861115672775,3.1205723892868
1127.8,0.183474999982429,1.54167499744146,0.317861115672755,3.12057238928671
1127.9,0.18347499998247,1.54167499744665,0.317861115672736,3.12057238928662
1128,0.183474999982511,1.54167499745183,0.317861115672717,3.12057238928654
1128.1,0.183474999982552,1.54167499745701,0.317861115672697,3.12057238928645
1128.2,0.183474999982593,1.54167499746217,0.317861115672678,3.12057238928636
1128.3,0.183474999982634,1.54167499746733,0.317861115672658,3.12057238928628
1128.4,0.183474999982674,1.54167499747247,0.317861115672639,3.1205723892862
1128.5,0.183474999982715,1.54167499747761,0.31786111567262,3.12057238928611
1128.6,0.183474999982755,1.54167499748273,0.317861115672601,3.12057238928603
1128.7,0.183474999982796,1.54167499748784,0.317861115672581,3.12057238928594
1128.8,0.183474999982836,1.54167499749295,0.317861115672562,3.12057238928586
1128.9,0.183474999982876,1.54167499749803,0.317861115672543,3.12057238928577
1129,0.183474999982916,1.54167499750311,0.317861115672524,3.12057238928569
1129.1,0.183474999982956,1.54167499750818,0.317861115672505,3.1205723892856
1129.2,0.183474999982996,1.54167499751324,0.317861115672486,3.12057238928552
1129.3,0.183474999983036,1.5416749975183,0.317861115672467,3.12057238928544
1129.4,0.183474999983076,1.54167499752333,0.317861115672448,3.12057238928536
1129.5,0.183474999983116,1.54167499752837,0.317861115672429,3.12057238928527
1129.6,0.183474999983155,1.54167499753338,0.31786111567241,3.12057238928519
1129.7,0.183474999983195,1.54167499753839,0.317861115672391,3.12057238928511
1129.8,0.183474999983234,1.5416749975434,0.317861115672372,3.12057238928502
1129.9,0.183474999983273,1.54167499754838,0.317861115672354,3.12057238928494
1130,0.183474999983312,1.54167499755336,0.317861115672335,3.12057238928486
1130.1,0.183474999983352,1.54167499755833,0.317861115672317,3.12057238928478
1130.2,0.183474999983391,1.54167499756329,0.317861115672298,3.12057238928469
1130.3,0.183474999983429,1.54167499756824,0.317861115672279,3.12057238928461
1130.4,0.183474999983468,1.54167499757317,0.317861115672261,3.12057238928453
1130.5,0.183474999983507,1.54167499757811,0.317861115672242,3.12057238928445
1130.6,0.183474999983545,1.54167499758302,0.317861115672224,3.12057238928437
1130.7,0.183474999983584,1.54167499758793,0.317861115672206,3.12057238928429
1130.8,0.183474999983623,1.54167499759284,0.317861115672188,3.12057238928421
1130.9,0.183474999983661,1.54167499759772,0.317861115672169,3.12057238928413
1131,0.183474999983699,1.5416749976026,0.317861115672151,3.12057238928405
1131.1,0.183474999983737,1.54167499760747,0.317861115672133,3.12057238928397
1131.2,0.183474999983775,1.54167499761232,0.317861115672115,3.12057238928389
1131.3,0.183474999983813,1.54167499761718,0.317861115672097,3.12057238928381
1131.4,0.183474999983851,1.54167499762201,0.317861115672079,3.12057238928373
1131.5,0.183474999983889,1.54167499762685,0.317861115672061,3.12057238928365
1131.6,0.183474999983927,1.54167499763167,0.317861115672043,3.12057238928357
1131.7,0.183474999983964,1.54167499763647,0.317861115672025,3.12057238928349
1131.8,0.183474999984002,1.54167499764128,0.317861115672007,3.12057238928341
1131.9,0.183474999984039,1.54167499764606,0.317861115671989,3.12057238928334
1132,0.183474999984077,1.54167499765085,0.317861115671972,3.12057238928326
1132.1,0.183474999984114,1.54167499765562,0.317861115671954,3.12057238928318
1132.2,0.183474999984151,1.54167499766038,0.317861115671936,3.1205723892831
1132.3,0.183474999984188,1.54167499766513,0.317861115671919,3.12057238928303
1132.4,0.183474999984225,1.54167499766987,0.317861115671901,3.12057238928295
1132.5,0.183474999984262,1.5416749976746,0.317861115671883,3.12057238928287
1132.6,0.183474999984299,1.54167499767932,0.317861115671866,3.12057238928279
1132.7,0.183474999984336,1.54167499768404,0.317861115671848,3.12057238928272
1132.8,0.183474999984372,1.54167499768874,0.317861115671831,3.12057238928264
1132.9,0.183474999984409,1.54167499769343,0.317861115671814,3.12057238928256
1133,0.183474999984445,1.54167499769812,0.317861115671796,3.12057238928249
1133.1,0.183474999984482,1.54167499770279,0.317861115671779,3.12057238928241
1133.2,0.183474999984518,1.54167499770746,0.317861115671761,3.12057238928234
1133.3,0.183474999984554,1.54167499771212,0.317861115671744,3.12057238928226
1133.4,0.18347499998459,1.54167499771676,0.317861115671727,3.12057238928218
1133.5,0.183474999984626,1.5416749977214,0.31786111567171,3.12057238928211
1133.6,0.183474999984662,1.54167499772602,0.317861115671693,3.12057238928203
1133.7,0.183474999984698,1.54167499773064,0.317861115671676,3.12057238928196
1133.8,0.183474999984734,1.54167499773526,0.317861115671659,3.12057238928188
1133.9,0.18347499998477,1.54167499773985,0.317861115671642,3.12057238928181
1134,0.183474999984806,1.54167499774444,0.317861115671625,3.12057238928173
1134.1,0.183474999984841,1.54167499774902,0.317861115671608,3.12057238928166
1134.2,0.183474999984877,1.54167499775359,0.317861115671591,3.12057238928158
1134.3,0.183474999984912,1.54167499775816,0.317861115671574,3.12057238928151
1134.4,0.183474999984947,1.54167499776271,0.317861115671557,3.12057238928143
1134.5,0.183474999984983,1.54167499776725,0.31786111567154,3.12057238928136
1134.6,0.183474999985018,1.54167499777179,0.317861115671524,3.12057238928129
1134.7,0.183474999985053,1.54167499777631,0.317861115671507,3.12057238928121
1134.8,0.183474999985088,1.54167499778083,0.31786111567149,3.12057238928114
1134.9,0.183474999985123,1.54167499778533,0.317861115671474,3.12057238928107
1135,0.183474999985158,1.54167499778983,0.317861115671457,3.120572389281
1135.1,0.183474999985192,1.54167499779432,0.317861115671441,3.12057238928092
1135.2,0.183474999985227,1.5416749977988,0.317861115671424,3.12057238928085
1135.3,0.183474999985261,1.54167499780328,0.317861115671407,3.12057238928078
1135.4,0.183474999985296,1.54167499780773,0.317861115671392,3.1205723892807
1135.5,0.18347499998533,1.54167499781219,0.317861115671375,3.12057238928064
1135.6,0.183474999985365,1.54167499781663,0.317861115671358,3.12057238928056
1135.7,0.183474999985399,1.54167499782106,0.317861115671343,3.12057238928049
1135.8,0.183474999985433,1.54167499782549,0.317861115671326,3.12057238928042
1135.9,0.183474999985467,1.5416749978299,0.31786111567131,3.12057238928035
1136,0.183474999985501,1.54167499783431,0.317861115671294,3.12057238928028
1136.1,0.183474999985535,1.54167499783871,0.317861115671278,3.1205723892802
1136.2,0.183474999985569,1.5416749978431,0.317861115671261,3.12057238928014
1136.3,0.183474999985603,1.54167499784749,0.317861115671245,3.12057238928006
1136.4,0.183474999985637,1.54167499785185,0.317861115671229,3.12057238927999
1136.5,0.183474999985671,1.54167499785622,0.317861115671213,3.12057238927992
1136.6,0.183474999985704,1.54167499786057,0.317861115671198,3.12057238927985
1136.7,0.183474999985738,1.54167499786491,0.317861115671182,3.12057238927978
1136.8,0.183474999985771,1.54167499786926,0.317861115671165,3.12057238927971
1136.9,0.183474999985804,1.54167499787358,0.31786111567115,3.12057238927964
1137,0.183474999985837,1.5416749978779,0.317861115671134,3.12057238927957
1137.1,0.183474999985871,1.54167499788221,0.317861115671118,3.12057238927951
1137.2,0.183474999985904,1.54167499788651,0.317861115671102,3.12057238927944
1137.3,0.183474999985937,1.54167499789081,0.317861115671087,3.12057238927937
1137.4,0.18347499998597,1.54167499789509,0.317861115671071,3.12057238927929
1137.5,0.183474999986003,1.54167499789936,0.317861115671055,3.12057238927923
1137.6,0.183474999986035,1.54167499790363,0.31786111567104,3.12057238927916
1137.7,0.183474999986068,1.54167499790789,0.317861115671024,3.12057238927909
1137.8,0.183474999986101,1.54167499791214,0.317861115671009,3.12057238927902
1137.9,0.183474999986133,1.54167499791637,0.317861115670993,3.12057238927895
1138,0.183474999986166,1.54167499792061,0.317861115670978,3.12057238927889
1138.1,0.183474999986198,1.54167499792483,0.317861115670962,3.12057238927882
1138.2,0.18347499998623,1.54167499792904,0.317861115670947,3.12057238927875
1138.3,0.183474999986263,1.54167499793326,0.317861115670932,3.12057238927868
1138.4,0.183474999986295,1.54167499793745,0.317861115670916,3.12057238927862
1138.5,0.183474999986327,1.54167499794164,0.317861115670901,3.12057238927855
1138.6,0.183474999986359,1.54167499794582,0.317861115670885,3.12057238927848
1138.7,0.183474999986391,1.54167499794999,0.31786111567087,3.12057238927841
1138.8,0.183474999986423,1.54167499795416,0.317861115670855,3.12057238927835
1138.9,0.183474999986454,1.54167499795831,0.31786111567084,3.12057238927828
1139,0.183474999986486,1.54167499796246,0.317861115670825,3.12057238927821
1139.1,0.183474999986518,1.5416749979666,0.31786111567081,3.12057238927815
1139.2,0.183474999986549,1.54167499797072,0.317861115670795,3.12057238927808
1139.3,0.183474999986581,1.54167499797485,0.31786111567078,3.12057238927802
1139.4,0.183474999986612,1.54167499797896,0.317861115670765,3.12057238927795
1139.5,0.183474999986643,1.54167499798307,0.31786111567075,3.12057238927788
1139.6,0.183474999986675,1.54167499798716,0.317861115670735,3.12057238927782
1139.7,0.183474999986706,1.54167499799125,0.31786111567072,3.12057238927775
1139.8,0.183474999986737,1.54167499799533,0.317861115670705,3.12057238927769
1139.9,0.183474999986768,1.5416749979994,0.317861115670691,3.12057238927762
1140,0.183474999986799,1.54167499800346,0.317861115670676,3.12057238927756
1140.1,0.18347499998683,1.54167499800752,0.317861115670661,3.12057238927749
1140.2,0.183474999986861,1.54167499801156,0.317861115670647,3.12057238927743
1140.3,0.183474999986891,1.54167499801561,0.317861115670632,3.12057238927737
1140.4,0.183474999986922,1.54167499801963,0.317861115670617,3.1205723892773
1140.5,0.183474999986953,1.54167499802366,0.317861115670603,3.12057238927724
1140.6,0.183474999986983,1.54167499802767,0.317861115670588,3.12057238927717
1140.7,0.183474999987014,1.54167499803167,0.317861115670574,3.12057238927711
1140.8,0.183474999987044,1.54167499803567,0.317861115670559,3.12057238927704
1140.9,0.183474999987075,1.54167499803966,0.317861115670545,3.12057238927698
1141,0.183474999987105,1.54167499804364,0.317861115670531,3.12057238927692
1141.1,0.183474999987135,1.54167499804761,0.317861115670516,3.12057238927686
1141.2,0.183474999987165,1.54167499805158,0.317861115670502,3.12057238927679
1141.3,0.183474999987195,1.54167499805554,0.317861115670487,3.12057238927673
1141.4,0.183474999987225,1.54167499805949,0.317861115670473,3.12057238927667
1141.5,0.183474999987255,1.54167499806343,0.317861115670458,3.1205723892766
1141.6,0.183474999987285,1.54167499806736,0.317861115670444,3.12057238927654
1141.7,0.183474999987315,1.54167499807129,0.31786111567043,3.12057238927648
1141.8,0.183474999987344,1.54167499807521,0.317861115670416,3.12057238927641
1141.9,0.183474999987374,1.54167499807911,0.317861115670402,3.12057238927635
1142,0.183474999987404,1.54167499808302,0.317861115670388,3.12057238927629
1142.1,0.183474999987433,1.54167499808691,0.317861115670374,3.12057238927623
1142.2,0.183474999987462,1.5416749980908,0.31786111567036,3.12057238927617
1142.3,0.183474999987492,1.54167499809468,0.317861115670346,3.12057238927611
1142.4,0.183474999987521,1.54167499809854,0.317861115670332,3.12057238927605
1142.5,0.18347499998755,1.54167499810241,0.317861115670318,3.12057238927598
1142.6,0.183474999987579,1.54167499810626,0.317861115670304,3.12057238927592
1142.7,0.183474999987608,1.54167499811011,0.317861115670291,3.12057238927586
1142.8,0.183474999987637,1.54167499811395,0.317861115670277,3.1205723892758
1142.9,0.183474999987666,1.54167499811777,0.317861115670263,3.12057238927574
1143,0.183474999987695,1.5416749981216,0.317861115670249,3.12057238927568
1143.1,0.183474999987724,1.54167499812542,0.317861115670236,3.12057238927562
1143.2,0.183474999987753,1.54167499812922,0.317861115670222,3.12057238927556
1143.3,0.183474999987781,1.54167499813303,0.317861115670208,3.1205723892755
1143.4,0.18347499998781,1.54167499813681,0.317861115670195,3.12057238927544
1143.5,0.183474999987839,1.5416749981406,0.317861115670181,3.12057238927538
1143.6,0.183474999987867,1.54167499814437,0.317861115670168,3.12057238927532
1143.7,0.183474999987895,1.54167499814814,0.317861115670154,3.12057238927526
1143.8,0.183474999987924,1.54167499815191,0.317861115670141,3.1205723892752
1143.9,0.183474999987952,1.54167499815566,0.317861115670127,3.12057238927514
1144,0.18347499998798,1.5416749981594,0.317861115670114,3.12057238927509
1144.1,0.183474999988008,1.54167499816314,0.3178611156701,3.12057238927503
1144.2,0.183474999988036,1.54167499816687,0.317861115670087,3.12057238927497
1144.3,0.183474999988064,1.5416749981706,0.317861115670074,3.12057238927491
1144.4,0.183474999988092,1.54167499817431,0.317861115670061,3.12057238927485
1144.5,0.18347499998812,1.54167499817802,0.317861115670048,3.12057238927479
1144.6,0.183474999988147,1.54167499818172,0.317861115670034,3.12057238927474
1144.7,0.183474999988175,1.54167499818541,0.317861115670021,3.12057238927468
1144.8,0.183474999988203,1.5416749981891,0.317861115670008,3.12057238927462
1144.9,0.183474999988231,1.54167499819277,0.317861115669995,3.12057238927456
1145,0.183474999988258,1.54167499819645,0.317861115669981,3.1205723892745
1145.1,0.183474999988286,1.54167499820011,0.317861115669969,3.12057238927444
1145.2,0.183474999988313,1.54167499820377,0.317861115669956,3.12057238927439
1145.3,0.183474999988341,1.54167499820742,0.317861115669943,3.12057238927433
1145.4,0.183474999988368,1.54167499821105,0.317861115669929,3.12057238927427
1145.5,0.183474999988395,1.54167499821469,0.317861115669916,3.12057238927422
1145.6,0.183474999988422,1.54167499821832,0.317861115669903,3.12057238927416
1145.7,0.18347499998845,1.54167499822193,0.31786111566989,3.1205723892741
1145.8,0.183474999988476,1.54167499822555,0.317861115669877,3.12057238927405
1145.9,0.183474999988503,1.54167499822915,0.317861115669865,3.12057238927399
1146,0.183474999988531,1.54167499823275,0.317861115669852,3.12057238927394
1146.1,0.183474999988557,1.54167499823633,0.317861115669839,3.12057238927388
1146.2,0.183474999988584,1.54167499823992,0.317861115669826,3.12057238927382
1146.3,0.183474999988611,1.54167499824349,0.317861115669814,3.12057238927376
1146.4,0.183474999988637,1.54167499824706,0.317861115669801,3.12057238927371
1146.5,0.183474999988664,1.54167499825062,0.317861115669788,3.12057238927365
1146.6,0.183474999988691,1.54167499825418,0.317861115669776,3.1205723892736
1146.7,0.183474999988717,1.54167499825772,0.317861115669762,3.12057238927354
1146.8,0.183474999988744,1.54167499826127,0.31786111566975,3.12057238927349
1146.9,0.18347499998877,1.54167499826479,0.317861115669737,3.12057238927343
1147,0.183474999988796,1.54167499826832,0.317861115669725,3.12057238927337
1147.1,0.183474999988823,1.54167499827184,0.317861115669712,3.12057238927332
1147.2,0.183474999988849,1.54167499827535,0.3178611156697,3.12057238927326
1147.3,0.183474999988875,1.54167499827885,0.317861115669687,3.12057238927321
1147.4,0.183474999988901,1.54167499828234,0.317861115669675,3.12057238927316
1147.5,0.183474999988927,1.54167499828584,0.317861115669663,3.1205723892731
1147.6,0.183474999988953,1.54167499828932,0.31786111566965,3.12057238927305
1147.7,0.183474999988979,1.54167499829279,0.317861115669638,3.12057238927299
1147.8,0.183474999989004,1.54167499829627,0.317861115669626,3.12057238927294
1147.9,0.18347499998903,1.54167499829972,0.317861115669613,3.12057238927288
1148,0.183474999989056,1.54167499830318,0.317861115669602,3.12057238927283
1148.1,0.183474999989081,1.54167499830662,0.317861115669589,3.12057238927278
1148.2,0.183474999989107,1.54167499831006,0.317861115669577,3.12057238927272
1148.3,0.183474999989133,1.5416749983135,0.317861115669565,3.12057238927267
1148.4,0.183474999989158,1.54167499831692,0.317861115669552,3.12057238927262
1148.5,0.183474999989183,1.54167499832034,0.31786111566954,3.12057238927257
1148.6,0.183474999989209,1.54167499832375,0.317861115669528,3.12057238927251
1148.7,0.183474999989234,1.54167499832715,0.317861115669516,3.12057238927246
1148.8,0.183474999989259,1.54167499833056,0.317861115669504,3.1205723892724
1148.9,0.183474999989284,1.54167499833394,0.317861115669492,3.12057238927235
1149,0.183474999989309,1.54167499833733,0.317861115669481,3.1205723892723
1149.1,0.183474999989334,1.5416749983407,0.317861115669469,3.12057238927225
1149.2,0.183474999989359,1.54167499834407,0.317861115669457,3.12057238927219
1149.3,0.183474999989384,1.54167499834744,0.317861115669445,3.12057238927214
1149.4,0.183474999989409,1.54167499835079,0.317861115669433,3.12057238927209
1149.5,0.183474999989434,1.54167499835414,0.317861115669421,3.12057238927204
1149.6,0.183474999989458,1.54167499835749,0.317861115669409,3.12057238927199
1149.7,0.183474999989483,1.54167499836082,0.317861115669398,3.12057238927193
1149.8,0.183474999989508,1.54167499836415,0.317861115669386,3.12057238927188
1149.9,0.183474999989532,1.54167499836747,0.317861115669374,3.12057238927183
1150,0.183474999989557,1.54167499837079,0.317861115669363,3.12057238927178
1150.1,0.183474999989581,1.5416749983741,0.317861115669351,3.12057238927173
1150.2,0.183474999989606,1.5416749983774,0.317861115669339,3.12057238927168
1150.3,0.18347499998963,1.5416749983807,0.317861115669328,3.12057238927163
1150.4,0.183474999989654,1.54167499838398,0.317861115669316,3.12057238927158
1150.5,0.183474999989679,1.54167499838727,0.317861115669304,3.12057238927153
1150.6,0.183474999989703,1.54167499839055,0.317861115669293,3.12057238927148
1150.7,0.183474999989727,1.54167499839381,0.317861115669281,3.12057238927142
1150.8,0.183474999989751,1.54167499839708,0.31786111566927,3.12057238927137
1150.9,0.183474999989775,1.54167499840033,0.317861115669258,3.12057238927132
1151,0.183474999989799,1.54167499840358,0.317861115669247,3.12057238927127
1151.1,0.183474999989823,1.54167499840683,0.317861115669235,3.12057238927122
1151.2,0.183474999989847,1.54167499841006,0.317861115669224,3.12057238927117
1151.3,0.183474999989871,1.5416749984133,0.317861115669212,3.12057238927112
1151.4,0.183474999989894,1.54167499841652,0.317861115669201,3.12057238927107
1151.5,0.183474999989918,1.54167499841974,0.31786111566919,3.12057238927102
1151.6,0.183474999989942,1.54167499842294,0.317861115669179,3.12057238927097
1151.7,0.183474999989965,1.54167499842615,0.317861115669167,3.12057238927092
1151.8,0.183474999989989,1.54167499842935,0.317861115669156,3.12057238927087
1151.9,0.183474999990012,1.54167499843253,0.317861115669144,3.12057238927083
1152,0.183474999990036,1.54167499843572,0.317861115669134,3.12057238927077
1152.1,0.183474999990059,1.5416749984389,0.317861115669122,3.12057238927073
1152.2,0.183474999990082,1.54167499844207,0.317861115669111,3.12057238927068
1152.3,0.183474999990106,1.54167499844523,0.3178611156691,3.12057238927063
1152.4,0.183474999990129,1.54167499844839,0.31786111566909,3.12057238927058
1152.5,0.183474999990152,1.54167499845154,0.317861115669078,3.12057238927053
1152.6,0.183474999990175,1.54167499845469,0.317861115669068,3.12057238927048
1152.7,0.183474999990198,1.54167499845782,0.317861115669057,3.12057238927044
1152.8,0.183474999990221,1.54167499846096,0.317861115669046,3.12057238927039
1152.9,0.183474999990244,1.54167499846408,0.317861115669035,3.12057238927034
1153,0.183474999990266,1.5416749984672,0.317861115669024,3.12057238927029
1153.1,0.183474999990289,1.54167499847032,0.317861115669013,3.12057238927024
1153.2,0.183474999990312,1.54167499847342,0.317861115669002,3.12057238927019
1153.3,0.183474999990334,1.54167499847653,0.317861115668991,3.12057238927015
1153.4,0.183474999990357,1.54167499847962,0.317861115668981,3.1205723892701
1153.5,0.18347499999038,1.54167499848271,0.31786111566897,3.12057238927005
1153.6,0.183474999990402,1.54167499848579,0.317861115668959,3.12057238927001
1153.7,0.183474999990425,1.54167499848886,0.317861115668949,3.12057238926996
1153.8,0.183474999990447,1.54167499849194,0.317861115668938,3.12057238926991
1153.9,0.183474999990469,1.54167499849499,0.317861115668927,3.12057238926987
1154,0.183474999990492,1.54167499849805,0.317861115668917,3.12057238926982
1154.1,0.183474999990514,1.5416749985011,0.317861115668906,3.12057238926977
1154.2,0.183474999990536,1.54167499850415,0.317861115668896,3.12057238926973
1154.3,0.183474999990558,1.54167499850719,0.317861115668885,3.12057238926968
1154.4,0.18347499999058,1.54167499851022,0.317861115668875,3.12057238926964
1154.5,0.183474999990602,1.54167499851324,0.317861115668864,3.12057238926959
1154.6,0.183474999990624,1.54167499851626,0.317861115668854,3.12057238926954
1154.7,0.183474999990646,1.54167499851928,0.317861115668844,3.1205723892695
1154.8,0.183474999990668,1.54167499852229,0.317861115668833,3.12057238926945
1154.9,0.18347499999069,1.54167499852529,0.317861115668823,3.12057238926941
1155,0.183474999990712,1.54167499852828,0.317861115668812,3.12057238926936
1155.1,0.183474999990733,1.54167499853127,0.317861115668802,3.12057238926932
1155.2,0.183474999990755,1.54167499853425,0.317861115668792,3.12057238926927
1155.3,0.183474999990777,1.54167499853724,0.317861115668781,3.12057238926923
1155.4,0.183474999990798,1.5416749985402,0.317861115668771,3.12057238926918
1155.5,0.18347499999082,1.54167499854317,0.317861115668761,3.12057238926914
1155.6,0.183474999990841,1.54167499854613,0.317861115668751,3.12057238926909
1155.7,0.183474999990863,1.54167499854908,0.317861115668741,3.12057238926905
1155.8,0.183474999990884,1.54167499855203,0.31786111566873,3.120572389269
1155.9,0.183474999990905,1.54167499855497,0.31786111566872,3.12057238926895
1156,0.183474999990927,1.5416749985579,0.31786111566871,3.12057238926891
1156.1,0.183474999990948,1.54167499856083,0.3178611156687,3.12057238926887
1156.2,0.183474999990969,1.54167499856376,0.31786111566869,3.12057238926882
1156.3,0.18347499999099,1.54167499856668,0.31786111566868,3.12057238926878
1156.4,0.183474999991011,1.54167499856958,0.31786111566867,3.12057238926874
1156.5,0.183474999991032,1.54167499857249,0.31786111566866,3.12057238926869
1156.6,0.183474999991054,1.54167499857539,0.31786111566865,3.12057238926864
1156.7,0.183474999991074,1.54167499857828,0.31786111566864,3.1205723892686
1156.8,0.183474999991096,1.54167499858118,0.317861115668629,3.12057238926855
1156.9,0.183474999991116,1.54167499858406,0.31786111566862,3.12057238926852
1157,0.183474999991137,1.54167499858693,0.317861115668609,3.12057238926847
1157.1,0.183474999991158,1.5416749985898,0.317861115668599,3.12057238926843
1157.2,0.183474999991179,1.54167499859267,0.317861115668589,3.12057238926838
1157.3,0.1834749999912,1.54167499859553,0.31786111566858,3.12057238926834
1157.4,0.18347499999122,1.54167499859838,0.31786111566857,3.1205723892683
1157.5,0.183474999991241,1.54167499860123,0.317861115668561,3.12057238926825
1157.6,0.183474999991261,1.54167499860407,0.31786111566855,3.12057238926821
1157.7,0.183474999991281,1.5416749986069,0.317861115668541,3.12057238926817
1157.8,0.183474999991302,1.54167499860974,0.317861115668531,3.12057238926813
1157.9,0.183474999991322,1.54167499861256,0.317861115668521,3.12057238926808
1158,0.183474999991343,1.54167499861538,0.317861115668512,3.12057238926804
1158.1,0.183474999991363,1.54167499861819,0.317861115668503,3.120572389268
1158.2,0.183474999991383,1.541674998621,0.317861115668492,3.12057238926795
1158.3,0.183474999991403,1.5416749986238,0.317861115668483,3.12057238926791
1158.4,0.183474999991423,1.5416749986266,0.317861115668473,3.12057238926787
1158.5,0.183474999991444,1.54167499862939,0.317861115668464,3.12057238926783
1158.6,0.183474999991464,1.54167499863217,0.317861115668454,3.12057238926778
1158.7,0.183474999991484,1.54167499863495,0.317861115668444,3.12057238926774
1158.8,0.183474999991504,1.54167499863773,0.317861115668435,3.1205723892677
1158.9,0.183474999991524,1.54167499864049,0.317861115668426,3.12057238926766
1159,0.183474999991543,1.54167499864325,0.317861115668416,3.12057238926762
1159.1,0.183474999991563,1.54167499864601,0.317861115668407,3.12057238926758
1159.2,0.183474999991583,1.54167499864876,0.317861115668397,3.12057238926754
1159.3,0.183474999991603,1.54167499865151,0.317861115668388,3.12057238926749
1159.4,0.183474999991622,1.54167499865424,0.317861115668378,3.12057238926745
1159.5,0.183474999991642,1.54167499865698,0.317861115668369,3.12057238926741
1159.6,0.183474999991662,1.54167499865971,0.31786111566836,3.12057238926737
1159.7,0.183474999991681,1.54167499866243,0.317861115668351,3.12057238926733
1159.8,0.183474999991701,1.54167499866515,0.317861115668342,3.12057238926729
1159.9,0.18347499999172,1.54167499866786,0.317861115668332,3.12057238926725
1160,0.183474999991739,1.54167499867056,0.317861115668323,3.12057238926721
1160.1,0.183474999991758,1.54167499867326,0.317861115668314,3.12057238926717
1160.2,0.183474999991778,1.54167499867596,0.317861115668305,3.12057238926713
1160.3,0.183474999991797,1.54167499867865,0.317861115668296,3.12057238926709
1160.4,0.183474999991816,1.54167499868133,0.317861115668286,3.12057238926705
1160.5,0.183474999991835,1.54167499868401,0.317861115668277,3.12057238926701
1160.6,0.183474999991855,1.54167499868668,0.317861115668268,3.12057238926697
1160.7,0.183474999991874,1.54167499868935,0.317861115668259,3.12057238926693
1160.8,0.183474999991893,1.54167499869202,0.31786111566825,3.12057238926689
1160.9,0.183474999991912,1.54167499869467,0.317861115668241,3.12057238926684
1161,0.183474999991931,1.54167499869732,0.317861115668231,3.12057238926681
1161.1,0.18347499999195,1.54167499869997,0.317861115668222,3.12057238926677
1161.2,0.183474999991968,1.54167499870261,0.317861115668214,3.12057238926673
1161.3,0.183474999991987,1.54167499870525,0.317861115668204,3.12057238926669
1161.4,0.183474999992006,1.54167499870788,0.317861115668196,3.12057238926665
1161.5,0.183474999992025,1.5416749987105,0.317861115668187,3.12057238926661
1161.6,0.183474999992043,1.54167499871312,0.317861115668178,3.12057238926657
1161.7,0.183474999992062,1.54167499871573,0.317861115668169,3.12057238926653
1161.8,0.183474999992081,1.54167499871835,0.31786111566816,3.12057238926649
1161.9,0.183474999992099,1.54167499872095,0.317861115668151,3.12057238926645
1162,0.183474999992118,1.54167499872355,0.317861115668142,3.12057238926641
1162.1,0.183474999992136,1.54167499872614,0.317861115668134,3.12057238926638
1162.2,0.183474999992154,1.54167499872872,0.317861115668125,3.12057238926634
1162.3,0.183474999992173,1.54167499873131,0.317861115668116,3.1205723892663
1162.4,0.183474999992191,1.54167499873388,0.317861115668107,3.12057238926626
1162.5,0.183474999992209,1.54167499873646,0.317861115668099,3.12057238926622
1162.6,0.183474999992228,1.54167499873902,0.31786111566809,3.12057238926619
1162.7,0.183474999992246,1.54167499874158,0.317861115668081,3.12057238926615
1162.8,0.183474999992264,1.54167499874414,0.317861115668073,3.12057238926611
1162.9,0.183474999992282,1.54167499874669,0.317861115668064,3.12057238926607
1163,0.1834749999923,1.54167499874924,0.317861115668055,3.12057238926603
1163.1,0.183474999992318,1.54167499875178,0.317861115668047,3.120572389266
1163.2,0.183474999992336,1.54167499875432,0.317861115668038,3.12057238926595
1163.3,0.183474999992354,1.54167499875685,0.317861115668029,3.12057238926592
1163.4,0.183474999992372,1.54167499875937,0.317861115668021,3.12057238926588
1163.5,0.18347499999239,1.54167499876189,0.317861115668013,3.12057238926584
1163.6,0.183474999992407,1.54167499876441,0.317861115668004,3.12057238926581
1163.7,0.183474999992425,1.54167499876692,0.317861115667996,3.12057238926577
1163.8,0.183474999992443,1.54167499876942,0.317861115667987,3.12057238926573
1163.9,0.18347499999246,1.54167499877192,0.317861115667979,3.12057238926569
1164,0.183474999992478,1.54167499877442,0.317861115667971,3.12057238926566
1164.1,0.183474999992496,1.5416749987769,0.317861115667963,3.12057238926562
1164.2,0.183474999992513,1.54167499877939,0.317861115667954,3.12057238926559
1164.3,0.183474999992531,1.54167499878187,0.317861115667946,3.12057238926555
1164.4,0.183474999992548,1.54167499878434,0.317861115667938,3.12057238926551
1164.5,0.183474999992566,1.54167499878681,0.317861115667929,3.12057238926547
1164.6,0.183474999992583,1.54167499878928,0.317861115667921,3.12057238926544
1164.7,0.183474999992601,1.54167499879174,0.317861115667912,3.1205723892654
1164.8,0.183474999992618,1.54167499879419,0.317861115667904,3.12057238926536
1164.9,0.183474999992635,1.54167499879664,0.317861115667896,3.12057238926533
1165,0.183474999992652,1.54167499879909,0.317861115667888,3.1205723892653
1165.1,0.18347499999267,1.54167499880152,0.31786111566788,3.12057238926526
1165.2,0.183474999992687,1.54167499880396,0.317861115667871,3.12057238926522
1165.3,0.183474999992704,1.54167499880639,0.317861115667863,3.12057238926519
1165.4,0.183474999992721,1.54167499880881,0.317861115667855,3.12057238926515
1165.5,0.183474999992738,1.54167499881123,0.317861115667847,3.12057238926511
1165.6,0.183474999992755,1.54167499881365,0.317861115667839,3.12057238926508
1165.7,0.183474999992772,1.54167499881605,0.317861115667831,3.12057238926504
1165.8,0.183474999992789,1.54167499881846,0.317861115667823,3.12057238926501
1165.9,0.183474999992805,1.54167499882086,0.317861115667815,3.12057238926497
1166,0.183474999992822,1.54167499882326,0.317861115667807,3.12057238926494
1166.1,0.183474999992839,1.54167499882565,0.317861115667799,3.1205723892649
1166.2,0.183474999992856,1.54167499882803,0.317861115667791,3.12057238926487
1166.3,0.183474999992872,1.54167499883041,0.317861115667783,3.12057238926483
1166.4,0.183474999992889,1.54167499883279,0.317861115667775,3.1205723892648
1166.5,0.183474999992906,1.54167499883516,0.317861115667767,3.12057238926476
1166.6,0.183474999992922,1.54167499883753,0.317861115667759,3.12057238926473
1166.7,0.183474999992939,1.54167499883989,0.317861115667752,3.12057238926469
1166.8,0.183474999992955,1.54167499884225,0.317861115667744,3.12057238926466
1166.9,0.183474999992972,1.5416749988446,0.317861115667736,3.12057238926463
1167,0.183474999992988,1.54167499884694,0.317861115667728,3.12057238926459
1167.1,0.183474999993005,1.54167499884929,0.317861115667721,3.12057238926456
1167.2,0.183474999993021,1.54167499885162,0.317861115667712,3.12057238926452
1167.3,0.183474999993037,1.54167499885396,0.317861115667705,3.12057238926449
1167.4,0.183474999993054,1.54167499885628,0.317861115667697,3.12057238926445
1167.5,0.18347499999307,1.54167499885861,0.31786111566769,3.12057238926442
1167.6,0.183474999993086,1.54167499886092,0.317861115667682,3.12057238926439
1167.7,0.183474999993102,1.54167499886324,0.317861115667674,3.12057238926435
1167.8,0.183474999993118,1.54167499886555,0.317861115667667,3.12057238926432
1167.9,0.183474999993134,1.54167499886785,0.317861115667659,3.12057238926429
1168,0.183474999993151,1.54167499887015,0.317861115667651,3.12057238926425
1168.1,0.183474999993167,1.54167499887245,0.317861115667644,3.12057238926422
1168.2,0.183474999993183,1.54167499887474,0.317861115667636,3.12057238926419
1168.3,0.183474999993199,1.54167499887703,0.317861115667628,3.12057238926415
1168.4,0.183474999993215,1.5416749988793,0.317861115667621,3.12057238926412
1168.5,0.18347499999323,1.54167499888158,0.317861115667613,3.12057238926408
1168.6,0.183474999993246,1.54167499888385,0.317861115667605,3.12057238926405
1168.7,0.183474999993262,1.54167499888612,0.317861115667598,3.12057238926401
1168.8,0.183474999993278,1.54167499888839,0.31786111566759,3.12057238926398
1168.9,0.183474999993294,1.54167499889064,0.317861115667583,3.12057238926395
1169,0.183474999993309,1.5416749988929,0.317861115667576,3.12057238926392
1169.1,0.183474999993325,1.54167499889515,0.317861115667568,3.12057238926389
1169.2,0.183474999993341,1.54167499889739,0.31786111566756,3.12057238926385
1169.3,0.183474999993356,1.54167499889963,0.317861115667553,3.12057238926382
1169.4,0.183474999993372,1.54167499890186,0.317861115667546,3.12057238926379
1169.5,0.183474999993387,1.5416749989041,0.317861115667538,3.12057238926375
1169.6,0.183474999993403,1.54167499890632,0.317861115667531,3.12057238926372
1169.7,0.183474999993418,1.54167499890854,0.317861115667524,3.12057238926369
1169.8,0.183474999993434,1.54167499891076,0.317861115667516,3.12057238926366
1169.9,0.183474999993449,1.54167499891297,0.317861115667509,3.12057238926363
1170,0.183474999993464,1.54167499891518,0.317861115667501,3.12057238926359
1170.1,0.183474999993479,1.54167499891739,0.317861115667494,3.12057238926356
1170.2,0.183474999993495,1.54167499891958,0.317861115667487,3.12057238926353
1170.3,0.18347499999351,1.54167499892178,0.317861115667479,3.1205723892635
1170.4,0.183474999993525,1.54167499892397,0.317861115667472,3.12057238926347
1170.5,0.18347499999354,1.54167499892616,0.317861115667465,3.12057238926344
1170.6,0.183474999993555,1.54167499892834,0.317861115667458,3.1205723892634
1170.7,0.18347499999357,1.54167499893051,0.317861115667451,3.12057238926337
1170.8,0.183474999993585,1.54167499893269,0.317861115667444,3.12057238926334
1170.9,0.183474999993601,1.54167499893485,0.317861115667436,3.12057238926331
1171,0.183474999993615,1.54167499893702,0.31786111566743,3.12057238926328
1171.1,0.183474999993631,1.54167499893918,0.317861115667422,3.12057238926324
1171.2,0.183474999993645,1.54167499894133,0.317861115667415,3.12057238926321
1171.3,0.18347499999366,1.54167499894348,0.317861115667408,3.12057238926318
1171.4,0.183474999993675,1.54167499894563,0.317861115667401,3.12057238926315
1171.5,0.18347499999369,1.54167499894777,0.317861115667394,3.12057238926312
1171.6,0.183474999993705,1.54167499894991,0.317861115667387,3.12057238926309
1171.7,0.183474999993719,1.54167499895204,0.31786111566738,3.12057238926306
1171.8,0.183474999993734,1.54167499895417,0.317861115667373,3.12057238926303
1171.9,0.183474999993749,1.54167499895629,0.317861115667366,3.120572389263
1172,0.183474999993763,1.54167499895841,0.317861115667359,3.12057238926297
1172.1,0.183474999993778,1.54167499896053,0.317861115667352,3.12057238926294
1172.2,0.183474999993793,1.54167499896264,0.317861115667346,3.12057238926291
1172.3,0.183474999993807,1.54167499896475,0.317861115667338,3.12057238926288
1172.4,0.183474999993822,1.54167499896685,0.317861115667332,3.12057238926285
1172.5,0.183474999993836,1.54167499896895,0.317861115667325,3.12057238926282
1172.6,0.183474999993851,1.54167499897104,0.317861115667318,3.12057238926278
1172.7,0.183474999993865,1.54167499897314,0.317861115667311,3.12057238926276
1172.8,0.18347499999388,1.54167499897522,0.317861115667304,3.12057238926273
1172.9,0.183474999993894,1.5416749989773,0.317861115667297,3.1205723892627
1173,0.183474999993908,1.54167499897938,0.31786111566729,3.12057238926267
1173.1,0.183474999993923,1.54167499898146,0.317861115667283,3.12057238926263
1173.2,0.183474999993937,1.54167499898352,0.317861115667277,3.1205723892626
1173.3,0.183474999993951,1.54167499898559,0.31786111566727,3.12057238926258
1173.4,0.183474999993965,1.54167499898765,0.317861115667263,3.12057238926255
1173.5,0.183474999993979,1.54167499898971,0.317861115667257,3.12057238926252
1173.6,0.183474999993993,1.54167499899176,0.31786111566725,3.12057238926248
1173.7,0.183474999994008,1.54167499899381,0.317861115667243,3.12057238926246
1173.8,0.183474999994022,1.54167499899586,0.317861115667237,3.12057238926243
1173.9,0.183474999994036,1.54167499899789,0.31786111566723,3.1205723892624
1174,0.18347499999405,1.54167499899993,0.317861115667223,3.12057238926237
1174.1,0.183474999994064,1.54167499900196,0.317861115667216,3.12057238926234
1174.2,0.183474999994078,1.54167499900399,0.31786111566721,3.12057238926231
1174.3,0.183474999994092,1.54167499900602,0.317861115667203,3.12057238926228
1174.4,0.183474999994105,1.54167499900804,0.317861115667196,3.12057238926225
1174.5,0.183474999994119,1.54167499901005,0.31786111566719,3.12057238926222
1174.6,0.183474999994133,1.54167499901206,0.317861115667183,3.12057238926219
1174.7,0.183474999994147,1.54167499901407,0.317861115667176,3.12057238926216
1174.8,0.183474999994161,1.54167499901608,0.31786111566717,3.12057238926214
1174.9,0.183474999994174,1.54167499901807,0.317861115667163,3.12057238926211
1175,0.183474999994188,1.54167499902007,0.317861115667157,3.12057238926208
1175.1,0.183474999994202,1.54167499902206,0.317861115667151,3.12057238926205
1175.2,0.183474999994215,1.54167499902404,0.317861115667144,3.12057238926202
1175.3,0.183474999994229,1.54167499902603,0.317861115667137,3.12057238926199
1175.4,0.183474999994242,1.54167499902801,0.317861115667131,3.12057238926196
1175.5,0.183474999994256,1.54167499902998,0.317861115667125,3.12057238926193
1175.6,0.183474999994269,1.54167499903195,0.317861115667118,3.12057238926191
1175.7,0.183474999994283,1.54167499903392,0.317861115667112,3.12057238926188
1175.8,0.183474999994296,1.54167499903589,0.317861115667105,3.12057238926185
1175.9,0.183474999994309,1.54167499903784,0.317861115667099,3.12057238926182
1176,0.183474999994323,1.5416749990398,0.317861115667093,3.1205723892618
1176.1,0.183474999994336,1.54167499904175,0.317861115667086,3.12057238926177
1176.2,0.183474999994349,1.5416749990437,0.31786111566708,3.12057238926174
1176.3,0.183474999994363,1.54167499904564,0.317861115667073,3.12057238926171
1176.4,0.183474999994376,1.54167499904758,0.317861115667067,3.12057238926169
1176.5,0.183474999994389,1.54167499904951,0.317861115667061,3.12057238926166
1176.6,0.183474999994402,1.54167499905144,0.317861115667055,3.12057238926163
1176.7,0.183474999994415,1.54167499905337,0.317861115667049,3.1205723892616
1176.8,0.183474999994428,1.54167499905529,0.317861115667043,3.12057238926157
1176.9,0.183474999994441,1.54167499905721,0.317861115667037,3.12057238926155
1177,0.183474999994454,1.54167499905913,0.31786111566703,3.12057238926152
1177.1,0.183474999994467,1.54167499906104,0.317861115667024,3.1205723892615
1177.2,0.18347499999448,1.54167499906295,0.317861115667018,3.12057238926147
1177.3,0.183474999994493,1.54167499906485,0.317861115667012,3.12057238926144
1177.4,0.183474999994506,1.54167499906675,0.317861115667006,3.12057238926141
1177.5,0.183474999994519,1.54167499906865,0.317861115667,3.12057238926139
1177.6,0.183474999994532,1.54167499907054,0.317861115666994,3.12057238926136
1177.7,0.183474999994544,1.54167499907242,0.317861115666988,3.12057238926133
1177.8,0.183474999994557,1.54167499907431,0.317861115666982,3.12057238926131
1177.9,0.18347499999457,1.54167499907619,0.317861115666976,3.12057238926128
1178,0.183474999994582,1.54167499907807,0.31786111566697,3.12057238926125
1178.1,0.183474999994595,1.54167499907994,0.317861115666964,3.12057238926123
1178.2,0.183474999994608,1.54167499908181,0.317861115666958,3.1205723892612
1178.3,0.18347499999462,1.54167499908368,0.317861115666951,3.12057238926117
1178.4,0.183474999994633,1.54167499908553,0.317861115666945,3.12057238926115
1178.5,0.183474999994646,1.54167499908739,0.317861115666939,3.12057238926112
1178.6,0.183474999994658,1.54167499908925,0.317861115666933,3.12057238926109
1178.7,0.183474999994671,1.5416749990911,0.317861115666928,3.12057238926107
1178.8,0.183474999994683,1.54167499909294,0.317861115666922,3.12057238926104
1178.9,0.183474999994695,1.54167499909478,0.317861115666916,3.12057238926102
1179,0.183474999994708,1.54167499909662,0.31786111566691,3.12057238926099
1179.1,0.18347499999472,1.54167499909846,0.317861115666904,3.12057238926097
1179.2,0.183474999994732,1.54167499910029,0.317861115666899,3.12057238926094
1179.3,0.183474999994745,1.54167499910212,0.317861115666893,3.12057238926091
1179.4,0.183474999994757,1.54167499910394,0.317861115666887,3.12057238926089
1179.5,0.183474999994769,1.54167499910576,0.317861115666881,3.12057238926087
1179.6,0.183474999994782,1.54167499910758,0.317861115666875,3.12057238926084
1179.7,0.183474999994794,1.54167499910939,0.31786111566687,3.12057238926081
1179.8,0.183474999994806,1.5416749991112,0.317861115666864,3.12057238926079
1179.9,0.183474999994818,1.54167499911301,0.317861115666858,3.12057238926076
1180,0.18347499999483,1.54167499911481,0.317861115666852,3.12057238926073
1180.1,0.183474999994842,1.54167499911661,0.317861115666846,3.12057238926071
1180.2,0.183474999994854,1.5416749991184,0.31786111566684,3.12057238926069
1180.3,0.183474999994866,1.5416749991202,0.317861115666835,3.12057238926066
1180.4,0.183474999994879,1.54167499912198,0.317861115666829,3.12057238926063
1180.5,0.18347499999489,1.54167499912377,0.317861115666823,3.12057238926061
1180.6,0.183474999994902,1.54167499912555,0.317861115666817,3.12057238926058
1180.7,0.183474999994914,1.54167499912732,0.317861115666811,3.12057238926056
1180.8,0.183474999994927,1.5416749991291,0.317861115666806,3.12057238926053
1180.9,0.183474999994938,1.54167499913087,0.3178611156668,3.1205723892605
1181,0.18347499999495,1.54167499913263,0.317861115666794,3.12057238926048
1181.1,0.183474999994962,1.54167499913439,0.317861115666789,3.12057238926046
1181.2,0.183474999994974,1.54167499913615,0.317861115666783,3.12057238926043
1181.3,0.183474999994986,1.54167499913791,0.317861115666778,3.12057238926041
1181.4,0.183474999994997,1.54167499913966,0.317861115666772,3.12057238926038
1181.5,0.183474999995009,1.54167499914141,0.317861115666766,3.12057238926036
1181.6,0.183474999995021,1.54167499914315,0.317861115666761,3.12057238926033
1181.7,0.183474999995032,1.54167499914489,0.317861115666755,3.12057238926031
1181.8,0.183474999995044,1.54167499914663,0.31786111566675,3.12057238926028
1181.9,0.183474999995056,1.54167499914836,0.317861115666744,3.12057238926026
1182,0.183474999995067,1.54167499915009,0.317861115666739,3.12057238926024
1182.1,0.183474999995079,1.54167499915182,0.317861115666733,3.12057238926021
1182.2,0.18347499999509,1.54167499915354,0.317861115666728,3.12057238926019
1182.3,0.183474999995102,1.54167499915527,0.317861115666722,3.12057238926016
1182.4,0.183474999995113,1.54167499915698,0.317861115666717,3.12057238926014
1182.5,0.183474999995124,1.54167499915869,0.317861115666712,3.12057238926012
1182.6,0.183474999995136,1.5416749991604,0.317861115666706,3.12057238926009
1182.7,0.183474999995147,1.54167499916211,0.3178611156667,3.12057238926007
1182.8,0.183474999995159,1.54167499916381,0.317861115666695,3.12057238926005
1182.9,0.18347499999517,1.54167499916551,0.31786111566669,3.12057238926002
1183,0.183474999995181,1.5416749991672,0.317861115666684,3.12057238926
1183.1,0.183474999995193,1.5416749991689,0.317861115666679,3.12057238925998
1183.2,0.183474999995204,1.54167499917059,0.317861115666673,3.12057238925995
1183.3,0.183474999995215,1.54167499917227,0.317861115666668,3.12057238925992
1183.4,0.183474999995226,1.54167499917395,0.317861115666663,3.1205723892599
1183.5,0.183474999995237,1.54167499917563,0.317861115666657,3.12057238925988
1183.6,0.183474999995248,1.54167499917731,0.317861115666652,3.12057238925986
1183.7,0.18347499999526,1.54167499917898,0.317861115666647,3.12057238925983
1183.8,0.183474999995271,1.54167499918065,0.317861115666642,3.12057238925981
1183.9,0.183474999995282,1.54167499918231,0.317861115666636,3.12057238925979
1184,0.183474999995293,1.54167499918397,0.317861115666631,3.12057238925977
1184.1,0.183474999995304,1.54167499918563,0.317861115666626,3.12057238925974
1184.2,0.183474999995315,1.54167499918728,0.317861115666621,3.12057238925972
1184.3,0.183474999995326,1.54167499918894,0.317861115666615,3.1205723892597
1184.4,0.183474999995337,1.54167499919058,0.31786111566661,3.12057238925967
1184.5,0.183474999995348,1.54167499919223,0.317861115666605,3.12057238925965
1184.6,0.183474999995359,1.54167499919387,0.3178611156666,3.12057238925963
1184.7,0.183474999995369,1.5416749991955,0.317861115666595,3.1205723892596
1184.8,0.18347499999538,1.54167499919714,0.31786111566659,3.12057238925958
1184.9,0.183474999995391,1.54167499919877,0.317861115666585,3.12057238925956
1185,0.183474999995402,1.5416749992004,0.317861115666579,3.12057238925954
1185.1,0.183474999995412,1.54167499920202,0.317861115666575,3.12057238925951
1185.2,0.183474999995423,1.54167499920364,0.317861115666569,3.12057238925949
1185.3,0.183474999995434,1.54167499920526,0.317861115666564,3.12057238925947
1185.4,0.183474999995445,1.54167499920687,0.317861115666559,3.12057238925945
1185.5,0.183474999995455,1.54167499920848,0.317861115666554,3.12057238925943
1185.6,0.183474999995466,1.54167499921009,0.317861115666549,3.1205723892594
1185.7,0.183474999995476,1.5416749992117,0.317861115666544,3.12057238925938
1185.8,0.183474999995487,1.5416749992133,0.317861115666539,3.12057238925936
1185.9,0.183474999995498,1.54167499921489,0.317861115666534,3.12057238925934
1186,0.183474999995508,1.54167499921649,0.317861115666529,3.12057238925931
1186.1,0.183474999995519,1.54167499921808,0.317861115666524,3.12057238925929
1186.2,0.183474999995529,1.54167499921967,0.317861115666519,3.12057238925927
1186.3,0.183474999995539,1.54167499922126,0.317861115666514,3.12057238925925
1186.4,0.18347499999555,1.54167499922284,0.317861115666509,3.12057238925923
1186.5,0.18347499999556,1.54167499922441,0.317861115666504,3.1205723892592
1186.6,0.183474999995571,1.54167499922599,0.317861115666499,3.12057238925918
1186.7,0.183474999995581,1.54167499922756,0.317861115666494,3.12057238925916
1186.8,0.183474999995591,1.54167499922913,0.31786111566649,3.12057238925914
1186.9,0.183474999995602,1.5416749992307,0.317861115666485,3.12057238925912
1187,0.183474999995612,1.54167499923226,0.317861115666479,3.12057238925909
1187.1,0.183474999995622,1.54167499923382,0.317861115666475,3.12057238925907
1187.2,0.183474999995632,1.54167499923538,0.31786111566647,3.12057238925905
1187.3,0.183474999995643,1.54167499923693,0.317861115666465,3.12057238925903
1187.4,0.183474999995653,1.54167499923848,0.31786111566646,3.12057238925901
1187.5,0.183474999995663,1.54167499924003,0.317861115666455,3.12057238925899
1187.6,0.183474999995673,1.54167499924157,0.31786111566645,3.12057238925897
1187.7,0.183474999995684,1.54167499924311,0.317861115666445,3.12057238925895
1187.8,0.183474999995694,1.54167499924465,0.317861115666441,3.12057238925892
1187.9,0.183474999995704,1.54167499924618,0.317861115666436,3.1205723892589
1188,0.183474999995714,1.54167499924772,0.317861115666431,3.12057238925888
1188.1,0.183474999995724,1.54167499924925,0.317861115666426,3.12057238925886
1188.2,0.183474999995734,1.54167499925077,0.317861115666421,3.12057238925884
1188.3,0.183474999995744,1.5416749992523,0.317861115666417,3.12057238925882
1188.4,0.183474999995754,1.54167499925381,0.317861115666412,3.1205723892588
1188.5,0.183474999995764,1.54167499925533,0.317861115666407,3.12057238925878
1188.6,0.183474999995774,1.54167499925684,0.317861115666402,3.12057238925875
1188.7,0.183474999995784,1.54167499925835,0.317861115666397,3.12057238925873
1188.8,0.183474999995794,1.54167499925986,0.317861115666392,3.12057238925872
1188.9,0.183474999995803,1.54167499926136,0.317861115666388,3.12057238925869
1189,0.183474999995813,1.54167499926287,0.317861115666383,3.12057238925868
1189.1,0.183474999995823,1.54167499926436,0.317861115666378,3.12057238925865
1189.2,0.183474999995833,1.54167499926586,0.317861115666374,3.12057238925863
1189.3,0.183474999995843,1.54167499926735,0.317861115666369,3.12057238925861
1189.4,0.183474999995853,1.54167499926884,0.317861115666364,3.12057238925859
1189.5,0.183474999995862,1.54167499927033,0.31786111566636,3.12057238925857
1189.6,0.183474999995872,1.54167499927181,0.317861115666355,3.12057238925855
1189.7,0.183474999995882,1.54167499927329,0.31786111566635,3.12057238925853
1189.8,0.183474999995891,1.54167499927476,0.317861115666346,3.12057238925851
1189.9,0.183474999995901,1.54167499927624,0.317861115666341,3.12057238925849
1190,0.18347499999591,1.54167499927771,0.317861115666337,3.12057238925847
1190.1,0.18347499999592,1.54167499927917,0.317861115666332,3.12057238925845
1190.2,0.18347499999593,1.54167499928064,0.317861115666328,3.12057238925843
1190.3,0.183474999995939,1.5416749992821,0.317861115666323,3.12057238925841
1190.4,0.183474999995949,1.54167499928356,0.317861115666319,3.12057238925839
1190.5,0.183474999995958,1.54167499928502,0.317861115666314,3.12057238925837
1190.6,0.183474999995968,1.54167499928647,0.317861115666309,3.12057238925835
1190.7,0.183474999995977,1.54167499928792,0.317861115666305,3.12057238925833
1190.8,0.183474999995986,1.54167499928937,0.317861115666301,3.12057238925831
1190.9,0.183474999995996,1.54167499929081,0.317861115666296,3.12057238925829
1191,0.183474999996005,1.54167499929225,0.317861115666291,3.12057238925827
1191.1,0.183474999996015,1.54167499929369,0.317861115666287,3.12057238925825
1191.2,0.183474999996024,1.54167499929512,0.317861115666282,3.12057238925823
1191.3,0.183474999996033,1.54167499929656,0.317861115666278,3.12057238925821
1191.4,0.183474999996043,1.54167499929798,0.317861115666273,3.12057238925819
1191.5,0.183474999996052,1.54167499929941,0.317861115666269,3.12057238925817
1191.6,0.183474999996061,1.54167499930084,0.317861115666265,3.12057238925815
1191.7,0.18347499999607,1.54167499930226,0.31786111566626,3.12057238925813
1191.8,0.18347499999608,1.54167499930367,0.317861115666256,3.12057238925811
1191.9,0.183474999996089,1.54167499930509,0.317861115666251,3.12057238925809
1192,0.183474999996098,1.5416749993065,0.317861115666247,3.12057238925808
1192.1,0.183474999996107,1.54167499930791,0.317861115666243,3.12057238925805
1192.2,0.183474999996116,1.54167499930931,0.317861115666238,3.12057238925804
1192.3,0.183474999996125,1.54167499931072,0.317861115666234,3.12057238925802
1192.4,0.183474999996134,1.54167499931212,0.31786111566623,3.120572389258
1192.5,0.183474999996143,1.54167499931352,0.317861115666226,3.12057238925798
1192.6,0.183474999996152,1.54167499931491,0.317861115666221,3.12057238925796
1192.7,0.183474999996161,1.5416749993163,0.317861115666217,3.12057238925794
1192.8,0.18347499999617,1.54167499931769,0.317861115666213,3.12057238925793
1192.9,0.183474999996179,1.54167499931908,0.317861115666209,3.12057238925791
1193,0.183474999996188,1.54167499932046,0.317861115666204,3.12057238925789
1193.1,0.183474999996197,1.54167499932184,0.3178611156662,3.12057238925787
1193.2,0.183474999996206,1.54167499932322,0.317861115666196,3.12057238925785
1193.3,0.183474999996215,1.5416749993246,0.317861115666192,3.12057238925783
1193.4,0.183474999996224,1.54167499932597,0.317861115666187,3.12057238925781
1193.5,0.183474999996233,1.54167499932734,0.317861115666183,3.12057238925779
1193.6,0.183474999996241,1.5416749993287,0.317861115666179,3.12057238925778
1193.7,0.18347499999625,1.54167499933007,0.317861115666175,3.12057238925775
1193.8,0.183474999996259,1.54167499933143,0.31786111566617,3.12057238925774
1193.9,0.183474999996268,1.54167499933279,0.317861115666166,3.12057238925772
1194,0.183474999996276,1.54167499933414,0.317861115666162,3.1205723892577
1194.1,0.183474999996285,1.5416749993355,0.317861115666158,3.12057238925768
1194.2,0.183474999996294,1.54167499933685,0.317861115666154,3.12057238925766
1194.3,0.183474999996302,1.54167499933819,0.31786111566615,3.12057238925765
1194.4,0.183474999996311,1.54167499933954,0.317861115666145,3.12057238925763
1194.5,0.18347499999632,1.54167499934088,0.317861115666141,3.12057238925761
1194.6,0.183474999996328,1.54167499934222,0.317861115666137,3.12057238925759
1194.7,0.183474999996337,1.54167499934356,0.317861115666133,3.12057238925757
1194.8,0.183474999996345,1.54167499934489,0.317861115666129,3.12057238925755
1194.9,0.183474999996354,1.54167499934622,0.317861115666125,3.12057238925754
1195,0.183474999996362,1.54167499934755,0.31786111566612,3.12057238925752
1195.1,0.183474999996371,1.54167499934888,0.317861115666116,3.1205723892575
1195.2,0.18347499999638,1.5416749993502,0.317861115666112,3.12057238925748
1195.3,0.183474999996388,1.54167499935152,0.317861115666108,3.12057238925747
1195.4,0.183474999996397,1.54167499935284,0.317861115666104,3.12057238925745
1195.5,0.183474999996405,1.54167499935415,0.3178611156661,3.12057238925743
1195.6,0.183474999996413,1.54167499935546,0.317861115666096,3.12057238925741
1195.7,0.183474999996422,1.54167499935677,0.317861115666092,3.12057238925739
1195.8,0.18347499999643,1.54167499935808,0.317861115666088,3.12057238925738
1195.9,0.183474999996439,1.54167499935939,0.317861115666084,3.12057238925736
1196,0.183474999996447,1.54167499936069,0.31786111566608,3.12057238925734
1196.1,0.183474999996455,1.54167499936199,0.317861115666076,3.12057238925733
1196.2,0.183474999996464,1.54167499936328,0.317861115666072,3.12057238925731
1196.3,0.183474999996472,1.54167499936458,0.317861115666068,3.12057238925729
1196.4,0.18347499999648,1.54167499936587,0.317861115666065,3.12057238925727
1196.5,0.183474999996488,1.54167499936716,0.31786111566606,3.12057238925725
1196.6,0.183474999996497,1.54167499936844,0.317861115666057,3.12057238925724
1196.7,0.183474999996505,1.54167499936973,0.317861115666052,3.12057238925722
1196.8,0.183474999996513,1.54167499937101,0.317861115666049,3.1205723892572
1196.9,0.183474999996521,1.54167499937229,0.317861115666045,3.12057238925718
1197,0.183474999996529,1.54167499937356,0.317861115666041,3.12057238925717
1197.1,0.183474999996538,1.54167499937484,0.317861115666037,3.12057238925715
1197.2,0.183474999996546,1.54167499937611,0.317861115666033,3.12057238925713
1197.3,0.183474999996554,1.54167499937738,0.317861115666029,3.12057238925712
1197.4,0.183474999996562,1.54167499937864,0.317861115666025,3.1205723892571
1197.5,0.18347499999657,1.5416749993799,0.317861115666021,3.12057238925708
1197.6,0.183474999996578,1.54167499938116,0.317861115666018,3.12057238925707
1197.7,0.183474999996586,1.54167499938242,0.317861115666014,3.12057238925705
1197.8,0.183474999996594,1.54167499938368,0.31786111566601,3.12057238925703
1197.9,0.183474999996602,1.54167499938493,0.317861115666006,3.12057238925701
1198,0.18347499999661,1.54167499938618,0.317861115666002,3.120572389257
1198.1,0.183474999996618,1.54167499938742,0.317861115665999,3.12057238925698
1198.2,0.183474999996626,1.54167499938867,0.317861115665995,3.12057238925697
1198.3,0.183474999996634,1.54167499938991,0.317861115665991,3.12057238925695
1198.4,0.183474999996642,1.54167499939115,0.317861115665987,3.12057238925693
1198.5,0.183474999996649,1.54167499939238,0.317861115665983,3.12057238925692
1198.6,0.183474999996657,1.54167499939362,0.317861115665979,3.1205723892569
1198.7,0.183474999996665,1.54167499939485,0.317861115665976,3.12057238925688
1198.8,0.183474999996673,1.54167499939608,0.317861115665972,3.12057238925687
1198.9,0.183474999996681,1.54167499939731,0.317861115665968,3.12057238925685
1199,0.183474999996688,1.54167499939853,0.317861115665965,3.12057238925683
1199.1,0.183474999996696,1.54167499939975,0.317861115665961,3.12057238925682
1199.2,0.183474999996704,1.54167499940097,0.317861115665957,3.1205723892568
1199.3,0.183474999996711,1.54167499940219,0.317861115665954,3.12057238925678
1199.4,0.183474999996719,1.5416749994034,0.31786111566595,3.12057238925677
1199.5,0.183474999996727,1.54167499940462,0.317861115665946,3.12057238925676
1199.6,0.183474999996735,1.54167499940582,0.317861115665943,3.12057238925674
1199.7,0.183474999996742,1.54167499940703,0.317861115665939,3.12057238925672
1199.8,0.18347499999675,1.54167499940824,0.317861115665936,3.12057238925671
1199.9,0.183474999996757,1.54167499940944,0.317861115665932,3.12057238925669
1200,0.183474999996765,1.54167499941064,0.317861115665929,3.12057238925668
